-0.054414,-2.723839,-1.897010,0.015357,-2.861942,-1.786889,0.053638,-2.861812,-1.786740,0.096423,-2.858109,-1.788104,-0.119613,-2.850149,-1.774934,-0.162844,-2.842463,-1.773824,-0.202244,-2.833964,-1.774932,0.169271,-2.795923,-1.047840,-0.240767,-2.773175,-0.950554,0.039800,-2.557063,-1.623487,-0.114740,-2.533670,-1.594480,0.507015,-1.897851,-0.720623,-0.491824,-1.944860,-0.710077,0.760584,-0.936248,-0.628819,-0.696694,-1.057723,-0.803899,0.885226,-0.006483,-1.147802,-0.753332,-0.057896,-1.924588,0.989658,0.296613,-1.343086,-0.841365,0.214116,-2.167584,0.859307,0.339680,-1.477351,-0.734929,0.231980,-2.415522,0.802496,0.218289,-1.232655,-0.684176,0.130972,-2.066306,0.335169,0.004898,-0.173256,-0.335169,-0.004898,0.173256,0.309112,1.503897,0.061874,-0.328656,1.495395,0.389013,0.262135,2.823951,1.655341,-0.354513,2.809459,1.493429,0.277676,3.037919,1.739066,-0.370914,3.028103,1.565882,0.149748,3.259258,0.533085,-0.264715,3.249640,0.195594,0.414063,0.327941,0.002442,0.415456,0.323866,-0.003975,0.419681,0.319126,-0.011476,0.425513,0.312894,-0.018442,0.435037,0.307746,-0.024549,0.444935,0.308776,-0.027070,0.455522,0.306421,-0.027233,0.467516,0.310618,-0.024078,0.475857,0.316075,-0.019326,0.482491,0.320275,-0.013558,0.485715,0.324208,-0.008000,0.481613,0.327845,-0.012769,0.475779,0.331309,-0.018723,0.467520,0.335823,-0.023033,0.457899,0.339052,-0.025787,0.447656,0.340106,-0.025158,0.438045,0.340078,-0.022996,0.429396,0.337810,-0.017566,0.422443,0.334084,-0.011719,0.417617,0.331221,-0.003935,0.388429,0.214370,0.027309,0.390376,0.212264,0.023383,0.392831,0.209961,0.020384,0.397017,0.206960,0.017339,0.403576,0.204875,0.014503,0.410138,0.204957,0.013225,0.416853,0.206435,0.013724,0.421607,0.209661,0.014843,0.470830,0.208623,0.008133,0.473176,0.209833,0.007646,0.477357,0.210888,0.005359,0.483906,0.212498,0.003430,0.490903,0.212943,0.002782,0.498244,0.211777,0.004015,0.503143,0.210008,0.006164,0.506626,0.208283,0.008146,0.443672,0.194492,-0.009082,0.443073,0.207010,-0.016081,0.442433,0.218332,-0.023821,0.441776,0.228693,-0.032293,0.000000,0.000000,0.000000,0.000000,0.000000,0.000000,0.000000,0.000000,0.000000,0.000000,0.000000,0.000000,0.000000,0.000000,0.000000,0.000000,0.000000,0.000000,0.000000,0.000000,0.000000,0.000000,0.000000,0.000000,0.000000,0.000000,0.000000,0.000000,0.000000,0.000000,0.000000,0.000000,0.000000,0.000000,0.000000,0.000000,0.000000,0.000000,0.000000,0.000000,0.000000,0.000000,0.000000,0.000000,0.000000,0.000000,0.000000,0.000000,0.000000,0.000000,0.000000,0.000000,0.000000,0.000000,0.000000,0.000000,0.000000,0.000000,0.000000,0.000000,0.000000,0.000000,0.000000,0.000000,0.000000,0.000000,0.000000,0.000000,0.000000,0.000000,0.000000,0.000000,0.000000,0.000000,0.000000,0.000000,0.000000,0.000000,0.000000,0.000000,0.000000,0.000000,0.000000,0.000000,0.000000,0.000000,0.000000,0.000000,0.000000,0.000000,0.000000,0.000000,0.000000,0.000000,0.000000,0.000000,0.000000,0.000000,0.000000,0.000000,0.000000,0.000000,0.000000,0.000000,0.000000,0.000000,0.000000,0.000000,0.000000,0.000000,0.000000,0.000000,0.000000,0.000000,0.000000,0.000000,0.000000,0.000000,0.000000,0.000000,0.000000,0.000000,0.000000,0.000000,0.000000,0.000000
-0.066292,-2.676986,-2.505614,0.004647,-2.820203,-2.360815,0.049892,-2.817193,-2.361758,0.085839,-2.812067,-2.362468,-0.132782,-2.810725,-2.361805,-0.178441,-2.802961,-2.361333,-0.210475,-2.794852,-2.362685,0.150755,-2.731413,-1.374880,-0.244155,-2.711646,-1.347010,0.023696,-2.508691,-2.132662,-0.144043,-2.498771,-2.124992,0.486091,-1.856636,-0.729815,-0.508611,-1.862276,-0.832438,0.832622,-1.029174,-0.693881,-0.662310,-1.086398,-1.099959,0.917438,-0.137176,-1.802982,-0.590452,-0.263173,-2.850460,0.995727,0.160417,-2.087661,-0.594761,-0.003994,-3.215986,0.879826,0.155821,-2.268304,-0.500555,-0.054463,-3.436030,0.818473,0.046067,-1.908980,-0.479478,-0.151642,-2.986212,0.326784,0.001458,-0.149394,-0.326784,-0.001458,0.149394,0.299950,1.448866,-0.279061,-0.323684,1.438606,0.024119,0.289919,2.784588,1.186852,-0.323511,2.776483,0.993621,0.306299,3.005970,1.247054,-0.329578,3.007326,1.048827,0.178913,3.205997,-0.202558,-0.256451,3.174597,-0.470501,0.407902,0.333021,0.002672,0.409414,0.329169,-0.003826,0.413573,0.324674,-0.011230,0.419279,0.318620,-0.018028,0.428458,0.313637,-0.024045,0.438022,0.314465,-0.026503,0.448228,0.312045,-0.026631,0.459712,0.315667,-0.023324,0.467852,0.320557,-0.018544,0.474347,0.324178,-0.012761,0.477485,0.327702,-0.007068,0.473464,0.331252,-0.011895,0.467655,0.334644,-0.017821,0.459563,0.339367,-0.022006,0.450121,0.342842,-0.024616,0.440140,0.343905,-0.024006,0.430815,0.344066,-0.022045,0.422403,0.341807,-0.016958,0.415753,0.338306,-0.011377,0.411224,0.335886,-0.003746,0.381436,0.216344,0.026209,0.383282,0.214078,0.022267,0.385655,0.211625,0.019206,0.389813,0.208412,0.016088,0.396475,0.206169,0.013223,0.403135,0.206292,0.011995,0.409914,0.208130,0.012549,0.414697,0.211816,0.013766,0.463170,0.210870,0.007502,0.465537,0.212130,0.007018,0.469819,0.213141,0.004805,0.476564,0.214726,0.002904,0.483732,0.215028,0.002332,0.491052,0.213501,0.003659,0.495923,0.211459,0.005846,0.499307,0.209533,0.007893,0.436642,0.197498,-0.010340,0.435960,0.210455,-0.017203,0.435296,0.222294,-0.024826,0.434640,0.233299,-0.033207,0.000000,0.000000,0.000000,0.000000,0.000000,0.000000,0.000000,0.000000,0.000000,0.000000,0.000000,0.000000,0.000000,0.000000,0.000000,0.000000,0.000000,0.000000,0.000000,0.000000,0.000000,0.000000,0.000000,0.000000,0.000000,0.000000,0.000000,0.000000,0.000000,0.000000,0.000000,0.000000,0.000000,0.000000,0.000000,0.000000,0.000000,0.000000,0.000000,0.000000,0.000000,0.000000,0.000000,0.000000,0.000000,0.000000,0.000000,0.000000,0.000000,0.000000,0.000000,0.000000,0.000000,0.000000,0.000000,0.000000,0.000000,0.000000,0.000000,0.000000,0.000000,0.000000,0.000000,0.000000,0.000000,0.000000,0.000000,0.000000,0.000000,0.000000,0.000000,0.000000,0.000000,0.000000,0.000000,0.000000,0.000000,0.000000,0.000000,0.000000,0.000000,0.000000,0.000000,0.000000,0.000000,0.000000,0.000000,0.000000,0.000000,0.000000,0.000000,0.000000,0.000000,0.000000,0.000000,0.000000,0.000000,0.000000,0.000000,0.000000,0.000000,0.000000,0.000000,0.000000,0.000000,0.000000,0.000000,0.000000,0.000000,0.000000,0.000000,0.000000,0.000000,0.000000,0.000000,0.000000,0.000000,0.000000,0.000000,0.000000,0.000000,0.000000,0.000000,0.000000,0.000000,0.000000
-0.068527,-2.631764,-2.382517,0.003121,-2.768990,-2.251561,0.051099,-2.766931,-2.252392,0.086791,-2.762816,-2.253109,-0.131523,-2.763799,-2.251491,-0.175639,-2.758207,-2.251006,-0.207070,-2.751181,-2.252460,0.146326,-2.680503,-1.328687,-0.238542,-2.670575,-1.294807,0.022193,-2.468788,-2.026582,-0.144266,-2.461884,-2.015334,0.487343,-1.843612,-0.661114,-0.509553,-1.848078,-0.739449,1.011360,-1.213124,-0.921434,-0.677961,-1.035223,-0.653231,0.803188,-0.769134,-2.229563,-0.638132,-0.165223,-1.934164,0.787057,-0.383929,-2.605503,-0.659620,0.129742,-2.297609,0.641672,-0.460989,-2.712125,-0.555495,0.091619,-2.531922,0.621097,-0.731981,-2.320292,-0.529609,-0.020040,-2.069871,0.331930,-0.011861,-0.097463,-0.331930,0.011861,0.097463,0.329269,1.425004,-0.437592,-0.334177,1.462700,-0.457314,0.301125,2.785536,0.512105,-0.350053,2.828102,0.017126,0.308949,3.003930,0.533389,-0.357155,3.061211,0.007433,0.198960,3.227326,-0.817972,-0.260340,3.225516,-1.447300,0.407368,0.342523,0.004326,0.408473,0.338727,-0.002086,0.412010,0.334383,-0.009208,0.417109,0.328564,-0.015818,0.425963,0.323577,-0.021699,0.435405,0.324248,-0.024040,0.445435,0.321570,-0.024159,0.456776,0.324740,-0.020889,0.464505,0.329237,-0.016186,0.470512,0.332596,-0.010604,0.473401,0.336022,-0.004952,0.469776,0.339571,-0.009352,0.464548,0.343221,-0.014654,0.457088,0.348321,-0.018377,0.448089,0.352280,-0.020448,0.438328,0.353698,-0.019750,0.429188,0.353943,-0.017944,0.421001,0.351634,-0.013503,0.414673,0.347939,-0.008493,0.410502,0.345333,-0.001541,0.378882,0.231722,0.022912,0.380875,0.230608,0.018932,0.383436,0.229130,0.015904,0.387606,0.227019,0.012923,0.393804,0.225219,0.010067,0.399858,0.224685,0.008816,0.406119,0.224505,0.009553,0.410351,0.225911,0.010964,0.458847,0.222278,0.005179,0.460952,0.223048,0.004803,0.464758,0.223934,0.002706,0.470962,0.225445,0.000947,0.477639,0.225743,0.000526,0.484775,0.224411,0.001740,0.489621,0.222753,0.003725,0.493154,0.221251,0.005653,0.432017,0.211003,-0.012038,0.431624,0.224088,-0.018113,0.431220,0.235902,-0.025110,0.430802,0.246886,-0.032721,0.000000,0.000000,0.000000,0.000000,0.000000,0.000000,0.000000,0.000000,0.000000,0.000000,0.000000,0.000000,0.000000,0.000000,0.000000,0.000000,0.000000,0.000000,0.000000,0.000000,0.000000,0.000000,0.000000,0.000000,0.000000,0.000000,0.000000,0.000000,0.000000,0.000000,0.000000,0.000000,0.000000,0.000000,0.000000,0.000000,0.000000,0.000000,0.000000,0.000000,0.000000,0.000000,0.000000,0.000000,0.000000,0.000000,0.000000,0.000000,0.000000,0.000000,0.000000,0.000000,0.000000,0.000000,0.000000,0.000000,0.000000,0.000000,0.000000,0.000000,0.000000,0.000000,0.000000,0.000000,0.000000,0.000000,0.000000,0.000000,0.000000,0.000000,0.000000,0.000000,0.000000,0.000000,0.000000,0.000000,0.000000,0.000000,0.000000,0.000000,0.000000,0.000000,0.000000,0.000000,0.000000,0.000000,0.000000,0.000000,0.000000,0.000000,0.000000,0.000000,0.000000,0.000000,0.000000,0.000000,0.000000,0.000000,0.000000,0.000000,0.000000,0.000000,0.000000,0.000000,0.000000,0.000000,0.000000,0.000000,0.000000,0.000000,0.000000,0.000000,0.000000,0.000000,0.000000,0.000000,0.000000,0.000000,0.000000,0.000000,0.000000,0.000000,0.000000,0.000000,0.000000,0.000000
-0.038750,-2.588508,-2.310228,0.030580,-2.722413,-2.106535,0.074716,-2.722701,-2.107495,0.107787,-2.717936,-2.105620,-0.093648,-2.711658,-2.120971,-0.135638,-2.701291,-2.120403,-0.174259,-2.690991,-2.121478,0.168924,-2.632036,-1.111206,-0.205117,-2.616526,-1.105409,0.052081,-2.436069,-1.918352,-0.107279,-2.427011,-1.932554,0.510714,-1.808820,-0.479533,-0.486537,-1.815744,-0.552798,1.064553,-1.127992,-1.599264,-0.643672,-0.904298,-0.382605,0.805328,-1.149470,-3.913748,-0.583658,-0.038756,-1.478713,0.742411,-1.120922,-4.420734,-0.593416,0.281796,-1.772629,0.625119,-1.254761,-4.335425,-0.494058,0.209688,-2.016109,0.618274,-1.262335,-3.943488,-0.472880,0.103521,-1.603728,0.335721,-0.004818,-0.081833,-0.335721,0.004818,0.081833,0.290409,1.496166,-0.239455,-0.344377,1.459934,-0.478666,0.249036,2.834554,0.939517,-0.380024,2.832783,0.264125,0.253749,3.032914,0.966250,-0.393656,3.060744,0.286379,0.142037,3.261474,-0.466796,-0.283028,3.230824,-1.273075,0.420629,0.349028,0.002644,0.421907,0.345163,-0.003591,0.425478,0.340821,-0.010393,0.430479,0.335064,-0.016622,0.438979,0.330325,-0.022135,0.448019,0.331141,-0.024321,0.457585,0.328809,-0.024240,0.468275,0.332281,-0.020964,0.475612,0.337022,-0.016400,0.481373,0.340595,-0.010941,0.484225,0.344120,-0.005328,0.480810,0.347375,-0.009849,0.475813,0.350615,-0.015073,0.468622,0.355269,-0.018762,0.459971,0.358838,-0.020952,0.450564,0.359996,-0.020380,0.441800,0.360137,-0.018786,0.433899,0.357837,-0.014553,0.427715,0.354280,-0.009792,0.423610,0.351763,-0.003127,0.392563,0.236936,0.022609,0.394311,0.234970,0.018881,0.396551,0.232759,0.015988,0.400448,0.229788,0.013088,0.406761,0.227649,0.010442,0.413116,0.227661,0.009381,0.419576,0.229268,0.010063,0.424123,0.232655,0.011313,0.470567,0.231116,0.006404,0.472765,0.232209,0.006009,0.476785,0.233126,0.004000,0.483157,0.234629,0.002321,0.489894,0.234898,0.001951,0.496813,0.233365,0.003267,0.501433,0.231380,0.005387,0.504653,0.229486,0.007319,0.445256,0.219863,-0.011158,0.444876,0.232381,-0.017343,0.444500,0.243908,-0.024349,0.444087,0.254726,-0.032007,0.000000,0.000000,0.000000,0.000000,0.000000,0.000000,0.000000,0.000000,0.000000,0.000000,0.000000,0.000000,0.000000,0.000000,0.000000,0.000000,0.000000,0.000000,0.000000,0.000000,0.000000,0.000000,0.000000,0.000000,0.000000,0.000000,0.000000,0.000000,0.000000,0.000000,0.000000,0.000000,0.000000,0.000000,0.000000,0.000000,0.000000,0.000000,0.000000,0.000000,0.000000,0.000000,0.000000,0.000000,0.000000,0.000000,0.000000,0.000000,0.000000,0.000000,0.000000,0.000000,0.000000,0.000000,0.000000,0.000000,0.000000,0.000000,0.000000,0.000000,0.000000,0.000000,0.000000,0.842229,0.805056,0.000000,0.804354,0.756065,-0.003431,0.757700,0.726563,-0.009531,0.722568,0.706595,-0.015138,0.703330,0.693017,-0.021644,0.732667,0.770852,-0.022273,0.674716,0.806400,-0.030992,0.649828,0.824404,-0.034695,0.636332,0.836434,-0.036115,0.739731,0.815936,-0.024419,0.679394,0.843230,-0.031046,0.664907,0.847346,-0.032768,0.664250,0.848258,-0.033635,0.751944,0.854663,-0.025136,0.695771,0.875140,-0.028074,0.688342,0.871082,-0.024338,0.693808,0.865437,-0.021741,0.766217,0.885371,-0.025647,0.721400,0.899523,-0.025703,0.715960,0.892475,-0.018651,0.721627,0.884034,-0.012800
0.008192,-2.486820,-2.286509,0.070660,-2.631336,-2.077132,0.108803,-2.631138,-2.077218,0.139899,-2.627726,-2.076142,-0.047701,-2.617546,-2.129138,-0.084860,-2.610071,-2.127992,-0.121262,-2.604453,-2.128991,0.199169,-2.555893,-0.971912,-0.154395,-2.541847,-1.148175,0.092180,-2.345389,-1.878707,-0.050126,-2.331466,-1.942114,0.516847,-1.768761,-0.260394,-0.441830,-1.782610,-0.543620,1.076809,-0.902588,-1.541612,-0.611786,-0.910337,-0.188809,0.907359,-1.543011,-3.793263,-0.594892,-0.037183,-0.942903,0.754837,-1.690688,-4.262162,-0.610336,0.267412,-1.139978,0.716272,-1.824537,-4.043517,-0.536199,0.220044,-1.411539,0.736871,-1.782447,-3.761922,-0.511747,0.123280,-1.068709,0.323754,0.011405,-0.030272,-0.323754,-0.011405,0.030272,0.261885,1.508262,-0.161193,-0.332024,1.391238,-0.509990,0.193943,2.794600,0.946069,-0.383654,2.718781,0.237739,0.194330,2.975070,0.974640,-0.417191,2.928500,0.260575,0.117840,3.190373,-0.392625,-0.261231,3.094496,-1.273111,0.428951,0.349035,0.001862,0.430437,0.345151,-0.004229,0.434256,0.340770,-0.010868,0.439531,0.334991,-0.016952,0.448174,0.330282,-0.022213,0.457158,0.331206,-0.024229,0.466609,0.329061,-0.023986,0.477085,0.332763,-0.020595,0.484265,0.337698,-0.015930,0.489907,0.341437,-0.010399,0.492643,0.345051,-0.004843,0.489145,0.348210,-0.009421,0.484106,0.351255,-0.014765,0.476902,0.355602,-0.018603,0.468299,0.358855,-0.021051,0.459029,0.359796,-0.020686,0.450293,0.359885,-0.019226,0.442392,0.357643,-0.015052,0.436159,0.354195,-0.010340,0.431970,0.351754,-0.003780,0.402868,0.238049,0.021616,0.404635,0.236026,0.018037,0.406873,0.233796,0.015252,0.410767,0.230832,0.012461,0.417026,0.228765,0.009986,0.423298,0.228905,0.009064,0.429720,0.230707,0.009810,0.434249,0.234275,0.011077,0.480008,0.233551,0.007150,0.482158,0.234659,0.006785,0.486113,0.235569,0.004842,0.492368,0.237109,0.003290,0.498991,0.237438,0.003011,0.505787,0.236033,0.004420,0.510307,0.234143,0.006577,0.513429,0.232327,0.008521,0.455587,0.221979,-0.010644,0.455170,0.233900,-0.016791,0.454761,0.245042,-0.023732,0.454340,0.255511,-0.031349,0.000000,0.000000,0.000000,0.000000,0.000000,0.000000,0.000000,0.000000,0.000000,0.000000,0.000000,0.000000,0.000000,0.000000,0.000000,0.000000,0.000000,0.000000,0.000000,0.000000,0.000000,0.000000,0.000000,0.000000,0.000000,0.000000,0.000000,0.000000,0.000000,0.000000,0.000000,0.000000,0.000000,0.000000,0.000000,0.000000,0.000000,0.000000,0.000000,0.000000,0.000000,0.000000,0.000000,0.000000,0.000000,0.000000,0.000000,0.000000,0.000000,0.000000,0.000000,0.000000,0.000000,0.000000,0.000000,0.000000,0.000000,0.000000,0.000000,0.000000,0.000000,0.000000,0.000000,0.815584,0.641995,0.000000,0.800046,0.575538,-0.008126,0.763756,0.508652,-0.019313,0.739853,0.455213,-0.028418,0.735407,0.412399,-0.038888,0.743328,0.535438,-0.047890,0.682662,0.503163,-0.061472,0.648248,0.485409,-0.065875,0.619649,0.471104,-0.067983,0.734263,0.581277,-0.050158,0.656979,0.572357,-0.063246,0.612712,0.570649,-0.064419,0.578566,0.573348,-0.065674,0.729747,0.627016,-0.049380,0.665020,0.613234,-0.062260,0.682819,0.605478,-0.052995,0.706051,0.608163,-0.043519,0.727305,0.667298,-0.048528,0.676108,0.647921,-0.057412,0.690967,0.641639,-0.047604,0.711220,0.643390,-0.037636
0.026030,-2.255769,-2.087522,0.081453,-2.384735,-1.897793,0.115206,-2.384583,-1.897868,0.142307,-2.382573,-1.896903,-0.025099,-2.373604,-1.960176,-0.058767,-2.368799,-1.959388,-0.091268,-2.365168,-1.960323,0.191300,-2.320472,-0.859755,-0.124496,-2.308703,-1.129274,0.100342,-2.127349,-1.714678,-0.026539,-2.116552,-1.789293,0.465868,-1.594209,-0.133220,-0.388769,-1.616826,-0.651945,0.977779,-0.833825,-1.283968,-0.529280,-0.811924,-0.439537,0.815799,-1.434468,-3.385603,-0.489394,-0.019166,-1.155078,0.664177,-1.568527,-3.815307,-0.493718,0.242924,-1.333867,0.634852,-1.693072,-3.616482,-0.430890,0.197400,-1.575880,0.654326,-1.650772,-3.368156,-0.414233,0.114217,-1.260087,0.287532,0.010319,0.070646,-0.287532,-0.010319,-0.070646,0.234088,1.364777,0.012705,-0.286584,1.266802,-0.465011,0.159491,2.517655,1.026061,-0.350272,2.477755,0.215329,0.157528,2.684023,1.052705,-0.386595,2.676773,0.235666,0.103749,2.873983,-0.140578,-0.215831,2.809632,-1.137043,0.431723,0.349694,0.001821,0.433289,0.345832,-0.004319,0.437135,0.341562,-0.010904,0.442433,0.335911,-0.016907,0.451081,0.331402,-0.022096,0.460020,0.332464,-0.024034,0.469402,0.330448,-0.023689,0.479682,0.334207,-0.020166,0.486649,0.339184,-0.015418,0.492097,0.342931,-0.009809,0.494735,0.346561,-0.004127,0.491302,0.349702,-0.008702,0.486372,0.352764,-0.013983,0.479307,0.357138,-0.017750,0.470798,0.360373,-0.020134,0.461582,0.361263,-0.019832,0.452864,0.361187,-0.018508,0.444998,0.358750,-0.014596,0.438819,0.355089,-0.010054,0.434686,0.352490,-0.003699,0.405593,0.237887,0.020578,0.407399,0.235946,0.016972,0.409680,0.233773,0.014177,0.413639,0.230875,0.011387,0.419966,0.228869,0.008942,0.426280,0.229043,0.008062,0.432749,0.230841,0.008892,0.437284,0.234394,0.010241,0.483325,0.234227,0.006906,0.485462,0.235359,0.006583,0.489424,0.236341,0.004680,0.495698,0.237998,0.003183,0.502360,0.238434,0.002969,0.509188,0.237115,0.004457,0.513733,0.235281,0.006668,0.516869,0.233506,0.008650,0.459080,0.222407,-0.011270,0.458663,0.234486,-0.017321,0.458248,0.245750,-0.024218,0.457819,0.256337,-0.031774,0.000000,0.000000,0.000000,0.000000,0.000000,0.000000,0.000000,0.000000,0.000000,0.000000,0.000000,0.000000,0.000000,0.000000,0.000000,0.000000,0.000000,0.000000,0.000000,0.000000,0.000000,0.000000,0.000000,0.000000,0.000000,0.000000,0.000000,0.000000,0.000000,0.000000,0.000000,0.000000,0.000000,0.000000,0.000000,0.000000,0.000000,0.000000,0.000000,0.000000,0.000000,0.000000,0.000000,0.000000,0.000000,0.000000,0.000000,0.000000,0.000000,0.000000,0.000000,0.000000,0.000000,0.000000,0.000000,0.000000,0.000000,0.000000,0.000000,0.000000,0.000000,0.000000,0.000000,0.809102,0.640348,0.000000,0.792398,0.571500,-0.004682,0.756119,0.504025,-0.014750,0.731186,0.448670,-0.022691,0.727076,0.404265,-0.031876,0.732442,0.530039,-0.047550,0.668220,0.497759,-0.061827,0.631891,0.480551,-0.067470,0.601947,0.466635,-0.070706,0.722235,0.575738,-0.050330,0.641159,0.568476,-0.062588,0.597209,0.568105,-0.062669,0.563435,0.571978,-0.063407,0.717155,0.620473,-0.049526,0.649632,0.609403,-0.059541,0.667883,0.600504,-0.047140,0.690817,0.601316,-0.036283,0.715429,0.660719,-0.048526,0.663503,0.642010,-0.054471,0.678789,0.636055,-0.041827,0.698909,0.637669,-0.030118
0.022698,-2.407884,-2.283626,0.080031,-2.545948,-2.101991,0.116184,-2.545947,-2.102653,0.144611,-2.543911,-2.102071,-0.033559,-2.534056,-2.152974,-0.070570,-2.528873,-2.152421,-0.106227,-2.524928,-2.153609,0.195485,-2.478262,-1.040160,-0.143014,-2.463851,-1.250710,0.100235,-2.270492,-1.887683,-0.036598,-2.259112,-1.952474,0.489589,-1.714892,-0.289367,-0.425251,-1.723554,-0.676884,0.994685,-0.952732,-1.377062,-0.570505,-0.857075,-0.563934,0.838410,-1.284551,-3.618166,-0.513783,-0.030267,-1.569393,0.714171,-1.329604,-4.087243,-0.511492,0.250634,-1.831993,0.653305,-1.444563,-3.946299,-0.440412,0.184767,-2.057653,0.666769,-1.437135,-3.622476,-0.423290,0.092605,-1.679989,0.307743,0.006659,0.021525,-0.307743,-0.006659,-0.021525,0.260603,1.434690,-0.085692,-0.299939,1.345547,-0.543855,0.200237,2.667057,0.941292,-0.351984,2.637891,0.136214,0.199350,2.844955,0.962980,-0.392413,2.851682,0.154435,0.137660,3.052786,-0.319643,-0.220447,2.993470,-1.268209,0.427377,0.351655,0.001866,0.428841,0.347686,-0.004344,0.432585,0.343282,-0.011000,0.437760,0.337512,-0.017051,0.446356,0.332836,-0.022334,0.455294,0.333805,-0.024354,0.464708,0.331737,-0.024079,0.475059,0.335501,-0.020617,0.482064,0.340479,-0.015919,0.487518,0.344264,-0.010346,0.490158,0.347959,-0.004660,0.486820,0.351285,-0.009185,0.481955,0.354619,-0.014393,0.474907,0.359307,-0.018094,0.466361,0.362759,-0.020404,0.457061,0.363717,-0.020020,0.448272,0.363626,-0.018641,0.440416,0.361054,-0.014672,0.434282,0.357236,-0.010099,0.430247,0.354529,-0.003718,0.400111,0.237936,0.021334,0.401912,0.236009,0.017654,0.404213,0.233860,0.014836,0.408206,0.230982,0.011993,0.414592,0.228973,0.009489,0.420958,0.229160,0.008541,0.427391,0.230979,0.009344,0.431882,0.234501,0.010675,0.478376,0.234312,0.006913,0.480535,0.235434,0.006550,0.484528,0.236386,0.004606,0.490832,0.237986,0.003039,0.497530,0.238376,0.002766,0.504386,0.237058,0.004242,0.508982,0.235216,0.006444,0.512168,0.233423,0.008439,0.453758,0.222752,-0.011302,0.453338,0.235257,-0.017495,0.452922,0.246795,-0.024479,0.452504,0.257584,-0.032118,0.000000,0.000000,0.000000,0.000000,0.000000,0.000000,0.000000,0.000000,0.000000,0.000000,0.000000,0.000000,0.000000,0.000000,0.000000,0.000000,0.000000,0.000000,0.000000,0.000000,0.000000,0.000000,0.000000,0.000000,0.000000,0.000000,0.000000,0.000000,0.000000,0.000000,0.000000,0.000000,0.000000,0.000000,0.000000,0.000000,0.000000,0.000000,0.000000,0.000000,0.000000,0.000000,0.000000,0.000000,0.000000,0.000000,0.000000,0.000000,0.000000,0.000000,0.000000,0.000000,0.000000,0.000000,0.000000,0.000000,0.000000,0.000000,0.000000,0.000000,0.000000,0.000000,0.000000,0.389966,0.320858,0.000000,0.382062,0.287568,-0.004350,0.364959,0.256104,-0.010698,0.353570,0.229273,-0.015667,0.351838,0.207152,-0.021374,0.353508,0.270041,-0.027002,0.322273,0.255027,-0.033811,0.304948,0.247122,-0.036316,0.290291,0.241122,-0.037839,0.348805,0.293732,-0.027824,0.311530,0.286820,-0.033763,0.290821,0.284380,-0.033707,0.275065,0.284887,-0.034399,0.346224,0.315880,-0.026944,0.315776,0.305214,-0.031472,0.325391,0.301484,-0.025692,0.336682,0.303441,-0.021160,0.345612,0.333913,-0.026217,0.322116,0.320959,-0.029192,0.330444,0.318629,-0.023713,0.340559,0.320948,-0.018945
0.029057,-2.523257,-2.508905,0.088272,-2.664178,-2.345968,0.127712,-2.663384,-2.346849,0.156884,-2.660435,-2.347059,-0.030409,-2.651458,-2.383932,-0.071436,-2.645600,-2.383440,-0.110547,-2.640806,-2.384869,0.209933,-2.589900,-1.306572,-0.147879,-2.574023,-1.448963,0.109170,-2.373405,-2.114592,-0.040797,-2.364400,-2.157676,0.522307,-1.803258,-0.563835,-0.438507,-1.781291,-0.840101,0.963367,-1.174425,-0.758426,-0.589596,-0.904528,-0.685149,0.831527,-0.762027,-2.276665,-0.511039,-0.155212,-1.804693,0.817740,-0.391195,-2.679193,-0.501221,0.120337,-2.170915,0.664829,-0.563345,-2.820743,-0.407501,0.056963,-2.408217,0.650676,-0.719106,-2.385602,-0.392454,-0.044222,-1.931795,0.321239,-0.009247,-0.041834,-0.321239,0.009247,0.041834,0.302353,1.424111,-0.417513,-0.332600,1.443068,-0.635715,0.248205,2.779665,0.527644,-0.382745,2.819144,-0.138829,0.243808,2.990494,0.541907,-0.399000,3.051484,-0.146760,0.146645,3.216102,-0.820821,-0.305038,3.206307,-1.644834,0.425808,0.352884,0.001368,0.427417,0.349055,-0.004677,0.431383,0.344787,-0.011247,0.436757,0.339108,-0.017236,0.445456,0.334549,-0.022318,0.454461,0.335561,-0.024113,0.463874,0.333376,-0.023683,0.474265,0.336995,-0.020029,0.481385,0.341819,-0.015176,0.486968,0.345457,-0.009490,0.489677,0.348993,-0.003848,0.486198,0.352149,-0.008585,0.481202,0.355153,-0.014134,0.474073,0.359502,-0.018148,0.465516,0.362813,-0.020884,0.456249,0.363771,-0.020750,0.447504,0.363875,-0.019433,0.439543,0.361586,-0.015356,0.433199,0.358113,-0.010712,0.428905,0.355650,-0.004176,0.399549,0.240839,0.020211,0.401344,0.238775,0.016726,0.403602,0.236503,0.014007,0.407506,0.233486,0.011308,0.413772,0.231408,0.009004,0.420027,0.231589,0.008222,0.426429,0.233505,0.009096,0.430945,0.237206,0.010411,0.476498,0.236885,0.007697,0.478635,0.238021,0.007365,0.482573,0.238970,0.005504,0.488783,0.240567,0.004060,0.495357,0.240931,0.003937,0.502098,0.239558,0.005458,0.506552,0.237704,0.007700,0.509619,0.235916,0.009678,0.452497,0.225203,-0.010724,0.452184,0.237107,-0.016872,0.451884,0.248297,-0.023787,0.451556,0.258793,-0.031399,0.000000,0.000000,0.000000,0.000000,0.000000,0.000000,0.000000,0.000000,0.000000,0.000000,0.000000,0.000000,0.000000,0.000000,0.000000,0.000000,0.000000,0.000000,0.000000,0.000000,0.000000,0.000000,0.000000,0.000000,0.000000,0.000000,0.000000,0.000000,0.000000,0.000000,0.000000,0.000000,0.000000,0.000000,0.000000,0.000000,0.000000,0.000000,0.000000,0.000000,0.000000,0.000000,0.000000,0.000000,0.000000,0.000000,0.000000,0.000000,0.000000,0.000000,0.000000,0.000000,0.000000,0.000000,0.000000,0.000000,0.000000,0.000000,0.000000,0.000000,0.000000,0.000000,0.000000,0.000000,0.000000,0.000000,0.000000,0.000000,0.000000,0.000000,0.000000,0.000000,0.000000,0.000000,0.000000,0.000000,0.000000,0.000000,0.000000,0.000000,0.000000,0.000000,0.000000,0.000000,0.000000,0.000000,0.000000,0.000000,0.000000,0.000000,0.000000,0.000000,0.000000,0.000000,0.000000,0.000000,0.000000,0.000000,0.000000,0.000000,0.000000,0.000000,0.000000,0.000000,0.000000,0.000000,0.000000,0.000000,0.000000,0.000000,0.000000,0.000000,0.000000,0.000000,0.000000,0.000000,0.000000,0.000000,0.000000,0.000000,0.000000,0.000000,0.000000,0.000000,0.000000,0.000000
0.021385,-2.570186,-2.444995,0.083302,-2.708512,-2.302002,0.124091,-2.706408,-2.303215,0.154037,-2.703343,-2.303694,-0.037297,-2.699034,-2.324940,-0.077882,-2.695917,-2.324485,-0.117068,-2.691518,-2.326109,0.209758,-2.635095,-1.272822,-0.155049,-2.620802,-1.356361,0.105897,-2.415826,-2.051644,-0.046801,-2.413210,-2.072670,0.531585,-1.841275,-0.513559,-0.437314,-1.812272,-0.759210,0.942029,-1.191724,-0.703393,-0.587223,-0.946481,-0.646863,0.832500,-0.772174,-2.255404,-0.460958,-0.214216,-1.805100,0.828233,-0.403906,-2.675526,-0.438887,0.062408,-2.187701,0.695953,-0.495543,-2.849503,-0.352914,-0.015397,-2.414928,0.659651,-0.752180,-2.344709,-0.341207,-0.113465,-1.930555,0.322584,-0.004378,-0.059887,-0.322584,0.004378,0.059887,0.308995,1.466141,-0.502965,-0.315904,1.456994,-0.555967,0.270210,2.840893,0.418818,-0.353609,2.866854,-0.128223,0.271532,3.049917,0.428338,-0.363095,3.103846,-0.142701,0.165216,3.277297,-0.970681,-0.284151,3.256928,-1.638375,0.428776,0.350316,-0.000189,0.430693,0.346791,-0.005912,0.435126,0.342880,-0.012285,0.440987,0.337611,-0.018097,0.450052,0.333387,-0.022837,0.459189,0.334419,-0.024350,0.468566,0.332325,-0.023708,0.478765,0.335624,-0.019891,0.485794,0.340076,-0.014839,0.491324,0.343382,-0.009021,0.493930,0.346629,-0.003585,0.490279,0.349917,-0.008512,0.485161,0.352925,-0.014542,0.477979,0.357072,-0.018950,0.469468,0.360162,-0.022287,0.460317,0.361035,-0.022562,0.451498,0.361107,-0.021360,0.443381,0.358952,-0.017169,0.436758,0.355642,-0.012373,0.432133,0.353206,-0.005673,0.404959,0.243341,0.019468,0.406799,0.241225,0.016180,0.409075,0.238910,0.013616,0.412966,0.235885,0.011131,0.419093,0.233870,0.009100,0.425156,0.234133,0.008510,0.431438,0.236119,0.009426,0.435893,0.239816,0.010733,0.480020,0.240286,0.009310,0.482120,0.241456,0.009027,0.485980,0.242434,0.007249,0.492032,0.244008,0.005930,0.498427,0.244399,0.005920,0.504921,0.243201,0.007543,0.509160,0.241561,0.009873,0.512049,0.239985,0.011881,0.457357,0.227584,-0.008992,0.457175,0.238943,-0.015342,0.457006,0.249577,-0.022396,0.456807,0.259518,-0.030160,0.000000,0.000000,0.000000,0.000000,0.000000,0.000000,0.000000,0.000000,0.000000,0.000000,0.000000,0.000000,0.000000,0.000000,0.000000,0.000000,0.000000,0.000000,0.000000,0.000000,0.000000,0.000000,0.000000,0.000000,0.000000,0.000000,0.000000,0.000000,0.000000,0.000000,0.000000,0.000000,0.000000,0.000000,0.000000,0.000000,0.000000,0.000000,0.000000,0.000000,0.000000,0.000000,0.000000,0.000000,0.000000,0.000000,0.000000,0.000000,0.000000,0.000000,0.000000,0.000000,0.000000,0.000000,0.000000,0.000000,0.000000,0.000000,0.000000,0.000000,0.000000,0.000000,0.000000,0.000000,0.000000,0.000000,0.000000,0.000000,0.000000,0.000000,0.000000,0.000000,0.000000,0.000000,0.000000,0.000000,0.000000,0.000000,0.000000,0.000000,0.000000,0.000000,0.000000,0.000000,0.000000,0.000000,0.000000,0.000000,0.000000,0.000000,0.000000,0.000000,0.000000,0.000000,0.000000,0.000000,0.000000,0.000000,0.000000,0.000000,0.000000,0.000000,0.000000,0.000000,0.000000,0.000000,0.000000,0.000000,0.000000,0.000000,0.000000,0.000000,0.000000,0.000000,0.000000,0.000000,0.000000,0.000000,0.000000,0.000000,0.000000,0.000000,0.000000,0.000000,0.000000,0.000000
-0.014872,-2.583942,-2.408919,0.045596,-2.725126,-2.222175,0.085542,-2.723126,-2.222679,0.115190,-2.720991,-2.221876,-0.073483,-2.715154,-2.260393,-0.111464,-2.711617,-2.259911,-0.147075,-2.707218,-2.261091,0.175117,-2.649886,-1.116559,-0.191317,-2.628972,-1.267425,0.071363,-2.428539,-2.006182,-0.074371,-2.425708,-2.051203,0.503948,-1.857303,-0.400804,-0.470055,-1.806013,-0.621447,1.034967,-1.134935,-1.629723,-0.640423,-0.935803,-0.590555,0.802340,-1.340552,-3.987848,-0.626414,-0.066193,-1.685182,0.719222,-1.395875,-4.486155,-0.630747,0.252238,-1.956678,0.643737,-1.526531,-4.340744,-0.542331,0.194044,-2.186198,0.652551,-1.505563,-3.996315,-0.517473,0.094163,-1.800324,0.327227,-0.004835,-0.063849,-0.327227,0.004835,0.063849,0.279358,1.502826,-0.430856,-0.327457,1.483721,-0.658777,0.244577,2.897800,0.561029,-0.357387,2.900661,-0.150555,0.246843,3.104771,0.575631,-0.369846,3.120651,-0.146024,0.149768,3.340026,-0.821647,-0.264581,3.306025,-1.706527,0.430605,0.347421,-0.002697,0.432500,0.343797,-0.007976,0.437060,0.339610,-0.014012,0.443102,0.334028,-0.019506,0.452295,0.329424,-0.023919,0.461451,0.330216,-0.025299,0.470712,0.328063,-0.024502,0.480790,0.331359,-0.020750,0.487761,0.335940,-0.015793,0.493225,0.339411,-0.010120,0.495746,0.342714,-0.005046,0.492093,0.345867,-0.010183,0.487017,0.348601,-0.016503,0.479917,0.352407,-0.021130,0.471529,0.355274,-0.024775,0.462598,0.356134,-0.025262,0.453857,0.356462,-0.024113,0.445691,0.354742,-0.019888,0.438916,0.351987,-0.015008,0.434111,0.350030,-0.008241,0.407479,0.244183,0.020308,0.409356,0.242000,0.017203,0.411655,0.239652,0.014765,0.415479,0.236620,0.012440,0.421417,0.234555,0.010588,0.427241,0.234713,0.010125,0.433404,0.236491,0.011045,0.437801,0.239978,0.012260,0.480741,0.240238,0.011444,0.482854,0.241433,0.011171,0.486661,0.242417,0.009398,0.492587,0.243935,0.008129,0.498841,0.244296,0.008158,0.505125,0.243137,0.009835,0.509171,0.241618,0.012215,0.511895,0.240231,0.014263,0.458933,0.226821,-0.006382,0.458882,0.237471,-0.013053,0.458847,0.247507,-0.020349,0.458792,0.256901,-0.028401,0.000000,0.000000,0.000000,0.000000,0.000000,0.000000,0.000000,0.000000,0.000000,0.000000,0.000000,0.000000,0.000000,0.000000,0.000000,0.000000,0.000000,0.000000,0.000000,0.000000,0.000000,0.000000,0.000000,0.000000,0.000000,0.000000,0.000000,0.000000,0.000000,0.000000,0.000000,0.000000,0.000000,0.000000,0.000000,0.000000,0.000000,0.000000,0.000000,0.000000,0.000000,0.000000,0.000000,0.000000,0.000000,0.000000,0.000000,0.000000,0.000000,0.000000,0.000000,0.000000,0.000000,0.000000,0.000000,0.000000,0.000000,0.000000,0.000000,0.000000,0.000000,0.000000,0.000000,0.803278,0.775489,0.000000,0.783622,0.714652,-0.015263,0.751170,0.663994,-0.028736,0.728109,0.621853,-0.037690,0.715715,0.586721,-0.047403,0.727542,0.710519,-0.051225,0.670521,0.695666,-0.066075,0.634396,0.688648,-0.074003,0.606932,0.683698,-0.078834,0.720253,0.755635,-0.047298,0.656178,0.763335,-0.056668,0.621593,0.761916,-0.056482,0.597315,0.761534,-0.057558,0.718879,0.792715,-0.041523,0.661105,0.790153,-0.047266,0.657963,0.773155,-0.041364,0.667378,0.764184,-0.036993,0.720805,0.817970,-0.036649,0.675703,0.809428,-0.041030,0.672605,0.795693,-0.035827,0.679465,0.787641,-0.030909
-0.018869,-2.376574,-2.207758,0.034909,-2.518574,-2.022454,0.069325,-2.519144,-2.022725,0.096301,-2.518695,-2.021836,-0.079129,-2.505198,-2.076220,-0.115894,-2.501269,-2.075530,-0.150172,-2.494273,-2.076710,0.148933,-2.453483,-0.931653,-0.194070,-2.415706,-1.151110,0.060991,-2.239512,-1.806092,-0.072860,-2.228297,-1.869091,0.452928,-1.734389,-0.167364,-0.450501,-1.672432,-0.591583,0.943774,-0.896560,-1.433093,-0.609678,-0.830466,-0.375680,0.750781,-1.405820,-3.721072,-0.584516,0.087700,-1.156313,0.584775,-1.516724,-4.190891,-0.593661,0.392368,-1.350805,0.573267,-1.663615,-3.972231,-0.515865,0.359130,-1.608612,0.593616,-1.639042,-3.699797,-0.492528,0.260952,-1.272330,0.311731,-0.003012,0.064480,-0.311731,0.003012,-0.064480,0.270068,1.478777,-0.176474,-0.303346,1.405703,-0.709708,0.224411,2.768717,0.779625,-0.327360,2.755177,-0.129106,0.222986,2.954977,0.793661,-0.354863,2.975387,-0.123563,0.170826,3.153467,-0.518325,-0.179847,3.106593,-1.633764,0.434504,0.354181,-0.001777,0.436288,0.350659,-0.007149,0.440670,0.346543,-0.013170,0.446491,0.341014,-0.018662,0.455373,0.336362,-0.023083,0.464319,0.336997,-0.024478,0.473352,0.334813,-0.023727,0.483253,0.337990,-0.020004,0.490155,0.342384,-0.015133,0.495574,0.345684,-0.009524,0.498088,0.348835,-0.004384,0.494559,0.351969,-0.009358,0.489616,0.354699,-0.015416,0.482665,0.358554,-0.019816,0.474456,0.361503,-0.023158,0.465714,0.362413,-0.023523,0.457173,0.362837,-0.022432,0.449196,0.361186,-0.018442,0.442570,0.358543,-0.013768,0.437915,0.356687,-0.007209,0.409976,0.251645,0.019583,0.411819,0.249455,0.016447,0.414069,0.247104,0.013995,0.417851,0.244081,0.011621,0.423783,0.242005,0.009727,0.429646,0.242174,0.009208,0.435797,0.244032,0.010099,0.440185,0.247601,0.011330,0.482920,0.247354,0.010334,0.485031,0.248524,0.010064,0.488839,0.249480,0.008309,0.494761,0.250915,0.007057,0.501009,0.251160,0.007088,0.507272,0.249816,0.008721,0.511307,0.248109,0.011074,0.514024,0.246567,0.013074,0.461066,0.234564,-0.007420,0.461073,0.245339,-0.013789,0.461091,0.255406,-0.020833,0.461080,0.264786,-0.028610,0.000000,0.000000,0.000000,0.000000,0.000000,0.000000,0.000000,0.000000,0.000000,0.000000,0.000000,0.000000,0.000000,0.000000,0.000000,0.000000,0.000000,0.000000,0.000000,0.000000,0.000000,0.000000,0.000000,0.000000,0.000000,0.000000,0.000000,0.000000,0.000000,0.000000,0.000000,0.000000,0.000000,0.000000,0.000000,0.000000,0.000000,0.000000,0.000000,0.000000,0.000000,0.000000,0.000000,0.000000,0.000000,0.000000,0.000000,0.000000,0.000000,0.000000,0.000000,0.000000,0.000000,0.000000,0.000000,0.000000,0.000000,0.000000,0.000000,0.000000,0.000000,0.000000,0.000000,0.781664,0.677564,0.000000,0.768717,0.611085,-0.005628,0.741994,0.549434,-0.015959,0.724869,0.497489,-0.024081,0.726730,0.456288,-0.033266,0.711213,0.581888,-0.044034,0.655902,0.548922,-0.057665,0.624293,0.529015,-0.063768,0.598703,0.513181,-0.066796,0.700728,0.623510,-0.045477,0.629061,0.605979,-0.056582,0.588809,0.597296,-0.057173,0.557928,0.595362,-0.057928,0.695037,0.663976,-0.043686,0.634629,0.643449,-0.052199,0.648486,0.632317,-0.042180,0.667861,0.633770,-0.032862,0.692662,0.699227,-0.041788,0.644682,0.674438,-0.046072,0.655934,0.664911,-0.034944,0.672319,0.665389,-0.024511
-0.000516,-2.367266,-2.246403,0.053255,-2.512217,-2.059852,0.085354,-2.515207,-2.060118,0.112856,-2.517059,-2.059177,-0.061289,-2.498831,-2.120270,-0.098784,-2.494836,-2.119609,-0.131762,-2.488083,-2.120764,0.163884,-2.455288,-0.959570,-0.180650,-2.411241,-1.207823,0.078031,-2.235129,-1.841254,-0.054180,-2.221506,-1.915331,0.459460,-1.728341,-0.196549,-0.438121,-1.682090,-0.633824,0.947778,-0.896754,-1.465719,-0.594859,-0.836962,-0.405957,0.764371,-1.415975,-3.754455,-0.580409,0.076542,-1.168759,0.594788,-1.523711,-4.224171,-0.596972,0.380887,-1.364146,0.579943,-1.668187,-4.021428,-0.523198,0.349673,-1.625482,0.601107,-1.646260,-3.738308,-0.496745,0.251888,-1.286733,0.309211,-0.000793,0.061365,-0.309211,0.000793,-0.061365,0.262588,1.482291,-0.135712,-0.301832,1.402980,-0.652030,0.204786,2.764559,0.867603,-0.331066,2.742478,0.003511,0.200924,2.947444,0.886727,-0.372601,2.957797,0.016484,0.168995,3.147585,-0.425090,-0.183443,3.097254,-1.488446,0.436485,0.354867,-0.001640,0.438247,0.351239,-0.007042,0.442507,0.347130,-0.013037,0.448192,0.341661,-0.018499,0.457012,0.337156,-0.022980,0.465874,0.337976,-0.024466,0.474895,0.335940,-0.023777,0.484689,0.339337,-0.020173,0.491390,0.343938,-0.015387,0.496633,0.347424,-0.009855,0.499086,0.350763,-0.004728,0.495658,0.353916,-0.009584,0.490847,0.356774,-0.015414,0.484021,0.360759,-0.019652,0.475865,0.363751,-0.022803,0.467079,0.364620,-0.023071,0.458520,0.364798,-0.021949,0.450629,0.362817,-0.018004,0.444204,0.359764,-0.013424,0.439726,0.357559,-0.007015,0.412899,0.251539,0.019800,0.414734,0.249517,0.016629,0.416996,0.247314,0.014158,0.420787,0.244441,0.011770,0.426697,0.242480,0.009820,0.432518,0.242661,0.009254,0.438615,0.244387,0.010126,0.442930,0.247769,0.011375,0.485708,0.247922,0.010005,0.487782,0.249075,0.009733,0.491532,0.250057,0.007966,0.497390,0.251583,0.006672,0.503589,0.251943,0.006656,0.509846,0.250752,0.008250,0.513908,0.249178,0.010548,0.516658,0.247713,0.012531,0.463863,0.235149,-0.007489,0.463749,0.246072,-0.013843,0.463639,0.256204,-0.020886,0.463514,0.265669,-0.028649,0.000000,0.000000,0.000000,0.000000,0.000000,0.000000,0.000000,0.000000,0.000000,0.000000,0.000000,0.000000,0.000000,0.000000,0.000000,0.000000,0.000000,0.000000,0.000000,0.000000,0.000000,0.000000,0.000000,0.000000,0.000000,0.000000,0.000000,0.000000,0.000000,0.000000,0.000000,0.000000,0.000000,0.000000,0.000000,0.000000,0.000000,0.000000,0.000000,0.000000,0.000000,0.000000,0.000000,0.000000,0.000000,0.000000,0.000000,0.000000,0.000000,0.000000,0.000000,0.000000,0.000000,0.000000,0.000000,0.000000,0.000000,0.000000,0.000000,0.000000,0.000000,0.000000,0.000000,0.783143,0.677810,0.000000,0.769557,0.611483,-0.006531,0.741887,0.550596,-0.017096,0.723982,0.498637,-0.025525,0.725740,0.456874,-0.035075,0.709176,0.583774,-0.043215,0.653437,0.552485,-0.055977,0.621516,0.534737,-0.061367,0.595637,0.520622,-0.064014,0.699864,0.625889,-0.044566,0.629972,0.610565,-0.055484,0.589448,0.603925,-0.056467,0.558375,0.603411,-0.057528,0.695978,0.667035,-0.042782,0.637846,0.648581,-0.051540,0.651821,0.637639,-0.042080,0.671259,0.638770,-0.033104,0.695556,0.702925,-0.040973,0.648488,0.679385,-0.045242,0.660222,0.669980,-0.034097,0.677138,0.670412,-0.023695
0.010367,-2.487561,-2.494134,0.068051,-2.638112,-2.303357,0.102074,-2.640451,-2.304217,0.131102,-2.641037,-2.303931,-0.051480,-2.625903,-2.352975,-0.090120,-2.622240,-2.352684,-0.124750,-2.615446,-2.354078,0.187422,-2.573716,-1.158917,-0.174887,-2.538934,-1.360969,0.092031,-2.349219,-2.072661,-0.048207,-2.338454,-2.130513,0.491160,-1.823027,-0.369105,-0.447602,-1.780017,-0.710960,1.002551,-1.068923,-1.546413,-0.618428,-0.914773,-0.543628,0.821581,-1.313612,-3.871365,-0.617837,-0.068547,-1.442857,0.717922,-1.348349,-4.358745,-0.623505,0.228195,-1.709392,0.636055,-1.465708,-4.280126,-0.547116,0.171637,-1.946411,0.649303,-1.453314,-3.907903,-0.525566,0.077242,-1.554353,0.321297,-0.000377,-0.014743,-0.321297,0.000377,0.014743,0.274917,1.486064,-0.180473,-0.314759,1.420426,-0.556725,0.236137,2.798948,0.912445,-0.344837,2.774931,0.142867,0.235625,2.984334,0.939192,-0.372792,2.986730,0.161371,0.161334,3.220807,-0.429993,-0.238345,3.166784,-1.373355,0.436761,0.356510,-0.001141,0.438578,0.353064,-0.006605,0.442916,0.349154,-0.012597,0.448644,0.343869,-0.018003,0.457418,0.339549,-0.022421,0.466193,0.340466,-0.023757,0.475097,0.338451,-0.022963,0.484711,0.341769,-0.019163,0.491327,0.346245,-0.014251,0.496494,0.349582,-0.008617,0.498901,0.352741,-0.003343,0.495510,0.355774,-0.008243,0.490755,0.358491,-0.014102,0.484023,0.362381,-0.018353,0.475971,0.365321,-0.021545,0.467298,0.366119,-0.021909,0.458833,0.366283,-0.020927,0.450992,0.364281,-0.017182,0.444542,0.361250,-0.012727,0.440036,0.359124,-0.006409,0.412841,0.251090,0.018168,0.414704,0.249140,0.015001,0.417001,0.246991,0.012531,0.420823,0.244183,0.010164,0.426773,0.242286,0.008265,0.432617,0.242504,0.007787,0.438719,0.244310,0.008774,0.443025,0.247766,0.010098,0.485830,0.248411,0.009518,0.487873,0.249560,0.009286,0.491597,0.250580,0.007584,0.497436,0.252180,0.006382,0.503613,0.252586,0.006465,0.509861,0.251407,0.008129,0.513927,0.249842,0.010456,0.516674,0.248391,0.012455,0.464251,0.235815,-0.008573,0.464160,0.246964,-0.014722,0.464080,0.257366,-0.021592,0.463983,0.267080,-0.029156,0.000000,0.000000,0.000000,0.000000,0.000000,0.000000,0.000000,0.000000,0.000000,0.000000,0.000000,0.000000,0.000000,0.000000,0.000000,0.000000,0.000000,0.000000,0.000000,0.000000,0.000000,0.000000,0.000000,0.000000,0.000000,0.000000,0.000000,0.000000,0.000000,0.000000,0.000000,0.000000,0.000000,0.000000,0.000000,0.000000,0.000000,0.000000,0.000000,0.000000,0.000000,0.000000,0.000000,0.000000,0.000000,0.000000,0.000000,0.000000,0.000000,0.000000,0.000000,0.000000,0.000000,0.000000,0.000000,0.000000,0.000000,0.000000,0.000000,0.000000,0.000000,0.000000,0.000000,0.000000,0.000000,0.000000,0.000000,0.000000,0.000000,0.000000,0.000000,0.000000,0.000000,0.000000,0.000000,0.000000,0.000000,0.000000,0.000000,0.000000,0.000000,0.000000,0.000000,0.000000,0.000000,0.000000,0.000000,0.000000,0.000000,0.000000,0.000000,0.000000,0.000000,0.000000,0.000000,0.000000,0.000000,0.000000,0.000000,0.000000,0.000000,0.000000,0.000000,0.000000,0.000000,0.000000,0.000000,0.000000,0.000000,0.000000,0.000000,0.000000,0.000000,0.000000,0.000000,0.000000,0.000000,0.000000,0.000000,0.000000,0.000000,0.000000,0.000000,0.000000,0.000000,0.000000
0.023092,-2.526047,-2.549975,0.080164,-2.667707,-2.381368,0.116184,-2.667946,-2.382473,0.143443,-2.667259,-2.382934,-0.037701,-2.657661,-2.421742,-0.076105,-2.654404,-2.421424,-0.111054,-2.649204,-2.422982,0.200635,-2.597584,-1.298643,-0.161368,-2.570688,-1.457639,0.104346,-2.378937,-2.138252,-0.041449,-2.377268,-2.183658,0.507201,-1.814574,-0.516600,-0.440389,-1.786203,-0.834768,0.920426,-1.179059,-0.603703,-0.609886,-0.967419,-0.713354,0.862673,-0.710409,-2.038197,-0.525485,-0.200531,-1.870358,0.866654,-0.314159,-2.421567,-0.512706,0.080582,-2.239863,0.760760,-0.384276,-2.590326,-0.421128,0.024684,-2.472159,0.702863,-0.458190,-2.155090,-0.406836,-0.074757,-1.996106,0.314359,-0.008906,-0.043353,-0.314359,0.008906,0.043353,0.297349,1.422012,-0.491551,-0.311194,1.427926,-0.697716,0.272166,2.780153,0.430247,-0.355242,2.822135,-0.234914,0.268740,2.988526,0.437822,-0.369852,3.053692,-0.246761,0.172353,3.212096,-0.965685,-0.272121,3.199343,-1.774915,0.433603,0.357029,-0.000212,0.435148,0.353071,-0.005738,0.439058,0.348648,-0.011810,0.444460,0.342834,-0.017425,0.453226,0.337999,-0.022196,0.462123,0.338806,-0.023855,0.471289,0.336542,-0.023298,0.481270,0.339979,-0.019755,0.487944,0.344808,-0.014993,0.493033,0.348528,-0.009559,0.495393,0.352190,-0.004402,0.492119,0.355344,-0.008974,0.487476,0.358488,-0.014402,0.480745,0.362822,-0.018311,0.472482,0.366110,-0.020936,0.463457,0.367189,-0.020956,0.454673,0.367276,-0.019736,0.446790,0.365144,-0.016019,0.440640,0.361861,-0.011599,0.436553,0.359585,-0.005464,0.409529,0.255383,0.019137,0.411520,0.254431,0.015771,0.414057,0.253209,0.013186,0.417991,0.251477,0.010742,0.423665,0.250054,0.008602,0.429081,0.249626,0.007888,0.434933,0.249342,0.008880,0.438880,0.250451,0.010295,0.483318,0.248899,0.008341,0.485245,0.249676,0.008105,0.488676,0.250663,0.006288,0.494209,0.252326,0.004982,0.500195,0.252880,0.004945,0.506565,0.252052,0.006438,0.510793,0.250951,0.008542,0.513788,0.250014,0.010495,0.460409,0.236738,-0.008709,0.460147,0.247497,-0.014702,0.459887,0.257281,-0.021534,0.459644,0.266447,-0.029029,0.000000,0.000000,0.000000,0.000000,0.000000,0.000000,0.000000,0.000000,0.000000,0.000000,0.000000,0.000000,0.000000,0.000000,0.000000,0.000000,0.000000,0.000000,0.000000,0.000000,0.000000,0.000000,0.000000,0.000000,0.000000,0.000000,0.000000,0.000000,0.000000,0.000000,0.000000,0.000000,0.000000,0.000000,0.000000,0.000000,0.000000,0.000000,0.000000,0.000000,0.000000,0.000000,0.000000,0.000000,0.000000,0.000000,0.000000,0.000000,0.000000,0.000000,0.000000,0.000000,0.000000,0.000000,0.000000,0.000000,0.000000,0.000000,0.000000,0.000000,0.000000,0.000000,0.000000,0.000000,0.000000,0.000000,0.000000,0.000000,0.000000,0.000000,0.000000,0.000000,0.000000,0.000000,0.000000,0.000000,0.000000,0.000000,0.000000,0.000000,0.000000,0.000000,0.000000,0.000000,0.000000,0.000000,0.000000,0.000000,0.000000,0.000000,0.000000,0.000000,0.000000,0.000000,0.000000,0.000000,0.000000,0.000000,0.000000,0.000000,0.000000,0.000000,0.000000,0.000000,0.000000,0.000000,0.000000,0.000000,0.000000,0.000000,0.000000,0.000000,0.000000,0.000000,0.000000,0.000000,0.000000,0.000000,0.000000,0.000000,0.000000,0.000000,0.000000,0.000000,0.000000,0.000000
0.005993,-2.645136,-2.345416,0.066065,-2.792803,-2.191323,0.108377,-2.792524,-2.192761,0.136527,-2.791338,-2.193066,-0.057538,-2.783065,-2.206950,-0.095826,-2.779774,-2.206618,-0.136340,-2.774250,-2.208115,0.196868,-2.718387,-1.152490,-0.181213,-2.692312,-1.199721,0.093122,-2.489953,-1.953254,-0.061719,-2.488829,-1.967181,0.526588,-1.898924,-0.511423,-0.471663,-1.872424,-0.564177,0.971613,-1.255034,-1.268453,-0.645252,-1.017708,-0.866702,0.943346,-0.970676,-3.486030,-0.580770,-0.253273,-2.611370,0.980849,-0.771958,-3.996607,-0.589390,0.043621,-3.022374,0.809843,-0.864470,-4.129180,-0.484222,-0.031018,-3.243690,0.756985,-0.937822,-3.604068,-0.458021,-0.133955,-2.747413,0.329513,-0.011614,-0.064781,-0.329513,0.011614,0.064781,0.348881,1.482228,-0.499243,-0.315659,1.491849,-0.483149,0.336910,2.910465,0.345706,-0.329146,2.941647,-0.137326,0.339659,3.125870,0.350316,-0.338695,3.181102,-0.159455,0.239474,3.360393,-1.022832,-0.226747,3.332704,-1.614215,0.431455,0.358592,-0.001724,0.432947,0.354723,-0.007181,0.436733,0.350172,-0.013097,0.441907,0.344179,-0.018496,0.450307,0.339241,-0.023158,0.458892,0.339910,-0.024934,0.467796,0.337806,-0.024410,0.477546,0.341503,-0.021126,0.484097,0.346525,-0.016726,0.489152,0.350389,-0.011576,0.491528,0.353958,-0.006502,0.488288,0.356647,-0.011297,0.483671,0.359121,-0.016637,0.477034,0.362891,-0.020442,0.469030,0.365821,-0.022951,0.460394,0.366737,-0.022831,0.452150,0.367080,-0.021618,0.444558,0.365318,-0.017869,0.438507,0.362586,-0.013480,0.434403,0.360804,-0.007243,0.405554,0.253397,0.021361,0.407353,0.251528,0.018054,0.409613,0.249466,0.015484,0.413401,0.246700,0.012968,0.419314,0.244695,0.010827,0.425165,0.244634,0.010119,0.431316,0.245882,0.010947,0.435662,0.248819,0.012168,0.479689,0.247710,0.009670,0.481771,0.248767,0.009345,0.485517,0.249630,0.007470,0.491413,0.251086,0.006050,0.497682,0.251399,0.005901,0.504083,0.250132,0.007412,0.508280,0.248517,0.009619,0.511138,0.247017,0.011595,0.456768,0.236101,-0.007620,0.456585,0.247024,-0.014042,0.456409,0.257328,-0.021162,0.456220,0.267086,-0.028974,0.000000,0.000000,0.000000,0.000000,0.000000,0.000000,0.000000,0.000000,0.000000,0.000000,0.000000,0.000000,0.000000,0.000000,0.000000,0.000000,0.000000,0.000000,0.000000,0.000000,0.000000,0.000000,0.000000,0.000000,0.000000,0.000000,0.000000,0.000000,0.000000,0.000000,0.000000,0.000000,0.000000,0.000000,0.000000,0.000000,0.000000,0.000000,0.000000,0.000000,0.000000,0.000000,0.000000,0.000000,0.000000,0.000000,0.000000,0.000000,0.000000,0.000000,0.000000,0.000000,0.000000,0.000000,0.000000,0.000000,0.000000,0.000000,0.000000,0.000000,0.000000,0.000000,0.000000,0.000000,0.000000,0.000000,0.000000,0.000000,0.000000,0.000000,0.000000,0.000000,0.000000,0.000000,0.000000,0.000000,0.000000,0.000000,0.000000,0.000000,0.000000,0.000000,0.000000,0.000000,0.000000,0.000000,0.000000,0.000000,0.000000,0.000000,0.000000,0.000000,0.000000,0.000000,0.000000,0.000000,0.000000,0.000000,0.000000,0.000000,0.000000,0.000000,0.000000,0.000000,0.000000,0.000000,0.000000,0.000000,0.000000,0.000000,0.000000,0.000000,0.000000,0.000000,0.000000,0.000000,0.000000,0.000000,0.000000,0.000000,0.000000,0.000000,0.000000,0.000000,0.000000,0.000000
-0.028452,-2.347683,-2.218003,0.024771,-2.489196,-2.030296,0.063203,-2.490459,-2.031114,0.088627,-2.490575,-2.030524,-0.086854,-2.479258,-2.079696,-0.121458,-2.476480,-2.079386,-0.158750,-2.470677,-2.080723,0.142887,-2.430014,-0.951790,-0.197161,-2.402031,-1.158620,0.050059,-2.211462,-1.818544,-0.087055,-2.204591,-1.882091,0.457496,-1.702806,-0.197703,-0.473474,-1.658798,-0.560135,0.910150,-0.929351,-1.429269,-0.616929,-0.836987,-0.451170,0.815539,-1.225596,-3.870362,-0.584628,0.016268,-1.335498,0.690960,-1.350226,-4.368103,-0.590885,0.313877,-1.557747,0.674999,-1.495392,-4.250565,-0.512798,0.259342,-1.809622,0.672493,-1.458386,-3.890376,-0.489998,0.163160,-1.451938,0.304111,-0.007419,0.029289,-0.304111,0.007419,-0.029289,0.282805,1.400148,-0.170068,-0.287522,1.336454,-0.651130,0.251248,2.651217,0.799150,-0.311338,2.625957,-0.025654,0.253238,2.830127,0.814929,-0.345533,2.834254,-0.014875,0.181161,3.043633,-0.474604,-0.189526,2.980828,-1.463385,0.431940,0.360850,0.000362,0.433491,0.357015,-0.005464,0.437383,0.352607,-0.011795,0.442680,0.346766,-0.017571,0.451266,0.341928,-0.022514,0.460124,0.342662,-0.024321,0.469272,0.340382,-0.023862,0.479356,0.343851,-0.020362,0.486222,0.348608,-0.015677,0.491563,0.352208,-0.010186,0.494130,0.355671,-0.004747,0.490810,0.358721,-0.009451,0.486038,0.361614,-0.014866,0.479185,0.365839,-0.018761,0.470918,0.369124,-0.021371,0.461926,0.370187,-0.021216,0.453354,0.370516,-0.019945,0.445502,0.368553,-0.016041,0.439228,0.365478,-0.011514,0.434993,0.363353,-0.005130,0.405460,0.253460,0.020599,0.407242,0.251505,0.017183,0.409487,0.249346,0.014512,0.413313,0.246465,0.011869,0.419386,0.244397,0.009616,0.425432,0.244386,0.008843,0.431695,0.245897,0.009685,0.436119,0.249144,0.010949,0.480850,0.247901,0.008205,0.482971,0.248984,0.007878,0.486820,0.249863,0.006020,0.492888,0.251327,0.004589,0.499312,0.251587,0.004447,0.505865,0.250167,0.005936,0.510172,0.248354,0.008149,0.513115,0.246653,0.010109,0.457358,0.236532,-0.009619,0.457195,0.247912,-0.015792,0.457037,0.258565,-0.022725,0.456851,0.268587,-0.030367,0.000000,0.000000,0.000000,0.000000,0.000000,0.000000,0.000000,0.000000,0.000000,0.000000,0.000000,0.000000,0.000000,0.000000,0.000000,0.000000,0.000000,0.000000,0.000000,0.000000,0.000000,0.000000,0.000000,0.000000,0.000000,0.000000,0.000000,0.000000,0.000000,0.000000,0.000000,0.000000,0.000000,0.000000,0.000000,0.000000,0.000000,0.000000,0.000000,0.000000,0.000000,0.000000,0.000000,0.000000,0.000000,0.000000,0.000000,0.000000,0.000000,0.000000,0.000000,0.000000,0.000000,0.000000,0.000000,0.000000,0.000000,0.000000,0.000000,0.000000,0.000000,0.000000,0.000000,0.823351,0.752251,0.000001,0.807989,0.685036,-0.013319,0.773466,0.623474,-0.025981,0.753539,0.569178,-0.035981,0.755064,0.523709,-0.046824,0.742419,0.665751,-0.045019,0.683504,0.639847,-0.057797,0.648530,0.624707,-0.062596,0.620706,0.610863,-0.065054,0.733047,0.713798,-0.044390,0.662621,0.704493,-0.056552,0.620970,0.696925,-0.058621,0.589771,0.693412,-0.060195,0.731236,0.757430,-0.041477,0.672542,0.739632,-0.053095,0.685776,0.726978,-0.047024,0.706202,0.726930,-0.039913,0.733794,0.790673,-0.039166,0.692557,0.768380,-0.046520,0.704855,0.759268,-0.038992,0.722343,0.760300,-0.030983
-0.014758,-2.175419,-2.104181,0.036601,-2.314897,-1.934123,0.067829,-2.317868,-1.934356,0.094886,-2.319467,-1.933317,-0.070197,-2.303122,-1.994053,-0.103766,-2.300123,-1.993402,-0.135847,-2.293859,-1.994642,0.143301,-2.265358,-0.909929,-0.175385,-2.233207,-1.161304,0.058867,-2.051720,-1.724737,-0.063847,-2.037789,-1.798019,0.425600,-1.604569,-0.150046,-0.432882,-1.559647,-0.660890,0.865554,-0.821277,-1.289478,-0.567231,-0.757882,-0.512290,0.737690,-1.246822,-3.533543,-0.535771,0.077604,-1.267210,0.591207,-1.344101,-3.976237,-0.545832,0.352635,-1.462317,0.577836,-1.479772,-3.802424,-0.478092,0.303271,-1.710960,0.600921,-1.455207,-3.565523,-0.455738,0.213553,-1.379270,0.289903,-0.005761,0.081721,-0.289903,0.005761,-0.081721,0.269681,1.346492,-0.041161,-0.260798,1.291117,-0.571158,0.234107,2.511452,0.935308,-0.282422,2.497841,0.111159,0.234178,2.678490,0.956485,-0.322224,2.694709,0.131477,0.192719,2.872869,-0.251304,-0.135427,2.822232,-1.264738,0.437197,0.361337,0.001151,0.438784,0.357598,-0.004781,0.442665,0.353370,-0.011159,0.447963,0.347758,-0.016960,0.456506,0.343230,-0.021923,0.465336,0.344140,-0.023679,0.474516,0.342012,-0.023215,0.484578,0.345540,-0.019610,0.491424,0.350303,-0.014853,0.496721,0.353888,-0.009281,0.499267,0.357337,-0.003688,0.495922,0.360290,-0.008363,0.491119,0.363071,-0.013731,0.484218,0.367185,-0.017584,0.475929,0.370350,-0.020154,0.466936,0.371284,-0.020003,0.458417,0.371456,-0.018805,0.450627,0.369361,-0.014986,0.444402,0.366134,-0.010540,0.440202,0.363901,-0.004257,0.411229,0.252971,0.019582,0.413026,0.251045,0.016112,0.415276,0.248892,0.013429,0.419127,0.246010,0.010748,0.425262,0.243927,0.008481,0.431382,0.243958,0.007726,0.437697,0.245598,0.008637,0.442163,0.248992,0.009963,0.486992,0.248128,0.007496,0.489083,0.249202,0.007196,0.492941,0.250091,0.005376,0.499050,0.251609,0.003975,0.505536,0.251914,0.003873,0.512160,0.250509,0.005388,0.516540,0.248673,0.007612,0.519539,0.246927,0.009581,0.463529,0.237179,-0.010786,0.463269,0.248693,-0.016770,0.463026,0.259644,-0.023551,0.462750,0.269964,-0.031004,0.000000,0.000000,0.000000,0.000000,0.000000,0.000000,0.000000,0.000000,0.000000,0.000000,0.000000,0.000000,0.000000,0.000000,0.000000,0.000000,0.000000,0.000000,0.000000,0.000000,0.000000,0.000000,0.000000,0.000000,0.000000,0.000000,0.000000,0.000000,0.000000,0.000000,0.000000,0.000000,0.000000,0.000000,0.000000,0.000000,0.000000,0.000000,0.000000,0.000000,0.000000,0.000000,0.000000,0.000000,0.000000,0.000000,0.000000,0.000000,0.000000,0.000000,0.000000,0.000000,0.000000,0.000000,0.000000,0.000000,0.000000,0.000000,0.000000,0.000000,0.000000,0.000000,0.000000,0.814056,0.729089,0.000001,0.798068,0.660068,-0.008243,0.767190,0.594362,-0.021291,0.749626,0.536699,-0.032253,0.756343,0.489299,-0.044646,0.735636,0.634304,-0.048020,0.674047,0.597506,-0.061539,0.640429,0.574881,-0.066286,0.613108,0.557397,-0.068374,0.725848,0.677833,-0.049844,0.652116,0.652698,-0.061235,0.609503,0.639834,-0.061918,0.576044,0.636087,-0.062645,0.722530,0.720508,-0.048368,0.661272,0.698560,-0.057833,0.678361,0.689289,-0.047980,0.699614,0.692828,-0.038538,0.724442,0.756952,-0.047032,0.680568,0.731787,-0.052012,0.694792,0.722278,-0.040956,0.712389,0.724750,-0.030546
-0.010393,-2.261186,-2.230045,0.045939,-2.406175,-2.056447,0.078290,-2.408937,-2.056537,0.110046,-2.410397,-2.055347,-0.067685,-2.395925,-2.115193,-0.103316,-2.393544,-2.114324,-0.136259,-2.388566,-2.115488,0.164707,-2.353987,-0.998933,-0.177396,-2.326378,-1.242918,0.066050,-2.131788,-1.840523,-0.062453,-2.118219,-1.911797,0.445842,-1.670067,-0.235799,-0.446249,-1.632221,-0.686065,0.912877,-0.852238,-1.401795,-0.590594,-0.795449,-0.511383,0.767692,-1.299318,-3.692868,-0.558748,0.076052,-1.295215,0.614862,-1.405083,-4.156508,-0.566309,0.371493,-1.484433,0.596375,-1.541973,-3.967253,-0.499086,0.323026,-1.745630,0.618734,-1.514063,-3.682932,-0.477416,0.228839,-1.410330,0.304529,-0.005896,0.070557,-0.304529,0.005896,-0.070557,0.281108,1.397800,-0.012009,-0.277482,1.338780,-0.479389,0.240776,2.604945,1.084387,-0.301982,2.589643,0.285321,0.241317,2.776645,1.115744,-0.340233,2.792810,0.316705,0.198241,2.983869,-0.132553,-0.150416,2.928401,-1.124268,0.439537,0.362098,0.001839,0.441192,0.358469,-0.004218,0.445177,0.354424,-0.010702,0.450593,0.348990,-0.016585,0.459232,0.344669,-0.021601,0.468105,0.345707,-0.023311,0.477333,0.343639,-0.022832,0.487399,0.347142,-0.019117,0.494283,0.351829,-0.014233,0.499612,0.355326,-0.008531,0.502161,0.358700,-0.002815,0.498779,0.361729,-0.007480,0.493925,0.364608,-0.012899,0.486975,0.368800,-0.016816,0.478626,0.371976,-0.019456,0.469572,0.372851,-0.019348,0.460957,0.372896,-0.018170,0.453109,0.370611,-0.014316,0.446830,0.367186,-0.009844,0.442572,0.364787,-0.003537,0.413756,0.252583,0.018885,0.415567,0.250673,0.015382,0.417845,0.248546,0.012674,0.421760,0.245700,0.009966,0.427981,0.243689,0.007693,0.434154,0.243804,0.006951,0.440493,0.245544,0.007896,0.444967,0.249020,0.009272,0.490158,0.248689,0.007014,0.492237,0.249774,0.006726,0.496097,0.250708,0.004926,0.502217,0.252318,0.003550,0.508724,0.252703,0.003481,0.515393,0.251373,0.005027,0.519812,0.249560,0.007265,0.522841,0.247824,0.009245,0.466706,0.237607,-0.011610,0.466419,0.249282,-0.017497,0.466146,0.260381,-0.024190,0.465846,0.270817,-0.031549,0.000000,0.000000,0.000000,0.000000,0.000000,0.000000,0.000000,0.000000,0.000000,0.000000,0.000000,0.000000,0.000000,0.000000,0.000000,0.000000,0.000000,0.000000,0.000000,0.000000,0.000000,0.000000,0.000000,0.000000,0.000000,0.000000,0.000000,0.000000,0.000000,0.000000,0.000000,0.000000,0.000000,0.000000,0.000000,0.000000,0.000000,0.000000,0.000000,0.000000,0.000000,0.000000,0.000000,0.000000,0.000000,0.000000,0.000000,0.000000,0.000000,0.000000,0.000000,0.000000,0.000000,0.000000,0.000000,0.000000,0.000000,0.000000,0.000000,0.000000,0.000000,0.000000,0.000000,0.811141,0.726280,0.000001,0.795818,0.656985,-0.007684,0.765416,0.592010,-0.020452,0.747041,0.534628,-0.031177,0.751877,0.485992,-0.043378,0.732049,0.628217,-0.047445,0.670336,0.591161,-0.060914,0.636498,0.568807,-0.065870,0.608795,0.550993,-0.068085,0.721919,0.672387,-0.049202,0.649247,0.646026,-0.060437,0.606291,0.632011,-0.061215,0.572304,0.626792,-0.062072,0.718445,0.715694,-0.047587,0.659322,0.692974,-0.056503,0.676503,0.683261,-0.046436,0.697814,0.686318,-0.037010,0.720247,0.752517,-0.046080,0.677501,0.726763,-0.050572,0.692510,0.718176,-0.039179,0.710662,0.721086,-0.028572
-0.008250,-2.259863,-2.331594,0.048150,-2.403550,-2.151913,0.080472,-2.406138,-2.152466,0.112401,-2.407630,-2.151453,-0.065519,-2.393724,-2.209676,-0.101210,-2.391520,-2.209172,-0.134161,-2.386935,-2.210489,0.166711,-2.351511,-1.051411,-0.175626,-2.324821,-1.290846,0.068089,-2.130407,-1.928635,-0.060690,-2.118217,-1.998708,0.447046,-1.671855,-0.253300,-0.444652,-1.629829,-0.703560,0.909099,-0.854850,-1.422455,-0.591663,-0.783742,-0.577744,0.771877,-1.236973,-3.819378,-0.548727,0.090586,-1.428596,0.627776,-1.368261,-4.306919,-0.549462,0.389979,-1.636316,0.605001,-1.503944,-4.162209,-0.480845,0.340162,-1.896028,0.622929,-1.466011,-3.828642,-0.462436,0.244388,-1.545881,0.305881,-0.007565,0.061501,-0.305881,0.007565,-0.061501,0.284739,1.390655,0.004527,-0.276508,1.336034,-0.470377,0.245971,2.591013,1.102844,-0.297502,2.578482,0.308696,0.246756,2.762468,1.131229,-0.334292,2.780650,0.340120,0.205808,2.971024,-0.137870,-0.146096,2.916825,-1.105945,0.437774,0.361548,0.001836,0.439413,0.357814,-0.004219,0.443334,0.353698,-0.010682,0.448637,0.348178,-0.016563,0.457208,0.343766,-0.021603,0.466022,0.344743,-0.023396,0.475181,0.342619,-0.022976,0.485172,0.346103,-0.019397,0.491942,0.350824,-0.014613,0.497212,0.354357,-0.008999,0.499769,0.357833,-0.003361,0.496430,0.360967,-0.007904,0.491649,0.364048,-0.013157,0.484787,0.368429,-0.016944,0.476503,0.371730,-0.019443,0.467467,0.372707,-0.019247,0.458854,0.372717,-0.018023,0.451064,0.370366,-0.014182,0.444901,0.366816,-0.009760,0.440745,0.364283,-0.003524,0.412156,0.252405,0.019438,0.413924,0.250492,0.015939,0.416167,0.248369,0.013218,0.420037,0.245521,0.010510,0.426220,0.243530,0.008188,0.432388,0.243663,0.007388,0.438717,0.245393,0.008262,0.443176,0.248839,0.009600,0.488101,0.248404,0.006845,0.490179,0.249486,0.006539,0.494031,0.250416,0.004720,0.500136,0.251991,0.003300,0.506634,0.252358,0.003175,0.513284,0.250993,0.004668,0.517691,0.249149,0.006863,0.520702,0.247380,0.008810,0.464652,0.237225,-0.011329,0.464344,0.248855,-0.017210,0.464045,0.259784,-0.023902,0.463726,0.270065,-0.031268,0.000000,0.000000,0.000000,0.000000,0.000000,0.000000,0.000000,0.000000,0.000000,0.000000,0.000000,0.000000,0.000000,0.000000,0.000000,0.000000,0.000000,0.000000,0.000000,0.000000,0.000000,0.000000,0.000000,0.000000,0.000000,0.000000,0.000000,0.000000,0.000000,0.000000,0.000000,0.000000,0.000000,0.000000,0.000000,0.000000,0.000000,0.000000,0.000000,0.000000,0.000000,0.000000,0.000000,0.000000,0.000000,0.000000,0.000000,0.000000,0.000000,0.000000,0.000000,0.000000,0.000000,0.000000,0.000000,0.000000,0.000000,0.000000,0.000000,0.000000,0.000000,0.000000,0.000000,0.814253,0.752690,0.000000,0.798281,0.685279,-0.013130,0.766094,0.619625,-0.029815,0.745005,0.564046,-0.042735,0.740742,0.516942,-0.057088,0.746072,0.658500,-0.065461,0.679481,0.624792,-0.084904,0.642116,0.605513,-0.092631,0.611459,0.590687,-0.096338,0.737778,0.707393,-0.065986,0.660274,0.680107,-0.082697,0.617080,0.664348,-0.083801,0.583604,0.657852,-0.085119,0.732742,0.751272,-0.063179,0.666385,0.721274,-0.075940,0.679561,0.708917,-0.065555,0.700474,0.710878,-0.056127,0.730430,0.786373,-0.060793,0.678322,0.755115,-0.068707,0.691091,0.746229,-0.058514,0.710845,0.749735,-0.048995
-0.002729,-2.544839,-2.390857,0.059193,-2.688513,-2.272438,0.094295,-2.688693,-2.274031,0.128576,-2.688743,-2.274789,-0.063413,-2.679548,-2.292401,-0.102801,-2.676806,-2.292099,-0.138405,-2.673704,-2.293839,0.189164,-2.624022,-1.267118,-0.184843,-2.604968,-1.382485,0.080617,-2.396487,-2.029461,-0.064594,-2.396120,-2.047656,0.501035,-1.847438,-0.564722,-0.474352,-1.807989,-0.781633,0.900482,-1.203858,-0.771300,-0.636261,-0.979858,-0.703657,0.907001,-0.743514,-2.271981,-0.568548,-0.165673,-1.887007,0.915723,-0.378909,-2.656058,-0.556975,0.115612,-2.254157,0.832177,-0.436923,-2.812412,-0.465886,0.052852,-2.509354,0.782831,-0.505931,-2.386355,-0.450371,-0.048022,-2.016268,0.319693,-0.012338,-0.065094,-0.319693,0.012338,0.065094,0.327809,1.413571,-0.374163,-0.303873,1.444755,-0.470952,0.306095,2.780717,0.616530,-0.331634,2.824216,0.019861,0.308829,2.992062,0.637127,-0.339780,3.056044,0.021548,0.202798,3.219244,-0.692704,-0.241802,3.205475,-1.443103,0.437569,0.359617,0.000402,0.439218,0.355655,-0.005541,0.443161,0.351254,-0.011864,0.448510,0.345451,-0.017634,0.457172,0.340803,-0.022590,0.466033,0.341777,-0.024383,0.475247,0.339749,-0.023870,0.485249,0.343553,-0.020313,0.491933,0.348639,-0.015562,0.497120,0.352532,-0.010022,0.499613,0.356264,-0.004471,0.496308,0.359211,-0.009152,0.491592,0.362091,-0.014445,0.484743,0.366269,-0.018233,0.476420,0.369439,-0.020717,0.467331,0.370352,-0.020562,0.458637,0.370343,-0.019380,0.450792,0.368029,-0.015625,0.444623,0.364598,-0.011246,0.440495,0.362212,-0.005035,0.412154,0.250792,0.020189,0.413974,0.248950,0.016712,0.416280,0.246912,0.014018,0.420189,0.244174,0.011345,0.426363,0.242249,0.009072,0.432499,0.242329,0.008319,0.438857,0.243852,0.009217,0.443309,0.247062,0.010546,0.488609,0.246809,0.008008,0.490705,0.247906,0.007694,0.494556,0.248871,0.005829,0.500644,0.250519,0.004418,0.507140,0.250981,0.004306,0.513786,0.249758,0.005837,0.518171,0.248075,0.008072,0.521169,0.246455,0.010065,0.465115,0.235077,-0.010150,0.464792,0.246396,-0.016290,0.464470,0.256982,-0.023238,0.464135,0.266975,-0.030878,0.000000,0.000000,0.000000,0.000000,0.000000,0.000000,0.000000,0.000000,0.000000,0.000000,0.000000,0.000000,0.000000,0.000000,0.000000,0.000000,0.000000,0.000000,0.000000,0.000000,0.000000,0.000000,0.000000,0.000000,0.000000,0.000000,0.000000,0.000000,0.000000,0.000000,0.000000,0.000000,0.000000,0.000000,0.000000,0.000000,0.000000,0.000000,0.000000,0.000000,0.000000,0.000000,0.000000,0.000000,0.000000,0.000000,0.000000,0.000000,0.000000,0.000000,0.000000,0.000000,0.000000,0.000000,0.000000,0.000000,0.000000,0.000000,0.000000,0.000000,0.000000,0.000000,0.000000,0.000000,0.000000,0.000000,0.000000,0.000000,0.000000,0.000000,0.000000,0.000000,0.000000,0.000000,0.000000,0.000000,0.000000,0.000000,0.000000,0.000000,0.000000,0.000000,0.000000,0.000000,0.000000,0.000000,0.000000,0.000000,0.000000,0.000000,0.000000,0.000000,0.000000,0.000000,0.000000,0.000000,0.000000,0.000000,0.000000,0.000000,0.000000,0.000000,0.000000,0.000000,0.000000,0.000000,0.000000,0.000000,0.000000,0.000000,0.000000,0.000000,0.000000,0.000000,0.000000,0.000000,0.000000,0.000000,0.000000,0.000000,0.000000,0.000000,0.000000,0.000000,0.000000,0.000000
-0.005073,-2.575177,-2.495892,0.056083,-2.713543,-2.336803,0.090895,-2.711413,-2.337835,0.125218,-2.710170,-2.337962,-0.065274,-2.706683,-2.374228,-0.105085,-2.703038,-2.374043,-0.140992,-2.701286,-2.375748,0.184803,-2.643193,-1.281660,-0.188508,-2.631371,-1.427589,0.077066,-2.421556,-2.097240,-0.069733,-2.424511,-2.135013,0.496623,-1.858958,-0.556904,-0.480116,-1.822603,-0.768104,0.904294,-1.200123,-0.827773,-0.639007,-0.985270,-0.696408,0.894336,-0.766825,-2.478879,-0.586587,-0.185731,-1.960587,0.906514,-0.410573,-2.892548,-0.581678,0.090991,-2.330392,0.796093,-0.481119,-3.038923,-0.498489,0.018520,-2.576801,0.755456,-0.544175,-2.596286,-0.478009,-0.079589,-2.095505,0.319754,-0.015869,-0.064437,-0.319754,0.015869,0.064437,0.323054,1.434025,-0.475006,-0.300552,1.433221,-0.672093,0.313226,2.791211,0.456775,-0.318513,2.816325,-0.168919,0.317304,2.999601,0.466059,-0.325358,3.050989,-0.174170,0.220210,3.215939,-0.904525,-0.235394,3.184963,-1.667953,0.437265,0.360344,0.001716,0.438769,0.356431,-0.004288,0.442546,0.352029,-0.010710,0.447770,0.346241,-0.016613,0.456573,0.341479,-0.021760,0.465623,0.342347,-0.023632,0.475047,0.340023,-0.023281,0.485317,0.343469,-0.019797,0.492008,0.348325,-0.015034,0.497130,0.352050,-0.009513,0.499554,0.355708,-0.003982,0.496248,0.358880,-0.008487,0.491534,0.362128,-0.013691,0.484689,0.366687,-0.017399,0.476305,0.370154,-0.019700,0.467101,0.371281,-0.019427,0.458259,0.371349,-0.018140,0.450341,0.369038,-0.014355,0.444199,0.365479,-0.009914,0.440158,0.362990,-0.003705,0.411696,0.252472,0.019905,0.413591,0.251340,0.016297,0.416025,0.249883,0.013555,0.419996,0.247816,0.010851,0.425975,0.246137,0.008469,0.431823,0.245785,0.007602,0.437986,0.245992,0.008562,0.442209,0.247733,0.009995,0.488325,0.245518,0.006886,0.490296,0.246298,0.006592,0.493911,0.247138,0.004693,0.499766,0.248657,0.003236,0.506069,0.249062,0.003077,0.512738,0.247985,0.004513,0.517227,0.246567,0.006603,0.520409,0.245259,0.008553,0.464120,0.234924,-0.010922,0.463825,0.246717,-0.016893,0.463527,0.257629,-0.023721,0.463222,0.267925,-0.031178,0.000000,0.000000,0.000000,0.000000,0.000000,0.000000,0.000000,0.000000,0.000000,0.000000,0.000000,0.000000,0.000000,0.000000,0.000000,0.000000,0.000000,0.000000,0.000000,0.000000,0.000000,0.000000,0.000000,0.000000,0.000000,0.000000,0.000000,0.000000,0.000000,0.000000,0.000000,0.000000,0.000000,0.000000,0.000000,0.000000,0.000000,0.000000,0.000000,0.000000,0.000000,0.000000,0.000000,0.000000,0.000000,0.000000,0.000000,0.000000,0.000000,0.000000,0.000000,0.000000,0.000000,0.000000,0.000000,0.000000,0.000000,0.000000,0.000000,0.000000,0.000000,0.000000,0.000000,0.000000,0.000000,0.000000,0.000000,0.000000,0.000000,0.000000,0.000000,0.000000,0.000000,0.000000,0.000000,0.000000,0.000000,0.000000,0.000000,0.000000,0.000000,0.000000,0.000000,0.000000,0.000000,0.000000,0.000000,0.000000,0.000000,0.000000,0.000000,0.000000,0.000000,0.000000,0.000000,0.000000,0.000000,0.000000,0.000000,0.000000,0.000000,0.000000,0.000000,0.000000,0.000000,0.000000,0.000000,0.000000,0.000000,0.000000,0.000000,0.000000,0.000000,0.000000,0.000000,0.000000,0.000000,0.000000,0.000000,0.000000,0.000000,0.000000,0.000000,0.000000,0.000000,0.000000
-0.003434,-2.622129,-2.398292,0.058962,-2.762874,-2.247519,0.094714,-2.760223,-2.248935,0.129586,-2.758429,-2.249472,-0.064633,-2.756220,-2.270458,-0.105179,-2.752480,-2.270184,-0.141962,-2.751152,-2.271721,0.190479,-2.688427,-1.226816,-0.190583,-2.679992,-1.305356,0.080427,-2.464813,-2.008483,-0.070563,-2.468078,-2.030809,0.508258,-1.891308,-0.568268,-0.488180,-1.855335,-0.638868,0.948791,-1.243513,-0.963405,-0.650191,-0.996113,-0.602747,0.895050,-0.892588,-2.777755,-0.605439,-0.200798,-2.038666,0.868703,-0.575682,-3.238257,-0.607198,0.083018,-2.438692,0.714729,-0.704985,-3.346746,-0.520025,0.004390,-2.668552,0.703673,-0.833357,-2.874930,-0.495402,-0.096361,-2.171407,0.324869,-0.014376,-0.082651,-0.324869,0.014376,0.082651,0.328265,1.463922,-0.434819,-0.308756,1.467309,-0.505285,0.312623,2.848510,0.528781,-0.324572,2.874722,-0.007602,0.316376,3.059124,0.547126,-0.332743,3.109668,-0.012168,0.219522,3.285431,-0.799405,-0.236098,3.257262,-1.478122,0.436725,0.359463,0.001244,0.438297,0.355550,-0.004742,0.442113,0.351191,-0.011153,0.447344,0.345451,-0.017009,0.455892,0.340844,-0.022058,0.464699,0.341818,-0.023952,0.473907,0.339761,-0.023565,0.483969,0.343482,-0.020100,0.490732,0.348445,-0.015442,0.495987,0.352230,-0.009949,0.498524,0.355886,-0.004398,0.495200,0.358980,-0.008939,0.490430,0.362010,-0.014124,0.483544,0.366351,-0.017834,0.475212,0.369595,-0.020222,0.466135,0.370517,-0.019938,0.457516,0.370510,-0.018656,0.449744,0.368165,-0.014842,0.443660,0.364652,-0.010422,0.439614,0.362166,-0.004182,0.410960,0.249447,0.020373,0.412747,0.247529,0.016851,0.415002,0.245394,0.014120,0.418894,0.242538,0.011407,0.425097,0.240543,0.009040,0.431282,0.240686,0.008195,0.437638,0.242424,0.009020,0.442103,0.245896,0.010341,0.487290,0.245664,0.007239,0.489390,0.246789,0.006912,0.493270,0.247772,0.005039,0.499429,0.249417,0.003576,0.505970,0.249842,0.003387,0.512667,0.248532,0.004865,0.517108,0.246722,0.007055,0.520162,0.244977,0.009011,0.463609,0.233928,-0.010634,0.463237,0.245701,-0.016656,0.462878,0.256672,-0.023506,0.462507,0.266999,-0.031015,0.000000,0.000000,0.000000,0.000000,0.000000,0.000000,0.000000,0.000000,0.000000,0.000000,0.000000,0.000000,0.000000,0.000000,0.000000,0.000000,0.000000,0.000000,0.000000,0.000000,0.000000,0.000000,0.000000,0.000000,0.000000,0.000000,0.000000,0.000000,0.000000,0.000000,0.000000,0.000000,0.000000,0.000000,0.000000,0.000000,0.000000,0.000000,0.000000,0.000000,0.000000,0.000000,0.000000,0.000000,0.000000,0.000000,0.000000,0.000000,0.000000,0.000000,0.000000,0.000000,0.000000,0.000000,0.000000,0.000000,0.000000,0.000000,0.000000,0.000000,0.000000,0.000000,0.000000,0.000000,0.000000,0.000000,0.000000,0.000000,0.000000,0.000000,0.000000,0.000000,0.000000,0.000000,0.000000,0.000000,0.000000,0.000000,0.000000,0.000000,0.000000,0.000000,0.000000,0.000000,0.000000,0.000000,0.000000,0.000000,0.000000,0.000000,0.000000,0.000000,0.000000,0.000000,0.000000,0.000000,0.000000,0.000000,0.000000,0.000000,0.000000,0.000000,0.000000,0.000000,0.000000,0.000000,0.000000,0.000000,0.000000,0.000000,0.000000,0.000000,0.000000,0.000000,0.000000,0.000000,0.000000,0.000000,0.000000,0.000000,0.000000,0.000000,0.000000,0.000000,0.000000,0.000000
-0.009788,-2.481350,-2.521922,0.050692,-2.619184,-2.324534,0.086127,-2.617645,-2.325025,0.120646,-2.616967,-2.323871,-0.070048,-2.611738,-2.369372,-0.109126,-2.608037,-2.368549,-0.144480,-2.606675,-2.369612,0.179662,-2.549929,-1.156927,-0.191048,-2.537589,-1.343375,0.072554,-2.329679,-2.100218,-0.073680,-2.330649,-2.151983,0.489844,-1.802662,-0.389379,-0.480968,-1.748077,-0.621553,0.991152,-0.979907,-1.718291,-0.642542,-0.872517,-0.466689,0.828681,-1.370123,-4.193887,-0.619698,0.015706,-1.406246,0.712072,-1.483510,-4.709111,-0.634770,0.326122,-1.630679,0.667742,-1.623134,-4.559318,-0.562305,0.271878,-1.907940,0.657187,-1.590048,-4.201670,-0.533958,0.174072,-1.536087,0.324699,-0.004593,-0.066177,-0.324699,0.004593,0.066177,0.294021,1.468668,-0.204665,-0.316166,1.423361,-0.526322,0.253677,2.771946,0.926396,-0.334679,2.761986,0.271347,0.255877,2.965164,0.954290,-0.352751,2.972087,0.290958,0.171296,3.199019,-0.429601,-0.229565,3.150273,-1.285452,0.436133,0.358560,0.001177,0.437623,0.354607,-0.004802,0.441333,0.350170,-0.011215,0.446456,0.344347,-0.017079,0.454917,0.339627,-0.022165,0.463707,0.340495,-0.024113,0.472902,0.338355,-0.023782,0.483025,0.342010,-0.020404,0.489868,0.346961,-0.015821,0.495215,0.350752,-0.010410,0.497835,0.354419,-0.004923,0.494524,0.357503,-0.009452,0.489746,0.360524,-0.014614,0.482855,0.364843,-0.018303,0.474529,0.368089,-0.020651,0.465484,0.369069,-0.020317,0.456908,0.369162,-0.018974,0.449169,0.366942,-0.015073,0.443098,0.363548,-0.010593,0.439046,0.361167,-0.004316,0.409568,0.248626,0.021031,0.411310,0.246653,0.017513,0.413515,0.244462,0.014788,0.417352,0.241527,0.012056,0.423541,0.239469,0.009663,0.429748,0.239586,0.008793,0.436130,0.241344,0.009578,0.440637,0.244846,0.010851,0.485725,0.244237,0.007367,0.487840,0.245335,0.007021,0.491739,0.246229,0.005117,0.497915,0.247760,0.003613,0.504450,0.248107,0.003374,0.511132,0.246749,0.004817,0.515566,0.244923,0.006981,0.518613,0.243175,0.008927,0.461914,0.232908,-0.010343,0.461587,0.244628,-0.016445,0.461264,0.255597,-0.023338,0.460916,0.265944,-0.030897,0.000000,0.000000,0.000000,0.000000,0.000000,0.000000,0.000000,0.000000,0.000000,0.000000,0.000000,0.000000,0.000000,0.000000,0.000000,0.000000,0.000000,0.000000,0.000000,0.000000,0.000000,0.000000,0.000000,0.000000,0.000000,0.000000,0.000000,0.000000,0.000000,0.000000,0.000000,0.000000,0.000000,0.000000,0.000000,0.000000,0.000000,0.000000,0.000000,0.000000,0.000000,0.000000,0.000000,0.000000,0.000000,0.000000,0.000000,0.000000,0.000000,0.000000,0.000000,0.000000,0.000000,0.000000,0.000000,0.000000,0.000000,0.000000,0.000000,0.000000,0.000000,0.000000,0.000000,0.823879,0.723855,0.000000,0.805330,0.657979,-0.012770,0.769543,0.598788,-0.027601,0.748176,0.546581,-0.039924,0.744979,0.500980,-0.053658,0.744226,0.640458,-0.054138,0.678623,0.627996,-0.069833,0.640517,0.620181,-0.074586,0.610120,0.613647,-0.076372,0.738412,0.688755,-0.055729,0.661448,0.680687,-0.070605,0.616644,0.672421,-0.071618,0.583391,0.670465,-0.072364,0.737107,0.733797,-0.054852,0.665773,0.717432,-0.068782,0.673656,0.700718,-0.062337,0.693884,0.699206,-0.054569,0.738129,0.770759,-0.054337,0.678174,0.754178,-0.063214,0.682617,0.737280,-0.055862,0.699571,0.732356,-0.047954
-0.006194,-2.389499,-2.484010,0.053991,-2.526484,-2.295005,0.087871,-2.526009,-2.295449,0.122020,-2.526682,-2.294366,-0.064092,-2.518574,-2.349556,-0.103102,-2.515159,-2.348853,-0.137372,-2.513697,-2.350057,0.176292,-2.465138,-1.178403,-0.182512,-2.448627,-1.392496,0.072503,-2.246920,-2.070178,-0.067236,-2.244238,-2.135131,0.474312,-1.745232,-0.393500,-0.464860,-1.706010,-0.734698,0.972671,-0.906872,-1.666365,-0.628139,-0.819945,-0.473840,0.797228,-1.392119,-4.045361,-0.601103,0.090900,-1.296750,0.620729,-1.484778,-4.541315,-0.612780,0.397727,-1.499264,0.611355,-1.639236,-4.344937,-0.544995,0.346807,-1.778895,0.633788,-1.617645,-4.034145,-0.521470,0.248594,-1.423626,0.320981,-0.006372,0.002669,-0.320981,0.006372,-0.002669,0.289720,1.470328,0.004991,-0.295151,1.409764,-0.420307,0.253321,2.730491,1.211923,-0.304240,2.715424,0.433887,0.255179,2.910337,1.249113,-0.331197,2.925875,0.471267,0.204835,3.138307,-0.094611,-0.153888,3.084944,-1.036888,0.437404,0.359119,0.001813,0.438888,0.355220,-0.004247,0.442614,0.350862,-0.010752,0.447771,0.345148,-0.016683,0.456253,0.340532,-0.021822,0.465060,0.341409,-0.023787,0.474306,0.339331,-0.023500,0.484462,0.342924,-0.020106,0.491375,0.347778,-0.015495,0.496751,0.351475,-0.010022,0.499341,0.355086,-0.004472,0.496000,0.358283,-0.008925,0.491181,0.361442,-0.014051,0.484230,0.365897,-0.017703,0.475840,0.369217,-0.019983,0.466742,0.370198,-0.019601,0.458133,0.370215,-0.018252,0.450390,0.367884,-0.014385,0.444331,0.364349,-0.009922,0.440301,0.361836,-0.003650,0.411084,0.249306,0.020752,0.412855,0.247357,0.017178,0.415099,0.245206,0.014404,0.418983,0.242332,0.011628,0.425209,0.240318,0.009188,0.431439,0.240459,0.008272,0.437839,0.242219,0.009062,0.442344,0.245712,0.010366,0.487545,0.245259,0.006788,0.489672,0.246389,0.006441,0.493607,0.247353,0.004541,0.499836,0.248965,0.003034,0.506441,0.249358,0.002782,0.513182,0.247998,0.004231,0.517654,0.246134,0.006408,0.520731,0.244346,0.008347,0.463692,0.233681,-0.010965,0.463281,0.245591,-0.016961,0.462880,0.256672,-0.023775,0.462463,0.267069,-0.031241,0.000000,0.000000,0.000000,0.000000,0.000000,0.000000,0.000000,0.000000,0.000000,0.000000,0.000000,0.000000,0.000000,0.000000,0.000000,0.000000,0.000000,0.000000,0.000000,0.000000,0.000000,0.000000,0.000000,0.000000,0.000000,0.000000,0.000000,0.000000,0.000000,0.000000,0.000000,0.000000,0.000000,0.000000,0.000000,0.000000,0.000000,0.000000,0.000000,0.000000,0.000000,0.000000,0.000000,0.000000,0.000000,0.000000,0.000000,0.000000,0.000000,0.000000,0.000000,0.000000,0.000000,0.000000,0.000000,0.000000,0.000000,0.000000,0.000000,0.000000,0.000000,0.000000,0.000000,0.805129,0.704398,0.000001,0.787499,0.632843,-0.009995,0.755474,0.571075,-0.023972,0.737905,0.513897,-0.035260,0.742239,0.468906,-0.047949,0.718141,0.612875,-0.050853,0.652686,0.584690,-0.065215,0.615546,0.568224,-0.071276,0.585159,0.555937,-0.074266,0.709380,0.660192,-0.051604,0.631691,0.643795,-0.063007,0.587011,0.636422,-0.063542,0.552696,0.636668,-0.064367,0.706881,0.705265,-0.049190,0.642713,0.685383,-0.057982,0.655801,0.670033,-0.048850,0.676438,0.669593,-0.040065,0.708891,0.743254,-0.047089,0.654892,0.720679,-0.051216,0.664786,0.705442,-0.040027,0.682346,0.702619,-0.029655
-0.009923,-2.253815,-2.251202,0.046745,-2.386143,-2.070287,0.078063,-2.386399,-2.070644,0.110369,-2.387693,-2.069570,-0.064908,-2.377892,-2.135472,-0.102411,-2.374803,-2.134953,-0.134851,-2.373430,-2.136148,0.160836,-2.330571,-1.002810,-0.178741,-2.312988,-1.274405,0.063522,-2.121456,-1.857386,-0.067003,-2.115656,-1.936521,0.447710,-1.650823,-0.262235,-0.445349,-1.612527,-0.710543,0.921011,-0.862638,-1.508736,-0.594323,-0.773002,-0.511151,0.741404,-1.322775,-3.794490,-0.551328,0.078296,-1.264479,0.571856,-1.408194,-4.259105,-0.558264,0.366363,-1.453689,0.560508,-1.552818,-4.084197,-0.498154,0.318211,-1.713635,0.585508,-1.532613,-3.789598,-0.477573,0.225179,-1.380054,0.303732,-0.007348,0.051025,-0.303732,0.007348,-0.051025,0.279175,1.379878,0.015230,-0.271737,1.324812,-0.501982,0.249462,2.564806,1.077596,-0.278112,2.555043,0.234973,0.251417,2.733192,1.104921,-0.307784,2.754175,0.260043,0.209374,2.946460,-0.138743,-0.132160,2.896905,-1.162751,0.436191,0.358845,0.002058,0.437771,0.354960,-0.004088,0.441610,0.350628,-0.010692,0.446852,0.344929,-0.016721,0.455461,0.340338,-0.021926,0.464350,0.341291,-0.023880,0.473657,0.339170,-0.023570,0.483881,0.342761,-0.020081,0.490817,0.347613,-0.015339,0.496252,0.351290,-0.009745,0.498890,0.354894,-0.004123,0.495486,0.358093,-0.008607,0.490585,0.361277,-0.013836,0.483547,0.365760,-0.017577,0.475073,0.369101,-0.019993,0.465863,0.370088,-0.019672,0.457115,0.370062,-0.018321,0.449281,0.367667,-0.014346,0.443170,0.364086,-0.009791,0.439101,0.361562,-0.003442,0.410634,0.248772,0.020603,0.412394,0.246902,0.017035,0.414644,0.244820,0.014268,0.418539,0.242025,0.011484,0.424751,0.240054,0.009063,0.430949,0.240157,0.008170,0.437293,0.241773,0.009005,0.441729,0.245089,0.010316,0.487043,0.244697,0.006815,0.489143,0.245779,0.006471,0.493031,0.246706,0.004579,0.499189,0.248295,0.003081,0.505738,0.248711,0.002847,0.512459,0.247452,0.004295,0.516936,0.245704,0.006442,0.520037,0.244020,0.008382,0.463142,0.233298,-0.011121,0.462701,0.244990,-0.017147,0.462282,0.255949,-0.023972,0.461863,0.266240,-0.031474,0.000000,0.000000,0.000000,0.000000,0.000000,0.000000,0.000000,0.000000,0.000000,0.000000,0.000000,0.000000,0.000000,0.000000,0.000000,0.000000,0.000000,0.000000,0.000000,0.000000,0.000000,0.000000,0.000000,0.000000,0.000000,0.000000,0.000000,0.000000,0.000000,0.000000,0.000000,0.000000,0.000000,0.000000,0.000000,0.000000,0.000000,0.000000,0.000000,0.000000,0.000000,0.000000,0.000000,0.000000,0.000000,0.000000,0.000000,0.000000,0.000000,0.000000,0.000000,0.000000,0.000000,0.000000,0.000000,0.000000,0.000000,0.000000,0.000000,0.000000,0.000000,0.000000,0.000000,0.805015,0.704834,0.000000,0.785011,0.630766,-0.006542,0.752982,0.568639,-0.019227,0.735507,0.511072,-0.029176,0.738951,0.465900,-0.040468,0.714164,0.611213,-0.051470,0.648206,0.583517,-0.065496,0.610877,0.566976,-0.071386,0.580505,0.554794,-0.074407,0.705988,0.658704,-0.052691,0.626865,0.642373,-0.064265,0.582761,0.634769,-0.064340,0.549565,0.635156,-0.064947,0.704130,0.703817,-0.049960,0.639251,0.684701,-0.056680,0.652259,0.668534,-0.045267,0.672814,0.666795,-0.035471,0.706894,0.741769,-0.047285,0.651997,0.721622,-0.049444,0.661707,0.705943,-0.036806,0.678847,0.701649,-0.025637
-0.012412,-2.173084,-2.240640,0.042531,-2.303334,-2.065415,0.072314,-2.304345,-2.065922,0.103596,-2.306002,-2.065003,-0.065513,-2.295712,-2.128127,-0.102054,-2.293126,-2.127852,-0.133201,-2.292006,-2.129045,0.151708,-2.252131,-1.015242,-0.176365,-2.234765,-1.281074,0.057642,-2.047561,-1.850669,-0.067906,-2.040457,-1.925717,0.428739,-1.603142,-0.227349,-0.433768,-1.552666,-0.730851,0.887954,-0.834650,-1.419060,-0.568060,-0.726380,-0.544755,0.705840,-1.269960,-3.681809,-0.524885,0.101276,-1.259064,0.538144,-1.346080,-4.142548,-0.535609,0.378665,-1.447042,0.522201,-1.478021,-3.977831,-0.473451,0.332398,-1.700934,0.547283,-1.459696,-3.679332,-0.450692,0.241204,-1.369811,0.290365,-0.010796,0.086123,-0.290365,0.010796,-0.086123,0.267547,1.323657,-0.074813,-0.256579,1.279570,-0.597449,0.235736,2.479404,0.884307,-0.272631,2.484195,0.051745,0.235620,2.648277,0.903534,-0.307727,2.684064,0.068620,0.203551,2.839006,-0.298363,-0.120983,2.807455,-1.309339,0.435836,0.359160,0.001767,0.437369,0.355313,-0.004283,0.441146,0.350997,-0.010792,0.446308,0.345312,-0.016731,0.454757,0.340728,-0.021879,0.463533,0.341664,-0.023840,0.472750,0.339556,-0.023544,0.482888,0.343168,-0.020123,0.489793,0.348006,-0.015494,0.495207,0.351665,-0.010009,0.497840,0.355228,-0.004464,0.494466,0.358331,-0.008955,0.489602,0.361402,-0.014130,0.482616,0.365795,-0.017805,0.474217,0.369087,-0.020120,0.465117,0.370047,-0.019774,0.456516,0.370056,-0.018429,0.448781,0.367717,-0.014542,0.442731,0.364227,-0.010048,0.438712,0.361797,-0.003736,0.409928,0.248735,0.020759,0.411670,0.246777,0.017210,0.413894,0.244614,0.014452,0.417753,0.241722,0.011692,0.423962,0.239694,0.009270,0.430173,0.239820,0.008368,0.436532,0.241569,0.009154,0.440986,0.245059,0.010448,0.486113,0.244712,0.006874,0.488225,0.245837,0.006525,0.492132,0.246797,0.004633,0.498310,0.248420,0.003129,0.504877,0.248834,0.002886,0.511603,0.247522,0.004326,0.516075,0.245696,0.006483,0.519156,0.243927,0.008418,0.462200,0.233115,-0.010855,0.461772,0.244959,-0.016878,0.461354,0.255992,-0.023700,0.460935,0.266351,-0.031191,0.000000,0.000000,0.000000,0.000000,0.000000,0.000000,0.000000,0.000000,0.000000,0.000000,0.000000,0.000000,0.000000,0.000000,0.000000,0.000000,0.000000,0.000000,0.000000,0.000000,0.000000,0.000000,0.000000,0.000000,0.000000,0.000000,0.000000,0.000000,0.000000,0.000000,0.000000,0.000000,0.000000,0.000000,0.000000,0.000000,0.000000,0.000000,0.000000,0.000000,0.000000,0.000000,0.000000,0.000000,0.000000,0.000000,0.000000,0.000000,0.000000,0.000000,0.000000,0.000000,0.000000,0.000000,0.000000,0.000000,0.000000,0.000000,0.000000,0.000000,0.000000,0.000000,0.000000,0.801917,0.730070,0.000001,0.777901,0.654624,-0.002996,0.749222,0.594739,-0.019122,0.735940,0.539144,-0.031067,0.736823,0.489999,-0.044045,0.707026,0.638603,-0.069069,0.647634,0.613033,-0.084284,0.610820,0.597040,-0.091499,0.581202,0.586842,-0.096228,0.702167,0.687529,-0.067431,0.628636,0.671950,-0.081416,0.586009,0.662757,-0.078944,0.552992,0.661251,-0.079271,0.700974,0.733787,-0.059278,0.641801,0.710312,-0.056774,0.654685,0.696635,-0.033924,0.674519,0.696368,-0.020044,0.701491,0.768686,-0.051338,0.652911,0.746114,-0.044838,0.664042,0.734973,-0.026795,0.681707,0.733750,-0.013998
0.000749,-2.568351,-2.321480,0.064610,-2.711438,-2.170695,0.100475,-2.710145,-2.171867,0.135075,-2.710621,-2.172076,-0.058222,-2.704764,-2.196977,-0.099314,-2.701779,-2.196538,-0.135313,-2.700985,-2.198013,0.195177,-2.643742,-1.185925,-0.183762,-2.632317,-1.250537,0.084138,-2.415296,-1.945174,-0.065377,-2.415671,-1.969404,0.511623,-1.858080,-0.576022,-0.485052,-1.809042,-0.641024,0.950863,-1.210492,-1.039058,-0.641602,-0.923436,-0.740821,0.900572,-0.866080,-2.757401,-0.578453,-0.091164,-2.192983,0.904471,-0.500657,-3.190629,-0.572261,0.202534,-2.576631,0.760082,-0.567361,-3.325354,-0.473737,0.134355,-2.802344,0.708901,-0.786421,-2.867331,-0.453721,0.026366,-2.320500,0.324965,-0.014164,-0.079361,-0.324965,0.014164,0.079361,0.326767,1.476564,-0.345747,-0.318509,1.480655,-0.380286,0.308670,2.842459,0.643062,-0.336461,2.870638,0.178787,0.312602,3.050288,0.654579,-0.345306,3.098836,0.182561,0.209973,3.281799,-0.651625,-0.253931,3.268012,-1.269901,0.436109,0.359339,0.002731,0.437602,0.355513,-0.003470,0.441298,0.351256,-0.010129,0.446405,0.345639,-0.016215,0.454882,0.341112,-0.021518,0.463719,0.342087,-0.023572,0.473014,0.339963,-0.023368,0.483262,0.343546,-0.019999,0.490209,0.348371,-0.015359,0.495651,0.352008,-0.009836,0.498296,0.355586,-0.004213,0.494900,0.358792,-0.008577,0.490012,0.361981,-0.013639,0.482993,0.366504,-0.017237,0.474542,0.369860,-0.019433,0.465390,0.370830,-0.018987,0.456747,0.370791,-0.017569,0.449004,0.368346,-0.013606,0.442982,0.364682,-0.009088,0.438987,0.362097,-0.002769,0.410021,0.248531,0.020873,0.411778,0.246723,0.017234,0.414027,0.244672,0.014435,0.417924,0.241906,0.011602,0.424137,0.239924,0.009082,0.430355,0.240001,0.008100,0.436718,0.241558,0.008884,0.441156,0.244825,0.010194,0.486719,0.244183,0.006115,0.488806,0.245220,0.005755,0.492687,0.246131,0.003845,0.498862,0.247703,0.002295,0.505443,0.248099,0.002007,0.512231,0.246788,0.003394,0.516775,0.244982,0.005508,0.519932,0.243243,0.007429,0.462440,0.233033,-0.011622,0.461987,0.245050,-0.017545,0.461542,0.256300,-0.024292,0.461097,0.266871,-0.031690,0.000000,0.000000,0.000000,0.000000,0.000000,0.000000,0.000000,0.000000,0.000000,0.000000,0.000000,0.000000,0.000000,0.000000,0.000000,0.000000,0.000000,0.000000,0.000000,0.000000,0.000000,0.000000,0.000000,0.000000,0.000000,0.000000,0.000000,0.000000,0.000000,0.000000,0.000000,0.000000,0.000000,0.000000,0.000000,0.000000,0.000000,0.000000,0.000000,0.000000,0.000000,0.000000,0.000000,0.000000,0.000000,0.000000,0.000000,0.000000,0.000000,0.000000,0.000000,0.000000,0.000000,0.000000,0.000000,0.000000,0.000000,0.000000,0.000000,0.000000,0.000000,0.000000,0.000000,0.000000,0.000000,0.000000,0.000000,0.000000,0.000000,0.000000,0.000000,0.000000,0.000000,0.000000,0.000000,0.000000,0.000000,0.000000,0.000000,0.000000,0.000000,0.000000,0.000000,0.000000,0.000000,0.000000,0.000000,0.000000,0.000000,0.000000,0.000000,0.000000,0.000000,0.000000,0.000000,0.000000,0.000000,0.000000,0.000000,0.000000,0.000000,0.000000,0.000000,0.000000,0.000000,0.000000,0.000000,0.000000,0.000000,0.000000,0.000000,0.000000,0.000000,0.000000,0.000000,0.000000,0.000000,0.000000,0.000000,0.000000,0.000000,0.000000,0.000000,0.000000,0.000000,0.000000
-0.000716,-2.536831,-2.607107,0.060734,-2.672651,-2.460552,0.096690,-2.670427,-2.461526,0.129914,-2.669549,-2.462043,-0.056492,-2.667233,-2.493605,-0.095843,-2.664424,-2.493088,-0.131195,-2.663893,-2.494425,0.191620,-2.601512,-1.441147,-0.177696,-2.596619,-1.554538,0.080937,-2.385225,-2.212872,-0.066807,-2.389580,-2.245969,0.500092,-1.834166,-0.668107,-0.464840,-1.798347,-0.927360,0.958651,-1.230124,-0.607868,-0.643533,-0.993349,-0.690392,0.903098,-0.513092,-1.778178,-0.627452,-0.164207,-1.741258,0.938932,-0.225054,-2.104217,-0.637293,0.106660,-2.071026,0.813053,-0.256775,-2.268585,-0.551653,0.060081,-2.339606,0.776333,-0.336977,-1.889187,-0.529345,-0.037178,-1.881121,0.316120,-0.011741,-0.088366,-0.316120,0.011741,0.088366,0.315571,1.452745,-0.404639,-0.296346,1.456033,-0.336945,0.303270,2.795562,0.796879,-0.307977,2.809576,0.354048,0.307796,3.002694,0.830855,-0.313358,3.031344,0.371520,0.208797,3.211385,-0.557762,-0.230617,3.194464,-1.140163,0.436640,0.359381,0.003062,0.438201,0.355462,-0.003279,0.442024,0.351182,-0.010080,0.447288,0.345526,-0.016305,0.456004,0.341020,-0.021688,0.465035,0.342074,-0.023684,0.474506,0.339858,-0.023390,0.484937,0.343388,-0.019822,0.491983,0.348257,-0.014918,0.497477,0.351936,-0.009176,0.500182,0.355615,-0.003367,0.496796,0.358957,-0.007822,0.491885,0.362326,-0.013051,0.484798,0.367041,-0.016829,0.476174,0.370558,-0.019235,0.466746,0.371613,-0.018888,0.457771,0.371505,-0.017495,0.449813,0.368901,-0.013437,0.443648,0.365023,-0.008827,0.439567,0.362273,-0.002423,0.410859,0.248496,0.020203,0.412685,0.246927,0.016498,0.415047,0.245113,0.013676,0.419035,0.242616,0.010833,0.425265,0.240767,0.008313,0.431440,0.240725,0.007382,0.437789,0.241814,0.008285,0.442179,0.244541,0.009678,0.488150,0.243760,0.006066,0.490233,0.244728,0.005733,0.494058,0.245661,0.003838,0.500192,0.247303,0.002341,0.506747,0.247768,0.002128,0.513556,0.246574,0.003560,0.518120,0.244942,0.005679,0.521305,0.243375,0.007633,0.463742,0.232569,-0.012164,0.463293,0.244418,-0.018081,0.462867,0.255535,-0.024857,0.462439,0.265999,-0.032289,0.000000,0.000000,0.000000,0.000000,0.000000,0.000000,0.000000,0.000000,0.000000,0.000000,0.000000,0.000000,0.000000,0.000000,0.000000,0.000000,0.000000,0.000000,0.000000,0.000000,0.000000,0.000000,0.000000,0.000000,0.000000,0.000000,0.000000,0.000000,0.000000,0.000000,0.000000,0.000000,0.000000,0.000000,0.000000,0.000000,0.000000,0.000000,0.000000,0.000000,0.000000,0.000000,0.000000,0.000000,0.000000,0.000000,0.000000,0.000000,0.000000,0.000000,0.000000,0.000000,0.000000,0.000000,0.000000,0.000000,0.000000,0.000000,0.000000,0.000000,0.000000,0.000000,0.000000,0.000000,0.000000,0.000000,0.000000,0.000000,0.000000,0.000000,0.000000,0.000000,0.000000,0.000000,0.000000,0.000000,0.000000,0.000000,0.000000,0.000000,0.000000,0.000000,0.000000,0.000000,0.000000,0.000000,0.000000,0.000000,0.000000,0.000000,0.000000,0.000000,0.000000,0.000000,0.000000,0.000000,0.000000,0.000000,0.000000,0.000000,0.000000,0.000000,0.000000,0.000000,0.000000,0.000000,0.000000,0.000000,0.000000,0.000000,0.000000,0.000000,0.000000,0.000000,0.000000,0.000000,0.000000,0.000000,0.000000,0.000000,0.000000,0.000000,0.000000,0.000000,0.000000,0.000000
-0.021644,-2.541197,-2.314628,0.038521,-2.671926,-2.167183,0.075671,-2.669269,-2.167910,0.106848,-2.665611,-2.168572,-0.076117,-2.662714,-2.187376,-0.114737,-2.657601,-2.186794,-0.149644,-2.654353,-2.188215,0.169750,-2.594863,-1.237263,-0.191551,-2.586516,-1.302188,0.060768,-2.390760,-1.965368,-0.088375,-2.389771,-1.983570,0.477316,-1.801496,-0.569781,-0.466364,-1.799814,-0.900340,0.774604,-0.986116,-0.467184,-0.637279,-1.020001,-0.973795,0.924595,-0.073632,-1.450592,-0.631549,-0.203260,-2.222554,1.009079,0.202419,-1.709265,-0.667178,0.043074,-2.568680,0.909790,0.228567,-1.927931,-0.571092,0.039595,-2.790098,0.852374,0.124736,-1.585363,-0.541121,-0.053163,-2.357514,0.312930,-0.004337,-0.073473,-0.312930,0.004337,0.073473,0.304823,1.448122,-0.274737,-0.286702,1.433895,-0.380337,0.301480,2.779910,0.935994,-0.289365,2.779601,0.338072,0.313843,2.990349,0.976768,-0.293858,3.006367,0.360750,0.195723,3.195996,-0.357577,-0.215676,3.159458,-1.110203,0.434135,0.357280,0.003125,0.435552,0.353427,-0.003188,0.439322,0.349110,-0.010091,0.444569,0.343376,-0.016447,0.453296,0.338749,-0.022030,0.462371,0.339689,-0.024245,0.471963,0.337471,-0.024192,0.482606,0.341005,-0.020895,0.489870,0.345882,-0.016202,0.495573,0.349555,-0.010630,0.498353,0.353184,-0.005016,0.494824,0.356518,-0.009437,0.489710,0.359828,-0.014691,0.482412,0.364402,-0.018441,0.473662,0.367771,-0.020709,0.464231,0.368797,-0.020179,0.455314,0.368730,-0.018543,0.447388,0.366305,-0.014185,0.441236,0.362640,-0.009308,0.437128,0.360073,-0.002615,0.408634,0.246725,0.022453,0.410438,0.245185,0.018690,0.412795,0.243400,0.015816,0.416779,0.240977,0.012897,0.422990,0.239209,0.010238,0.429150,0.239176,0.009151,0.435482,0.240156,0.009902,0.439872,0.242716,0.011214,0.486218,0.241799,0.006203,0.488332,0.242768,0.005817,0.492187,0.243671,0.003812,0.498343,0.245255,0.002146,0.504944,0.245679,0.001753,0.511813,0.244486,0.003076,0.516429,0.242877,0.005115,0.519664,0.241339,0.007057,0.461263,0.230292,-0.011331,0.460703,0.242199,-0.017462,0.460157,0.253276,-0.024415,0.459621,0.263685,-0.032027,0.000000,0.000000,0.000000,0.000000,0.000000,0.000000,0.000000,0.000000,0.000000,0.000000,0.000000,0.000000,0.000000,0.000000,0.000000,0.000000,0.000000,0.000000,0.000000,0.000000,0.000000,0.000000,0.000000,0.000000,0.000000,0.000000,0.000000,0.000000,0.000000,0.000000,0.000000,0.000000,0.000000,0.000000,0.000000,0.000000,0.000000,0.000000,0.000000,0.000000,0.000000,0.000000,0.000000,0.000000,0.000000,0.000000,0.000000,0.000000,0.000000,0.000000,0.000000,0.000000,0.000000,0.000000,0.000000,0.000000,0.000000,0.000000,0.000000,0.000000,0.000000,0.000000,0.000000,0.000000,0.000000,0.000000,0.000000,0.000000,0.000000,0.000000,0.000000,0.000000,0.000000,0.000000,0.000000,0.000000,0.000000,0.000000,0.000000,0.000000,0.000000,0.000000,0.000000,0.000000,0.000000,0.000000,0.000000,0.000000,0.000000,0.000000,0.000000,0.000000,0.000000,0.000000,0.000000,0.000000,0.000000,0.000000,0.000000,0.000000,0.000000,0.000000,0.000000,0.000000,0.000000,0.000000,0.000000,0.000000,0.000000,0.000000,0.000000,0.000000,0.000000,0.000000,0.000000,0.000000,0.000000,0.000000,0.000000,0.000000,0.000000,0.000000,0.000000,0.000000,0.000000,0.000000
-0.048828,-2.696222,-2.199688,0.016261,-2.835428,-2.066213,0.058820,-2.834151,-2.066868,0.091440,-2.829865,-2.067704,-0.103763,-2.819594,-2.068494,-0.142642,-2.811481,-2.067835,-0.180498,-2.805772,-2.069188,0.162246,-2.751240,-1.164161,-0.215140,-2.736576,-1.149354,0.042330,-2.536120,-1.862115,-0.115415,-2.529585,-1.854578,0.499186,-1.889755,-0.599739,-0.487843,-1.900012,-0.759951,0.737530,-0.939246,-0.512324,-0.659633,-1.072587,-0.774666,0.769891,-0.025331,-1.318984,-0.680338,-0.191829,-1.927217,0.824812,0.271953,-1.590073,-0.721458,0.063376,-2.245696,0.715882,0.276152,-1.777171,-0.628703,0.063745,-2.483502,0.668440,0.159809,-1.435303,-0.592368,-0.032399,-2.063920,0.327181,0.004477,-0.126100,-0.327181,-0.004477,0.126100,0.306178,1.555955,-0.355091,-0.319604,1.533883,-0.113213,0.293958,2.973815,0.905762,-0.319011,2.957669,0.619681,0.307667,3.193198,0.953195,-0.327152,3.193149,0.647368,0.174349,3.417068,-0.411954,-0.245600,3.371056,-0.842260,0.430106,0.352523,0.002362,0.431454,0.348506,-0.003898,0.435149,0.343955,-0.010869,0.440275,0.337973,-0.017308,0.448859,0.333061,-0.023101,0.457842,0.334007,-0.025696,0.467489,0.331809,-0.025898,0.478287,0.335752,-0.023071,0.485672,0.340952,-0.018766,0.491551,0.344914,-0.013480,0.494488,0.348751,-0.008116,0.490850,0.352123,-0.012454,0.485619,0.355509,-0.017599,0.478149,0.360123,-0.021170,0.469319,0.363465,-0.023188,0.459827,0.364536,-0.022387,0.450975,0.364394,-0.020471,0.443124,0.361956,-0.015792,0.437081,0.358181,-0.010674,0.433047,0.355435,-0.003710,0.405146,0.239405,0.026334,0.406835,0.237326,0.022541,0.409057,0.235008,0.019582,0.412975,0.231958,0.016546,0.419328,0.229861,0.013699,0.425773,0.230037,0.012390,0.432293,0.231840,0.012803,0.436883,0.235350,0.013902,0.483444,0.234397,0.006763,0.485664,0.235546,0.006277,0.489724,0.236453,0.004105,0.496128,0.237928,0.002176,0.502952,0.238237,0.001490,0.509964,0.236838,0.002650,0.514691,0.234937,0.004633,0.517993,0.233040,0.006547,0.457656,0.222183,-0.009613,0.456896,0.234584,-0.016155,0.456152,0.245825,-0.023489,0.455427,0.256353,-0.031513,0.000000,0.000000,0.000000,0.000000,0.000000,0.000000,0.000000,0.000000,0.000000,0.000000,0.000000,0.000000,0.000000,0.000000,0.000000,0.000000,0.000000,0.000000,0.000000,0.000000,0.000000,0.000000,0.000000,0.000000,0.000000,0.000000,0.000000,0.000000,0.000000,0.000000,0.000000,0.000000,0.000000,0.000000,0.000000,0.000000,0.000000,0.000000,0.000000,0.000000,0.000000,0.000000,0.000000,0.000000,0.000000,0.000000,0.000000,0.000000,0.000000,0.000000,0.000000,0.000000,0.000000,0.000000,0.000000,0.000000,0.000000,0.000000,0.000000,0.000000,0.000000,0.000000,0.000000,0.000000,0.000000,0.000000,0.000000,0.000000,0.000000,0.000000,0.000000,0.000000,0.000000,0.000000,0.000000,0.000000,0.000000,0.000000,0.000000,0.000000,0.000000,0.000000,0.000000,0.000000,0.000000,0.000000,0.000000,0.000000,0.000000,0.000000,0.000000,0.000000,0.000000,0.000000,0.000000,0.000000,0.000000,0.000000,0.000000,0.000000,0.000000,0.000000,0.000000,0.000000,0.000000,0.000000,0.000000,0.000000,0.000000,0.000000,0.000000,0.000000,0.000000,0.000000,0.000000,0.000000,0.000000,0.000000,0.000000,0.000000,0.000000,0.000000,0.000000,0.000000,0.000000,0.000000
