0.065830,-2.556925,-2.032155,0.120522,-2.676258,-1.899495,0.158429,-2.673290,-1.899804,0.195402,-2.668259,-1.900190,0.000413,-2.676389,-1.918608,-0.039122,-2.671688,-1.918324,-0.076515,-2.666392,-1.919561,0.250828,-2.596402,-1.126960,-0.132787,-2.599053,-1.170493,0.134295,-2.393074,-1.742648,-0.006770,-2.384498,-1.755942,0.556152,-1.716927,-0.691929,-0.424424,-1.789897,-0.873991,0.730199,-0.829254,-0.658479,-0.610366,-0.863517,-0.905152,0.764828,-0.054779,-1.317154,-0.587937,-0.147695,-1.926812,0.801857,0.187685,-1.529125,-0.578647,0.074272,-2.182879,0.697732,0.158763,-1.650141,-0.499821,0.000373,-2.328327,0.667621,0.060215,-1.399661,-0.486501,-0.084679,-2.020066,0.326111,-0.001077,-0.036749,-0.326111,0.001077,0.036749,0.300022,1.348741,0.035701,-0.288321,1.338538,-0.175278,0.254571,2.519848,1.463027,-0.306879,2.515456,0.827751,0.265588,2.717617,1.536574,-0.317073,2.730456,0.889246,0.139529,2.950065,0.385060,-0.238307,2.913267,-0.423058,0.503693,0.350195,-0.002565,0.505710,0.346552,-0.008139,0.510555,0.342626,-0.014416,0.517222,0.337354,-0.020177,0.527213,0.333318,-0.024851,0.537067,0.334933,-0.026309,0.547117,0.333199,-0.025385,0.557674,0.337174,-0.021273,0.564868,0.342281,-0.016002,0.570165,0.346160,-0.009949,0.572446,0.349719,-0.004426,0.568557,0.353042,-0.009852,0.563198,0.355993,-0.016380,0.555736,0.359700,-0.021146,0.546878,0.362199,-0.024917,0.537374,0.362741,-0.025420,0.528118,0.362272,-0.024266,0.519558,0.359924,-0.020117,0.512406,0.356293,-0.015107,0.507394,0.353521,-0.008141,0.481541,0.239387,0.019863,0.483771,0.237625,0.016448,0.486542,0.235588,0.013824,0.490900,0.232936,0.011393,0.497312,0.231344,0.009422,0.503410,0.231727,0.008926,0.509817,0.233521,0.010035,0.514317,0.236925,0.011474,0.561657,0.240094,0.011360,0.563718,0.241327,0.011149,0.567554,0.242707,0.009302,0.573646,0.244837,0.007990,0.580262,0.245797,0.008127,0.587230,0.245098,0.009940,0.591868,0.243817,0.012506,0.595106,0.242622,0.014734,0.538340,0.224864,-0.007876,0.537916,0.236625,-0.014666,0.537571,0.247603,-0.022214,0.537191,0.257880,-0.030507,0.000000,0.000000,0.000000,0.000000,0.000000,0.000000,0.000000,0.000000,0.000000,0.000000,0.000000,0.000000,0.000000,0.000000,0.000000,0.000000,0.000000,0.000000,0.000000,0.000000,0.000000,0.000000,0.000000,0.000000,0.000000,0.000000,0.000000,0.000000,0.000000,0.000000,0.000000,0.000000,0.000000,0.000000,0.000000,0.000000,0.000000,0.000000,0.000000,0.000000,0.000000,0.000000,0.000000,0.000000,0.000000,0.000000,0.000000,0.000000,0.000000,0.000000,0.000000,0.000000,0.000000,0.000000,0.000000,0.000000,0.000000,0.000000,0.000000,0.000000,0.000000,0.000000,0.000000,0.000000,0.000000,0.000000,0.000000,0.000000,0.000000,0.000000,0.000000,0.000000,0.000000,0.000000,0.000000,0.000000,0.000000,0.000000,0.000000,0.000000,0.000000,0.000000,0.000000,0.000000,0.000000,0.000000,0.000000,0.000000,0.000000,0.000000,0.000000,0.000000,0.000000,0.000000,0.000000,0.000000,0.000000,0.000000,0.000000,0.000000,0.000000,0.000000,0.000000,0.000000,0.000000,0.000000,0.000000,0.000000,0.000000,0.000000,0.000000,0.000000,0.000000,0.000000,0.000000,0.000000,0.000000,0.000000,0.000000,0.000000,0.000000,0.000000,0.000000,0.000000,0.000000,0.000000
0.040388,-2.389145,-1.617501,0.098273,-2.501336,-1.506922,0.138620,-2.495266,-1.506767,0.166973,-2.489336,-1.507547,-0.017863,-2.509411,-1.529805,-0.059303,-2.508128,-1.528968,-0.086228,-2.504081,-1.529804,0.209668,-2.419601,-0.841043,-0.134048,-2.432348,-0.902989,0.116095,-2.233275,-1.368721,-0.039948,-2.231385,-1.384458,0.496344,-1.613914,-0.423621,-0.406562,-1.688833,-0.846832,0.658635,-0.816558,-0.318971,-0.565043,-0.830424,-0.930875,0.849235,-0.029913,-0.874220,-0.495776,-0.086953,-1.784503,0.940219,0.178617,-1.079715,-0.503238,0.109212,-2.017021,0.844979,0.186002,-1.207172,-0.427748,0.064955,-2.162058,0.794135,0.102589,-0.974480,-0.408953,-0.012643,-1.877861,0.306117,0.005230,0.022115,-0.306117,-0.005230,-0.022115,0.271945,1.340892,0.134761,-0.299286,1.341196,0.155115,0.233918,2.500382,1.476772,-0.318075,2.494076,1.077010,0.245884,2.694528,1.547781,-0.338956,2.693729,1.136432,0.135640,2.885962,0.509499,-0.235569,2.887364,-0.035337,0.494278,0.354243,-0.002514,0.496314,0.350368,-0.008122,0.501083,0.346190,-0.014377,0.507552,0.340629,-0.020032,0.517432,0.336131,-0.024580,0.527151,0.337334,-0.025899,0.536909,0.335309,-0.024874,0.547306,0.338987,-0.020683,0.554319,0.343884,-0.015303,0.559601,0.347588,-0.009208,0.561991,0.351223,-0.003677,0.558274,0.354736,-0.008970,0.553155,0.358029,-0.015440,0.545889,0.362214,-0.020225,0.537171,0.365225,-0.024014,0.527683,0.366052,-0.024661,0.518381,0.365893,-0.023679,0.509834,0.363616,-0.019601,0.502766,0.360078,-0.014742,0.497850,0.357389,-0.007994,0.470651,0.243372,0.018959,0.472767,0.241587,0.015657,0.475422,0.239526,0.013089,0.479661,0.236875,0.010737,0.486028,0.235213,0.008815,0.492140,0.235524,0.008414,0.498549,0.237216,0.009547,0.503020,0.240520,0.011002,0.549434,0.242392,0.011226,0.551498,0.243554,0.011062,0.555318,0.244726,0.009245,0.561350,0.246595,0.007997,0.567859,0.247279,0.008169,0.574613,0.246381,0.010009,0.579065,0.245027,0.012526,0.582172,0.243739,0.014740,0.526667,0.228188,-0.008015,0.526392,0.239817,-0.014693,0.526200,0.250534,-0.022163,0.525988,0.260553,-0.030374,0.000000,0.000000,0.000000,0.000000,0.000000,0.000000,0.000000,0.000000,0.000000,0.000000,0.000000,0.000000,0.000000,0.000000,0.000000,0.000000,0.000000,0.000000,0.000000,0.000000,0.000000,0.000000,0.000000,0.000000,0.000000,0.000000,0.000000,0.000000,0.000000,0.000000,0.000000,0.000000,0.000000,0.000000,0.000000,0.000000,0.000000,0.000000,0.000000,0.000000,0.000000,0.000000,0.000000,0.000000,0.000000,0.000000,0.000000,0.000000,0.000000,0.000000,0.000000,0.000000,0.000000,0.000000,0.000000,0.000000,0.000000,0.000000,0.000000,0.000000,0.000000,0.000000,0.000000,0.000000,0.000000,0.000000,0.000000,0.000000,0.000000,0.000000,0.000000,0.000000,0.000000,0.000000,0.000000,0.000000,0.000000,0.000000,0.000000,0.000000,0.000000,0.000000,0.000000,0.000000,0.000000,0.000000,0.000000,0.000000,0.000000,0.000000,0.000000,0.000000,0.000000,0.000000,0.000000,0.000000,0.000000,0.000000,0.000000,0.000000,0.000000,0.000000,0.000000,0.000000,0.000000,0.000000,0.000000,0.000000,0.000000,0.000000,0.000000,0.000000,0.000000,0.000000,0.000000,0.000000,0.000000,0.000000,0.000000,0.000000,0.000000,0.000000,0.000000,0.000000,0.000000,0.000000
0.038245,-2.442076,-1.790228,0.096536,-2.552122,-1.662596,0.136875,-2.545791,-1.662402,0.170095,-2.540362,-1.662923,-0.021167,-2.558191,-1.690443,-0.061514,-2.555593,-1.689459,-0.088316,-2.552183,-1.690422,0.206864,-2.469391,-0.882705,-0.142261,-2.482087,-0.946745,0.115121,-2.286335,-1.515131,-0.044388,-2.288416,-1.538946,0.493688,-1.649796,-0.389250,-0.417825,-1.730455,-0.792531,0.650361,-0.820515,-0.312166,-0.573790,-0.869602,-1.220457,0.871163,0.001955,-1.000271,-0.483282,-0.431865,-2.570990,0.976506,0.224850,-1.201005,-0.468887,-0.296743,-2.877393,0.889942,0.227153,-1.354529,-0.401183,-0.391575,-2.980856,0.831741,0.137900,-1.106633,-0.390092,-0.439331,-2.657948,0.317101,0.006854,-0.004621,-0.317101,-0.006854,0.004621,0.288465,1.370469,-0.001328,-0.303185,1.369706,-0.019181,0.265542,2.570651,1.264317,-0.306512,2.552669,0.791726,0.280913,2.761033,1.314029,-0.324258,2.738515,0.833033,0.163828,2.955270,0.133047,-0.216553,2.949469,-0.463252,0.484754,0.353425,-0.002923,0.486721,0.349809,-0.008343,0.491391,0.345870,-0.014429,0.497724,0.340553,-0.019931,0.507300,0.336334,-0.024369,0.516716,0.337593,-0.025695,0.526240,0.335690,-0.024715,0.536387,0.339320,-0.020689,0.543316,0.344090,-0.015496,0.548530,0.347651,-0.009597,0.550897,0.351069,-0.004241,0.547161,0.354329,-0.009498,0.542058,0.357344,-0.015879,0.534934,0.361176,-0.020591,0.526431,0.363925,-0.024324,0.517235,0.364667,-0.024945,0.508287,0.364457,-0.023945,0.500014,0.362325,-0.019889,0.493138,0.358982,-0.015048,0.488295,0.356430,-0.008360,0.461878,0.245629,0.019167,0.463958,0.243863,0.015941,0.466552,0.241814,0.013420,0.470702,0.239169,0.011122,0.476937,0.237537,0.009237,0.482919,0.237854,0.008846,0.489204,0.239524,0.009936,0.493597,0.242783,0.011328,0.539019,0.244908,0.011429,0.541038,0.246059,0.011274,0.544784,0.247203,0.009468,0.550685,0.249048,0.008199,0.557081,0.249771,0.008352,0.563716,0.248962,0.010158,0.568106,0.247719,0.012628,0.571161,0.246515,0.014823,0.516677,0.230809,-0.007373,0.516353,0.242046,-0.014046,0.516117,0.252499,-0.021470,0.515855,0.262314,-0.029620,0.000000,0.000000,0.000000,0.000000,0.000000,0.000000,0.000000,0.000000,0.000000,0.000000,0.000000,0.000000,0.000000,0.000000,0.000000,0.000000,0.000000,0.000000,0.000000,0.000000,0.000000,0.000000,0.000000,0.000000,0.000000,0.000000,0.000000,0.000000,0.000000,0.000000,0.000000,0.000000,0.000000,0.000000,0.000000,0.000000,0.000000,0.000000,0.000000,0.000000,0.000000,0.000000,0.000000,0.000000,0.000000,0.000000,0.000000,0.000000,0.000000,0.000000,0.000000,0.000000,0.000000,0.000000,0.000000,0.000000,0.000000,0.000000,0.000000,0.000000,0.000000,0.000000,0.000000,0.000000,0.000000,0.000000,0.000000,0.000000,0.000000,0.000000,0.000000,0.000000,0.000000,0.000000,0.000000,0.000000,0.000000,0.000000,0.000000,0.000000,0.000000,0.000000,0.000000,0.000000,0.000000,0.000000,0.000000,0.000000,0.000000,0.000000,0.000000,0.000000,0.000000,0.000000,0.000000,0.000000,0.000000,0.000000,0.000000,0.000000,0.000000,0.000000,0.000000,0.000000,0.000000,0.000000,0.000000,0.000000,0.000000,0.000000,0.000000,0.000000,0.000000,0.000000,0.000000,0.000000,0.000000,0.000000,0.000000,0.000000,0.000000,0.000000,0.000000,0.000000,0.000000,0.000000
0.047784,-2.336541,-1.826306,0.102290,-2.439377,-1.683245,0.138330,-2.433576,-1.683566,0.171212,-2.428592,-1.683591,-0.008849,-2.444264,-1.719706,-0.046392,-2.441116,-1.719171,-0.072335,-2.437145,-1.720267,0.203996,-2.359758,-0.854902,-0.124081,-2.367942,-0.991033,0.119200,-2.189357,-1.516756,-0.030027,-2.192614,-1.557644,0.465505,-1.569686,-0.274121,-0.392926,-1.660259,-0.776709,0.591989,-0.787163,-0.428988,-0.534971,-0.851552,-1.204055,0.745952,-0.285523,-1.624477,-0.372296,-0.441658,-2.575668,0.815500,-0.155003,-1.910972,-0.320872,-0.287590,-2.889748,0.738757,-0.262397,-2.032874,-0.251443,-0.395309,-2.984058,0.696845,-0.325035,-1.725694,-0.259966,-0.448274,-2.652348,0.298564,0.006519,0.041759,-0.298564,-0.006519,-0.041759,0.270608,1.296496,-0.057966,-0.285860,1.287301,-0.286711,0.238211,2.469060,1.028508,-0.300620,2.468030,0.369138,0.245056,2.653618,1.062267,-0.333318,2.660953,0.391244,0.149440,2.831424,-0.094689,-0.192090,2.816235,-0.897251,0.478092,0.353302,-0.004991,0.479986,0.349399,-0.010145,0.484602,0.344984,-0.015926,0.490964,0.339187,-0.021126,0.500678,0.334410,-0.025271,0.510243,0.335392,-0.026414,0.519747,0.333269,-0.025216,0.529867,0.336854,-0.021053,0.536708,0.341766,-0.015851,0.541772,0.345541,-0.009995,0.544053,0.349142,-0.004790,0.540509,0.352396,-0.010250,0.535633,0.355353,-0.016804,0.528709,0.359178,-0.021666,0.520335,0.361991,-0.025645,0.511222,0.362873,-0.026452,0.502214,0.362994,-0.025602,0.493803,0.361212,-0.021692,0.486716,0.358262,-0.016954,0.481739,0.356075,-0.010392,0.452795,0.245637,0.018824,0.454921,0.243848,0.015736,0.457555,0.241766,0.013349,0.461720,0.239077,0.011192,0.467935,0.237371,0.009504,0.473833,0.237592,0.009266,0.480075,0.239142,0.010454,0.484467,0.242265,0.011851,0.530025,0.243828,0.013124,0.532043,0.244931,0.012977,0.535748,0.246004,0.011220,0.541604,0.247762,0.010066,0.547915,0.248378,0.010331,0.554457,0.247510,0.012260,0.558740,0.246263,0.014831,0.561717,0.245093,0.017081,0.507995,0.230190,-0.005980,0.507993,0.241164,-0.012842,0.508078,0.251452,-0.020397,0.508125,0.261133,-0.028717,0.000000,0.000000,0.000000,0.000000,0.000000,0.000000,0.000000,0.000000,0.000000,0.000000,0.000000,0.000000,0.000000,0.000000,0.000000,0.000000,0.000000,0.000000,0.000000,0.000000,0.000000,0.000000,0.000000,0.000000,0.000000,0.000000,0.000000,0.000000,0.000000,0.000000,0.000000,0.000000,0.000000,0.000000,0.000000,0.000000,0.000000,0.000000,0.000000,0.000000,0.000000,0.000000,0.000000,0.000000,0.000000,0.000000,0.000000,0.000000,0.000000,0.000000,0.000000,0.000000,0.000000,0.000000,0.000000,0.000000,0.000000,0.000000,0.000000,0.000000,0.000000,0.000000,0.000000,0.000000,0.000000,0.000000,0.000000,0.000000,0.000000,0.000000,0.000000,0.000000,0.000000,0.000000,0.000000,0.000000,0.000000,0.000000,0.000000,0.000000,0.000000,0.000000,0.000000,0.000000,0.000000,0.000000,0.000000,0.000000,0.000000,0.000000,0.000000,0.000000,0.000000,0.000000,0.000000,0.000000,0.000000,0.000000,0.000000,0.000000,0.000000,0.000000,0.000000,0.000000,0.000000,0.000000,0.000000,0.000000,0.000000,0.000000,0.000000,0.000000,0.000000,0.000000,0.000000,0.000000,0.000000,0.000000,0.000000,0.000000,0.000000,0.000000,0.000000,0.000000,0.000000,0.000000
0.039910,-2.306801,-1.408073,0.087911,-2.424098,-1.253219,0.122329,-2.421217,-1.253229,0.153912,-2.417525,-1.251858,-0.023024,-2.426238,-1.290974,-0.062706,-2.421955,-1.290094,-0.090823,-2.414879,-1.291485,0.182797,-2.355805,-0.418949,-0.144745,-2.343110,-0.573817,0.111472,-2.170858,-1.108980,-0.037529,-2.169421,-1.154119,0.468815,-1.591234,0.061689,-0.411158,-1.644382,-0.410347,0.597272,-0.623816,-0.997341,-0.558424,-0.742597,-0.976994,0.586557,-1.187559,-2.855279,-0.334619,-0.406155,-2.286252,0.607347,-1.433982,-3.227091,-0.281206,-0.230934,-2.531186,0.585304,-1.529731,-3.086503,-0.233399,-0.385507,-2.617245,0.537368,-1.444741,-2.860401,-0.240959,-0.445773,-2.354858,0.312884,0.003289,0.111572,-0.312884,-0.003289,-0.111572,0.275826,1.297734,0.137473,-0.309298,1.286694,-0.137694,0.257517,2.425431,1.100545,-0.302808,2.415039,0.417685,0.274787,2.591427,1.125365,-0.352186,2.585908,0.432936,0.204865,2.789757,0.050543,-0.145498,2.774213,-0.698633,0.471870,0.357049,-0.003124,0.473972,0.353417,-0.008485,0.478787,0.349494,-0.014354,0.485259,0.344122,-0.019600,0.495031,0.339586,-0.023649,0.504654,0.340491,-0.024509,0.513935,0.338007,-0.023123,0.523746,0.340818,-0.018614,0.530337,0.344979,-0.013061,0.535252,0.348106,-0.006862,0.537506,0.351320,-0.001332,0.534125,0.355033,-0.006605,0.529456,0.358602,-0.013117,0.522832,0.363056,-0.017947,0.514684,0.366372,-0.022045,0.505690,0.367605,-0.023069,0.496530,0.367820,-0.022494,0.487990,0.365934,-0.018907,0.480756,0.362661,-0.014408,0.475641,0.360108,-0.008107,0.445777,0.250135,0.015384,0.447841,0.248392,0.012304,0.450419,0.246330,0.009924,0.454503,0.243560,0.007780,0.460654,0.241739,0.006163,0.466584,0.241828,0.006028,0.472859,0.243341,0.007339,0.477285,0.246465,0.008884,0.522094,0.247002,0.011220,0.524038,0.247989,0.011154,0.527686,0.248994,0.009531,0.533464,0.250543,0.008570,0.539651,0.250944,0.008980,0.546031,0.249821,0.010978,0.550207,0.248354,0.013557,0.553111,0.247045,0.015776,0.500628,0.234434,-0.008353,0.500974,0.245915,-0.014645,0.501378,0.256463,-0.021710,0.501748,0.266317,-0.029513,0.000000,0.000000,0.000000,0.000000,0.000000,0.000000,0.000000,0.000000,0.000000,0.000000,0.000000,0.000000,0.000000,0.000000,0.000000,0.000000,0.000000,0.000000,0.000000,0.000000,0.000000,0.000000,0.000000,0.000000,0.000000,0.000000,0.000000,0.000000,0.000000,0.000000,0.000000,0.000000,0.000000,0.000000,0.000000,0.000000,0.000000,0.000000,0.000000,0.000000,0.000000,0.000000,0.000000,0.000000,0.000000,0.000000,0.000000,0.000000,0.000000,0.000000,0.000000,0.000000,0.000000,0.000000,0.000000,0.000000,0.000000,0.000000,0.000000,0.000000,0.000000,0.000000,0.000000,0.722441,0.773528,0.000000,0.685504,0.728475,-0.023073,0.665199,0.676118,-0.039387,0.650867,0.634184,-0.053314,0.633265,0.601712,-0.067851,0.729821,0.619777,-0.032118,0.745494,0.554154,-0.050020,0.756803,0.513989,-0.063818,0.768670,0.480579,-0.073799,0.759766,0.632950,-0.034024,0.783134,0.563654,-0.049443,0.799400,0.520228,-0.061929,0.814751,0.483463,-0.071523,0.783027,0.658586,-0.038105,0.810708,0.595926,-0.054293,0.827111,0.555981,-0.064805,0.841733,0.519925,-0.072354,0.801118,0.693890,-0.043907,0.830234,0.653800,-0.059329,0.848033,0.624807,-0.065954,0.863956,0.595946,-0.070177
0.008197,-2.169386,-1.350640,0.048929,-2.283228,-1.196625,0.080583,-2.278993,-1.196720,0.108432,-2.274897,-1.195456,-0.050608,-2.286841,-1.249758,-0.087575,-2.282399,-1.248857,-0.118037,-2.275672,-1.250054,0.132880,-2.223580,-0.356043,-0.168166,-2.207605,-0.569506,0.074494,-2.039975,-1.057430,-0.060110,-2.041327,-1.121402,0.385164,-1.514295,0.170640,-0.414536,-1.555709,-0.428325,0.573596,-0.624206,-0.866985,-0.552911,-0.683183,-0.995216,0.530906,-1.219997,-2.679270,-0.278395,-0.467797,-2.193121,0.565462,-1.433236,-3.040951,-0.203356,-0.334781,-2.430771,0.532424,-1.515493,-2.889786,-0.172683,-0.484735,-2.486375,0.488958,-1.443179,-2.679127,-0.205662,-0.706896,-2.244874,0.291546,-0.006037,0.169832,-0.291546,0.006037,-0.169832,0.281052,1.265542,0.147538,-0.256028,1.271218,-0.147683,0.260128,2.347991,1.019720,-0.250399,2.364633,0.367525,0.273341,2.495114,1.044274,-0.296003,2.520899,0.378262,0.228596,2.687325,-0.018143,-0.099393,2.698519,-0.805486,0.470773,0.357304,-0.003793,0.472842,0.353800,-0.009042,0.477662,0.349915,-0.014753,0.484118,0.344551,-0.019805,0.493832,0.339977,-0.023697,0.503357,0.340799,-0.024432,0.512493,0.338346,-0.022935,0.522118,0.341154,-0.018352,0.528554,0.345226,-0.012817,0.533317,0.348276,-0.006631,0.535432,0.351336,-0.001113,0.532127,0.354938,-0.006463,0.527582,0.358388,-0.012978,0.521126,0.362786,-0.017775,0.513163,0.366078,-0.021871,0.504368,0.367338,-0.022957,0.495382,0.367624,-0.022521,0.486919,0.365841,-0.019189,0.479687,0.362698,-0.014853,0.474561,0.360270,-0.008676,0.443610,0.251083,0.014650,0.445706,0.249316,0.011600,0.448293,0.247235,0.009231,0.452384,0.244430,0.007136,0.458534,0.242549,0.005592,0.464449,0.242570,0.005536,0.470683,0.244032,0.006893,0.475084,0.247104,0.008486,0.520034,0.247341,0.011523,0.521991,0.248341,0.011486,0.525661,0.249366,0.009896,0.531432,0.250870,0.008998,0.537600,0.251202,0.009498,0.543927,0.250008,0.011574,0.548061,0.248479,0.014221,0.550914,0.247115,0.016471,0.498700,0.234765,-0.008297,0.499214,0.246444,-0.014585,0.499773,0.257053,-0.021633,0.500298,0.266925,-0.029419,0.000000,0.000000,0.000000,0.000000,0.000000,0.000000,0.000000,0.000000,0.000000,0.000000,0.000000,0.000000,0.000000,0.000000,0.000000,0.000000,0.000000,0.000000,0.000000,0.000000,0.000000,0.000000,0.000000,0.000000,0.000000,0.000000,0.000000,0.000000,0.000000,0.000000,0.000000,0.000000,0.000000,0.000000,0.000000,0.000000,0.000000,0.000000,0.000000,0.000000,0.000000,0.000000,0.000000,0.000000,0.000000,0.000000,0.000000,0.000000,0.000000,0.000000,0.000000,0.000000,0.000000,0.000000,0.000000,0.000000,0.000000,0.000000,0.000000,0.000000,0.000000,0.000000,0.000000,0.727892,0.740965,0.000000,0.689879,0.697637,-0.023244,0.669411,0.644746,-0.038751,0.658392,0.600399,-0.051969,0.644573,0.564307,-0.065441,0.734467,0.580420,-0.028987,0.748487,0.515148,-0.047298,0.759032,0.475750,-0.061815,0.770133,0.442762,-0.072390,0.765168,0.591720,-0.031279,0.785163,0.521660,-0.047163,0.798895,0.477379,-0.060340,0.811827,0.439956,-0.070329,0.788879,0.616443,-0.036123,0.814548,0.553063,-0.052584,0.828965,0.512665,-0.062937,0.841474,0.476173,-0.070524,0.807375,0.651694,-0.042861,0.833448,0.611429,-0.058458,0.848383,0.581444,-0.064896,0.861713,0.551127,-0.069076
0.010835,-1.940177,-1.264455,0.045730,-2.040692,-1.100571,0.073337,-2.036948,-1.101003,0.096657,-2.033313,-1.100022,-0.040524,-2.044829,-1.179770,-0.072994,-2.040972,-1.179475,-0.102716,-2.034846,-1.180597,0.116830,-1.988596,-0.271843,-0.147636,-1.974007,-0.593602,0.067791,-1.825548,-0.960843,-0.047049,-1.827553,-1.060030,0.339766,-1.353567,0.240120,-0.364772,-1.397688,-0.468166,0.508114,-0.579799,-0.743933,-0.482330,-0.623171,-0.870626,0.477933,-1.098326,-2.458208,-0.240501,-0.228113,-1.747562,0.506349,-1.284408,-2.811275,-0.179729,-0.041764,-1.955514,0.477188,-1.354283,-2.689448,-0.142621,-0.152773,-2.059970,0.441416,-1.294222,-2.470067,-0.162715,-0.211110,-1.811532,0.252955,-0.002715,0.190534,-0.252955,0.002715,-0.190534,0.240536,1.126518,0.161158,-0.227863,1.119306,-0.226075,0.211105,2.098094,0.922489,-0.236758,2.112760,0.245359,0.214143,2.232118,0.939642,-0.294384,2.260989,0.252882,0.199229,2.398139,0.006347,-0.089271,2.407697,-0.803894,0.474223,0.356497,-0.006512,0.476541,0.352782,-0.011581,0.481733,0.348673,-0.016997,0.488670,0.343080,-0.021677,0.498841,0.338249,-0.025033,0.508574,0.338958,-0.025329,0.517601,0.336492,-0.023277,0.526919,0.339316,-0.018199,0.533042,0.343504,-0.012303,0.537485,0.346727,-0.005851,0.539371,0.349944,-0.000234,0.536217,0.353672,-0.005901,0.531871,0.357224,-0.012756,0.525642,0.361634,-0.017857,0.517856,0.364859,-0.022501,0.509157,0.366173,-0.024074,0.499960,0.366523,-0.024117,0.491205,0.364858,-0.021222,0.483601,0.361841,-0.017081,0.478176,0.359452,-0.011171,0.446122,0.250852,0.012722,0.448342,0.248973,0.009826,0.451013,0.246821,0.007568,0.455211,0.243947,0.005654,0.461487,0.242092,0.004432,0.467486,0.242203,0.004650,0.473851,0.243839,0.006241,0.478384,0.247039,0.007934,0.523066,0.247947,0.013643,0.525043,0.249003,0.013675,0.528753,0.250086,0.012207,0.534542,0.251631,0.011554,0.540679,0.251986,0.012327,0.546929,0.250826,0.014716,0.550969,0.249319,0.017614,0.553689,0.247982,0.020037,0.503039,0.234813,-0.007346,0.503878,0.246249,-0.013851,0.504769,0.256557,-0.021082,0.505635,0.266122,-0.029106,0.000000,0.000000,0.000000,0.000000,0.000000,0.000000,0.000000,0.000000,0.000000,0.000000,0.000000,0.000000,0.000000,0.000000,0.000000,0.000000,0.000000,0.000000,0.000000,0.000000,0.000000,0.000000,0.000000,0.000000,0.000000,0.000000,0.000000,0.000000,0.000000,0.000000,0.000000,0.000000,0.000000,0.000000,0.000000,0.000000,0.000000,0.000000,0.000000,0.000000,0.000000,0.000000,0.000000,0.000000,0.000000,0.000000,0.000000,0.000000,0.000000,0.000000,0.000000,0.000000,0.000000,0.000000,0.000000,0.000000,0.000000,0.000000,0.000000,0.000000,0.000000,0.000000,0.000000,0.729886,0.746768,0.000000,0.692769,0.702623,-0.022480,0.673526,0.650176,-0.037489,0.663994,0.605861,-0.050407,0.651720,0.571042,-0.063516,0.737697,0.586775,-0.027147,0.751344,0.522145,-0.045347,0.761586,0.482766,-0.059927,0.772663,0.449757,-0.070494,0.768238,0.597972,-0.029552,0.787902,0.529189,-0.045080,0.801602,0.485310,-0.057954,0.814491,0.448121,-0.067668,0.792111,0.622595,-0.034542,0.817269,0.559784,-0.050522,0.832071,0.519933,-0.060251,0.844869,0.484325,-0.067256,0.810473,0.657803,-0.041446,0.835483,0.616510,-0.056311,0.850209,0.586179,-0.062075,0.863455,0.556178,-0.065690
0.009334,-1.761076,-1.594300,0.036788,-1.847597,-1.465987,0.056130,-1.844926,-1.466743,0.074070,-1.842580,-1.466890,-0.039919,-1.848187,-1.529648,-0.069235,-1.844222,-1.529953,-0.095825,-1.838572,-1.531119,0.091387,-1.798308,-0.710469,-0.140571,-1.781683,-0.973178,0.052742,-1.662448,-1.309144,-0.045957,-1.660495,-1.383616,0.282532,-1.221196,-0.030322,-0.328888,-1.282325,-0.819208,0.391775,-0.655053,0.106713,-0.446643,-0.634668,-0.870189,0.511533,-0.169541,-0.753987,-0.337391,-0.124990,-1.567472,0.566027,-0.023378,-0.933171,-0.313677,0.044396,-1.792976,0.539078,-0.033140,-1.105945,-0.252311,0.010283,-1.895930,0.498614,-0.085547,-0.863608,-0.253872,-0.056733,-1.625541,0.205878,-0.013545,0.177603,-0.205878,0.013545,-0.177603,0.218600,0.966766,0.228838,-0.164632,1.005350,-0.327574,0.231325,1.867310,1.085038,-0.147936,1.920658,0.318180,0.235706,2.013401,1.116711,-0.185336,2.067990,0.349040,0.242116,2.138035,0.278032,-0.001364,2.194395,-0.704942,0.483180,0.354538,-0.008303,0.485350,0.350455,-0.013133,0.490301,0.345846,-0.018279,0.496968,0.339713,-0.022729,0.506943,0.334312,-0.025913,0.516563,0.334795,-0.026237,0.525488,0.332209,-0.024110,0.534783,0.335204,-0.019154,0.540840,0.339701,-0.013461,0.545201,0.343240,-0.007253,0.547073,0.346735,-0.001856,0.544078,0.350333,-0.007595,0.539902,0.353782,-0.014351,0.533845,0.358192,-0.019348,0.526163,0.361488,-0.023849,0.517550,0.362955,-0.025392,0.508439,0.363513,-0.025467,0.499756,0.362085,-0.022757,0.492268,0.359345,-0.018758,0.487014,0.357235,-0.012990,0.453117,0.248703,0.013530,0.455349,0.246831,0.010700,0.458023,0.244707,0.008501,0.462191,0.241872,0.006679,0.468391,0.239982,0.005511,0.474330,0.239993,0.005749,0.480678,0.241367,0.007316,0.485197,0.244316,0.008985,0.529998,0.244381,0.014860,0.532009,0.245409,0.014889,0.535700,0.246476,0.013392,0.541433,0.247960,0.012742,0.547521,0.248237,0.013519,0.553723,0.246991,0.015932,0.557703,0.245423,0.018843,0.560372,0.244043,0.021303,0.509706,0.231086,-0.005756,0.510689,0.242416,-0.012449,0.511678,0.252442,-0.019882,0.512648,0.261765,-0.028133,0.000000,0.000000,0.000000,0.000000,0.000000,0.000000,0.000000,0.000000,0.000000,0.000000,0.000000,0.000000,0.000000,0.000000,0.000000,0.000000,0.000000,0.000000,0.000000,0.000000,0.000000,0.000000,0.000000,0.000000,0.000000,0.000000,0.000000,0.000000,0.000000,0.000000,0.000000,0.000000,0.000000,0.000000,0.000000,0.000000,0.000000,0.000000,0.000000,0.000000,0.000000,0.000000,0.000000,0.000000,0.000000,0.000000,0.000000,0.000000,0.000000,0.000000,0.000000,0.000000,0.000000,0.000000,0.000000,0.000000,0.000000,0.000000,0.000000,0.000000,0.000000,0.000000,0.000000,0.000000,0.000000,0.000000,0.000000,0.000000,0.000000,0.000000,0.000000,0.000000,0.000000,0.000000,0.000000,0.000000,0.000000,0.000000,0.000000,0.000000,0.000000,0.000000,0.000000,0.000000,0.000000,0.000000,0.000000,0.000000,0.000000,0.000000,0.000000,0.000000,0.000000,0.000000,0.000000,0.000000,0.000000,0.000000,0.000000,0.000000,0.000000,0.000000,0.000000,0.000000,0.000000,0.000000,0.000000,0.000000,0.000000,0.000000,0.000000,0.000000,0.000000,0.000000,0.000000,0.000000,0.000000,0.000000,0.000000,0.000000,0.000000,0.000000,0.000000,0.000000,0.000000,0.000000
0.036514,-1.813287,-1.663910,0.064016,-1.902023,-1.529557,0.081925,-1.899422,-1.530368,0.104521,-1.897485,-1.530439,-0.014315,-1.902289,-1.597182,-0.047708,-1.897917,-1.597528,-0.075555,-1.891745,-1.598729,0.121824,-1.848792,-0.727845,-0.127147,-1.831869,-1.009612,0.074810,-1.710740,-1.359983,-0.024319,-1.708195,-1.440116,0.312572,-1.241992,-0.020684,-0.317185,-1.320486,-0.793497,0.437813,-0.673637,0.022451,-0.447559,-0.656081,-0.868329,0.522260,-0.258219,-0.996841,-0.308057,-0.157669,-1.692324,0.561327,-0.120352,-1.218740,-0.264210,0.018947,-1.941300,0.524109,-0.155993,-1.370274,-0.195600,-0.029157,-2.049039,0.444116,-0.239127,-1.100299,-0.205212,-0.098435,-1.750272,0.209259,-0.007608,0.187652,-0.209259,0.007608,-0.187652,0.211193,0.995982,0.095382,-0.175479,1.013702,-0.452169,0.205831,1.930367,0.986222,-0.181265,1.977563,0.082516,0.200480,2.078240,1.015242,-0.226605,2.136806,0.102729,0.218687,2.212305,0.111444,-0.024826,2.251802,-0.919255,0.489426,0.356156,-0.007581,0.491553,0.352156,-0.012425,0.496467,0.347576,-0.017609,0.503085,0.341485,-0.022101,0.512974,0.336073,-0.025342,0.522531,0.336475,-0.025701,0.531399,0.333805,-0.023645,0.540655,0.336669,-0.018721,0.546715,0.341009,-0.013059,0.551067,0.344434,-0.006861,0.552939,0.347823,-0.001451,0.549991,0.351468,-0.007142,0.545839,0.354943,-0.013844,0.539830,0.359387,-0.018801,0.532207,0.362750,-0.023253,0.523673,0.364257,-0.024730,0.514654,0.364927,-0.024765,0.506031,0.363577,-0.022026,0.498555,0.360912,-0.018018,0.493271,0.358870,-0.012247,0.459349,0.249663,0.013256,0.461571,0.247783,0.010421,0.464223,0.245607,0.008236,0.468375,0.242706,0.006394,0.474532,0.240710,0.005215,0.480421,0.240643,0.005426,0.486708,0.242008,0.006992,0.491207,0.244977,0.008643,0.535480,0.244564,0.014278,0.537455,0.245576,0.014297,0.541108,0.246608,0.012821,0.546823,0.248047,0.012163,0.552892,0.248243,0.012925,0.559074,0.246888,0.015287,0.563054,0.245255,0.018147,0.565739,0.243816,0.020554,0.515387,0.231830,-0.006198,0.516404,0.243362,-0.012776,0.517442,0.253685,-0.020078,0.518451,0.263289,-0.028169,0.000000,0.000000,0.000000,0.000000,0.000000,0.000000,0.000000,0.000000,0.000000,0.000000,0.000000,0.000000,0.000000,0.000000,0.000000,0.000000,0.000000,0.000000,0.000000,0.000000,0.000000,0.000000,0.000000,0.000000,0.000000,0.000000,0.000000,0.000000,0.000000,0.000000,0.000000,0.000000,0.000000,0.000000,0.000000,0.000000,0.000000,0.000000,0.000000,0.000000,0.000000,0.000000,0.000000,0.000000,0.000000,0.000000,0.000000,0.000000,0.000000,0.000000,0.000000,0.000000,0.000000,0.000000,0.000000,0.000000,0.000000,0.000000,0.000000,0.000000,0.000000,0.000000,0.000000,0.000000,0.000000,0.000000,0.000000,0.000000,0.000000,0.000000,0.000000,0.000000,0.000000,0.000000,0.000000,0.000000,0.000000,0.000000,0.000000,0.000000,0.000000,0.000000,0.000000,0.000000,0.000000,0.000000,0.000000,0.000000,0.000000,0.000000,0.000000,0.000000,0.000000,0.000000,0.000000,0.000000,0.000000,0.000000,0.000000,0.000000,0.000000,0.000000,0.000000,0.000000,0.000000,0.000000,0.000000,0.000000,0.000000,0.000000,0.000000,0.000000,0.000000,0.000000,0.000000,0.000000,0.000000,0.000000,0.000000,0.000000,0.000000,0.000000,0.000000,0.000000,0.000000,0.000000
0.045415,-1.743168,-1.583368,0.070645,-1.829585,-1.454614,0.089171,-1.827238,-1.455412,0.112110,-1.824943,-1.455523,-0.002404,-1.830646,-1.520975,-0.035480,-1.826690,-1.521231,-0.063580,-1.820866,-1.522433,0.127119,-1.775348,-0.689067,-0.115160,-1.763440,-0.964271,0.079450,-1.641820,-1.292233,-0.014181,-1.639917,-1.371100,0.304547,-1.191230,0.012886,-0.298112,-1.271150,-0.781097,0.433001,-0.651225,0.121253,-0.427103,-0.630925,-0.807458,0.518706,-0.216009,-0.785784,-0.313524,-0.130611,-1.526233,0.561688,-0.077834,-0.973263,-0.290465,0.043886,-1.758367,0.533209,-0.098072,-1.136781,-0.223252,0.010972,-1.869331,0.496693,-0.143992,-0.892693,-0.224397,-0.056698,-1.586514,0.202264,-0.007510,0.185088,-0.202264,0.007510,-0.185088,0.204297,0.965794,0.146458,-0.170409,0.985096,-0.401202,0.198873,1.860404,1.045573,-0.170893,1.903248,0.204953,0.193349,2.002270,1.076881,-0.212849,2.051943,0.226898,0.214719,2.130509,0.219188,-0.023678,2.169705,-0.797681,0.493174,0.356768,-0.008030,0.495357,0.352943,-0.012878,0.500351,0.348561,-0.017980,0.507054,0.342682,-0.022360,0.516982,0.337491,-0.025485,0.526493,0.337970,-0.025737,0.535294,0.335458,-0.023582,0.544394,0.338342,-0.018548,0.550321,0.342624,-0.012837,0.554580,0.345957,-0.006588,0.556361,0.349212,-0.001103,0.553394,0.352731,-0.006875,0.549260,0.356099,-0.013644,0.543287,0.360422,-0.018636,0.535748,0.363650,-0.023135,0.527327,0.365052,-0.024701,0.518399,0.365618,-0.024854,0.509818,0.364206,-0.022273,0.502333,0.361512,-0.018341,0.497033,0.359443,-0.012646,0.462707,0.250146,0.012689,0.464939,0.248153,0.009858,0.467588,0.245884,0.007657,0.471776,0.242874,0.005822,0.478055,0.240866,0.004692,0.484088,0.240923,0.004975,0.490474,0.242594,0.006587,0.495056,0.245887,0.008286,0.539641,0.246165,0.014567,0.541646,0.247241,0.014613,0.545378,0.248290,0.013157,0.551171,0.249747,0.012539,0.557302,0.249982,0.013361,0.563498,0.248670,0.015821,0.567479,0.247035,0.018769,0.570135,0.245579,0.021230,0.519753,0.233231,-0.006446,0.520796,0.244914,-0.013074,0.521863,0.255345,-0.020418,0.522901,0.265027,-0.028543,0.000000,0.000000,0.000000,0.000000,0.000000,0.000000,0.000000,0.000000,0.000000,0.000000,0.000000,0.000000,0.000000,0.000000,0.000000,0.000000,0.000000,0.000000,0.000000,0.000000,0.000000,0.000000,0.000000,0.000000,0.000000,0.000000,0.000000,0.000000,0.000000,0.000000,0.000000,0.000000,0.000000,0.000000,0.000000,0.000000,0.000000,0.000000,0.000000,0.000000,0.000000,0.000000,0.000000,0.000000,0.000000,0.000000,0.000000,0.000000,0.000000,0.000000,0.000000,0.000000,0.000000,0.000000,0.000000,0.000000,0.000000,0.000000,0.000000,0.000000,0.000000,0.000000,0.000000,0.000000,0.000000,0.000000,0.000000,0.000000,0.000000,0.000000,0.000000,0.000000,0.000000,0.000000,0.000000,0.000000,0.000000,0.000000,0.000000,0.000000,0.000000,0.000000,0.000000,0.000000,0.000000,0.000000,0.000000,0.000000,0.000000,0.000000,0.000000,0.000000,0.000000,0.000000,0.000000,0.000000,0.000000,0.000000,0.000000,0.000000,0.000000,0.000000,0.000000,0.000000,0.000000,0.000000,0.000000,0.000000,0.000000,0.000000,0.000000,0.000000,0.000000,0.000000,0.000000,0.000000,0.000000,0.000000,0.000000,0.000000,0.000000,0.000000,0.000000,0.000000,0.000000,0.000000
0.055629,-1.934493,-1.621690,0.083873,-2.031761,-1.455997,0.103832,-2.028872,-1.457032,0.128115,-2.025899,-1.455997,0.002577,-2.033044,-1.525369,-0.034016,-2.028150,-1.525470,-0.065419,-2.021143,-1.525733,0.145275,-1.969784,-0.616090,-0.123299,-1.958733,-0.955163,0.093902,-1.820640,-1.256683,-0.010174,-1.818193,-1.348377,0.330825,-1.327477,0.134849,-0.328849,-1.406187,-0.612568,0.415505,-0.713459,-0.486523,-0.472542,-0.682452,-0.916746,0.503755,-0.711641,-2.369687,-0.330423,-0.260134,-2.149921,0.567333,-0.745428,-2.765725,-0.301354,-0.080383,-2.439033,0.521340,-0.872475,-2.833653,-0.241234,-0.172982,-2.585900,0.484930,-0.869221,-2.458043,-0.241276,-0.240946,-2.236048,0.214520,-0.006820,0.200182,-0.214520,0.006820,-0.200182,0.205603,0.963068,-0.054327,-0.202239,0.958812,-0.461353,0.204730,1.979413,0.737845,-0.218357,2.025671,-0.093276,0.198120,2.136018,0.755191,-0.280257,2.198670,-0.068298,0.235099,2.257041,-0.122010,-0.026264,2.314447,-1.126070,0.491006,0.356607,-0.006054,0.493035,0.352847,-0.011020,0.497730,0.348587,-0.016306,0.504074,0.342836,-0.020905,0.513721,0.337795,-0.024383,0.523144,0.338460,-0.024899,0.532013,0.335930,-0.023081,0.541266,0.338869,-0.018344,0.547314,0.343158,-0.012870,0.551701,0.346478,-0.006813,0.553643,0.349740,-0.001445,0.550638,0.353177,-0.006900,0.546461,0.356505,-0.013340,0.540399,0.360779,-0.018061,0.532745,0.364010,-0.022094,0.524209,0.365323,-0.023346,0.515303,0.365773,-0.023221,0.506893,0.364210,-0.020494,0.499705,0.361375,-0.016532,0.494685,0.359250,-0.010760,0.461599,0.249438,0.013485,0.463767,0.247825,0.010561,0.466420,0.245882,0.008291,0.470564,0.243287,0.006384,0.476720,0.241561,0.005025,0.482586,0.241604,0.005124,0.488808,0.242862,0.006578,0.493184,0.245641,0.008245,0.538074,0.246015,0.012760,0.539999,0.247003,0.012779,0.543574,0.248100,0.011251,0.549238,0.249720,0.010488,0.555310,0.250096,0.011152,0.561585,0.248950,0.013377,0.565658,0.247464,0.016129,0.568468,0.246139,0.018462,0.517398,0.233143,-0.007157,0.518114,0.244923,-0.013468,0.518863,0.255396,-0.020615,0.519593,0.265184,-0.028479,0.000000,0.000000,0.000000,0.000000,0.000000,0.000000,0.000000,0.000000,0.000000,0.000000,0.000000,0.000000,0.000000,0.000000,0.000000,0.000000,0.000000,0.000000,0.000000,0.000000,0.000000,0.000000,0.000000,0.000000,0.000000,0.000000,0.000000,0.000000,0.000000,0.000000,0.000000,0.000000,0.000000,0.000000,0.000000,0.000000,0.000000,0.000000,0.000000,0.000000,0.000000,0.000000,0.000000,0.000000,0.000000,0.000000,0.000000,0.000000,0.000000,0.000000,0.000000,0.000000,0.000000,0.000000,0.000000,0.000000,0.000000,0.000000,0.000000,0.000000,0.000000,0.000000,0.000000,0.732181,0.966133,0.000000,0.709738,0.939095,-0.022750,0.694952,0.909873,-0.041734,0.685302,0.888808,-0.058491,0.671749,0.869237,-0.075767,0.754262,0.851910,-0.032465,0.768697,0.817574,-0.051347,0.777291,0.801843,-0.067109,0.784799,0.793027,-0.077744,0.783434,0.869206,-0.033283,0.807549,0.835514,-0.047751,0.821603,0.820981,-0.060204,0.834421,0.811191,-0.069776,0.803075,0.896203,-0.036142,0.829761,0.865232,-0.049907,0.846618,0.850456,-0.058551,0.861182,0.838715,-0.064742,0.815182,0.931082,-0.040778,0.843059,0.909994,-0.052504,0.861127,0.898969,-0.056756,0.877368,0.888952,-0.059347
0.071556,-1.753162,-1.195728,0.097880,-1.842864,-1.047352,0.115659,-1.840234,-1.048061,0.136722,-1.837488,-1.047355,0.024011,-1.844055,-1.128638,-0.008999,-1.839875,-1.128571,-0.037633,-1.834149,-1.129602,0.151945,-1.789746,-0.259336,-0.090342,-1.779513,-0.621637,0.107046,-1.649814,-0.906438,0.012749,-1.648865,-1.013007,0.326039,-1.176330,0.295859,-0.279332,-1.273692,-0.494047,0.387974,-0.530742,-0.516023,-0.406524,-0.604315,-0.876408,0.449594,-1.008868,-2.071575,-0.223086,-0.371236,-1.693731,0.459774,-1.170783,-2.389402,-0.180020,-0.235978,-1.882487,0.443515,-1.225136,-2.354548,-0.152617,-0.338001,-1.974361,0.415940,-1.172350,-2.106076,-0.166132,-0.385760,-1.754375,0.202441,0.004213,0.256538,-0.202441,-0.004213,-0.256538,0.197456,0.962012,0.220519,-0.206840,0.946141,-0.258759,0.163230,1.819730,0.935409,-0.235268,1.830795,0.217567,0.159638,1.944840,0.955899,-0.292101,1.990339,0.228628,0.186904,2.081027,0.138770,-0.071447,2.093008,-0.722461,0.487335,0.358194,-0.006005,0.489511,0.354442,-0.011085,0.494398,0.350256,-0.016468,0.500949,0.344566,-0.021146,0.510745,0.339679,-0.024648,0.520249,0.340436,-0.025115,0.529189,0.337962,-0.023239,0.538456,0.340928,-0.018351,0.544504,0.345247,-0.012710,0.548893,0.348568,-0.006483,0.550808,0.351835,-0.000934,0.547749,0.355261,-0.006521,0.543488,0.358580,-0.013096,0.537331,0.362882,-0.017939,0.529591,0.366132,-0.022161,0.520951,0.367426,-0.023491,0.511944,0.367777,-0.023414,0.503434,0.366092,-0.020616,0.496148,0.363124,-0.016597,0.491033,0.360903,-0.010747,0.458460,0.250041,0.013251,0.460623,0.248223,0.010309,0.463248,0.246102,0.008024,0.467416,0.243264,0.006061,0.473685,0.241383,0.004732,0.479693,0.241466,0.004885,0.486035,0.243037,0.006403,0.490530,0.246193,0.008082,0.535581,0.246899,0.012977,0.537547,0.247963,0.012990,0.541223,0.249065,0.011473,0.546999,0.250698,0.010741,0.553177,0.251095,0.011448,0.559486,0.249944,0.013738,0.563570,0.248406,0.016566,0.566333,0.247019,0.018941,0.515010,0.234076,-0.007637,0.515743,0.245784,-0.014042,0.516505,0.256322,-0.021239,0.517248,0.266161,-0.029186,0.000000,0.000000,0.000000,0.000000,0.000000,0.000000,0.000000,0.000000,0.000000,0.000000,0.000000,0.000000,0.000000,0.000000,0.000000,0.000000,0.000000,0.000000,0.000000,0.000000,0.000000,0.000000,0.000000,0.000000,0.000000,0.000000,0.000000,0.000000,0.000000,0.000000,0.000000,0.000000,0.000000,0.000000,0.000000,0.000000,0.000000,0.000000,0.000000,0.000000,0.000000,0.000000,0.000000,0.000000,0.000000,0.000000,0.000000,0.000000,0.000000,0.000000,0.000000,0.000000,0.000000,0.000000,0.000000,0.000000,0.000000,0.000000,0.000000,0.000000,0.000000,0.000000,0.000000,0.731604,0.746759,0.000000,0.693597,0.706208,-0.022886,0.667546,0.658965,-0.040036,0.647195,0.620954,-0.054958,0.624294,0.592728,-0.070520,0.726630,0.590540,-0.032888,0.735362,0.523069,-0.051841,0.742540,0.482123,-0.066257,0.750940,0.447451,-0.076692,0.757176,0.598996,-0.035585,0.773793,0.527606,-0.051647,0.785599,0.483207,-0.064370,0.797181,0.445554,-0.074236,0.781976,0.621780,-0.040505,0.804681,0.556822,-0.057239,0.817792,0.516126,-0.067429,0.829347,0.479123,-0.074964,0.802128,0.655355,-0.047129,0.827638,0.613277,-0.062740,0.842883,0.583439,-0.068785,0.856460,0.553361,-0.072769
0.069946,-1.829866,-1.193763,0.099946,-1.923897,-1.045036,0.118910,-1.920892,-1.045695,0.140977,-1.917665,-1.044991,0.020270,-1.926133,-1.123903,-0.013642,-1.922285,-1.123701,-0.043038,-1.916658,-1.124737,0.157967,-1.868196,-0.257766,-0.098416,-1.857987,-0.609060,0.110344,-1.721198,-0.904830,0.009047,-1.722138,-1.007800,0.338889,-1.232649,0.310436,-0.293182,-1.331968,-0.458083,0.445781,-0.540486,-0.475386,-0.427582,-0.622293,-0.652834,0.471301,-1.061927,-1.960021,-0.288669,-0.173701,-1.309833,0.478209,-1.229416,-2.276643,-0.258895,0.010209,-1.469628,0.465896,-1.289368,-2.182065,-0.214750,-0.071263,-1.597278,0.440703,-1.237682,-1.979201,-0.223463,-0.137500,-1.379244,0.217529,0.004921,0.262106,-0.217529,-0.004921,-0.262106,0.221119,1.074083,0.196678,-0.215443,1.061164,-0.235855,0.183657,2.002892,0.869199,-0.240271,2.012280,0.214309,0.179194,2.135400,0.885121,-0.298762,2.156678,0.223340,0.207329,2.278713,0.047169,-0.063577,2.288320,-0.752515,0.485975,0.358256,-0.006714,0.488070,0.354489,-0.011764,0.492954,0.350184,-0.017113,0.499579,0.344385,-0.021759,0.509487,0.339341,-0.025217,0.519061,0.340018,-0.025682,0.528068,0.337585,-0.023770,0.537438,0.340672,-0.018904,0.543548,0.345106,-0.013275,0.547955,0.348535,-0.007047,0.549823,0.351822,-0.001514,0.546748,0.355308,-0.007190,0.542474,0.358613,-0.013856,0.536307,0.362877,-0.018749,0.528569,0.366077,-0.023053,0.519965,0.367357,-0.024401,0.510965,0.367758,-0.024327,0.502407,0.366142,-0.021485,0.495011,0.363225,-0.017411,0.489785,0.361027,-0.011499,0.456449,0.250176,0.013929,0.458667,0.248278,0.010972,0.461344,0.246080,0.008675,0.465575,0.243163,0.006699,0.471911,0.241245,0.005372,0.477954,0.241337,0.005518,0.484316,0.242978,0.007047,0.488847,0.246208,0.008705,0.534392,0.246882,0.013640,0.536386,0.247975,0.013638,0.540116,0.249064,0.012094,0.545938,0.250652,0.011344,0.552155,0.251016,0.012044,0.558499,0.249829,0.014367,0.562610,0.248277,0.017243,0.565383,0.246870,0.019655,0.513593,0.233873,-0.007108,0.514381,0.245629,-0.013681,0.515207,0.256270,-0.021021,0.515997,0.266201,-0.029120,0.000000,0.000000,0.000000,0.000000,0.000000,0.000000,0.000000,0.000000,0.000000,0.000000,0.000000,0.000000,0.000000,0.000000,0.000000,0.000000,0.000000,0.000000,0.000000,0.000000,0.000000,0.000000,0.000000,0.000000,0.000000,0.000000,0.000000,0.000000,0.000000,0.000000,0.000000,0.000000,0.000000,0.000000,0.000000,0.000000,0.000000,0.000000,0.000000,0.000000,0.000000,0.000000,0.000000,0.000000,0.000000,0.000000,0.000000,0.000000,0.000000,0.000000,0.000000,0.000000,0.000000,0.000000,0.000000,0.000000,0.000000,0.000000,0.000000,0.000000,0.000000,0.000000,0.000000,0.732057,0.737558,0.000000,0.692491,0.698891,-0.024765,0.668439,0.650906,-0.042343,0.651652,0.609452,-0.057446,0.630736,0.575698,-0.073030,0.729627,0.578494,-0.032968,0.738849,0.511875,-0.052211,0.746040,0.471083,-0.066934,0.754198,0.436115,-0.077841,0.760100,0.587564,-0.035573,0.776592,0.516647,-0.052796,0.788160,0.471866,-0.066612,0.799312,0.433518,-0.077128,0.784267,0.611430,-0.040685,0.807580,0.546587,-0.058693,0.821290,0.505264,-0.069950,0.833232,0.467369,-0.078155,0.803616,0.646293,-0.047691,0.829310,0.604386,-0.064667,0.844440,0.573469,-0.071950,0.857891,0.542013,-0.076812
0.071035,-1.926104,-1.512998,0.102019,-2.026304,-1.359265,0.122119,-2.022949,-1.360023,0.145497,-2.019345,-1.359550,0.018703,-2.029117,-1.437673,-0.016973,-2.024962,-1.437763,-0.047813,-2.018845,-1.438924,0.162950,-1.968972,-0.473142,-0.105421,-1.959091,-0.831142,0.112358,-1.809500,-1.182600,0.006783,-1.809902,-1.285861,0.359114,-1.304346,0.182988,-0.307156,-1.410833,-0.555069,0.408879,-0.566507,-0.704473,-0.444917,-0.675961,-0.877378,0.496003,-0.962222,-2.438926,-0.362701,-0.236504,-1.993378,0.519446,-1.161975,-2.798159,-0.366562,-0.064270,-2.242250,0.506450,-1.264868,-2.769168,-0.319558,-0.133188,-2.385538,0.472563,-1.200731,-2.489989,-0.310666,-0.196169,-2.082467,0.225923,0.007066,0.232832,-0.225923,-0.007066,-0.232832,0.212885,1.082143,0.190215,-0.237641,1.056485,-0.410926,0.182182,2.051979,1.006425,-0.266203,2.060887,0.115066,0.178021,2.195760,1.030799,-0.328145,2.217887,0.124982,0.193395,2.341160,0.132113,-0.088467,2.350960,-0.940344,0.487025,0.358292,-0.006500,0.489162,0.354469,-0.011608,0.494045,0.350211,-0.016957,0.500643,0.344432,-0.021602,0.510534,0.339432,-0.025035,0.520111,0.340109,-0.025458,0.529058,0.337601,-0.023496,0.538323,0.340574,-0.018557,0.544350,0.344940,-0.012865,0.548718,0.348325,-0.006584,0.550615,0.351657,-0.000979,0.547582,0.355220,-0.006617,0.543384,0.358678,-0.013232,0.537285,0.363123,-0.018101,0.529586,0.366447,-0.022389,0.520983,0.367799,-0.023756,0.511924,0.368157,-0.023756,0.503357,0.366454,-0.020994,0.495992,0.363397,-0.016999,0.490805,0.361097,-0.011209,0.457016,0.249891,0.013287,0.459210,0.247982,0.010333,0.461857,0.245778,0.008034,0.466056,0.242816,0.006059,0.472395,0.240867,0.004737,0.478488,0.240952,0.004913,0.484916,0.242602,0.006464,0.489494,0.245860,0.008161,0.534936,0.246430,0.013333,0.536941,0.247497,0.013348,0.540685,0.248568,0.011829,0.546523,0.250133,0.011117,0.552736,0.250478,0.011842,0.559055,0.249269,0.014191,0.563141,0.247702,0.017077,0.565896,0.246306,0.019499,0.514306,0.233583,-0.007576,0.515157,0.245370,-0.014071,0.516030,0.255992,-0.021347,0.516881,0.265892,-0.029385,0.000000,0.000000,0.000000,0.000000,0.000000,0.000000,0.000000,0.000000,0.000000,0.000000,0.000000,0.000000,0.000000,0.000000,0.000000,0.000000,0.000000,0.000000,0.000000,0.000000,0.000000,0.000000,0.000000,0.000000,0.000000,0.000000,0.000000,0.000000,0.000000,0.000000,0.000000,0.000000,0.000000,0.000000,0.000000,0.000000,0.000000,0.000000,0.000000,0.000000,0.000000,0.000000,0.000000,0.000000,0.000000,0.000000,0.000000,0.000000,0.000000,0.000000,0.000000,0.000000,0.000000,0.000000,0.000000,0.000000,0.000000,0.000000,0.000000,0.000000,0.000000,0.000000,0.000000,0.731868,0.814878,0.000000,0.699045,0.766909,-0.015845,0.682347,0.708117,-0.026472,0.672839,0.665325,-0.036389,0.662531,0.629211,-0.045916,0.736811,0.651249,-0.014485,0.744751,0.596019,-0.031286,0.748113,0.568004,-0.045677,0.749550,0.548537,-0.055545,0.766579,0.665038,-0.018427,0.782685,0.609179,-0.033833,0.789293,0.585931,-0.045636,0.792337,0.572321,-0.052922,0.789638,0.692213,-0.025059,0.809567,0.642973,-0.039391,0.817998,0.616188,-0.045466,0.822183,0.594087,-0.048966,0.807040,0.730365,-0.033312,0.827337,0.697728,-0.045834,0.835461,0.674142,-0.048975,0.839732,0.651599,-0.050203
0.045026,-1.872794,-1.643720,0.077181,-1.967837,-1.513795,0.096466,-1.964628,-1.514664,0.119572,-1.961256,-1.514795,-0.004564,-1.970084,-1.574729,-0.038949,-1.965873,-1.575034,-0.067419,-1.959791,-1.576286,0.139291,-1.910387,-0.714307,-0.120847,-1.902268,-0.963705,0.085874,-1.761226,-1.338260,-0.017380,-1.759848,-1.409035,0.340265,-1.291256,-0.005262,-0.315579,-1.381499,-0.754742,0.451372,-0.705856,0.057307,-0.449301,-0.672508,-0.810236,0.545195,-0.217677,-0.925201,-0.376509,-0.133380,-1.638245,0.587567,-0.056121,-1.151402,-0.362153,0.048435,-1.902857,0.546624,-0.081710,-1.318046,-0.279402,0.006592,-2.039597,0.508341,-0.136451,-1.036803,-0.272270,-0.062710,-1.709884,0.219859,-0.005704,0.186866,-0.219859,0.005704,-0.186866,0.219955,1.040560,-0.019869,-0.178052,1.062134,-0.480669,0.217024,2.014006,0.793820,-0.170658,2.059719,-0.003772,0.212292,2.170903,0.812342,-0.220560,2.223341,0.000719,0.236644,2.295248,-0.101060,0.004703,2.340966,-1.071271,0.487800,0.358233,-0.006730,0.489847,0.354367,-0.011779,0.494638,0.349940,-0.017087,0.501157,0.344002,-0.021702,0.511032,0.338785,-0.025131,0.520624,0.339329,-0.025609,0.529616,0.336757,-0.023688,0.538971,0.339741,-0.018847,0.545018,0.344141,-0.013253,0.549385,0.347583,-0.007058,0.551256,0.350930,-0.001529,0.548224,0.354480,-0.007170,0.544019,0.357924,-0.013746,0.537900,0.362366,-0.018569,0.530199,0.365720,-0.022796,0.521626,0.367124,-0.024097,0.512609,0.367596,-0.024054,0.504069,0.366038,-0.021282,0.496728,0.363137,-0.017285,0.491562,0.360960,-0.011478,0.457259,0.249885,0.013832,0.459458,0.247929,0.010868,0.462091,0.245673,0.008577,0.466289,0.242647,0.006584,0.472614,0.240626,0.005252,0.478705,0.240663,0.005397,0.485119,0.242283,0.006918,0.489710,0.245527,0.008592,0.535382,0.245591,0.013522,0.537378,0.246635,0.013510,0.541111,0.247662,0.011964,0.546961,0.249161,0.011226,0.553191,0.249447,0.011923,0.559539,0.248182,0.014241,0.563657,0.246567,0.017108,0.566446,0.245113,0.019523,0.514494,0.232959,-0.007241,0.515352,0.244761,-0.013790,0.516241,0.255447,-0.021105,0.517107,0.265430,-0.029175,0.000000,0.000000,0.000000,0.000000,0.000000,0.000000,0.000000,0.000000,0.000000,0.000000,0.000000,0.000000,0.000000,0.000000,0.000000,0.000000,0.000000,0.000000,0.000000,0.000000,0.000000,0.000000,0.000000,0.000000,0.000000,0.000000,0.000000,0.000000,0.000000,0.000000,0.000000,0.000000,0.000000,0.000000,0.000000,0.000000,0.000000,0.000000,0.000000,0.000000,0.000000,0.000000,0.000000,0.000000,0.000000,0.000000,0.000000,0.000000,0.000000,0.000000,0.000000,0.000000,0.000000,0.000000,0.000000,0.000000,0.000000,0.000000,0.000000,0.000000,0.000000,0.000000,0.000000,0.000000,0.000000,0.000000,0.000000,0.000000,0.000000,0.000000,0.000000,0.000000,0.000000,0.000000,0.000000,0.000000,0.000000,0.000000,0.000000,0.000000,0.000000,0.000000,0.000000,0.000000,0.000000,0.000000,0.000000,0.000000,0.000000,0.000000,0.000000,0.000000,0.000000,0.000000,0.000000,0.000000,0.000000,0.000000,0.000000,0.000000,0.000000,0.000000,0.000000,0.000000,0.000000,0.000000,0.000000,0.000000,0.000000,0.000000,0.000000,0.000000,0.000000,0.000000,0.000000,0.000000,0.000000,0.000000,0.000000,0.000000,0.000000,0.000000,0.000000,0.000000,0.000000,0.000000
0.034838,-1.742637,-1.487309,0.064354,-1.830054,-1.364947,0.082401,-1.827397,-1.365720,0.104039,-1.824370,-1.365872,-0.011731,-1.831725,-1.425462,-0.043311,-1.827674,-1.425633,-0.069508,-1.821919,-1.426775,0.122309,-1.776476,-0.617221,-0.118737,-1.770023,-0.876628,0.072446,-1.639057,-1.205757,-0.022662,-1.637554,-1.275954,0.298541,-1.205656,0.070854,-0.297416,-1.291390,-0.727571,0.415628,-0.661124,0.169055,-0.429205,-0.636869,-0.838193,0.528709,-0.200376,-0.674652,-0.388669,-0.133288,-1.642899,0.573793,-0.056069,-0.847130,-0.390169,0.039226,-1.880831,0.547779,-0.070917,-1.012251,-0.316148,0.014489,-1.993135,0.510177,-0.116131,-0.779692,-0.305183,-0.049377,-1.707223,0.202938,-0.010491,0.194986,-0.202938,0.010491,-0.194986,0.211514,0.969066,0.115504,-0.157398,0.998694,-0.427037,0.219329,1.868576,0.961335,-0.150840,1.918012,0.101971,0.214054,2.012880,0.988165,-0.196822,2.065015,0.117328,0.249228,2.137091,0.168796,0.011647,2.188801,-0.870507,0.490234,0.357425,-0.006563,0.492426,0.353565,-0.011643,0.497392,0.349291,-0.017007,0.504077,0.343519,-0.021672,0.514046,0.338520,-0.025043,0.523668,0.339216,-0.025422,0.532655,0.336703,-0.023405,0.541988,0.339649,-0.018431,0.548083,0.344004,-0.012662,0.552525,0.347383,-0.006323,0.554464,0.350751,-0.000730,0.551392,0.354447,-0.006358,0.547133,0.358020,-0.013049,0.540972,0.362517,-0.017996,0.533210,0.365849,-0.022423,0.524547,0.367191,-0.023870,0.515402,0.367562,-0.023885,0.506755,0.365837,-0.021079,0.499315,0.362744,-0.017036,0.494059,0.360344,-0.011225,0.461069,0.249662,0.013090,0.463263,0.247743,0.010186,0.465904,0.245537,0.007926,0.470086,0.242588,0.005986,0.476373,0.240676,0.004723,0.482422,0.240795,0.004917,0.488823,0.242484,0.006479,0.493387,0.245775,0.008155,0.538301,0.246495,0.013513,0.540288,0.247557,0.013529,0.544012,0.248631,0.012032,0.549819,0.250180,0.011347,0.555987,0.250517,0.012093,0.562260,0.249319,0.014448,0.566319,0.247762,0.017329,0.569056,0.246369,0.019740,0.517926,0.233561,-0.007333,0.518767,0.245183,-0.013826,0.519628,0.255665,-0.021071,0.520472,0.265431,-0.029105,0.000000,0.000000,0.000000,0.000000,0.000000,0.000000,0.000000,0.000000,0.000000,0.000000,0.000000,0.000000,0.000000,0.000000,0.000000,0.000000,0.000000,0.000000,0.000000,0.000000,0.000000,0.000000,0.000000,0.000000,0.000000,0.000000,0.000000,0.000000,0.000000,0.000000,0.000000,0.000000,0.000000,0.000000,0.000000,0.000000,0.000000,0.000000,0.000000,0.000000,0.000000,0.000000,0.000000,0.000000,0.000000,0.000000,0.000000,0.000000,0.000000,0.000000,0.000000,0.000000,0.000000,0.000000,0.000000,0.000000,0.000000,0.000000,0.000000,0.000000,0.000000,0.000000,0.000000,0.000000,0.000000,0.000000,0.000000,0.000000,0.000000,0.000000,0.000000,0.000000,0.000000,0.000000,0.000000,0.000000,0.000000,0.000000,0.000000,0.000000,0.000000,0.000000,0.000000,0.000000,0.000000,0.000000,0.000000,0.000000,0.000000,0.000000,0.000000,0.000000,0.000000,0.000000,0.000000,0.000000,0.000000,0.000000,0.000000,0.000000,0.000000,0.000000,0.000000,0.000000,0.000000,0.000000,0.000000,0.000000,0.000000,0.000000,0.000000,0.000000,0.000000,0.000000,0.000000,0.000000,0.000000,0.000000,0.000000,0.000000,0.000000,0.000000,0.000000,0.000000,0.000000,0.000000
0.035112,-1.749643,-1.485947,0.062564,-1.838381,-1.363316,0.081028,-1.836093,-1.364092,0.103247,-1.833330,-1.364282,-0.013052,-1.840104,-1.425083,-0.044288,-1.836169,-1.425254,-0.070942,-1.830715,-1.426423,0.120837,-1.786074,-0.616356,-0.121075,-1.779697,-0.872776,0.071210,-1.646571,-1.201520,-0.021840,-1.644825,-1.273134,0.295399,-1.215427,0.069979,-0.300190,-1.296985,-0.729141,0.412643,-0.668684,0.205435,-0.436680,-0.642837,-0.825014,0.530576,-0.193117,-0.630758,-0.413902,-0.133149,-1.630996,0.580607,-0.045578,-0.800954,-0.418669,0.038841,-1.870507,0.555812,-0.056960,-0.979687,-0.348694,0.015166,-1.989201,0.516087,-0.103602,-0.741977,-0.336468,-0.047964,-1.699112,0.203695,-0.011187,0.197005,-0.203695,0.011187,-0.197005,0.214370,0.974085,0.131662,-0.161589,1.005997,-0.351070,0.227558,1.873512,0.993226,-0.148998,1.920502,0.171451,0.222072,2.019591,1.021782,-0.193847,2.065398,0.186675,0.266122,2.137606,0.199307,0.017885,2.189770,-0.801389,0.492324,0.357961,-0.005918,0.494571,0.354206,-0.011066,0.499597,0.350080,-0.016485,0.506343,0.344482,-0.021197,0.516347,0.339686,-0.024625,0.525994,0.340427,-0.024993,0.534994,0.337935,-0.023016,0.544275,0.340760,-0.017998,0.550328,0.344979,-0.012189,0.554723,0.348247,-0.005799,0.556626,0.351523,-0.000130,0.553553,0.355207,-0.005733,0.549278,0.358772,-0.012422,0.543105,0.363255,-0.017364,0.535346,0.366562,-0.021796,0.526683,0.367891,-0.023239,0.517537,0.368209,-0.023248,0.508891,0.366442,-0.020424,0.501436,0.363316,-0.016372,0.496156,0.360894,-0.010554,0.463529,0.249826,0.012637,0.465699,0.247884,0.009702,0.468323,0.245636,0.007424,0.472502,0.242622,0.005447,0.478826,0.240665,0.004164,0.484925,0.240791,0.004359,0.491365,0.242620,0.005942,0.495977,0.246073,0.007638,0.540846,0.246988,0.013010,0.542816,0.248060,0.013032,0.546553,0.249119,0.011554,0.552388,0.250687,0.010871,0.558596,0.251056,0.011616,0.564903,0.249861,0.013962,0.568989,0.248293,0.016844,0.571739,0.246877,0.019247,0.520601,0.234243,-0.008013,0.521418,0.245992,-0.014410,0.522265,0.256664,-0.021571,0.523088,0.266606,-0.029497,0.000000,0.000000,0.000000,0.000000,0.000000,0.000000,0.000000,0.000000,0.000000,0.000000,0.000000,0.000000,0.000000,0.000000,0.000000,0.000000,0.000000,0.000000,0.000000,0.000000,0.000000,0.000000,0.000000,0.000000,0.000000,0.000000,0.000000,0.000000,0.000000,0.000000,0.000000,0.000000,0.000000,0.000000,0.000000,0.000000,0.000000,0.000000,0.000000,0.000000,0.000000,0.000000,0.000000,0.000000,0.000000,0.000000,0.000000,0.000000,0.000000,0.000000,0.000000,0.000000,0.000000,0.000000,0.000000,0.000000,0.000000,0.000000,0.000000,0.000000,0.000000,0.000000,0.000000,0.000000,0.000000,0.000000,0.000000,0.000000,0.000000,0.000000,0.000000,0.000000,0.000000,0.000000,0.000000,0.000000,0.000000,0.000000,0.000000,0.000000,0.000000,0.000000,0.000000,0.000000,0.000000,0.000000,0.000000,0.000000,0.000000,0.000000,0.000000,0.000000,0.000000,0.000000,0.000000,0.000000,0.000000,0.000000,0.000000,0.000000,0.000000,0.000000,0.000000,0.000000,0.000000,0.000000,0.000000,0.000000,0.000000,0.000000,0.000000,0.000000,0.000000,0.000000,0.000000,0.000000,0.000000,0.000000,0.000000,0.000000,0.000000,0.000000,0.000000,0.000000,0.000000,0.000000
0.036509,-1.773640,-1.463418,0.063069,-1.863449,-1.341110,0.082262,-1.860897,-1.341939,0.105267,-1.857844,-1.342106,-0.013175,-1.866645,-1.408572,-0.044818,-1.863018,-1.408908,-0.072190,-1.857851,-1.410164,0.122714,-1.811542,-0.582117,-0.123858,-1.806539,-0.859133,0.072715,-1.669060,-1.172040,-0.021066,-1.668330,-1.251372,0.296213,-1.233671,0.134933,-0.304606,-1.314478,-0.660051,0.405682,-0.679280,-0.020502,-0.446350,-0.650489,-0.793740,0.476430,-0.383208,-1.244541,-0.396701,-0.157755,-1.756325,0.492284,-0.286258,-1.499198,-0.383573,0.022380,-2.007371,0.430249,-0.447194,-1.587568,-0.308884,-0.026198,-2.107726,0.394185,-0.483732,-1.326350,-0.303708,-0.091387,-1.815074,0.206877,-0.011113,0.210692,-0.206877,0.011113,-0.210692,0.217607,0.982845,0.047749,-0.169096,0.996505,-0.499532,0.229630,1.901767,0.790583,-0.159784,1.944722,-0.066128,0.221609,2.051019,0.807634,-0.214620,2.094789,-0.060842,0.274478,2.166945,-0.033634,0.028889,2.212775,-1.074981,0.492494,0.356433,-0.005308,0.494721,0.352727,-0.010446,0.499653,0.348671,-0.015932,0.506265,0.343135,-0.020733,0.516086,0.338418,-0.024316,0.525599,0.339299,-0.024845,0.534572,0.336808,-0.023039,0.543899,0.339697,-0.018235,0.550054,0.343928,-0.012581,0.554548,0.347155,-0.006330,0.556557,0.350400,-0.000778,0.553407,0.354049,-0.006239,0.549064,0.357623,-0.012816,0.542841,0.362102,-0.017676,0.535045,0.365431,-0.021959,0.526333,0.366736,-0.023266,0.517251,0.366993,-0.023091,0.508708,0.365139,-0.020107,0.501402,0.361913,-0.015967,0.496253,0.359402,-0.010021,0.464745,0.247962,0.013444,0.466883,0.246099,0.010496,0.469503,0.243934,0.008197,0.473649,0.241035,0.006217,0.479907,0.239204,0.004834,0.485917,0.239391,0.004937,0.492253,0.241154,0.006387,0.496750,0.244515,0.008030,0.541503,0.245679,0.012479,0.543447,0.246764,0.012488,0.547117,0.247903,0.010964,0.552884,0.249571,0.010197,0.559065,0.250023,0.010849,0.565400,0.248889,0.013078,0.569510,0.247337,0.015862,0.572307,0.245915,0.018203,0.520958,0.232502,-0.007811,0.521580,0.244265,-0.014125,0.522240,0.254850,-0.021245,0.522874,0.264738,-0.029118,0.000000,0.000000,0.000000,0.000000,0.000000,0.000000,0.000000,0.000000,0.000000,0.000000,0.000000,0.000000,0.000000,0.000000,0.000000,0.000000,0.000000,0.000000,0.000000,0.000000,0.000000,0.000000,0.000000,0.000000,0.000000,0.000000,0.000000,0.000000,0.000000,0.000000,0.000000,0.000000,0.000000,0.000000,0.000000,0.000000,0.000000,0.000000,0.000000,0.000000,0.000000,0.000000,0.000000,0.000000,0.000000,0.000000,0.000000,0.000000,0.000000,0.000000,0.000000,0.000000,0.000000,0.000000,0.000000,0.000000,0.000000,0.000000,0.000000,0.000000,0.000000,0.000000,0.000000,0.000000,0.000000,0.000000,0.000000,0.000000,0.000000,0.000000,0.000000,0.000000,0.000000,0.000000,0.000000,0.000000,0.000000,0.000000,0.000000,0.000000,0.000000,0.000000,0.000000,0.000000,0.000000,0.000000,0.000000,0.000000,0.000000,0.000000,0.000000,0.000000,0.000000,0.000000,0.000000,0.000000,0.000000,0.000000,0.000000,0.000000,0.000000,0.000000,0.000000,0.000000,0.000000,0.000000,0.000000,0.000000,0.000000,0.000000,0.000000,0.000000,0.000000,0.000000,0.000000,0.000000,0.000000,0.000000,0.000000,0.000000,0.000000,0.000000,0.000000,0.000000,0.000000,0.000000
0.077833,-1.812308,-1.157732,0.105812,-1.907222,-1.023519,0.125652,-1.904674,-1.024073,0.148820,-1.901809,-1.023279,0.025796,-1.909676,-1.104048,-0.007344,-1.905661,-1.103842,-0.036202,-1.899879,-1.104827,0.166670,-1.856169,-0.279942,-0.091385,-1.846098,-0.633995,0.116289,-1.702315,-0.882411,0.018653,-1.701018,-0.985784,0.358992,-1.220933,0.276938,-0.279455,-1.328952,-0.484880,0.403356,-0.537811,-0.545965,-0.422523,-0.624839,-0.659054,0.438694,-0.955557,-2.102361,-0.356071,-0.080249,-1.273824,0.458558,-1.142515,-2.422297,-0.363264,0.129944,-1.425348,0.451079,-1.221354,-2.472303,-0.316311,0.080822,-1.572837,0.418902,-1.157615,-2.169935,-0.305598,0.004140,-1.348457,0.216232,0.007204,0.227580,-0.216232,-0.007204,-0.227580,0.192793,1.046593,0.168537,-0.247999,1.023457,-0.246538,0.134791,1.977407,0.842438,-0.282984,1.977275,0.166306,0.130407,2.107308,0.857561,-0.335741,2.128069,0.172503,0.156004,2.253791,0.051927,-0.108662,2.266056,-0.787194,0.492469,0.359512,-0.003222,0.494372,0.355833,-0.008384,0.498855,0.351751,-0.013920,0.505018,0.346257,-0.018844,0.514610,0.341413,-0.022638,0.524076,0.342182,-0.023318,0.533166,0.339535,-0.021785,0.542705,0.342241,-0.017163,0.548952,0.346265,-0.011682,0.553463,0.349362,-0.005604,0.555499,0.352546,-0.000169,0.552416,0.356243,-0.005257,0.548130,0.359974,-0.011437,0.541923,0.364593,-0.015977,0.534093,0.368047,-0.019743,0.525356,0.369426,-0.020764,0.516331,0.369755,-0.020430,0.507970,0.367984,-0.017557,0.500921,0.364810,-0.013549,0.496069,0.362378,-0.007805,0.463947,0.251939,0.012747,0.466145,0.250835,0.009710,0.468868,0.249313,0.007395,0.473031,0.247192,0.005420,0.479052,0.245747,0.003895,0.484721,0.245642,0.003848,0.490757,0.246289,0.005263,0.494904,0.248353,0.006971,0.540172,0.248302,0.010411,0.541941,0.249052,0.010422,0.545305,0.250093,0.008897,0.550794,0.251726,0.008078,0.556749,0.252187,0.008664,0.563122,0.251188,0.010714,0.567345,0.249885,0.013262,0.570395,0.248739,0.015476,0.518801,0.236333,-0.008984,0.519303,0.248444,-0.014817,0.519870,0.259215,-0.021552,0.520407,0.269277,-0.028950,0.000000,0.000000,0.000000,0.000000,0.000000,0.000000,0.000000,0.000000,0.000000,0.000000,0.000000,0.000000,0.000000,0.000000,0.000000,0.000000,0.000000,0.000000,0.000000,0.000000,0.000000,0.000000,0.000000,0.000000,0.000000,0.000000,0.000000,0.000000,0.000000,0.000000,0.000000,0.000000,0.000000,0.000000,0.000000,0.000000,0.000000,0.000000,0.000000,0.000000,0.000000,0.000000,0.000000,0.000000,0.000000,0.000000,0.000000,0.000000,0.000000,0.000000,0.000000,0.000000,0.000000,0.000000,0.000000,0.000000,0.000000,0.000000,0.000000,0.000000,0.000000,0.000000,0.000000,0.703942,0.781912,0.000000,0.667075,0.735237,-0.017150,0.645959,0.679625,-0.029353,0.629167,0.636786,-0.040222,0.608535,0.606284,-0.051707,0.706063,0.623742,-0.020714,0.717222,0.562981,-0.034958,0.725704,0.525133,-0.047078,0.734916,0.493290,-0.056151,0.734855,0.635413,-0.024389,0.751790,0.571220,-0.036791,0.764114,0.529530,-0.048260,0.776112,0.493936,-0.057059,0.757450,0.659412,-0.030139,0.780202,0.601998,-0.044121,0.794696,0.564742,-0.053850,0.807181,0.531308,-0.060704,0.774765,0.693062,-0.037170,0.800119,0.653700,-0.050355,0.815392,0.625792,-0.055651,0.828614,0.598352,-0.058963
0.074997,-1.730260,-0.938497,0.103185,-1.821021,-0.809037,0.121976,-1.818090,-0.809386,0.142933,-1.814911,-0.808611,0.026384,-1.824604,-0.896391,-0.005554,-1.821273,-0.896026,-0.033659,-1.816313,-0.896924,0.157447,-1.771093,-0.128634,-0.087272,-1.764421,-0.516491,0.113320,-1.626024,-0.687356,0.018891,-1.626083,-0.800824,0.297329,-1.175355,0.363156,-0.267149,-1.275398,-0.456207,0.400229,-0.517772,-0.351124,-0.394011,-0.586153,-0.566301,0.443040,-1.018355,-1.639946,-0.321433,0.020626,-0.992096,0.452982,-1.191222,-1.901802,-0.324819,0.218869,-1.103215,0.432203,-1.258577,-1.789712,-0.275518,0.179889,-1.246738,0.402576,-1.204817,-1.647801,-0.267698,0.109792,-1.061281,0.206273,0.008079,0.263975,-0.206273,-0.008079,-0.263975,0.202915,1.063075,0.201398,-0.201289,1.047967,-0.234427,0.155990,1.951859,0.836023,-0.221937,1.964159,0.145724,0.149840,2.084447,0.851997,-0.286021,2.107105,0.151296,0.212805,2.209649,0.118358,-0.031229,2.226227,-0.720231,0.491464,0.359619,-0.005110,0.493558,0.355997,-0.010239,0.498359,0.351971,-0.015662,0.504833,0.346482,-0.020409,0.514524,0.341758,-0.023990,0.523955,0.342545,-0.024545,0.532887,0.340097,-0.022806,0.542159,0.342970,-0.018060,0.548268,0.347112,-0.012519,0.552703,0.350282,-0.006351,0.554645,0.353426,-0.000811,0.551561,0.357043,-0.006236,0.547276,0.360566,-0.012673,0.541111,0.365022,-0.017384,0.533389,0.368365,-0.021459,0.524786,0.369661,-0.022661,0.515847,0.369951,-0.022491,0.507420,0.368139,-0.019654,0.500214,0.364979,-0.015628,0.495159,0.362539,-0.009791,0.462702,0.250990,0.013369,0.464854,0.249113,0.010388,0.467457,0.246908,0.008062,0.471614,0.243953,0.006044,0.477897,0.242037,0.004637,0.483937,0.242170,0.004712,0.490295,0.243970,0.006143,0.494821,0.247402,0.007807,0.539750,0.248222,0.012091,0.541699,0.249311,0.012089,0.545404,0.250418,0.010568,0.551234,0.252056,0.009773,0.557467,0.252447,0.010406,0.563825,0.251226,0.012626,0.567967,0.249589,0.015407,0.570782,0.248098,0.017741,0.519062,0.235382,-0.008118,0.519718,0.247538,-0.014368,0.520413,0.258455,-0.021446,0.521079,0.268611,-0.029238,0.000000,0.000000,0.000000,0.000000,0.000000,0.000000,0.000000,0.000000,0.000000,0.000000,0.000000,0.000000,0.000000,0.000000,0.000000,0.000000,0.000000,0.000000,0.000000,0.000000,0.000000,0.000000,0.000000,0.000000,0.000000,0.000000,0.000000,0.000000,0.000000,0.000000,0.000000,0.000000,0.000000,0.000000,0.000000,0.000000,0.000000,0.000000,0.000000,0.000000,0.000000,0.000000,0.000000,0.000000,0.000000,0.000000,0.000000,0.000000,0.000000,0.000000,0.000000,0.000000,0.000000,0.000000,0.000000,0.000000,0.000000,0.000000,0.000000,0.000000,0.000000,0.000000,0.000000,0.718815,0.712392,0.000000,0.680274,0.670099,-0.020478,0.656869,0.615230,-0.034093,0.640396,0.569718,-0.045973,0.623840,0.533275,-0.058056,0.718461,0.552826,-0.025039,0.728631,0.486083,-0.042588,0.736563,0.445713,-0.056280,0.745060,0.412066,-0.066319,0.747177,0.561548,-0.028058,0.762323,0.490351,-0.043343,0.773646,0.446123,-0.055669,0.784546,0.409296,-0.064938,0.770597,0.583828,-0.033562,0.791548,0.520058,-0.049558,0.804556,0.479685,-0.059043,0.815788,0.443064,-0.065914,0.789968,0.617217,-0.040763,0.813144,0.576467,-0.055882,0.826395,0.546498,-0.061842,0.837802,0.516023,-0.065675
0.082192,-1.926445,-1.319488,0.114840,-2.027793,-1.176744,0.136167,-2.024522,-1.177411,0.159525,-2.020841,-1.176764,0.027168,-2.031179,-1.252807,-0.007729,-2.027198,-1.252631,-0.038529,-2.021494,-1.253741,0.176027,-1.971626,-0.372451,-0.097093,-1.964321,-0.713634,0.126761,-1.810010,-1.021518,0.019662,-1.810043,-1.120267,0.354129,-1.304183,0.236865,-0.298737,-1.417912,-0.512009,0.439485,-0.567267,-0.583554,-0.435572,-0.648675,-0.643269,0.493257,-1.029721,-2.244242,-0.318854,-0.054167,-1.382928,0.506595,-1.235175,-2.589471,-0.308619,0.151144,-1.556265,0.487694,-1.319596,-2.508589,-0.253733,0.091958,-1.716198,0.456788,-1.247696,-2.274988,-0.251098,0.016284,-1.467271,0.231269,0.008680,0.239322,-0.231269,-0.008680,-0.239322,0.222710,1.154801,0.136574,-0.228234,1.130784,-0.295870,0.178577,2.145503,0.858138,-0.254090,2.142098,0.139334,0.170578,2.288165,0.873535,-0.323303,2.296278,0.144788,0.204077,2.439184,0.003818,-0.069828,2.436377,-0.873486,0.491035,0.359344,-0.004825,0.493139,0.355735,-0.010002,0.497956,0.351701,-0.015526,0.504436,0.346168,-0.020384,0.514156,0.341457,-0.024075,0.523640,0.342268,-0.024690,0.532642,0.339781,-0.023000,0.542045,0.342648,-0.018282,0.548273,0.346858,-0.012723,0.552841,0.350055,-0.006526,0.554866,0.353204,-0.000970,0.551678,0.356689,-0.006438,0.547278,0.360050,-0.012948,0.540989,0.364348,-0.017732,0.533179,0.367579,-0.021852,0.524543,0.368833,-0.023018,0.515599,0.369167,-0.022772,0.507149,0.367472,-0.019756,0.499904,0.364442,-0.015602,0.494783,0.362153,-0.009614,0.462885,0.250922,0.013857,0.465022,0.249091,0.010859,0.467608,0.246941,0.008525,0.471726,0.244030,0.006488,0.477954,0.242108,0.005038,0.483961,0.242165,0.005094,0.490304,0.243798,0.006544,0.494814,0.247065,0.008174,0.539669,0.247698,0.012127,0.541619,0.248748,0.012114,0.545309,0.249808,0.010562,0.551119,0.251400,0.009748,0.557332,0.251778,0.010343,0.563686,0.250583,0.012536,0.567825,0.249013,0.015273,0.570647,0.247600,0.017591,0.518793,0.235097,-0.008128,0.519407,0.246908,-0.014435,0.520064,0.257687,-0.021536,0.520686,0.267767,-0.029365,0.000000,0.000000,0.000000,0.000000,0.000000,0.000000,0.000000,0.000000,0.000000,0.000000,0.000000,0.000000,0.000000,0.000000,0.000000,0.000000,0.000000,0.000000,0.000000,0.000000,0.000000,0.000000,0.000000,0.000000,0.000000,0.000000,0.000000,0.000000,0.000000,0.000000,0.000000,0.000000,0.000000,0.000000,0.000000,0.000000,0.000000,0.000000,0.000000,0.000000,0.000000,0.000000,0.000000,0.000000,0.000000,0.000000,0.000000,0.000000,0.000000,0.000000,0.000000,0.000000,0.000000,0.000000,0.000000,0.000000,0.000000,0.000000,0.000000,0.000000,0.000000,0.000000,0.000000,0.714044,0.797883,0.000000,0.680514,0.748346,-0.016340,0.663387,0.686782,-0.025452,0.655000,0.638077,-0.033860,0.645400,0.598772,-0.042056,0.717983,0.634828,-0.012363,0.725340,0.577533,-0.026534,0.730346,0.543464,-0.039399,0.735705,0.513046,-0.049196,0.746986,0.644838,-0.015906,0.762135,0.584836,-0.027860,0.771403,0.548986,-0.038771,0.779484,0.518340,-0.047151,0.770238,0.668190,-0.022196,0.790577,0.615018,-0.035375,0.800640,0.582842,-0.042010,0.808534,0.553952,-0.046579,0.788511,0.702083,-0.030273,0.809853,0.662800,-0.042310,0.820975,0.634875,-0.045832,0.830248,0.608175,-0.047856
0.043181,-1.810251,-1.534603,0.077684,-1.901993,-1.413353,0.097335,-1.899356,-1.414292,0.119795,-1.896206,-1.414536,-0.006431,-1.902836,-1.472285,-0.037722,-1.898703,-1.472628,-0.064399,-1.893208,-1.473931,0.138159,-1.848585,-0.659302,-0.114950,-1.841667,-0.898782,0.087465,-1.703694,-1.244909,-0.014022,-1.702856,-1.312375,0.327768,-1.242752,0.042837,-0.298293,-1.340133,-0.730810,0.448243,-0.687591,0.130477,-0.428160,-0.659175,-0.752641,0.567078,-0.238652,-0.797042,-0.357409,-0.151561,-1.471192,0.619898,-0.096091,-0.997134,-0.344614,0.018285,-1.677024,0.601150,-0.121199,-1.155445,-0.266627,0.035603,-1.799809,0.551125,-0.169383,-0.903402,-0.261561,-0.036820,-1.526221,0.215008,-0.010094,0.163448,-0.215008,0.010094,-0.163448,0.214760,1.009946,0.102237,-0.178102,1.054046,-0.400134,0.213622,1.960158,1.027689,-0.167935,2.006727,0.160758,0.209982,2.115099,1.057178,-0.215758,2.159861,0.179339,0.233219,2.238430,0.180047,-0.000690,2.287889,-0.862626,0.490625,0.360935,-0.003213,0.492511,0.357300,-0.008501,0.497073,0.353176,-0.014285,0.503215,0.347544,-0.019441,0.512654,0.342632,-0.023509,0.522117,0.343150,-0.024471,0.531276,0.340372,-0.023162,0.541111,0.342890,-0.018833,0.547737,0.346815,-0.013504,0.552651,0.349776,-0.007468,0.554903,0.352823,-0.002007,0.551621,0.356489,-0.007269,0.547062,0.360092,-0.013604,0.540570,0.364706,-0.018239,0.532587,0.368308,-0.022066,0.523759,0.369885,-0.022909,0.514848,0.370442,-0.022299,0.506474,0.368913,-0.018856,0.499345,0.365996,-0.014467,0.494333,0.363745,-0.008200,0.461831,0.253893,0.015847,0.463835,0.251964,0.012733,0.466326,0.249713,0.010309,0.470306,0.246654,0.008143,0.476425,0.244492,0.006454,0.482407,0.244337,0.006286,0.488740,0.245738,0.007530,0.493292,0.248885,0.009062,0.538140,0.247545,0.011030,0.540120,0.248523,0.010947,0.543852,0.249427,0.009301,0.549747,0.250788,0.008283,0.556040,0.250951,0.008652,0.562469,0.249476,0.010612,0.566669,0.247699,0.013186,0.569552,0.246108,0.015411,0.516106,0.235665,-0.008239,0.516660,0.247628,-0.014520,0.517235,0.258477,-0.021614,0.517757,0.268620,-0.029404,0.000000,0.000000,0.000000,0.000000,0.000000,0.000000,0.000000,0.000000,0.000000,0.000000,0.000000,0.000000,0.000000,0.000000,0.000000,0.000000,0.000000,0.000000,0.000000,0.000000,0.000000,0.000000,0.000000,0.000000,0.000000,0.000000,0.000000,0.000000,0.000000,0.000000,0.000000,0.000000,0.000000,0.000000,0.000000,0.000000,0.000000,0.000000,0.000000,0.000000,0.000000,0.000000,0.000000,0.000000,0.000000,0.000000,0.000000,0.000000,0.000000,0.000000,0.000000,0.000000,0.000000,0.000000,0.000000,0.000000,0.000000,0.000000,0.000000,0.000000,0.000000,0.000000,0.000000,0.000000,0.000000,0.000000,0.000000,0.000000,0.000000,0.000000,0.000000,0.000000,0.000000,0.000000,0.000000,0.000000,0.000000,0.000000,0.000000,0.000000,0.000000,0.000000,0.000000,0.000000,0.000000,0.000000,0.000000,0.000000,0.000000,0.000000,0.000000,0.000000,0.000000,0.000000,0.000000,0.000000,0.000000,0.000000,0.000000,0.000000,0.000000,0.000000,0.000000,0.000000,0.000000,0.000000,0.000000,0.000000,0.000000,0.000000,0.000000,0.000000,0.000000,0.000000,0.000000,0.000000,0.000000,0.000000,0.000000,0.000000,0.000000,0.000000,0.000000,0.000000,0.000000,0.000000
0.045402,-1.917147,-1.640385,0.082655,-2.014490,-1.513515,0.103530,-2.012125,-1.514336,0.127842,-2.009030,-1.514521,-0.006737,-2.013463,-1.570372,-0.039705,-2.008468,-1.570480,-0.067452,-2.002217,-1.571792,0.149984,-1.956846,-0.730718,-0.119537,-1.947120,-0.958688,0.093396,-1.803460,-1.342151,-0.013728,-1.802512,-1.406378,0.352163,-1.319220,-0.027034,-0.312767,-1.420382,-0.767053,0.472722,-0.714465,0.084754,-0.454786,-0.702023,-0.743464,0.576651,-0.238644,-0.803045,-0.420433,-0.156048,-1.508134,0.625708,-0.091560,-0.998318,-0.425071,0.027762,-1.751959,0.595595,-0.117162,-1.171509,-0.355474,0.002452,-1.897340,0.553947,-0.165854,-0.916040,-0.341414,-0.067135,-1.587574,0.229540,-0.008153,0.174982,-0.229540,0.008153,-0.174982,0.221641,1.080486,0.093658,-0.209476,1.105343,-0.367781,0.210711,2.081936,1.046026,-0.209474,2.118000,0.240873,0.205132,2.240818,1.078594,-0.251999,2.280060,0.262426,0.216157,2.379700,0.159233,-0.052270,2.413835,-0.832754,0.492341,0.363125,-0.001988,0.494127,0.359368,-0.007360,0.498495,0.355095,-0.013256,0.504420,0.349288,-0.018554,0.513637,0.344142,-0.022792,0.523039,0.344360,-0.023893,0.532151,0.341249,-0.022767,0.542075,0.343397,-0.018563,0.548856,0.347080,-0.013300,0.553869,0.349879,-0.007315,0.556209,0.352896,-0.001820,0.552955,0.356747,-0.006908,0.548411,0.360563,-0.013058,0.541951,0.365458,-0.017562,0.533989,0.369390,-0.021231,0.525162,0.371251,-0.021904,0.516317,0.372108,-0.021154,0.508000,0.370821,-0.017608,0.500953,0.368051,-0.013191,0.496026,0.365879,-0.006941,0.462180,0.257413,0.015979,0.464131,0.255474,0.012829,0.466556,0.253156,0.010391,0.470450,0.249984,0.008155,0.476458,0.247581,0.006387,0.482362,0.247158,0.006116,0.488665,0.248249,0.007324,0.493235,0.251172,0.008823,0.537821,0.247847,0.010068,0.539786,0.248715,0.009938,0.543495,0.249458,0.008296,0.549408,0.250603,0.007224,0.555696,0.250545,0.007521,0.562122,0.248814,0.009369,0.566329,0.246861,0.011852,0.569241,0.245136,0.014029,0.515411,0.237392,-0.008953,0.516078,0.249240,-0.015048,0.516766,0.260167,-0.021952,0.517386,0.270412,-0.029535,0.000000,0.000000,0.000000,0.000000,0.000000,0.000000,0.000000,0.000000,0.000000,0.000000,0.000000,0.000000,0.000000,0.000000,0.000000,0.000000,0.000000,0.000000,0.000000,0.000000,0.000000,0.000000,0.000000,0.000000,0.000000,0.000000,0.000000,0.000000,0.000000,0.000000,0.000000,0.000000,0.000000,0.000000,0.000000,0.000000,0.000000,0.000000,0.000000,0.000000,0.000000,0.000000,0.000000,0.000000,0.000000,0.000000,0.000000,0.000000,0.000000,0.000000,0.000000,0.000000,0.000000,0.000000,0.000000,0.000000,0.000000,0.000000,0.000000,0.000000,0.000000,0.000000,0.000000,0.000000,0.000000,0.000000,0.000000,0.000000,0.000000,0.000000,0.000000,0.000000,0.000000,0.000000,0.000000,0.000000,0.000000,0.000000,0.000000,0.000000,0.000000,0.000000,0.000000,0.000000,0.000000,0.000000,0.000000,0.000000,0.000000,0.000000,0.000000,0.000000,0.000000,0.000000,0.000000,0.000000,0.000000,0.000000,0.000000,0.000000,0.000000,0.000000,0.000000,0.000000,0.000000,0.000000,0.000000,0.000000,0.000000,0.000000,0.000000,0.000000,0.000000,0.000000,0.000000,0.000000,0.000000,0.000000,0.000000,0.000000,0.000000,0.000000,0.000000,0.000000,0.000000,0.000000
0.044145,-1.885352,-1.612995,0.079767,-1.981333,-1.487083,0.100347,-1.979586,-1.487908,0.124861,-1.977101,-1.488073,-0.007542,-1.977996,-1.544630,-0.040514,-1.972369,-1.544751,-0.067738,-1.965766,-1.546032,0.148096,-1.922175,-0.717170,-0.117577,-1.910614,-0.942273,0.091344,-1.772198,-1.318211,-0.013634,-1.770625,-1.384281,0.347150,-1.294257,-0.009992,-0.306188,-1.394522,-0.760384,0.463168,-0.702198,0.132807,-0.450538,-0.697155,-0.791972,0.596304,-0.247054,-0.757705,-0.423281,-0.165708,-1.601197,0.656347,-0.110608,-0.947170,-0.431976,0.015610,-1.845206,0.632436,-0.133589,-1.129127,-0.362165,-0.009654,-1.982912,0.587211,-0.178600,-0.874571,-0.347113,-0.077066,-1.678611,0.226562,-0.006395,0.169727,-0.226562,0.006395,-0.169727,0.214968,1.068937,0.109885,-0.210847,1.092038,-0.338464,0.203768,2.052260,1.060068,-0.209938,2.087301,0.259480,0.198665,2.208408,1.092949,-0.251212,2.244190,0.279577,0.210616,2.342704,0.183651,-0.056862,2.379420,-0.802940,0.494115,0.360979,-0.003158,0.495905,0.357127,-0.008356,0.500232,0.352739,-0.014115,0.506116,0.346870,-0.019291,0.515375,0.341719,-0.023358,0.524780,0.342123,-0.024392,0.533941,0.339164,-0.023171,0.543887,0.341564,-0.018970,0.550611,0.345480,-0.013715,0.555611,0.348482,-0.007791,0.557930,0.351637,-0.002468,0.554615,0.355391,-0.007609,0.550025,0.359118,-0.013851,0.543506,0.363895,-0.018432,0.535473,0.367676,-0.022210,0.526604,0.369380,-0.022985,0.517726,0.370069,-0.022281,0.509442,0.368674,-0.018776,0.502496,0.365855,-0.014376,0.497694,0.363704,-0.008156,0.465478,0.255162,0.016183,0.467459,0.253404,0.013124,0.469917,0.251303,0.010767,0.473822,0.248405,0.008647,0.479748,0.246275,0.006972,0.485515,0.245975,0.006768,0.491688,0.246952,0.007977,0.496073,0.249646,0.009459,0.540220,0.247552,0.011076,0.542143,0.248410,0.010965,0.545745,0.249242,0.009321,0.551510,0.250550,0.008296,0.557672,0.250681,0.008627,0.564038,0.249264,0.010517,0.568215,0.247581,0.013003,0.571140,0.246106,0.015189,0.518183,0.236165,-0.007713,0.518670,0.247765,-0.013960,0.519191,0.258378,-0.020992,0.519662,0.268336,-0.028744,0.000000,0.000000,0.000000,0.000000,0.000000,0.000000,0.000000,0.000000,0.000000,0.000000,0.000000,0.000000,0.000000,0.000000,0.000000,0.000000,0.000000,0.000000,0.000000,0.000000,0.000000,0.000000,0.000000,0.000000,0.000000,0.000000,0.000000,0.000000,0.000000,0.000000,0.000000,0.000000,0.000000,0.000000,0.000000,0.000000,0.000000,0.000000,0.000000,0.000000,0.000000,0.000000,0.000000,0.000000,0.000000,0.000000,0.000000,0.000000,0.000000,0.000000,0.000000,0.000000,0.000000,0.000000,0.000000,0.000000,0.000000,0.000000,0.000000,0.000000,0.000000,0.000000,0.000000,0.000000,0.000000,0.000000,0.000000,0.000000,0.000000,0.000000,0.000000,0.000000,0.000000,0.000000,0.000000,0.000000,0.000000,0.000000,0.000000,0.000000,0.000000,0.000000,0.000000,0.000000,0.000000,0.000000,0.000000,0.000000,0.000000,0.000000,0.000000,0.000000,0.000000,0.000000,0.000000,0.000000,0.000000,0.000000,0.000000,0.000000,0.000000,0.000000,0.000000,0.000000,0.000000,0.000000,0.000000,0.000000,0.000000,0.000000,0.000000,0.000000,0.000000,0.000000,0.000000,0.000000,0.000000,0.000000,0.000000,0.000000,0.000000,0.000000,0.000000,0.000000,0.000000,0.000000
0.071373,-2.079143,-1.757195,0.110682,-2.184790,-1.588717,0.133772,-2.182587,-1.589766,0.161369,-2.179385,-1.589399,0.014249,-2.181339,-1.659527,-0.021985,-2.174871,-1.659673,-0.052671,-2.167378,-1.660751,0.186946,-2.118940,-0.627261,-0.107818,-2.106431,-0.933791,0.123548,-1.952233,-1.388637,0.007251,-1.951968,-1.481982,0.408169,-1.413148,0.102847,-0.320862,-1.530513,-0.569346,0.447784,-0.712614,-0.591437,-0.480636,-0.747811,-0.916437,0.504593,-0.852264,-2.543063,-0.397806,-0.364699,-2.353249,0.573416,-0.992069,-2.941414,-0.388558,-0.192756,-2.660813,0.551888,-1.108940,-2.972334,-0.317877,-0.279824,-2.813752,0.505297,-1.075190,-2.619960,-0.312954,-0.345551,-2.451242,0.238217,0.003226,0.176123,-0.238217,-0.003226,-0.176123,0.174549,1.060430,-0.055267,-0.282582,1.028340,-0.529573,0.156080,2.145445,0.810079,-0.318060,2.170485,-0.031436,0.152737,2.310667,0.830969,-0.377538,2.353931,-0.031688,0.155818,2.459449,-0.126287,-0.141759,2.490511,-1.190705,0.493458,0.360246,-0.003115,0.495382,0.356617,-0.008379,0.499943,0.352533,-0.014163,0.506083,0.346958,-0.019335,0.515483,0.342118,-0.023376,0.524919,0.342650,-0.024319,0.534061,0.339876,-0.023029,0.543889,0.342346,-0.018695,0.550555,0.346217,-0.013336,0.555524,0.349111,-0.007286,0.557806,0.352129,-0.001829,0.554476,0.355834,-0.007079,0.549864,0.359438,-0.013444,0.543344,0.364060,-0.018113,0.535336,0.367684,-0.021995,0.526500,0.369234,-0.022866,0.517605,0.369799,-0.022251,0.509237,0.368263,-0.018765,0.502141,0.365341,-0.014362,0.497155,0.363088,-0.008097,0.465111,0.253751,0.015719,0.467104,0.251804,0.012639,0.469553,0.249522,0.010255,0.473505,0.246431,0.008098,0.479569,0.244243,0.006448,0.485507,0.244098,0.006282,0.491809,0.245552,0.007523,0.496333,0.248759,0.009035,0.540652,0.247344,0.011040,0.542627,0.248320,0.010947,0.546345,0.249198,0.009324,0.552227,0.250531,0.008321,0.558493,0.250670,0.008695,0.564877,0.249195,0.010636,0.569038,0.247415,0.013201,0.571904,0.245828,0.015416,0.518838,0.235646,-0.008216,0.519380,0.247472,-0.014471,0.519950,0.258282,-0.021512,0.520466,0.268395,-0.029271,0.000000,0.000000,0.000000,0.000000,0.000000,0.000000,0.000000,0.000000,0.000000,0.000000,0.000000,0.000000,0.000000,0.000000,0.000000,0.000000,0.000000,0.000000,0.000000,0.000000,0.000000,0.000000,0.000000,0.000000,0.000000,0.000000,0.000000,0.000000,0.000000,0.000000,0.000000,0.000000,0.000000,0.000000,0.000000,0.000000,0.000000,0.000000,0.000000,0.000000,0.000000,0.000000,0.000000,0.000000,0.000000,0.000000,0.000000,0.000000,0.000000,0.000000,0.000000,0.000000,0.000000,0.000000,0.000000,0.000000,0.000000,0.000000,0.000000,0.000000,0.000000,0.000000,0.000000,0.719099,0.893755,0.000000,0.687234,0.856978,-0.019130,0.665237,0.815727,-0.034718,0.652913,0.785383,-0.048936,0.642354,0.759412,-0.063927,0.726564,0.771246,-0.031308,0.740044,0.727081,-0.048619,0.749347,0.703120,-0.061727,0.759704,0.681289,-0.071424,0.756088,0.788313,-0.035282,0.780310,0.743799,-0.049518,0.795220,0.720323,-0.058717,0.810712,0.700653,-0.066817,0.777414,0.814758,-0.041137,0.805429,0.775181,-0.056904,0.822483,0.752346,-0.061865,0.837922,0.732547,-0.065980,0.792395,0.849590,-0.048606,0.820264,0.824892,-0.061933,0.837147,0.808181,-0.063490,0.852102,0.790928,-0.064842
0.077070,-1.789258,-1.073319,0.106028,-1.883234,-0.941513,0.126330,-1.881836,-0.941935,0.148358,-1.879687,-0.941253,0.024464,-1.881389,-1.028406,-0.007907,-1.876837,-1.028170,-0.035987,-1.871235,-1.029152,0.167749,-1.831340,-0.226570,-0.086822,-1.819263,-0.613951,0.119392,-1.680184,-0.808581,0.021531,-1.678793,-0.921213,0.327583,-1.201419,0.289703,-0.271810,-1.320758,-0.501804,0.410909,-0.534855,-0.459145,-0.407353,-0.623627,-0.602183,0.456691,-1.042779,-1.857789,-0.319137,0.013791,-1.060224,0.474602,-1.221926,-2.147115,-0.325726,0.218282,-1.181347,0.454345,-1.289491,-2.096762,-0.281562,0.177109,-1.331354,0.428196,-1.231583,-1.882034,-0.271698,0.102403,-1.133413,0.213005,0.006477,0.252260,-0.213005,-0.006477,-0.252260,0.204063,1.075879,0.227254,-0.219534,1.051270,-0.213662,0.173448,1.986867,0.897487,-0.243992,1.985170,0.222531,0.165248,2.120522,0.915832,-0.304459,2.124786,0.232525,0.206699,2.258266,0.159851,-0.070245,2.257417,-0.680073,0.492487,0.361805,-0.002811,0.494426,0.358282,-0.008089,0.498990,0.354318,-0.013822,0.505137,0.348833,-0.018905,0.514473,0.344034,-0.022877,0.523809,0.344550,-0.023719,0.532759,0.341722,-0.022362,0.542337,0.344085,-0.017917,0.548829,0.347804,-0.012539,0.553635,0.350572,-0.006458,0.555846,0.353463,-0.000922,0.552626,0.357186,-0.006127,0.548162,0.360833,-0.012422,0.541851,0.365498,-0.017047,0.534056,0.369149,-0.020932,0.525417,0.370753,-0.021838,0.516637,0.371356,-0.021323,0.508343,0.369853,-0.018019,0.501241,0.366923,-0.013740,0.496219,0.364647,-0.007626,0.463028,0.254684,0.014484,0.465026,0.252736,0.011422,0.467478,0.250426,0.009049,0.471434,0.247292,0.006915,0.477536,0.245093,0.005303,0.483499,0.244966,0.005197,0.489803,0.246521,0.006483,0.494341,0.249814,0.008042,0.538726,0.248309,0.010559,0.540675,0.249277,0.010497,0.544381,0.250139,0.008921,0.550233,0.251445,0.007984,0.556464,0.251538,0.008423,0.562814,0.249988,0.010414,0.566959,0.248141,0.013004,0.569805,0.246480,0.015224,0.517224,0.237002,-0.008958,0.517921,0.249120,-0.015022,0.518629,0.260139,-0.021896,0.519279,0.270427,-0.029456,0.000000,0.000000,0.000000,0.000000,0.000000,0.000000,0.000000,0.000000,0.000000,0.000000,0.000000,0.000000,0.000000,0.000000,0.000000,0.000000,0.000000,0.000000,0.000000,0.000000,0.000000,0.000000,0.000000,0.000000,0.000000,0.000000,0.000000,0.000000,0.000000,0.000000,0.000000,0.000000,0.000000,0.000000,0.000000,0.000000,0.000000,0.000000,0.000000,0.000000,0.000000,0.000000,0.000000,0.000000,0.000000,0.000000,0.000000,0.000000,0.000000,0.000000,0.000000,0.000000,0.000000,0.000000,0.000000,0.000000,0.000000,0.000000,0.000000,0.000000,0.000000,0.000000,0.000000,0.714174,0.725087,0.000000,0.675751,0.684207,-0.019773,0.651287,0.630465,-0.033129,0.633778,0.587300,-0.044739,0.613996,0.555790,-0.056810,0.712988,0.570724,-0.025109,0.723170,0.505023,-0.040794,0.730583,0.465818,-0.053216,0.738775,0.433058,-0.062530,0.741800,0.579622,-0.027858,0.758957,0.511003,-0.041221,0.770572,0.468529,-0.052584,0.781646,0.433102,-0.061569,0.765236,0.601668,-0.032826,0.788047,0.539838,-0.046977,0.800690,0.500912,-0.056140,0.811782,0.465667,-0.063159,0.784433,0.633985,-0.039397,0.809227,0.594304,-0.052933,0.823538,0.565293,-0.058507,0.836162,0.536157,-0.062350
0.087965,-1.951030,-1.100548,0.117927,-2.053517,-0.961954,0.140239,-2.052013,-0.962297,0.163780,-2.049824,-0.961426,0.029946,-2.052638,-1.044146,-0.005794,-2.048190,-1.043780,-0.036819,-2.042489,-1.044832,0.183017,-1.998721,-0.225040,-0.093661,-1.986425,-0.589653,0.133261,-1.832757,-0.830537,0.027334,-1.831808,-0.936597,0.355130,-1.317244,0.268608,-0.295988,-1.446160,-0.479340,0.468097,-0.589943,-0.562398,-0.443164,-0.682896,-0.578281,0.500926,-1.147674,-2.020194,-0.364066,0.009399,-1.095530,0.518621,-1.345739,-2.322154,-0.377833,0.231311,-1.216141,0.494466,-1.422462,-2.184626,-0.325684,0.186682,-1.378085,0.463921,-1.356938,-2.025834,-0.312187,0.106414,-1.175862,0.235356,0.007368,0.233949,-0.235356,-0.007368,-0.233949,0.228276,1.186497,0.191424,-0.232931,1.164992,-0.204999,0.190575,2.184607,0.930362,-0.251619,2.177477,0.255610,0.181196,2.330654,0.951572,-0.319403,2.331123,0.266995,0.228339,2.477922,0.115810,-0.068275,2.467849,-0.727553,0.493110,0.364408,-0.003112,0.495107,0.360850,-0.008393,0.499721,0.356865,-0.013998,0.505899,0.351362,-0.018934,0.515227,0.346533,-0.022750,0.524483,0.347107,-0.023467,0.533312,0.344376,-0.021956,0.542661,0.346907,-0.017383,0.548929,0.350748,-0.011949,0.553537,0.353634,-0.005824,0.555630,0.356585,-0.000236,0.552520,0.360282,-0.005425,0.548210,0.363930,-0.011624,0.542028,0.368604,-0.016149,0.534343,0.372218,-0.019963,0.525813,0.373741,-0.020946,0.517032,0.374265,-0.020620,0.508762,0.372657,-0.017657,0.501706,0.369624,-0.013618,0.496757,0.367265,-0.007756,0.463203,0.255583,0.013244,0.465242,0.253634,0.010193,0.467717,0.251331,0.007837,0.471714,0.248188,0.005725,0.477876,0.246010,0.004178,0.483906,0.245950,0.004145,0.490265,0.247656,0.005495,0.494839,0.251126,0.007137,0.539396,0.250103,0.010448,0.541332,0.251086,0.010414,0.545029,0.252012,0.008891,0.550888,0.253386,0.008041,0.557126,0.253509,0.008571,0.563466,0.251963,0.010640,0.567612,0.250074,0.013293,0.570454,0.248369,0.015546,0.518171,0.238591,-0.009396,0.518923,0.251019,-0.015327,0.519675,0.262205,-0.022121,0.520375,0.272622,-0.029582,0.000000,0.000000,0.000000,0.000000,0.000000,0.000000,0.000000,0.000000,0.000000,0.000000,0.000000,0.000000,0.000000,0.000000,0.000000,0.000000,0.000000,0.000000,0.000000,0.000000,0.000000,0.000000,0.000000,0.000000,0.000000,0.000000,0.000000,0.000000,0.000000,0.000000,0.000000,0.000000,0.000000,0.000000,0.000000,0.000000,0.000000,0.000000,0.000000,0.000000,0.000000,0.000000,0.000000,0.000000,0.000000,0.000000,0.000000,0.000000,0.000000,0.000000,0.000000,0.000000,0.000000,0.000000,0.000000,0.000000,0.000000,0.000000,0.000000,0.000000,0.000000,0.000000,0.000000,0.717637,0.715995,0.000000,0.678367,0.675292,-0.020373,0.654051,0.622208,-0.033833,0.637329,0.577887,-0.045439,0.618338,0.544476,-0.057342,0.715070,0.557697,-0.024821,0.724293,0.491204,-0.041153,0.731789,0.451296,-0.053891,0.739546,0.417917,-0.063367,0.744357,0.565927,-0.027610,0.760091,0.495849,-0.041498,0.771123,0.452893,-0.052995,0.781403,0.417313,-0.061908,0.767858,0.587721,-0.032824,0.789691,0.524999,-0.047618,0.802949,0.485026,-0.056859,0.814368,0.449083,-0.063847,0.786889,0.620319,-0.039720,0.810594,0.580628,-0.053870,0.824352,0.551621,-0.059550,0.836316,0.522408,-0.063406
0.097130,-2.182767,-1.767106,0.131079,-2.296962,-1.606288,0.155978,-2.295342,-1.607098,0.182377,-2.292857,-1.606704,0.032445,-2.295735,-1.667466,-0.007478,-2.290725,-1.667397,-0.042082,-2.284504,-1.668571,0.204160,-2.236210,-0.633281,-0.105385,-2.222907,-0.909957,0.146678,-2.050097,-1.405648,0.027701,-2.048605,-1.484609,0.442704,-1.463871,0.063627,-0.333337,-1.616940,-0.548155,0.467659,-0.647745,-0.741585,-0.496654,-0.773768,-0.964061,0.548316,-0.855050,-2.749011,-0.438787,-0.311037,-2.435575,0.574844,-1.005403,-3.162617,-0.446507,-0.115916,-2.748255,0.565674,-1.134061,-3.163769,-0.385085,-0.205193,-2.897830,0.531365,-1.108571,-2.814476,-0.371355,-0.277602,-2.533617,0.261039,0.009686,0.190663,-0.261039,-0.009686,-0.190663,0.221619,1.248301,0.127302,-0.289444,1.220354,-0.416559,0.180891,2.360302,0.988381,-0.321747,2.375731,0.060607,0.176883,2.531380,1.011779,-0.391125,2.559905,0.061724,0.177397,2.691666,0.018663,-0.131472,2.702272,-1.151341,0.494312,0.362054,-0.003211,0.496244,0.358652,-0.008453,0.500837,0.354776,-0.014083,0.507027,0.349364,-0.019057,0.516361,0.344634,-0.022918,0.525662,0.345222,-0.023685,0.534579,0.342480,-0.022232,0.544072,0.344939,-0.017718,0.550513,0.348699,-0.012337,0.555262,0.351487,-0.006256,0.557424,0.354300,-0.000738,0.554215,0.357892,-0.006008,0.549775,0.361383,-0.012318,0.543493,0.365855,-0.016920,0.535748,0.369339,-0.020779,0.527219,0.370831,-0.021733,0.518508,0.371404,-0.021316,0.510238,0.369926,-0.018197,0.503122,0.367056,-0.014015,0.498073,0.364831,-0.007977,0.464494,0.254199,0.013933,0.466540,0.252289,0.010883,0.469030,0.250022,0.008507,0.473030,0.246926,0.006389,0.479159,0.244789,0.004828,0.485140,0.244689,0.004763,0.491478,0.246262,0.006092,0.496041,0.249586,0.007699,0.540721,0.248499,0.010713,0.542658,0.249468,0.010677,0.546345,0.250381,0.009117,0.552193,0.251744,0.008216,0.558425,0.251885,0.008719,0.564793,0.250369,0.010766,0.568957,0.248527,0.013401,0.571818,0.246880,0.015648,0.519277,0.236968,-0.008997,0.519995,0.249242,-0.015033,0.520729,0.260396,-0.021895,0.521396,0.270810,-0.029440,0.000000,0.000000,0.000000,0.000000,0.000000,0.000000,0.000000,0.000000,0.000000,0.000000,0.000000,0.000000,0.000000,0.000000,0.000000,0.000000,0.000000,0.000000,0.000000,0.000000,0.000000,0.000000,0.000000,0.000000,0.000000,0.000000,0.000000,0.000000,0.000000,0.000000,0.000000,0.000000,0.000000,0.000000,0.000000,0.000000,0.000000,0.000000,0.000000,0.000000,0.000000,0.000000,0.000000,0.000000,0.000000,0.000000,0.000000,0.000000,0.000000,0.000000,0.000000,0.000000,0.000000,0.000000,0.000000,0.000000,0.000000,0.000000,0.000000,0.000000,0.000000,0.000000,0.000000,0.727419,0.894801,-0.000000,0.694578,0.863914,-0.012049,0.673657,0.813084,-0.023117,0.666276,0.775960,-0.035049,0.668520,0.747065,-0.045395,0.718234,0.772773,-0.013359,0.721336,0.740320,-0.032511,0.712047,0.769083,-0.046372,0.706673,0.797372,-0.053616,0.746180,0.786565,-0.018077,0.751666,0.746995,-0.036656,0.739030,0.775938,-0.044756,0.731371,0.806989,-0.047215,0.771690,0.806684,-0.024931,0.777626,0.766614,-0.040841,0.765202,0.790959,-0.038148,0.758407,0.816653,-0.033359,0.794601,0.831935,-0.032853,0.800978,0.797422,-0.041434,0.789537,0.812206,-0.035249,0.783456,0.831686,-0.028875
0.046794,-1.794398,-1.439526,0.074842,-1.885439,-1.323961,0.095703,-1.883893,-1.324511,0.119511,-1.881547,-1.324845,-0.005346,-1.883719,-1.383913,-0.037674,-1.879916,-1.383932,-0.065218,-1.875294,-1.384962,0.142004,-1.833027,-0.612575,-0.115174,-1.826394,-0.857975,0.087151,-1.686512,-1.167983,-0.010483,-1.686786,-1.236987,0.319837,-1.242387,0.014388,-0.295610,-1.336246,-0.768019,0.405427,-0.661151,0.257006,-0.430822,-0.667246,-0.793606,0.561438,-0.183996,-0.425980,-0.389601,-0.116231,-1.428372,0.626192,-0.039932,-0.560381,-0.398285,0.061316,-1.635779,0.603421,-0.038514,-0.731174,-0.325334,0.066074,-1.752125,0.558252,-0.087828,-0.530889,-0.311993,-0.004119,-1.488335,0.213592,-0.005901,0.154393,-0.213592,0.005901,-0.154393,0.203091,1.032078,0.125403,-0.194391,1.070902,-0.198770,0.203562,1.967782,1.044861,-0.177781,2.005494,0.339696,0.199997,2.124130,1.080512,-0.217984,2.151744,0.358367,0.228170,2.233183,0.270197,-0.022800,2.287123,-0.621154,0.497062,0.366291,-0.000595,0.499048,0.362780,-0.006131,0.503651,0.358936,-0.012208,0.509804,0.353598,-0.017667,0.519254,0.348965,-0.021935,0.528775,0.349510,-0.022928,0.537989,0.346517,-0.021782,0.547931,0.348595,-0.017409,0.554698,0.352071,-0.011911,0.559763,0.354648,-0.005693,0.562130,0.357497,-0.000031,0.558767,0.361547,-0.005027,0.554111,0.365579,-0.011267,0.547535,0.370622,-0.015870,0.539444,0.374580,-0.019696,0.530488,0.376302,-0.020480,0.521444,0.376896,-0.019773,0.512986,0.375205,-0.016193,0.505852,0.371987,-0.011734,0.500819,0.369391,-0.005438,0.469050,0.259090,0.014593,0.471003,0.257249,0.011429,0.473423,0.255022,0.008983,0.477338,0.251974,0.006726,0.483356,0.249732,0.004978,0.489279,0.249467,0.004735,0.495599,0.250753,0.005986,0.500148,0.253838,0.007538,0.544364,0.251667,0.009052,0.546282,0.252558,0.008946,0.549951,0.253379,0.007360,0.555845,0.254655,0.006349,0.562120,0.254719,0.006694,0.568551,0.253131,0.008552,0.572767,0.251241,0.011026,0.575704,0.249554,0.013168,0.522344,0.240770,-0.010196,0.522911,0.252938,-0.016045,0.523501,0.264155,-0.022745,0.524038,0.274652,-0.030097,0.000000,0.000000,0.000000,0.000000,0.000000,0.000000,0.000000,0.000000,0.000000,0.000000,0.000000,0.000000,0.000000,0.000000,0.000000,0.000000,0.000000,0.000000,0.000000,0.000000,0.000000,0.000000,0.000000,0.000000,0.000000,0.000000,0.000000,0.000000,0.000000,0.000000,0.000000,0.000000,0.000000,0.000000,0.000000,0.000000,0.000000,0.000000,0.000000,0.000000,0.000000,0.000000,0.000000,0.000000,0.000000,0.000000,0.000000,0.000000,0.000000,0.000000,0.000000,0.000000,0.000000,0.000000,0.000000,0.000000,0.000000,0.000000,0.000000,0.000000,0.000000,0.000000,0.000000,0.000000,0.000000,0.000000,0.000000,0.000000,0.000000,0.000000,0.000000,0.000000,0.000000,0.000000,0.000000,0.000000,0.000000,0.000000,0.000000,0.000000,0.000000,0.000000,0.000000,0.000000,0.000000,0.000000,0.000000,0.000000,0.000000,0.000000,0.000000,0.000000,0.000000,0.000000,0.000000,0.000000,0.000000,0.000000,0.000000,0.000000,0.000000,0.000000,0.000000,0.000000,0.000000,0.000000,0.000000,0.000000,0.000000,0.000000,0.000000,0.000000,0.000000,0.000000,0.000000,0.000000,0.000000,0.000000,0.000000,0.000000,0.000000,0.000000,0.000000,0.000000,0.000000,0.000000
0.043906,-1.767173,-1.441063,0.070387,-1.856757,-1.322119,0.093293,-1.854940,-1.322873,0.117645,-1.852691,-1.323102,-0.005499,-1.856658,-1.385211,-0.037937,-1.853729,-1.385398,-0.066934,-1.849952,-1.386625,0.139165,-1.804983,-0.597746,-0.116357,-1.801738,-0.859623,0.081325,-1.660919,-1.164647,-0.012468,-1.662678,-1.238443,0.305504,-1.229842,0.060396,-0.293193,-1.319437,-0.735553,0.398870,-0.654726,0.191580,-0.430842,-0.658588,-0.778401,0.524414,-0.247520,-0.630824,-0.392635,-0.100782,-1.484427,0.567633,-0.120852,-0.785336,-0.402119,0.079352,-1.707669,0.547403,-0.143268,-0.915033,-0.329315,0.070615,-1.825424,0.511240,-0.185100,-0.710718,-0.315931,0.000973,-1.549047,0.207652,-0.006338,0.180750,-0.207652,0.006338,-0.180750,0.194990,1.014162,0.127955,-0.196378,1.044603,-0.382496,0.184558,1.934690,0.962222,-0.192883,1.970518,0.126430,0.177567,2.085588,0.988872,-0.239059,2.114782,0.140325,0.210269,2.202732,0.169102,-0.032861,2.251220,-0.856650,0.500380,0.365744,-0.001010,0.502068,0.361929,-0.006465,0.506274,0.357693,-0.012419,0.512132,0.352026,-0.017834,0.521577,0.346972,-0.022166,0.531166,0.347499,-0.023232,0.540540,0.344491,-0.022111,0.550668,0.346856,-0.017775,0.557442,0.350719,-0.012345,0.562402,0.353684,-0.006288,0.564725,0.356902,-0.000785,0.561517,0.360919,-0.005631,0.556993,0.365016,-0.011670,0.550480,0.370079,-0.016094,0.542320,0.374000,-0.019617,0.533205,0.375734,-0.020300,0.523971,0.376249,-0.019573,0.515568,0.374536,-0.016174,0.508621,0.371294,-0.011837,0.503907,0.368727,-0.005819,0.471667,0.260150,0.014733,0.473798,0.259185,0.011515,0.476488,0.257749,0.009076,0.480585,0.255697,0.006890,0.486471,0.254072,0.005105,0.492042,0.253579,0.004788,0.497996,0.253494,0.006099,0.502083,0.254883,0.007726,0.547809,0.252203,0.009040,0.549588,0.252771,0.008955,0.552933,0.253612,0.007322,0.558461,0.255004,0.006299,0.564457,0.255276,0.006662,0.570931,0.254153,0.008458,0.575290,0.252825,0.010814,0.578510,0.251691,0.012945,0.524889,0.241666,-0.009730,0.525304,0.253613,-0.015548,0.525753,0.264370,-0.022267,0.526162,0.274441,-0.029658,0.000000,0.000000,0.000000,0.000000,0.000000,0.000000,0.000000,0.000000,0.000000,0.000000,0.000000,0.000000,0.000000,0.000000,0.000000,0.000000,0.000000,0.000000,0.000000,0.000000,0.000000,0.000000,0.000000,0.000000,0.000000,0.000000,0.000000,0.000000,0.000000,0.000000,0.000000,0.000000,0.000000,0.000000,0.000000,0.000000,0.000000,0.000000,0.000000,0.000000,0.000000,0.000000,0.000000,0.000000,0.000000,0.000000,0.000000,0.000000,0.000000,0.000000,0.000000,0.000000,0.000000,0.000000,0.000000,0.000000,0.000000,0.000000,0.000000,0.000000,0.000000,0.000000,0.000000,0.000000,0.000000,0.000000,0.000000,0.000000,0.000000,0.000000,0.000000,0.000000,0.000000,0.000000,0.000000,0.000000,0.000000,0.000000,0.000000,0.000000,0.000000,0.000000,0.000000,0.000000,0.000000,0.000000,0.000000,0.000000,0.000000,0.000000,0.000000,0.000000,0.000000,0.000000,0.000000,0.000000,0.000000,0.000000,0.000000,0.000000,0.000000,0.000000,0.000000,0.000000,0.000000,0.000000,0.000000,0.000000,0.000000,0.000000,0.000000,0.000000,0.000000,0.000000,0.000000,0.000000,0.000000,0.000000,0.000000,0.000000,0.000000,0.000000,0.000000,0.000000,0.000000,0.000000
