-0.060644,-2.775500,-1.787895,0.007855,-2.889469,-1.677418,0.046627,-2.887203,-1.677133,0.079411,-2.882196,-1.677890,-0.123460,-2.889878,-1.669405,-0.163073,-2.883053,-1.667952,-0.201193,-2.873749,-1.668624,0.153443,-2.818308,-0.959098,-0.233757,-2.804025,-0.878228,0.037678,-2.610355,-1.521095,-0.121742,-2.596975,-1.496485,0.506014,-1.909600,-0.648401,-0.490884,-1.925158,-0.725557,0.724698,-1.015532,-0.583966,-0.716530,-0.996005,-0.624531,0.847155,-0.018167,-1.134117,-0.783405,-0.041034,-1.401458,0.950037,0.242310,-1.355617,-0.852542,0.201117,-1.627306,0.830923,0.265140,-1.494925,-0.749660,0.201752,-1.855710,0.772331,0.163921,-1.230532,-0.702862,0.112641,-1.532503,0.338005,-0.012947,-0.149593,-0.338005,0.012947,0.149593,0.335677,1.532292,0.015820,-0.299377,1.553708,0.299512,0.342192,2.895064,1.536736,-0.259529,2.890202,1.297470,0.362440,3.106958,1.618902,-0.260932,3.103889,1.366959,0.234293,3.337925,0.422291,-0.182869,3.321638,0.026894,0.454506,0.343782,-0.000824,0.456193,0.340537,-0.005841,0.460485,0.336769,-0.011757,0.466212,0.331741,-0.017225,0.474992,0.327507,-0.021730,0.483795,0.328159,-0.023271,0.492770,0.325912,-0.022806,0.502629,0.328680,-0.019516,0.509482,0.332691,-0.014954,0.514812,0.335724,-0.009634,0.517281,0.338725,-0.004923,0.513726,0.341972,-0.009548,0.508809,0.344911,-0.015441,0.501974,0.348677,-0.019785,0.493965,0.351490,-0.023066,0.485362,0.352581,-0.023316,0.476968,0.352908,-0.021931,0.469176,0.351380,-0.017595,0.462666,0.348664,-0.012694,0.457980,0.346526,-0.006077,0.432961,0.249498,0.019924,0.434742,0.247565,0.016822,0.436953,0.245434,0.014429,0.440613,0.242588,0.012176,0.446192,0.240533,0.010224,0.451691,0.240403,0.009599,0.457589,0.241610,0.010317,0.461856,0.244435,0.011477,0.502672,0.242873,0.009423,0.504652,0.243921,0.009177,0.508216,0.244796,0.007434,0.513853,0.246118,0.006080,0.519831,0.246372,0.005930,0.525963,0.245170,0.007332,0.529947,0.243646,0.009441,0.532686,0.242253,0.011322,0.481500,0.230406,-0.006404,0.481449,0.241079,-0.012560,0.481383,0.250741,-0.019396,0.481272,0.259656,-0.026831,0.000000,0.000000,0.000000,0.000000,0.000000,0.000000,0.000000,0.000000,0.000000,0.000000,0.000000,0.000000,0.000000,0.000000,0.000000,0.000000,0.000000,0.000000,0.000000,0.000000,0.000000,0.000000,0.000000,0.000000,0.000000,0.000000,0.000000,0.000000,0.000000,0.000000,0.000000,0.000000,0.000000,0.000000,0.000000,0.000000,0.000000,0.000000,0.000000,0.000000,0.000000,0.000000,0.000000,0.000000,0.000000,0.000000,0.000000,0.000000,0.000000,0.000000,0.000000,0.000000,0.000000,0.000000,0.000000,0.000000,0.000000,0.000000,0.000000,0.000000,0.000000,0.000000,0.000000,0.000000,0.000000,0.000000,0.000000,0.000000,0.000000,0.000000,0.000000,0.000000,0.000000,0.000000,0.000000,0.000000,0.000000,0.000000,0.000000,0.000000,0.000000,0.000000,0.000000,0.000000,0.000000,0.000000,0.000000,0.000000,0.000000,0.000000,0.000000,0.000000,0.000000,0.000000,0.000000,0.000000,0.000000,0.000000,0.000000,0.000000,0.000000,0.000000,0.000000,0.000000,0.000000,0.000000,0.000000,0.000000,0.000000,0.000000,0.000000,0.000000,0.000000,0.000000,0.000000,0.000000,0.000000,0.000000,0.000000,0.000000,0.000000,0.000000,0.000000,0.000000,0.000000,0.000000
-0.064948,-2.731117,-2.109101,0.001463,-2.847575,-1.968951,0.042022,-2.845493,-1.969330,0.071765,-2.839905,-1.970074,-0.121888,-2.844495,-1.969324,-0.161093,-2.838284,-1.968417,-0.201586,-2.827025,-1.969285,0.141636,-2.754913,-1.118867,-0.230740,-2.737384,-1.079691,0.025566,-2.570502,-1.796176,-0.136463,-2.561322,-1.785066,0.492061,-1.860561,-0.671784,-0.497166,-1.883951,-0.816282,0.725219,-0.984618,-0.554500,-0.756028,-1.010165,-0.944932,0.835184,-0.063330,-1.267207,-0.654525,-0.284463,-2.219932,0.928009,0.190190,-1.511487,-0.643021,-0.051426,-2.518529,0.818038,0.197071,-1.675230,-0.535537,-0.098454,-2.688769,0.761163,0.093527,-1.373674,-0.529296,-0.187255,-2.332654,0.334872,-0.006630,-0.170163,-0.334872,0.006630,0.170163,0.306060,1.526357,-0.085755,-0.345966,1.543090,0.355873,0.286705,2.885139,1.500158,-0.313296,2.875762,1.454718,0.305532,3.099871,1.582951,-0.314604,3.087452,1.527306,0.165645,3.315047,0.283393,-0.232179,3.308686,0.040378,0.453429,0.339123,-0.002270,0.455072,0.335577,-0.007173,0.459277,0.331526,-0.013052,0.464949,0.326253,-0.018483,0.473870,0.321862,-0.022890,0.482824,0.322530,-0.024410,0.492029,0.320333,-0.023869,0.502194,0.323285,-0.020628,0.509176,0.327468,-0.016020,0.514590,0.330688,-0.010703,0.517104,0.333890,-0.006108,0.513444,0.337253,-0.010854,0.508354,0.340288,-0.016895,0.501330,0.344074,-0.021397,0.493070,0.346900,-0.024964,0.484218,0.348013,-0.025300,0.475741,0.348300,-0.023867,0.467915,0.346811,-0.019343,0.461435,0.344121,-0.014344,0.456814,0.341936,-0.007603,0.433215,0.246114,0.021132,0.434950,0.244228,0.018151,0.437102,0.242171,0.015835,0.440672,0.239451,0.013675,0.446135,0.237546,0.011793,0.451510,0.237476,0.011229,0.457264,0.238618,0.011965,0.461396,0.241321,0.013032,0.501730,0.240216,0.011045,0.503665,0.241197,0.010769,0.507164,0.242009,0.009003,0.512689,0.243248,0.007652,0.518573,0.243474,0.007489,0.524572,0.242369,0.008929,0.528499,0.240953,0.011040,0.531165,0.239647,0.012962,0.480681,0.227784,-0.004730,0.480514,0.237732,-0.011218,0.480360,0.246853,-0.018301,0.480165,0.255393,-0.026098,0.000000,0.000000,0.000000,0.000000,0.000000,0.000000,0.000000,0.000000,0.000000,0.000000,0.000000,0.000000,0.000000,0.000000,0.000000,0.000000,0.000000,0.000000,0.000000,0.000000,0.000000,0.000000,0.000000,0.000000,0.000000,0.000000,0.000000,0.000000,0.000000,0.000000,0.000000,0.000000,0.000000,0.000000,0.000000,0.000000,0.000000,0.000000,0.000000,0.000000,0.000000,0.000000,0.000000,0.000000,0.000000,0.000000,0.000000,0.000000,0.000000,0.000000,0.000000,0.000000,0.000000,0.000000,0.000000,0.000000,0.000000,0.000000,0.000000,0.000000,0.000000,0.000000,0.000000,0.000000,0.000000,0.000000,0.000000,0.000000,0.000000,0.000000,0.000000,0.000000,0.000000,0.000000,0.000000,0.000000,0.000000,0.000000,0.000000,0.000000,0.000000,0.000000,0.000000,0.000000,0.000000,0.000000,0.000000,0.000000,0.000000,0.000000,0.000000,0.000000,0.000000,0.000000,0.000000,0.000000,0.000000,0.000000,0.000000,0.000000,0.000000,0.000000,0.000000,0.000000,0.000000,0.000000,0.000000,0.000000,0.000000,0.000000,0.000000,0.000000,0.000000,0.000000,0.000000,0.000000,0.000000,0.000000,0.000000,0.000000,0.000000,0.000000,0.000000,0.000000,0.000000,0.000000
-0.076759,-2.733352,-2.345874,-0.010506,-2.849641,-2.196936,0.031483,-2.847800,-2.197302,0.062019,-2.842291,-2.197758,-0.130937,-2.845847,-2.202735,-0.170452,-2.840021,-2.202072,-0.209559,-2.828750,-2.203196,0.130424,-2.755103,-1.288620,-0.235270,-2.737090,-1.277999,0.012923,-2.574440,-2.014841,-0.150245,-2.566789,-2.010283,0.476648,-1.867315,-0.752644,-0.498384,-1.893968,-0.971002,0.692624,-0.966772,-0.561730,-0.749766,-1.013652,-0.902430,0.812346,-0.061872,-1.337205,-0.779322,-0.102444,-1.904704,0.903163,0.197914,-1.577561,-0.819916,0.157276,-2.175301,0.802084,0.219938,-1.763154,-0.714318,0.166865,-2.421644,0.744926,0.115373,-1.456440,-0.684222,0.068822,-2.041088,0.332554,-0.007141,-0.160741,-0.332554,0.007141,0.160741,0.295756,1.513218,0.074216,-0.346734,1.546167,0.384177,0.280361,2.865798,1.826471,-0.316303,2.883351,1.614702,0.299128,3.081679,1.925667,-0.316323,3.095378,1.698449,0.170752,3.289646,0.618479,-0.236252,3.306870,0.213798,0.453689,0.341096,-0.001053,0.455388,0.337634,-0.006157,0.459572,0.333716,-0.012105,0.465149,0.328474,-0.017587,0.473767,0.324079,-0.022109,0.482456,0.324688,-0.023691,0.491348,0.322437,-0.023189,0.501186,0.325324,-0.019909,0.508045,0.329430,-0.015318,0.513396,0.332497,-0.010001,0.515929,0.335597,-0.005233,0.512425,0.338817,-0.009847,0.507512,0.341750,-0.015624,0.500684,0.345568,-0.019897,0.492610,0.348485,-0.023147,0.483913,0.349627,-0.023361,0.475555,0.349985,-0.022009,0.467852,0.348472,-0.017682,0.461501,0.345808,-0.012868,0.456987,0.343738,-0.006309,0.432621,0.247001,0.020308,0.434324,0.245073,0.017263,0.436455,0.242992,0.014890,0.440023,0.240239,0.012629,0.445557,0.238288,0.010661,0.451017,0.238244,0.010043,0.456831,0.239513,0.010755,0.460993,0.242392,0.011864,0.501409,0.241073,0.009609,0.503376,0.242090,0.009335,0.506917,0.242906,0.007599,0.512516,0.244172,0.006258,0.518465,0.244351,0.006111,0.524492,0.243044,0.007514,0.528411,0.241444,0.009604,0.531057,0.239965,0.011487,0.480180,0.229140,-0.006254,0.480016,0.239178,-0.012404,0.479863,0.248328,-0.019221,0.479666,0.256883,-0.026754,0.000000,0.000000,0.000000,0.000000,0.000000,0.000000,0.000000,0.000000,0.000000,0.000000,0.000000,0.000000,0.000000,0.000000,0.000000,0.000000,0.000000,0.000000,0.000000,0.000000,0.000000,0.000000,0.000000,0.000000,0.000000,0.000000,0.000000,0.000000,0.000000,0.000000,0.000000,0.000000,0.000000,0.000000,0.000000,0.000000,0.000000,0.000000,0.000000,0.000000,0.000000,0.000000,0.000000,0.000000,0.000000,0.000000,0.000000,0.000000,0.000000,0.000000,0.000000,0.000000,0.000000,0.000000,0.000000,0.000000,0.000000,0.000000,0.000000,0.000000,0.000000,0.000000,0.000000,0.000000,0.000000,0.000000,0.000000,0.000000,0.000000,0.000000,0.000000,0.000000,0.000000,0.000000,0.000000,0.000000,0.000000,0.000000,0.000000,0.000000,0.000000,0.000000,0.000000,0.000000,0.000000,0.000000,0.000000,0.000000,0.000000,0.000000,0.000000,0.000000,0.000000,0.000000,0.000000,0.000000,0.000000,0.000000,0.000000,0.000000,0.000000,0.000000,0.000000,0.000000,0.000000,0.000000,0.000000,0.000000,0.000000,0.000000,0.000000,0.000000,0.000000,0.000000,0.000000,0.000000,0.000000,0.000000,0.000000,0.000000,0.000000,0.000000,0.000000,0.000000,0.000000,0.000000
-0.094640,-2.768167,-2.480922,-0.027555,-2.888767,-2.330027,0.015971,-2.887064,-2.330462,0.048549,-2.881801,-2.330069,-0.149196,-2.884121,-2.323745,-0.189944,-2.877649,-2.323281,-0.229054,-2.866096,-2.324602,0.118289,-2.789893,-1.332862,-0.252371,-2.772738,-1.290828,-0.002993,-2.606730,-2.114616,-0.169287,-2.599123,-2.104836,0.475362,-1.880630,-0.676216,-0.516454,-1.926281,-0.795409,0.692692,-0.965679,-0.534792,-0.832769,-1.087478,-1.548998,0.724525,-0.176061,-1.629930,-0.651301,-0.882632,-3.744066,0.756475,0.087590,-1.914605,-0.625482,-0.778478,-4.191051,0.668975,0.022618,-2.100321,-0.537968,-0.891434,-4.248230,0.629754,-0.085877,-1.747241,-0.526842,-0.948685,-3.821853,0.345676,-0.000492,-0.114442,-0.345676,0.000492,0.114442,0.290504,1.481474,-0.016218,-0.390135,1.492701,0.239438,0.295159,2.821074,1.575668,-0.340755,2.811650,1.355923,0.314867,3.025038,1.654237,-0.343439,3.009583,1.428251,0.193809,3.241984,0.252310,-0.238057,3.223782,-0.094370,0.455362,0.341802,-0.000980,0.457086,0.338331,-0.006116,0.461291,0.334409,-0.012086,0.466894,0.329185,-0.017599,0.475592,0.324808,-0.022129,0.484351,0.325431,-0.023708,0.493293,0.323160,-0.023207,0.503165,0.326003,-0.019906,0.510020,0.330084,-0.015276,0.515373,0.333141,-0.009918,0.517911,0.336241,-0.005119,0.514391,0.339517,-0.009736,0.509462,0.342517,-0.015525,0.502610,0.346381,-0.019818,0.494514,0.349319,-0.023100,0.485780,0.350465,-0.023320,0.477375,0.350822,-0.021964,0.469621,0.349301,-0.017621,0.463224,0.346603,-0.012799,0.458677,0.344480,-0.006226,0.434180,0.247349,0.020293,0.435875,0.245397,0.017241,0.437993,0.243289,0.014863,0.441555,0.240484,0.012600,0.447108,0.238498,0.010632,0.452612,0.238457,0.010019,0.458470,0.239797,0.010742,0.462682,0.242766,0.011849,0.503036,0.241469,0.009605,0.505007,0.242479,0.009330,0.508566,0.243272,0.007597,0.514201,0.244514,0.006249,0.520166,0.244680,0.006096,0.526199,0.243360,0.007514,0.530126,0.241742,0.009610,0.532771,0.240246,0.011496,0.481907,0.229659,-0.006343,0.481781,0.239771,-0.012509,0.481665,0.249035,-0.019343,0.481498,0.257697,-0.026885,0.015679,0.060390,0.000000,0.017893,0.059648,0.000673,0.020395,0.059302,0.000977,0.022228,0.059602,0.001131,0.023336,0.060114,0.001333,0.022613,0.059051,0.001075,0.024828,0.061168,0.001289,0.025610,0.061655,0.001273,0.026090,0.061534,0.001235,0.022698,0.059589,0.000687,0.024965,0.061426,0.001087,0.025814,0.061845,0.001151,0.026315,0.061793,0.001126,0.022406,0.060430,0.000324,0.024650,0.061831,0.000745,0.025394,0.062259,0.001042,0.025776,0.062214,0.001171,0.021859,0.061407,-0.000015,0.023873,0.062371,0.000451,0.024697,0.062706,0.000935,0.025213,0.062746,0.001287,0.000000,0.000000,0.000000,0.000000,0.000000,0.000000,0.000000,0.000000,0.000000,0.000000,0.000000,0.000000,0.000000,0.000000,0.000000,0.000000,0.000000,0.000000,0.000000,0.000000,0.000000,0.000000,0.000000,0.000000,0.000000,0.000000,0.000000,0.000000,0.000000,0.000000,0.000000,0.000000,0.000000,0.000000,0.000000,0.000000,0.000000,0.000000,0.000000,0.000000,0.000000,0.000000,0.000000,0.000000,0.000000,0.000000,0.000000,0.000000,0.000000,0.000000,0.000000,0.000000,0.000000,0.000000,0.000000,0.000000,0.000000,0.000000,0.000000,0.000000,0.000000,0.000000,0.000000
-0.066955,-2.743581,-2.419821,0.000993,-2.870255,-2.251457,0.043856,-2.868200,-2.251903,0.078822,-2.863058,-2.251673,-0.119601,-2.864734,-2.222122,-0.162062,-2.857244,-2.221711,-0.198576,-2.846209,-2.222844,0.144554,-2.771630,-1.235372,-0.221148,-2.756355,-1.057784,0.020572,-2.578090,-2.061568,-0.141682,-2.575960,-2.016944,0.494227,-1.879772,-0.681474,-0.503599,-1.927619,-0.637318,0.722601,-0.929172,-0.730821,-1.041062,-1.062194,-2.003170,0.820128,0.042102,-1.496816,-0.692514,-1.695859,-4.253362,0.872948,0.332988,-1.752874,-0.522715,-1.820905,-4.734488,0.758509,0.294868,-1.853757,-0.444022,-1.883212,-4.586450,0.694511,0.202817,-1.578098,-0.466632,-1.838631,-4.260082,0.354214,-0.002038,-0.182152,-0.354214,0.002038,0.182152,0.327401,1.499977,-0.226326,-0.354172,1.503738,0.666376,0.345018,2.855564,1.294269,-0.275342,2.806591,2.090875,0.365608,3.052943,1.345693,-0.274456,2.976732,2.202134,0.272447,3.245083,-0.219731,-0.204593,3.242520,0.633708,0.455186,0.342011,-0.000844,0.456814,0.338584,-0.005894,0.460920,0.334706,-0.011827,0.466427,0.329576,-0.017316,0.475047,0.325275,-0.021802,0.483769,0.325934,-0.023369,0.492738,0.323724,-0.022902,0.502703,0.326559,-0.019670,0.509655,0.330568,-0.015103,0.515089,0.333571,-0.009823,0.517657,0.336637,-0.005144,0.514100,0.339983,-0.009685,0.509126,0.343071,-0.015463,0.502240,0.346981,-0.019759,0.494114,0.349923,-0.023044,0.485384,0.351044,-0.023265,0.477025,0.351337,-0.021860,0.469331,0.349753,-0.017507,0.462997,0.346982,-0.012653,0.458496,0.344776,-0.006062,0.434237,0.247559,0.020160,0.435951,0.245734,0.017138,0.438086,0.243755,0.014784,0.441644,0.241138,0.012576,0.447127,0.239336,0.010619,0.452532,0.239355,0.009990,0.458282,0.240594,0.010683,0.462385,0.243398,0.011791,0.502506,0.242450,0.009484,0.504443,0.243433,0.009225,0.507943,0.244267,0.007491,0.513503,0.245553,0.006149,0.519400,0.245768,0.005983,0.525418,0.244542,0.007368,0.529346,0.242996,0.009421,0.532018,0.241570,0.011283,0.481372,0.230229,-0.006075,0.481171,0.240532,-0.012175,0.480979,0.249828,-0.018958,0.480743,0.258492,-0.026419,0.234254,0.649597,0.000000,0.266178,0.621351,-0.000614,0.305758,0.597306,-0.009095,0.339339,0.591973,-0.018322,0.363771,0.595019,-0.028330,0.309585,0.558956,-0.025470,0.361729,0.575316,-0.042632,0.392864,0.593567,-0.053046,0.415382,0.609077,-0.059069,0.299087,0.577764,-0.034365,0.358059,0.591090,-0.049581,0.393811,0.606620,-0.055743,0.419838,0.620373,-0.059912,0.290623,0.606228,-0.042711,0.348394,0.615468,-0.054477,0.384499,0.625855,-0.057335,0.410932,0.634652,-0.058869,0.285312,0.639962,-0.050922,0.331264,0.640911,-0.057765,0.359984,0.641722,-0.058190,0.382620,0.643725,-0.058236,0.000000,0.000000,0.000000,0.000000,0.000000,0.000000,0.000000,0.000000,0.000000,0.000000,0.000000,0.000000,0.000000,0.000000,0.000000,0.000000,0.000000,0.000000,0.000000,0.000000,0.000000,0.000000,0.000000,0.000000,0.000000,0.000000,0.000000,0.000000,0.000000,0.000000,0.000000,0.000000,0.000000,0.000000,0.000000,0.000000,0.000000,0.000000,0.000000,0.000000,0.000000,0.000000,0.000000,0.000000,0.000000,0.000000,0.000000,0.000000,0.000000,0.000000,0.000000,0.000000,0.000000,0.000000,0.000000,0.000000,0.000000,0.000000,0.000000,0.000000,0.000000,0.000000,0.000000
-0.047474,-2.688716,-2.427957,0.020193,-2.824386,-2.254733,0.062630,-2.820180,-2.255262,0.096974,-2.815425,-2.255024,-0.099801,-2.816017,-2.232406,-0.140558,-2.805940,-2.232157,-0.178214,-2.798414,-2.233463,0.160862,-2.732161,-1.171295,-0.202350,-2.715472,-1.035040,0.040907,-2.526230,-2.057495,-0.118975,-2.526385,-2.024154,0.499984,-1.860038,-0.544758,-0.498519,-1.893507,-0.588014,0.733232,-0.906210,-0.551075,-1.017556,-1.025999,-1.915175,0.829178,0.019889,-1.437121,-0.662928,-1.704728,-4.154117,0.877778,0.300721,-1.693687,-0.497667,-1.880530,-4.659945,0.765143,0.257856,-1.847313,-0.431320,-1.947282,-4.531005,0.704553,0.165703,-1.540296,-0.449452,-1.899336,-4.170723,0.347479,-0.003504,-0.158974,-0.347479,0.003504,0.158974,0.329377,1.496887,-0.361917,-0.350246,1.495467,0.299431,0.351672,2.853672,0.920227,-0.275347,2.811275,1.371034,0.371822,3.057038,0.953017,-0.275279,2.991126,1.437623,0.276776,3.228240,-0.568391,-0.198266,3.227142,-0.100433,0.454337,0.343030,-0.000931,0.456108,0.339519,-0.006051,0.460351,0.335596,-0.011999,0.466007,0.330393,-0.017485,0.474782,0.326070,-0.021975,0.483600,0.326727,-0.023498,0.492567,0.324465,-0.022947,0.502428,0.327233,-0.019592,0.509258,0.331281,-0.014896,0.514555,0.334330,-0.009493,0.517030,0.337468,-0.004683,0.513496,0.340834,-0.009289,0.508580,0.343962,-0.015098,0.501747,0.347939,-0.019432,0.493637,0.350951,-0.022800,0.484860,0.352103,-0.023079,0.476375,0.352390,-0.021755,0.468577,0.350771,-0.017456,0.462174,0.347973,-0.012660,0.457641,0.345780,-0.006130,0.433618,0.248593,0.019678,0.435358,0.246794,0.016638,0.437536,0.244834,0.014280,0.441127,0.242211,0.012056,0.446625,0.240340,0.010132,0.452019,0.240254,0.009556,0.457781,0.241336,0.010346,0.461898,0.244015,0.011485,0.502191,0.242980,0.009596,0.504115,0.243952,0.009344,0.507613,0.244784,0.007627,0.513181,0.246108,0.006329,0.519085,0.246359,0.006221,0.525113,0.245184,0.007654,0.529045,0.243708,0.009746,0.531712,0.242368,0.011624,0.481240,0.231035,-0.006437,0.481090,0.241037,-0.012551,0.480959,0.250278,-0.019348,0.480792,0.258929,-0.026842,0.232866,0.628432,0.000000,0.263994,0.591502,0.001088,0.303027,0.564225,-0.006556,0.336978,0.556519,-0.015432,0.361787,0.560380,-0.024857,0.310212,0.523058,-0.021106,0.364138,0.540687,-0.037349,0.396221,0.558603,-0.047975,0.419061,0.573179,-0.054572,0.301546,0.542954,-0.030639,0.362121,0.556255,-0.043475,0.397532,0.571627,-0.049063,0.423333,0.584626,-0.053597,0.295008,0.572963,-0.039691,0.353310,0.582344,-0.049452,0.387827,0.591581,-0.051551,0.413239,0.598918,-0.053316,0.292061,0.608378,-0.048720,0.338085,0.609159,-0.053924,0.365489,0.609027,-0.053615,0.388244,0.609169,-0.053537,0.000000,0.000000,0.000000,0.000000,0.000000,0.000000,0.000000,0.000000,0.000000,0.000000,0.000000,0.000000,0.000000,0.000000,0.000000,0.000000,0.000000,0.000000,0.000000,0.000000,0.000000,0.000000,0.000000,0.000000,0.000000,0.000000,0.000000,0.000000,0.000000,0.000000,0.000000,0.000000,0.000000,0.000000,0.000000,0.000000,0.000000,0.000000,0.000000,0.000000,0.000000,0.000000,0.000000,0.000000,0.000000,0.000000,0.000000,0.000000,0.000000,0.000000,0.000000,0.000000,0.000000,0.000000,0.000000,0.000000,0.000000,0.000000,0.000000,0.000000,0.000000,0.000000,0.000000
-0.049997,-2.682475,-2.417846,0.017529,-2.819646,-2.240995,0.059898,-2.815212,-2.241578,0.094194,-2.810735,-2.241348,-0.103040,-2.810773,-2.220397,-0.143672,-2.800653,-2.220414,-0.181431,-2.793775,-2.221823,0.157438,-2.729513,-1.163978,-0.205845,-2.712935,-1.035785,0.039542,-2.520617,-2.040834,-0.120553,-2.520189,-2.011023,0.495456,-1.863287,-0.535745,-0.502824,-1.892620,-0.586496,0.730179,-0.912218,-0.514124,-1.021685,-1.028291,-1.887924,0.826012,0.013326,-1.355797,-0.666264,-1.712956,-4.180802,0.873750,0.295360,-1.597730,-0.497826,-1.884179,-4.688743,0.764629,0.252308,-1.759608,-0.435606,-1.944389,-4.554844,0.706185,0.159079,-1.458606,-0.452994,-1.896231,-4.195417,0.346402,-0.004364,-0.140756,-0.346402,0.004364,0.140756,0.339489,1.488491,-0.384177,-0.338825,1.490964,0.351926,0.375298,2.845081,0.878920,-0.256363,2.810575,1.461773,0.396497,3.049306,0.910294,-0.255341,2.993317,1.532550,0.299869,3.218275,-0.622279,-0.172204,3.222593,0.003548,0.453548,0.343184,-0.000112,0.455268,0.339678,-0.005321,0.459434,0.335791,-0.011396,0.465015,0.330653,-0.017021,0.473778,0.326395,-0.021637,0.482638,0.327044,-0.023241,0.491703,0.324723,-0.022794,0.501712,0.327366,-0.019495,0.508627,0.331300,-0.014807,0.513997,0.334262,-0.009395,0.516528,0.337385,-0.004549,0.512954,0.340880,-0.009059,0.507978,0.344180,-0.014816,0.501071,0.348325,-0.019110,0.492879,0.351456,-0.022415,0.484014,0.352680,-0.022605,0.475491,0.352958,-0.021183,0.467692,0.351280,-0.016776,0.461332,0.348369,-0.011907,0.456836,0.346037,-0.005311,0.432763,0.248952,0.019899,0.434484,0.247193,0.016800,0.436645,0.245251,0.014400,0.440224,0.242641,0.012119,0.445710,0.240747,0.010122,0.451122,0.240609,0.009473,0.456894,0.241606,0.010238,0.461017,0.244201,0.011374,0.501380,0.242907,0.008993,0.503293,0.243853,0.008726,0.506779,0.244658,0.006987,0.512353,0.245953,0.005647,0.518281,0.246186,0.005486,0.524347,0.245003,0.006866,0.528321,0.243521,0.008914,0.531033,0.242162,0.010776,0.480177,0.231096,-0.006886,0.479998,0.241228,-0.012935,0.479831,0.250583,-0.019683,0.479625,0.259335,-0.027102,0.231533,0.633893,0.000000,0.263947,0.596287,0.000567,0.304237,0.568072,-0.007159,0.338858,0.559918,-0.015989,0.364072,0.563539,-0.025339,0.310992,0.526700,-0.021538,0.365815,0.544817,-0.037559,0.398068,0.562772,-0.047935,0.421352,0.576937,-0.054461,0.302210,0.547768,-0.030882,0.363176,0.562070,-0.043491,0.398613,0.576678,-0.048771,0.424880,0.588746,-0.053193,0.295422,0.578785,-0.039808,0.353954,0.589102,-0.049290,0.388270,0.597541,-0.051073,0.413961,0.604206,-0.052729,0.292164,0.615076,-0.048801,0.338253,0.615397,-0.053887,0.365942,0.614805,-0.053508,0.389258,0.614721,-0.053441,0.000000,0.000000,0.000000,0.000000,0.000000,0.000000,0.000000,0.000000,0.000000,0.000000,0.000000,0.000000,0.000000,0.000000,0.000000,0.000000,0.000000,0.000000,0.000000,0.000000,0.000000,0.000000,0.000000,0.000000,0.000000,0.000000,0.000000,0.000000,0.000000,0.000000,0.000000,0.000000,0.000000,0.000000,0.000000,0.000000,0.000000,0.000000,0.000000,0.000000,0.000000,0.000000,0.000000,0.000000,0.000000,0.000000,0.000000,0.000000,0.000000,0.000000,0.000000,0.000000,0.000000,0.000000,0.000000,0.000000,0.000000,0.000000,0.000000,0.000000,0.000000,0.000000,0.000000
-0.077013,-2.712852,-2.510060,-0.008861,-2.849758,-2.352181,0.033903,-2.845032,-2.352764,0.068658,-2.840546,-2.352202,-0.130626,-2.841481,-2.331862,-0.171570,-2.831380,-2.332391,-0.209533,-2.824413,-2.333914,0.132163,-2.759031,-1.301954,-0.233785,-2.743383,-1.202800,0.013382,-2.550202,-2.123036,-0.148677,-2.551229,-2.098494,0.475930,-1.886234,-0.552676,-0.520028,-1.923990,-0.632122,0.707861,-0.926330,-0.479177,-0.962684,-1.039319,-1.798218,0.746617,-0.049948,-1.470209,-0.690759,-1.384010,-4.217188,0.763298,0.221668,-1.721656,-0.528868,-1.484289,-4.706983,0.666475,0.153072,-1.899208,-0.468640,-1.595025,-4.669567,0.623194,0.057375,-1.570611,-0.484051,-1.575476,-4.259482,0.328529,-0.001090,-0.107522,-0.328529,0.001090,0.107522,0.307348,1.419122,-0.325257,-0.341765,1.382555,0.167843,0.348724,2.789590,1.003776,-0.254500,2.736585,1.156846,0.367944,2.997964,1.046629,-0.250977,2.928736,1.205419,0.278583,3.164877,-0.372112,-0.181294,3.132589,-0.235176,0.454371,0.343455,-0.000655,0.456094,0.340029,-0.005789,0.460336,0.336225,-0.011751,0.465991,0.331129,-0.017261,0.474734,0.326870,-0.021749,0.483522,0.327543,-0.023255,0.492437,0.325286,-0.022719,0.502257,0.328040,-0.019356,0.509083,0.332022,-0.014658,0.514421,0.334999,-0.009244,0.516943,0.338068,-0.004426,0.513429,0.341500,-0.008985,0.508539,0.344671,-0.014782,0.501748,0.348683,-0.019103,0.493684,0.351722,-0.022447,0.484966,0.352861,-0.022735,0.476503,0.353125,-0.021410,0.468717,0.351452,-0.017111,0.462295,0.348578,-0.012314,0.457723,0.346285,-0.005807,0.433271,0.248661,0.019503,0.435003,0.246823,0.016470,0.437164,0.244816,0.014106,0.440747,0.242153,0.011884,0.446265,0.240287,0.009949,0.451694,0.240260,0.009357,0.457457,0.241477,0.010122,0.461580,0.244285,0.011261,0.501849,0.243278,0.009296,0.503783,0.244252,0.009050,0.507288,0.245068,0.007340,0.512851,0.246357,0.006044,0.518734,0.246569,0.005926,0.524721,0.245348,0.007345,0.528621,0.243830,0.009432,0.531275,0.242454,0.011297,0.480899,0.231338,-0.006648,0.480806,0.241576,-0.012694,0.480729,0.250953,-0.019429,0.480609,0.259687,-0.026854,0.040153,0.111071,0.000000,0.045555,0.104423,0.000268,0.052235,0.099500,-0.001118,0.058182,0.098194,-0.002746,0.062620,0.099223,-0.004443,0.053106,0.092730,-0.003797,0.062798,0.095233,-0.006710,0.068432,0.098287,-0.008554,0.072409,0.100885,-0.009641,0.051669,0.096566,-0.005494,0.062518,0.098085,-0.007847,0.068742,0.100643,-0.008802,0.073135,0.103020,-0.009511,0.050714,0.101930,-0.007081,0.061060,0.102989,-0.008743,0.066956,0.104448,-0.008946,0.071146,0.105760,-0.009102,0.050407,0.108092,-0.008662,0.058421,0.107867,-0.009462,0.063221,0.107700,-0.009272,0.067100,0.107775,-0.009134,0.000000,0.000000,0.000000,0.000000,0.000000,0.000000,0.000000,0.000000,0.000000,0.000000,0.000000,0.000000,0.000000,0.000000,0.000000,0.000000,0.000000,0.000000,0.000000,0.000000,0.000000,0.000000,0.000000,0.000000,0.000000,0.000000,0.000000,0.000000,0.000000,0.000000,0.000000,0.000000,0.000000,0.000000,0.000000,0.000000,0.000000,0.000000,0.000000,0.000000,0.000000,0.000000,0.000000,0.000000,0.000000,0.000000,0.000000,0.000000,0.000000,0.000000,0.000000,0.000000,0.000000,0.000000,0.000000,0.000000,0.000000,0.000000,0.000000,0.000000,0.000000,0.000000,0.000000
-0.083437,-2.650110,-2.213623,-0.017537,-2.769409,-2.061671,0.024678,-2.767194,-2.062320,0.057288,-2.762138,-2.062604,-0.135388,-2.763042,-2.086744,-0.174986,-2.753996,-2.085852,-0.212694,-2.744420,-2.086781,0.119358,-2.675934,-1.167907,-0.235849,-2.659464,-1.251580,0.003017,-2.495006,-1.883287,-0.154972,-2.491901,-1.905661,0.465231,-1.813738,-0.617058,-0.492497,-1.851914,-0.902159,0.666192,-0.940709,-0.442546,-0.687951,-0.999528,-0.968922,0.756878,-0.061012,-1.170166,-0.705818,-0.179498,-2.182668,0.847224,0.185632,-1.389880,-0.731045,0.063223,-2.486225,0.752055,0.215972,-1.577754,-0.637315,0.049134,-2.693396,0.693068,0.112720,-1.287924,-0.612162,-0.046793,-2.310066,0.325883,-0.004896,-0.098693,-0.325883,0.004896,0.098693,0.260882,1.484514,-0.147408,-0.373449,1.505036,0.115522,0.247042,2.833634,1.303273,-0.346758,2.823950,1.009248,0.265115,3.048915,1.358102,-0.343851,3.035122,1.052487,0.135298,3.248662,0.071908,-0.265186,3.229179,-0.373523,0.451593,0.347830,0.001362,0.453242,0.344379,-0.003974,0.457253,0.340589,-0.010155,0.462635,0.335577,-0.015884,0.471167,0.331453,-0.020673,0.479862,0.332179,-0.022396,0.488863,0.329879,-0.022120,0.498876,0.332538,-0.018930,0.505811,0.336430,-0.014340,0.511246,0.339329,-0.008999,0.513845,0.342422,-0.004089,0.510313,0.345921,-0.008401,0.505344,0.349315,-0.013897,0.498458,0.353593,-0.018004,0.490293,0.356812,-0.021069,0.481422,0.358072,-0.021084,0.472998,0.358259,-0.019576,0.465341,0.356446,-0.015137,0.459146,0.353302,-0.010295,0.454779,0.350767,-0.003780,0.430937,0.252403,0.019642,0.432605,0.250704,0.016492,0.434705,0.248783,0.014066,0.438266,0.246202,0.011718,0.443766,0.244325,0.009619,0.449206,0.244191,0.008893,0.454946,0.245214,0.009612,0.459036,0.247814,0.010732,0.499463,0.246166,0.007686,0.501354,0.247066,0.007401,0.504821,0.247821,0.005664,0.510402,0.249074,0.004279,0.516338,0.249263,0.004050,0.522448,0.248030,0.005337,0.526506,0.246460,0.007278,0.529291,0.244971,0.009070,0.477904,0.235278,-0.007994,0.477612,0.245652,-0.013794,0.477333,0.255229,-0.020310,0.477016,0.264191,-0.027454,0.000000,0.000000,0.000000,0.000000,0.000000,0.000000,0.000000,0.000000,0.000000,0.000000,0.000000,0.000000,0.000000,0.000000,0.000000,0.000000,0.000000,0.000000,0.000000,0.000000,0.000000,0.000000,0.000000,0.000000,0.000000,0.000000,0.000000,0.000000,0.000000,0.000000,0.000000,0.000000,0.000000,0.000000,0.000000,0.000000,0.000000,0.000000,0.000000,0.000000,0.000000,0.000000,0.000000,0.000000,0.000000,0.000000,0.000000,0.000000,0.000000,0.000000,0.000000,0.000000,0.000000,0.000000,0.000000,0.000000,0.000000,0.000000,0.000000,0.000000,0.000000,0.000000,0.000000,0.000000,0.000000,0.000000,0.000000,0.000000,0.000000,0.000000,0.000000,0.000000,0.000000,0.000000,0.000000,0.000000,0.000000,0.000000,0.000000,0.000000,0.000000,0.000000,0.000000,0.000000,0.000000,0.000000,0.000000,0.000000,0.000000,0.000000,0.000000,0.000000,0.000000,0.000000,0.000000,0.000000,0.000000,0.000000,0.000000,0.000000,0.000000,0.000000,0.000000,0.000000,0.000000,0.000000,0.000000,0.000000,0.000000,0.000000,0.000000,0.000000,0.000000,0.000000,0.000000,0.000000,0.000000,0.000000,0.000000,0.000000,0.000000,0.000000,0.000000,0.000000,0.000000,0.000000
-0.106206,-2.707090,-2.189107,-0.040860,-2.828008,-2.042819,0.001947,-2.826154,-2.043334,0.035672,-2.821416,-2.043570,-0.160291,-2.821958,-2.056638,-0.200909,-2.813303,-2.055966,-0.239436,-2.803077,-2.056933,0.095852,-2.733940,-1.124303,-0.263756,-2.714886,-1.165222,-0.019225,-2.550287,-1.847822,-0.180250,-2.545629,-1.858548,0.449516,-1.864887,-0.577292,-0.522321,-1.882519,-0.809708,0.700956,-1.046128,-0.472153,-0.714515,-1.000181,-0.938450,0.768506,-0.242120,-1.387781,-0.678640,-0.205811,-2.216775,0.820908,0.004773,-1.659029,-0.678347,0.020872,-2.530571,0.722652,-0.032950,-1.825422,-0.572759,-0.008797,-2.705768,0.681471,-0.136121,-1.494746,-0.560251,-0.097705,-2.343240,0.333740,-0.012970,-0.099724,-0.333740,0.012970,0.099724,0.287090,1.503540,-0.232056,-0.369536,1.523869,0.015787,0.281013,2.865057,1.036019,-0.344719,2.863834,0.748648,0.298886,3.076602,1.090595,-0.344384,3.079193,0.777340,0.167821,3.292618,-0.188895,-0.263812,3.272762,-0.611794,0.448869,0.348505,0.001342,0.450430,0.344978,-0.004005,0.454355,0.341066,-0.010252,0.459626,0.335914,-0.016062,0.468095,0.331623,-0.020980,0.476792,0.332255,-0.022833,0.485861,0.329902,-0.022670,0.496012,0.332599,-0.019624,0.503047,0.336541,-0.015130,0.508583,0.339508,-0.009859,0.511271,0.342644,-0.004998,0.507714,0.346163,-0.009272,0.502696,0.349558,-0.014715,0.495730,0.353826,-0.018760,0.487494,0.357045,-0.021682,0.478566,0.358369,-0.021578,0.470157,0.358619,-0.019949,0.462514,0.356921,-0.015413,0.456353,0.353885,-0.010484,0.452029,0.351420,-0.003893,0.427981,0.253752,0.020850,0.429616,0.252024,0.017653,0.431691,0.250092,0.015190,0.435216,0.247503,0.012798,0.440706,0.245597,0.010612,0.446178,0.245414,0.009802,0.451933,0.246362,0.010424,0.456048,0.248900,0.011505,0.496582,0.246688,0.007742,0.498508,0.247584,0.007432,0.502017,0.248309,0.005634,0.507637,0.249464,0.004163,0.513612,0.249551,0.003830,0.519739,0.248221,0.005063,0.523812,0.246572,0.006966,0.526606,0.245023,0.008775,0.474629,0.235762,-0.007572,0.474318,0.246179,-0.013492,0.474003,0.255670,-0.020127,0.473659,0.264550,-0.027393,0.000000,0.000000,0.000000,0.000000,0.000000,0.000000,0.000000,0.000000,0.000000,0.000000,0.000000,0.000000,0.000000,0.000000,0.000000,0.000000,0.000000,0.000000,0.000000,0.000000,0.000000,0.000000,0.000000,0.000000,0.000000,0.000000,0.000000,0.000000,0.000000,0.000000,0.000000,0.000000,0.000000,0.000000,0.000000,0.000000,0.000000,0.000000,0.000000,0.000000,0.000000,0.000000,0.000000,0.000000,0.000000,0.000000,0.000000,0.000000,0.000000,0.000000,0.000000,0.000000,0.000000,0.000000,0.000000,0.000000,0.000000,0.000000,0.000000,0.000000,0.000000,0.000000,0.000000,0.000000,0.000000,0.000000,0.000000,0.000000,0.000000,0.000000,0.000000,0.000000,0.000000,0.000000,0.000000,0.000000,0.000000,0.000000,0.000000,0.000000,0.000000,0.000000,0.000000,0.000000,0.000000,0.000000,0.000000,0.000000,0.000000,0.000000,0.000000,0.000000,0.000000,0.000000,0.000000,0.000000,0.000000,0.000000,0.000000,0.000000,0.000000,0.000000,0.000000,0.000000,0.000000,0.000000,0.000000,0.000000,0.000000,0.000000,0.000000,0.000000,0.000000,0.000000,0.000000,0.000000,0.000000,0.000000,0.000000,0.000000,0.000000,0.000000,0.000000,0.000000,0.000000,0.000000
-0.036552,-2.745432,-2.711886,0.031859,-2.875666,-2.494064,0.075523,-2.872301,-2.494870,0.111239,-2.867552,-2.494211,-0.091987,-2.869225,-2.515242,-0.132911,-2.859452,-2.514990,-0.173781,-2.849468,-2.516049,0.173395,-2.776318,-1.253002,-0.199477,-2.758547,-1.347387,0.053922,-2.583130,-2.267962,-0.112068,-2.578033,-2.297100,0.527363,-1.923266,-0.550690,-0.471722,-1.911311,-0.510019,1.028596,-1.060348,-1.878999,-0.695023,-1.023548,-0.584177,0.616556,-1.446169,-4.129938,-0.668963,-0.329592,-2.136486,0.482510,-1.512555,-4.626941,-0.667689,-0.001959,-2.466947,0.421303,-1.621056,-4.419353,-0.576996,-0.115060,-2.687469,0.434806,-1.602621,-4.103364,-0.553992,-0.213743,-2.264331,0.340030,-0.006346,-0.174519,-0.340030,0.006346,0.174519,0.278798,1.456100,-0.806733,-0.354038,1.387968,-0.669581,0.261136,2.876182,0.171344,-0.366805,2.833411,-0.203503,0.273824,3.083065,0.179173,-0.371171,3.067427,-0.213141,0.146090,3.308589,-1.350707,-0.297277,3.240520,-1.807329,0.450899,0.347307,0.001822,0.452545,0.343802,-0.003700,0.456590,0.340031,-0.010059,0.462017,0.335054,-0.015970,0.470754,0.330958,-0.020821,0.479708,0.331650,-0.022503,0.488994,0.329183,-0.022189,0.499296,0.331615,-0.018861,0.506386,0.335360,-0.014031,0.511927,0.338181,-0.008452,0.514622,0.341270,-0.003338,0.511014,0.345026,-0.007704,0.505961,0.348698,-0.013332,0.498941,0.353264,-0.017557,0.490592,0.356735,-0.020786,0.481477,0.358175,-0.020854,0.472813,0.358401,-0.019328,0.464971,0.356515,-0.014777,0.458640,0.353194,-0.009866,0.454170,0.350459,-0.003302,0.430022,0.251823,0.019339,0.431690,0.250108,0.016152,0.433805,0.248169,0.013700,0.437364,0.245527,0.011312,0.442895,0.243558,0.009216,0.448393,0.243347,0.008517,0.454199,0.244326,0.009309,0.458346,0.246927,0.010467,0.499147,0.244831,0.007673,0.501018,0.245674,0.007386,0.504482,0.246370,0.005656,0.510068,0.247543,0.004292,0.516027,0.247674,0.004096,0.522181,0.246399,0.005427,0.526269,0.244806,0.007407,0.529089,0.243315,0.009233,0.477327,0.234430,-0.008586,0.477078,0.244661,-0.014412,0.476837,0.254313,-0.020956,0.476559,0.263357,-0.028140,0.000000,0.000000,0.000000,0.000000,0.000000,0.000000,0.000000,0.000000,0.000000,0.000000,0.000000,0.000000,0.000000,0.000000,0.000000,0.000000,0.000000,0.000000,0.000000,0.000000,0.000000,0.000000,0.000000,0.000000,0.000000,0.000000,0.000000,0.000000,0.000000,0.000000,0.000000,0.000000,0.000000,0.000000,0.000000,0.000000,0.000000,0.000000,0.000000,0.000000,0.000000,0.000000,0.000000,0.000000,0.000000,0.000000,0.000000,0.000000,0.000000,0.000000,0.000000,0.000000,0.000000,0.000000,0.000000,0.000000,0.000000,0.000000,0.000000,0.000000,0.000000,0.000000,0.000000,0.726437,0.760289,0.000000,0.713298,0.714565,-0.010701,0.684507,0.684669,-0.014699,0.658880,0.673549,-0.017265,0.638464,0.669715,-0.019953,0.657375,0.702624,-0.012514,0.620887,0.698127,-0.020184,0.597523,0.694979,-0.025666,0.578551,0.693502,-0.029261,0.651116,0.730346,-0.011062,0.614411,0.723382,-0.017384,0.589939,0.716853,-0.022487,0.570694,0.711186,-0.026400,0.648986,0.758704,-0.010583,0.613546,0.751018,-0.016838,0.589615,0.743290,-0.021251,0.571139,0.736254,-0.024221,0.649965,0.787145,-0.010794,0.618732,0.782533,-0.016818,0.599656,0.774985,-0.019162,0.584456,0.766452,-0.020365
-0.093736,-2.657814,-2.073978,-0.025024,-2.790877,-1.879831,0.015734,-2.788314,-1.879822,0.048589,-2.784394,-1.878707,-0.151062,-2.783425,-1.918688,-0.190572,-2.773638,-1.917252,-0.230918,-2.764344,-1.918247,0.110657,-2.702459,-0.816630,-0.259102,-2.677283,-0.978797,-0.003649,-2.503189,-1.694694,-0.168565,-2.493309,-1.744595,0.461216,-1.896842,-0.273414,-0.526865,-1.860694,-0.422882,1.020440,-1.009008,-1.590306,-0.752603,-0.948432,-0.358135,0.584357,-1.591624,-3.569827,-0.725161,-0.043057,-1.395022,0.445984,-1.688643,-4.004416,-0.732106,0.273740,-1.603719,0.382011,-1.807533,-3.695675,-0.651427,0.215908,-1.827056,0.399353,-1.788340,-3.489820,-0.628521,0.114303,-1.513057,0.350323,-0.019541,-0.166007,-0.350323,0.019541,0.166007,0.337827,1.571098,-0.369015,-0.333630,1.563942,-0.117271,0.319988,2.977820,0.885751,-0.316020,2.958681,0.615449,0.336471,3.169576,0.931065,-0.332592,3.165510,0.647977,0.231412,3.431861,-0.466272,-0.190815,3.400561,-0.892972,0.451308,0.347193,0.000320,0.452935,0.343667,-0.004948,0.456974,0.339688,-0.011055,0.462394,0.334452,-0.016715,0.471027,0.330055,-0.021405,0.479821,0.330660,-0.023085,0.488842,0.328284,-0.022717,0.498872,0.330982,-0.019500,0.505788,0.334966,-0.014895,0.511193,0.337982,-0.009549,0.513790,0.341117,-0.004679,0.510282,0.344586,-0.009121,0.505368,0.347881,-0.014728,0.498520,0.352060,-0.018913,0.490389,0.355244,-0.022061,0.481569,0.356531,-0.022150,0.473107,0.356883,-0.020693,0.465353,0.355258,-0.016280,0.459040,0.352354,-0.011429,0.454573,0.350016,-0.004885,0.429679,0.251844,0.020192,0.431346,0.249988,0.017075,0.433444,0.247944,0.014669,0.436994,0.245202,0.012337,0.442519,0.243206,0.010281,0.448010,0.243062,0.009596,0.453804,0.244185,0.010309,0.457971,0.246948,0.011413,0.498495,0.245089,0.008580,0.500430,0.246021,0.008288,0.503941,0.246755,0.006530,0.509567,0.247948,0.005149,0.515511,0.248069,0.004921,0.521582,0.246760,0.006260,0.525577,0.245136,0.008265,0.528304,0.243637,0.010094,0.476952,0.233914,-0.007187,0.476806,0.244163,-0.013185,0.476663,0.253680,-0.019877,0.476484,0.262593,-0.027232,0.000000,0.000000,0.000000,0.000000,0.000000,0.000000,0.000000,0.000000,0.000000,0.000000,0.000000,0.000000,0.000000,0.000000,0.000000,0.000000,0.000000,0.000000,0.000000,0.000000,0.000000,0.000000,0.000000,0.000000,0.000000,0.000000,0.000000,0.000000,0.000000,0.000000,0.000000,0.000000,0.000000,0.000000,0.000000,0.000000,0.000000,0.000000,0.000000,0.000000,0.000000,0.000000,0.000000,0.000000,0.000000,0.000000,0.000000,0.000000,0.000000,0.000000,0.000000,0.000000,0.000000,0.000000,0.000000,0.000000,0.000000,0.000000,0.000000,0.000000,0.000000,0.000000,0.000000,0.731433,0.665011,0.000000,0.712900,0.604396,-0.003354,0.678555,0.553757,-0.013031,0.643102,0.536119,-0.020587,0.623863,0.554637,-0.030847,0.685011,0.570747,-0.045088,0.622375,0.563837,-0.062471,0.587242,0.565744,-0.069607,0.562162,0.568910,-0.073059,0.686882,0.610733,-0.051151,0.618956,0.599304,-0.068243,0.577205,0.596958,-0.073206,0.550377,0.596542,-0.077026,0.682904,0.650443,-0.055141,0.617947,0.636145,-0.068876,0.577500,0.628267,-0.073254,0.551827,0.621785,-0.076073,0.674782,0.686250,-0.058055,0.620423,0.670445,-0.069045,0.590627,0.658975,-0.072684,0.569952,0.648257,-0.075297
-0.102445,-2.658280,-1.650065,-0.032112,-2.792480,-1.486490,0.005948,-2.790265,-1.486004,0.038361,-2.786673,-1.484852,-0.158410,-2.784955,-1.525524,-0.197734,-2.775687,-1.524169,-0.237404,-2.766687,-1.525193,0.100675,-2.706694,-0.596730,-0.268219,-2.683444,-0.768307,-0.014541,-2.505101,-1.333209,-0.176200,-2.491643,-1.385201,0.446314,-1.901814,-0.225936,-0.538361,-1.857920,-0.394694,1.007869,-0.995962,-1.376998,-0.775410,-0.911163,-0.338821,0.600026,-1.593806,-2.995216,-0.855312,0.043682,-1.144494,0.445596,-1.690865,-3.368023,-0.904141,0.357317,-1.300872,0.379760,-1.808269,-3.051571,-0.828270,0.326448,-1.532649,0.395174,-1.790800,-2.922330,-0.785764,0.227464,-1.265433,0.352214,-0.029130,-0.105518,-0.352214,0.029130,0.105518,0.359343,1.589668,-0.136934,-0.306271,1.597228,-0.021588,0.362384,2.999571,1.075977,-0.268411,2.989569,0.663331,0.379841,3.194581,1.130361,-0.282181,3.195729,0.698348,0.282762,3.455513,-0.095444,-0.141360,3.428809,-0.678452,0.451569,0.347553,0.000770,0.453241,0.344016,-0.004609,0.457341,0.340142,-0.010779,0.462790,0.335019,-0.016494,0.471467,0.330755,-0.021192,0.480310,0.331425,-0.022813,0.489374,0.329039,-0.022401,0.499406,0.331699,-0.019063,0.506303,0.335622,-0.014329,0.511706,0.338574,-0.008850,0.514318,0.341719,-0.003828,0.510872,0.345290,-0.008276,0.505999,0.348727,-0.013871,0.499175,0.353103,-0.018062,0.491007,0.356459,-0.021259,0.482063,0.357813,-0.021399,0.473467,0.358091,-0.020005,0.465644,0.356263,-0.015634,0.459292,0.353103,-0.010844,0.454822,0.350542,-0.004356,0.430047,0.251498,0.019440,0.431712,0.249614,0.016313,0.433802,0.247537,0.013889,0.437352,0.244744,0.011544,0.442926,0.242714,0.009501,0.448482,0.242579,0.008837,0.454327,0.243816,0.009599,0.458526,0.246716,0.010749,0.499112,0.244890,0.008207,0.501050,0.245828,0.007921,0.504593,0.246562,0.006196,0.510246,0.247747,0.004850,0.516213,0.247855,0.004675,0.522297,0.246515,0.006036,0.526292,0.244851,0.008063,0.529020,0.243301,0.009892,0.477567,0.233958,-0.007914,0.477441,0.244346,-0.013829,0.477314,0.253947,-0.020460,0.477144,0.262914,-0.027748,0.000000,0.000000,0.000000,0.000000,0.000000,0.000000,0.000000,0.000000,0.000000,0.000000,0.000000,0.000000,0.000000,0.000000,0.000000,0.000000,0.000000,0.000000,0.000000,0.000000,0.000000,0.000000,0.000000,0.000000,0.000000,0.000000,0.000000,0.000000,0.000000,0.000000,0.000000,0.000000,0.000000,0.000000,0.000000,0.000000,0.000000,0.000000,0.000000,0.000000,0.000000,0.000000,0.000000,0.000000,0.000000,0.000000,0.000000,0.000000,0.000000,0.000000,0.000000,0.000000,0.000000,0.000000,0.000000,0.000000,0.000000,0.000000,0.000000,0.000000,0.000000,0.000000,0.000000,0.731308,0.665357,0.000000,0.712117,0.606604,-0.003138,0.677199,0.557549,-0.012523,0.642849,0.539107,-0.020106,0.624012,0.553905,-0.030271,0.683083,0.572174,-0.043330,0.621504,0.565496,-0.060883,0.586435,0.567705,-0.068473,0.560598,0.571297,-0.072375,0.685094,0.611377,-0.049732,0.618585,0.601286,-0.067046,0.576881,0.599982,-0.072466,0.548793,0.599685,-0.076714,0.682035,0.650653,-0.054225,0.618813,0.637759,-0.068145,0.578641,0.631158,-0.072654,0.552028,0.625061,-0.075648,0.675098,0.686092,-0.057734,0.622297,0.672097,-0.069096,0.592212,0.661376,-0.073169,0.570462,0.650816,-0.076113
-0.096415,-2.647201,-1.833103,-0.025770,-2.786852,-1.657812,0.011990,-2.784659,-1.657697,0.043178,-2.781919,-1.656642,-0.151444,-2.778651,-1.700138,-0.190951,-2.771834,-1.698989,-0.229741,-2.764432,-1.700045,0.106681,-2.703903,-0.692190,-0.262152,-2.685220,-0.886524,-0.011070,-2.495444,-1.487297,-0.170309,-2.483333,-1.544864,0.448832,-1.904477,-0.240804,-0.531239,-1.858098,-0.433959,1.010210,-0.992473,-1.402643,-0.767903,-0.911346,-0.329416,0.604560,-1.602550,-3.185831,-0.851853,0.049860,-1.157958,0.452793,-1.701310,-3.587438,-0.898600,0.364719,-1.329043,0.385464,-1.817637,-3.306427,-0.824054,0.335149,-1.577860,0.400803,-1.796841,-3.128509,-0.781789,0.235706,-1.286732,0.348666,-0.028095,-0.093398,-0.348666,0.028095,0.093398,0.343063,1.592487,-0.420196,-0.312510,1.591706,-0.316145,0.335684,3.011670,0.606618,-0.290155,3.001472,0.175736,0.349919,3.205388,0.638296,-0.306024,3.210917,0.183582,0.247314,3.469579,-0.643745,-0.174894,3.436408,-1.255798,0.450955,0.347217,0.001416,0.452610,0.343691,-0.003972,0.456624,0.339813,-0.010203,0.462025,0.334718,-0.015989,0.470637,0.330507,-0.020795,0.479431,0.331171,-0.022532,0.488509,0.328846,-0.022250,0.498579,0.331482,-0.019059,0.505543,0.335401,-0.014426,0.510975,0.338360,-0.009039,0.513591,0.341513,-0.004094,0.510056,0.345056,-0.008420,0.505072,0.348452,-0.013926,0.498155,0.352719,-0.018045,0.489948,0.355938,-0.021099,0.481054,0.357210,-0.021103,0.472548,0.357453,-0.019591,0.464820,0.355683,-0.015135,0.458573,0.352617,-0.010282,0.454171,0.350149,-0.003752,0.430074,0.251607,0.019826,0.431740,0.249829,0.016659,0.433851,0.247862,0.014217,0.437419,0.245220,0.011844,0.442945,0.243295,0.009729,0.448433,0.243162,0.008997,0.454237,0.244245,0.009709,0.458392,0.246958,0.010835,0.498743,0.245299,0.007735,0.500646,0.246239,0.007440,0.504146,0.247018,0.005684,0.509771,0.248277,0.004294,0.515750,0.248464,0.004047,0.521872,0.247178,0.005337,0.525914,0.245554,0.007299,0.528671,0.244035,0.009101,0.477253,0.234164,-0.007985,0.476994,0.244441,-0.013821,0.476740,0.254016,-0.020379,0.476455,0.262988,-0.027575,0.000000,0.000000,0.000000,0.000000,0.000000,0.000000,0.000000,0.000000,0.000000,0.000000,0.000000,0.000000,0.000000,0.000000,0.000000,0.000000,0.000000,0.000000,0.000000,0.000000,0.000000,0.000000,0.000000,0.000000,0.000000,0.000000,0.000000,0.000000,0.000000,0.000000,0.000000,0.000000,0.000000,0.000000,0.000000,0.000000,0.000000,0.000000,0.000000,0.000000,0.000000,0.000000,0.000000,0.000000,0.000000,0.000000,0.000000,0.000000,0.000000,0.000000,0.000000,0.000000,0.000000,0.000000,0.000000,0.000000,0.000000,0.000000,0.000000,0.000000,0.000000,0.000000,0.000000,0.730418,0.664487,0.000000,0.711484,0.605474,-0.002015,0.676143,0.556961,-0.011211,0.641405,0.538100,-0.019107,0.621140,0.550363,-0.029629,0.680532,0.565219,-0.039896,0.618921,0.560012,-0.056943,0.583993,0.562895,-0.065001,0.558157,0.567280,-0.069439,0.682237,0.604427,-0.047068,0.615510,0.594919,-0.063562,0.574639,0.593654,-0.069412,0.546911,0.593880,-0.074179,0.679259,0.644410,-0.052370,0.615385,0.631755,-0.065884,0.575780,0.625510,-0.070118,0.549296,0.620267,-0.073060,0.672799,0.681217,-0.056617,0.619654,0.666433,-0.067645,0.589968,0.655707,-0.071041,0.568285,0.645297,-0.073496
-0.072132,-2.695623,-1.935570,-0.005889,-2.829193,-1.802857,0.033229,-2.826349,-1.802815,0.063297,-2.821802,-1.803495,-0.122636,-2.821958,-1.820338,-0.159914,-2.816184,-1.819115,-0.195450,-2.810170,-1.819757,0.129030,-2.743330,-1.000919,-0.228772,-2.731373,-1.038740,0.013660,-2.543624,-1.631900,-0.142497,-2.537232,-1.645985,0.480803,-1.908759,-0.511845,-0.488902,-1.905883,-0.756076,0.778264,-1.058335,-0.394842,-0.720308,-1.010666,-0.789239,0.777176,-0.180033,-0.982075,-0.611037,-0.315474,-1.947245,0.882977,0.094240,-1.198496,-0.637175,-0.038156,-2.228818,0.767157,0.101581,-1.353652,-0.484750,-0.120631,-2.411531,0.715335,0.009254,-1.082565,-0.469273,-0.199857,-2.059562,0.333598,-0.012937,-0.101108,-0.333598,0.012937,0.101108,0.281562,1.544916,-0.109195,-0.371542,1.562305,0.051214,0.266019,2.951662,1.151374,-0.354412,2.940472,0.763600,0.281030,3.167612,1.208518,-0.359637,3.155243,0.798596,0.156429,3.385401,-0.012662,-0.274403,3.362017,-0.572058,0.453752,0.347887,0.000371,0.455337,0.344244,-0.004970,0.459278,0.340253,-0.011042,0.464587,0.335031,-0.016661,0.473161,0.330681,-0.021309,0.481911,0.331356,-0.022969,0.490913,0.329103,-0.022557,0.500852,0.331986,-0.019314,0.507619,0.336126,-0.014711,0.512893,0.339308,-0.009364,0.515434,0.342614,-0.004413,0.512075,0.346147,-0.008798,0.507313,0.349552,-0.014220,0.500583,0.353858,-0.018268,0.492496,0.357123,-0.021282,0.483640,0.358389,-0.021343,0.475126,0.358569,-0.019965,0.467430,0.356678,-0.015729,0.461223,0.353470,-0.011061,0.456889,0.350882,-0.004730,0.431961,0.251278,0.019722,0.433632,0.249447,0.016606,0.435739,0.247418,0.014187,0.439312,0.244707,0.011846,0.444902,0.242796,0.009798,0.450449,0.242762,0.009117,0.456267,0.244080,0.009854,0.460439,0.247002,0.010995,0.501192,0.245651,0.008335,0.503117,0.246608,0.008042,0.506645,0.247376,0.006295,0.512268,0.248623,0.004932,0.518215,0.248796,0.004736,0.524302,0.247528,0.006083,0.528313,0.245913,0.008099,0.531062,0.244389,0.009928,0.479640,0.234609,-0.007618,0.479446,0.245019,-0.013550,0.479252,0.254593,-0.020203,0.479025,0.263538,-0.027503,0.000000,0.000000,0.000000,0.000000,0.000000,0.000000,0.000000,0.000000,0.000000,0.000000,0.000000,0.000000,0.000000,0.000000,0.000000,0.000000,0.000000,0.000000,0.000000,0.000000,0.000000,0.000000,0.000000,0.000000,0.000000,0.000000,0.000000,0.000000,0.000000,0.000000,0.000000,0.000000,0.000000,0.000000,0.000000,0.000000,0.000000,0.000000,0.000000,0.000000,0.000000,0.000000,0.000000,0.000000,0.000000,0.000000,0.000000,0.000000,0.000000,0.000000,0.000000,0.000000,0.000000,0.000000,0.000000,0.000000,0.000000,0.000000,0.000000,0.000000,0.000000,0.000000,0.000000,0.000000,0.000000,0.000000,0.000000,0.000000,0.000000,0.000000,0.000000,0.000000,0.000000,0.000000,0.000000,0.000000,0.000000,0.000000,0.000000,0.000000,0.000000,0.000000,0.000000,0.000000,0.000000,0.000000,0.000000,0.000000,0.000000,0.000000,0.000000,0.000000,0.000000,0.000000,0.000000,0.000000,0.000000,0.000000,0.000000,0.000000,0.000000,0.000000,0.000000,0.000000,0.000000,0.000000,0.000000,0.000000,0.000000,0.000000,0.000000,0.000000,0.000000,0.000000,0.000000,0.000000,0.000000,0.000000,0.000000,0.000000,0.000000,0.000000,0.000000,0.000000,0.000000,0.000000
-0.041424,-2.687156,-2.002692,0.024001,-2.812463,-1.867873,0.063911,-2.808438,-1.867889,0.094116,-2.802478,-1.868021,-0.092878,-2.806687,-1.871479,-0.129312,-2.800887,-1.870807,-0.164229,-2.794765,-1.871847,0.161593,-2.722916,-0.981046,-0.197652,-2.713636,-0.985655,0.047175,-2.529569,-1.671777,-0.113400,-2.530129,-1.673860,0.525572,-1.860260,-0.529931,-0.455952,-1.907402,-0.715115,0.740373,-1.001996,-0.438882,-0.753121,-1.110127,-0.965962,0.795380,-0.136751,-1.264310,-0.826950,-0.585661,-2.462184,0.878037,0.119333,-1.499525,-0.872708,-0.327880,-2.807494,0.769918,0.101878,-1.704173,-0.775785,-0.495836,-2.961647,0.721085,0.001528,-1.360337,-0.737931,-0.676835,-2.576132,0.337884,0.008667,-0.084753,-0.337884,-0.008667,0.084753,0.264908,1.560787,-0.206613,-0.405909,1.538268,-0.067889,0.245125,2.979594,0.915986,-0.404366,2.943329,0.486590,0.263432,3.198165,0.951739,-0.407934,3.158700,0.491927,0.111725,3.410063,-0.386395,-0.337832,3.365127,-0.968509,0.458338,0.347772,0.000085,0.460043,0.344201,-0.005246,0.464168,0.340316,-0.011324,0.469664,0.335237,-0.016934,0.478419,0.331081,-0.021523,0.487285,0.331918,-0.023089,0.496369,0.329763,-0.022597,0.506333,0.332693,-0.019227,0.513119,0.336825,-0.014491,0.518423,0.339975,-0.009018,0.520966,0.343223,-0.004023,0.517534,0.346753,-0.008503,0.512684,0.350108,-0.014122,0.505865,0.354345,-0.018320,0.497694,0.357508,-0.021560,0.488750,0.358663,-0.021756,0.480143,0.358749,-0.020411,0.472326,0.356768,-0.016154,0.465982,0.353490,-0.011422,0.461535,0.350843,-0.005016,0.437314,0.251013,0.019306,0.438990,0.249183,0.016224,0.441101,0.247173,0.013823,0.444684,0.244499,0.011530,0.450303,0.242672,0.009545,0.455871,0.242742,0.008923,0.461716,0.244212,0.009702,0.465903,0.247248,0.010861,0.506582,0.246746,0.008723,0.508511,0.247750,0.008458,0.512062,0.248583,0.006750,0.517706,0.249929,0.005429,0.523678,0.250184,0.005287,0.529753,0.249010,0.006706,0.533738,0.247445,0.008782,0.536448,0.245954,0.010647,0.485351,0.235077,-0.007480,0.485166,0.245529,-0.013464,0.484984,0.255087,-0.020165,0.484765,0.264005,-0.027526,0.000000,0.000000,0.000000,0.000000,0.000000,0.000000,0.000000,0.000000,0.000000,0.000000,0.000000,0.000000,0.000000,0.000000,0.000000,0.000000,0.000000,0.000000,0.000000,0.000000,0.000000,0.000000,0.000000,0.000000,0.000000,0.000000,0.000000,0.000000,0.000000,0.000000,0.000000,0.000000,0.000000,0.000000,0.000000,0.000000,0.000000,0.000000,0.000000,0.000000,0.000000,0.000000,0.000000,0.000000,0.000000,0.000000,0.000000,0.000000,0.000000,0.000000,0.000000,0.000000,0.000000,0.000000,0.000000,0.000000,0.000000,0.000000,0.000000,0.000000,0.000000,0.000000,0.000000,0.000000,0.000000,0.000000,0.000000,0.000000,0.000000,0.000000,0.000000,0.000000,0.000000,0.000000,0.000000,0.000000,0.000000,0.000000,0.000000,0.000000,0.000000,0.000000,0.000000,0.000000,0.000000,0.000000,0.000000,0.000000,0.000000,0.000000,0.000000,0.000000,0.000000,0.000000,0.000000,0.000000,0.000000,0.000000,0.000000,0.000000,0.000000,0.000000,0.000000,0.000000,0.000000,0.000000,0.000000,0.000000,0.000000,0.000000,0.000000,0.000000,0.000000,0.000000,0.000000,0.000000,0.000000,0.000000,0.000000,0.000000,0.000000,0.000000,0.000000,0.000000,0.000000,0.000000
-0.107315,-2.641762,-2.483850,-0.042793,-2.772694,-2.317206,-0.003199,-2.771767,-2.317690,0.028723,-2.766476,-2.317101,-0.157155,-2.767552,-2.307201,-0.192416,-2.763875,-2.308114,-0.228346,-2.756126,-2.309729,0.089706,-2.694047,-1.244475,-0.256543,-2.679084,-1.201342,-0.020876,-2.490742,-2.086869,-0.176926,-2.491060,-2.078344,0.457663,-1.835930,-0.411368,-0.519116,-1.884364,-0.620069,0.680529,-0.965417,-0.478839,-1.039850,-1.098724,-1.824289,0.579187,-0.228817,-1.640823,-0.712876,-1.434677,-4.107930,0.545931,0.023593,-1.864848,-0.569732,-1.519261,-4.564845,0.453412,-0.080830,-1.952293,-0.506098,-1.620274,-4.479425,0.434097,-0.168667,-1.691720,-0.517236,-1.587557,-4.124629,0.309142,0.004147,-0.040323,-0.309142,-0.004147,0.040323,0.247326,1.286419,-0.345657,-0.346211,1.243010,-0.035962,0.311812,2.671245,0.872378,-0.261722,2.628249,0.792863,0.329198,2.877114,0.912213,-0.252531,2.822238,0.807149,0.250959,3.050954,-0.439361,-0.201883,3.024826,-0.620563,0.458307,0.346980,0.000556,0.460001,0.343354,-0.004788,0.464050,0.339521,-0.010869,0.469494,0.334530,-0.016489,0.478146,0.330486,-0.021109,0.486887,0.331379,-0.022697,0.495875,0.329300,-0.022243,0.505710,0.332261,-0.018907,0.512410,0.336422,-0.014205,0.517593,0.339614,-0.008769,0.520069,0.342991,-0.003764,0.516710,0.346630,-0.008102,0.511958,0.350142,-0.013562,0.505232,0.354518,-0.017646,0.497128,0.357743,-0.020762,0.488230,0.358870,-0.020912,0.479654,0.358811,-0.019575,0.471944,0.356619,-0.015354,0.465734,0.353091,-0.010707,0.461412,0.350217,-0.004439,0.437649,0.250226,0.018923,0.439390,0.248532,0.015799,0.441569,0.246617,0.013407,0.445209,0.244063,0.011107,0.450798,0.242287,0.009090,0.456298,0.242319,0.008449,0.462061,0.243635,0.009234,0.466145,0.246474,0.010417,0.506795,0.245922,0.008172,0.508685,0.246886,0.007907,0.512182,0.247732,0.006200,0.517752,0.249101,0.004880,0.523676,0.249401,0.004736,0.529755,0.248295,0.006111,0.533778,0.246804,0.008152,0.536534,0.245378,0.010002,0.485606,0.234562,-0.007965,0.485348,0.245077,-0.013823,0.485092,0.254704,-0.020406,0.484806,0.263680,-0.027619,0.233353,0.742495,0.000000,0.267429,0.765051,-0.007337,0.314013,0.763923,-0.013684,0.350536,0.755508,-0.018940,0.375190,0.745534,-0.024277,0.311354,0.725333,-0.024691,0.363438,0.725124,-0.038175,0.392369,0.730035,-0.045323,0.413479,0.733229,-0.048709,0.301275,0.707078,-0.026817,0.359323,0.711870,-0.038331,0.391537,0.721017,-0.041874,0.415533,0.729147,-0.043911,0.292955,0.696235,-0.028906,0.349720,0.705998,-0.038608,0.380876,0.716653,-0.037865,0.402049,0.723532,-0.036469,0.286607,0.690553,-0.031384,0.332343,0.697287,-0.037934,0.356823,0.708188,-0.036162,0.372519,0.714933,-0.034070,0.000000,0.000000,0.000000,0.000000,0.000000,0.000000,0.000000,0.000000,0.000000,0.000000,0.000000,0.000000,0.000000,0.000000,0.000000,0.000000,0.000000,0.000000,0.000000,0.000000,0.000000,0.000000,0.000000,0.000000,0.000000,0.000000,0.000000,0.000000,0.000000,0.000000,0.000000,0.000000,0.000000,0.000000,0.000000,0.000000,0.000000,0.000000,0.000000,0.000000,0.000000,0.000000,0.000000,0.000000,0.000000,0.000000,0.000000,0.000000,0.000000,0.000000,0.000000,0.000000,0.000000,0.000000,0.000000,0.000000,0.000000,0.000000,0.000000,0.000000,0.000000,0.000000,0.000000
-0.051950,-2.698300,-2.246988,0.015845,-2.833541,-2.071635,0.056596,-2.831615,-2.072132,0.089538,-2.825545,-2.071954,-0.103646,-2.827081,-2.051150,-0.141203,-2.822731,-2.051018,-0.179044,-2.814816,-2.052567,0.150299,-2.751521,-1.027231,-0.207260,-2.736490,-0.917413,0.036937,-2.541639,-1.878818,-0.121718,-2.542766,-1.849695,0.505518,-1.879503,-0.440102,-0.488873,-1.942104,-0.525344,0.742155,-0.938068,-0.495922,-1.047633,-1.119457,-1.863406,0.791411,-0.024800,-1.351354,-0.651977,-1.713057,-4.102188,0.818370,0.257423,-1.584153,-0.489348,-1.829872,-4.579557,0.710327,0.196531,-1.703874,-0.430025,-1.909969,-4.443484,0.661213,0.106679,-1.433810,-0.448452,-1.872175,-4.108091,0.349473,-0.000317,-0.135588,-0.349473,0.000317,0.135588,0.329039,1.519857,-0.390746,-0.350159,1.508214,0.298080,0.350147,2.912292,0.858634,-0.293570,2.873111,1.310625,0.365702,3.116087,0.888489,-0.297141,3.062798,1.371473,0.277739,3.306585,-0.615302,-0.223553,3.293018,-0.072148,0.459166,0.346180,-0.000042,0.460910,0.342567,-0.005310,0.465059,0.338780,-0.011253,0.470607,0.333842,-0.016712,0.479320,0.329822,-0.021131,0.488066,0.330719,-0.022540,0.496974,0.328678,-0.021919,0.506648,0.331622,-0.018439,0.513252,0.335750,-0.013643,0.518350,0.338916,-0.008133,0.520776,0.342263,-0.003121,0.517479,0.345952,-0.007513,0.512825,0.349505,-0.013046,0.506225,0.353902,-0.017204,0.498220,0.357132,-0.020472,0.489388,0.358253,-0.020791,0.480792,0.358174,-0.019607,0.473037,0.355951,-0.015561,0.466742,0.352385,-0.011030,0.462340,0.349463,-0.004901,0.438116,0.249661,0.017829,0.439881,0.247906,0.014778,0.442083,0.245957,0.012428,0.445730,0.243375,0.010209,0.451345,0.241641,0.008302,0.456849,0.241754,0.007765,0.462614,0.243223,0.008617,0.466707,0.246208,0.009847,0.507168,0.246131,0.008531,0.509059,0.247120,0.008306,0.512562,0.248010,0.006659,0.518122,0.249415,0.005439,0.524011,0.249751,0.005393,0.530026,0.248659,0.006863,0.533981,0.247175,0.008971,0.536670,0.245764,0.010847,0.486450,0.234406,-0.007876,0.486287,0.244912,-0.013686,0.486133,0.254477,-0.020231,0.485947,0.263364,-0.027412,0.248945,0.652316,0.000000,0.274978,0.608264,-0.003794,0.313395,0.569025,-0.013364,0.347199,0.549588,-0.022323,0.366927,0.544614,-0.031457,0.314616,0.553219,-0.034172,0.376109,0.565814,-0.051015,0.408624,0.581444,-0.058932,0.432459,0.594678,-0.062803,0.308200,0.586983,-0.040745,0.376740,0.597073,-0.055839,0.414875,0.607976,-0.059112,0.441699,0.616688,-0.061025,0.305224,0.624801,-0.046385,0.371612,0.630645,-0.057417,0.409839,0.634627,-0.058583,0.436340,0.635717,-0.058928,0.306575,0.662867,-0.052001,0.359512,0.662706,-0.058442,0.388980,0.661105,-0.058348,0.410819,0.658914,-0.057968,0.000000,0.000000,0.000000,0.000000,0.000000,0.000000,0.000000,0.000000,0.000000,0.000000,0.000000,0.000000,0.000000,0.000000,0.000000,0.000000,0.000000,0.000000,0.000000,0.000000,0.000000,0.000000,0.000000,0.000000,0.000000,0.000000,0.000000,0.000000,0.000000,0.000000,0.000000,0.000000,0.000000,0.000000,0.000000,0.000000,0.000000,0.000000,0.000000,0.000000,0.000000,0.000000,0.000000,0.000000,0.000000,0.000000,0.000000,0.000000,0.000000,0.000000,0.000000,0.000000,0.000000,0.000000,0.000000,0.000000,0.000000,0.000000,0.000000,0.000000,0.000000,0.000000,0.000000
-0.044026,-2.688845,-2.097387,0.023785,-2.828574,-1.929826,0.065614,-2.827734,-1.930246,0.100227,-2.822188,-1.929976,-0.096479,-2.820068,-1.906284,-0.134905,-2.814920,-1.906176,-0.172727,-2.805909,-1.907576,0.159723,-2.748114,-0.919639,-0.199715,-2.728447,-0.780900,0.046568,-2.531069,-1.741448,-0.111904,-2.530518,-1.706366,0.516918,-1.869100,-0.372470,-0.479968,-1.942497,-0.400871,0.753661,-0.929157,-0.496575,-1.040337,-1.104618,-1.690382,0.794000,-0.023801,-1.353875,-0.640385,-1.700841,-3.862114,0.814837,0.252581,-1.598681,-0.469322,-1.808989,-4.328113,0.703872,0.186081,-1.691763,-0.415976,-1.898731,-4.185139,0.655751,0.100748,-1.427540,-0.434970,-1.865463,-3.865101,0.351431,0.003586,-0.156701,-0.351431,-0.003586,0.156701,0.315953,1.548287,-0.435959,-0.362690,1.517356,0.188826,0.303911,2.962201,0.760291,-0.323161,2.899019,1.075180,0.319095,3.167383,0.784681,-0.327945,3.089028,1.129067,0.217866,3.356229,-0.708046,-0.260458,3.328101,-0.408546,0.456488,0.347676,0.000917,0.458202,0.343895,-0.004553,0.462230,0.339992,-0.010697,0.467644,0.334956,-0.016364,0.476378,0.330841,-0.021012,0.485244,0.331642,-0.022569,0.494326,0.329422,-0.022074,0.504198,0.332169,-0.018632,0.510873,0.336212,-0.013806,0.516015,0.339335,-0.008251,0.518516,0.342787,-0.003100,0.515235,0.346711,-0.007371,0.510559,0.350610,-0.012779,0.503887,0.355380,-0.016841,0.495741,0.358903,-0.019963,0.486680,0.360232,-0.020131,0.477913,0.360194,-0.018820,0.470094,0.357907,-0.014691,0.463854,0.354176,-0.010108,0.459564,0.351068,-0.003974,0.434815,0.250432,0.018227,0.436553,0.248784,0.015065,0.438743,0.246906,0.012639,0.442395,0.244378,0.010318,0.448034,0.242612,0.008299,0.453606,0.242622,0.007665,0.459446,0.243902,0.008500,0.463594,0.246696,0.009746,0.504582,0.245964,0.007823,0.506470,0.246903,0.007579,0.509981,0.247738,0.005891,0.515606,0.249084,0.004598,0.521585,0.249348,0.004489,0.527719,0.248181,0.005910,0.531781,0.246642,0.007978,0.534565,0.245179,0.009853,0.483346,0.234848,-0.008640,0.483144,0.245513,-0.014418,0.482941,0.255210,-0.020969,0.482708,0.264261,-0.028136,0.245032,0.656755,0.000000,0.270131,0.612279,-0.003126,0.307695,0.572417,-0.012390,0.340390,0.552008,-0.021150,0.360088,0.543035,-0.030104,0.310536,0.557650,-0.034074,0.371444,0.568265,-0.051098,0.403545,0.583101,-0.059083,0.427181,0.595155,-0.062964,0.303686,0.591261,-0.041018,0.372019,0.599604,-0.056423,0.409685,0.609577,-0.059786,0.436186,0.617266,-0.061743,0.300513,0.628965,-0.046987,0.366696,0.633357,-0.058323,0.404609,0.636399,-0.059403,0.430915,0.636692,-0.059669,0.301786,0.666866,-0.052845,0.354481,0.665471,-0.059454,0.384003,0.663256,-0.059298,0.406148,0.660677,-0.058881,0.000000,0.000000,0.000000,0.000000,0.000000,0.000000,0.000000,0.000000,0.000000,0.000000,0.000000,0.000000,0.000000,0.000000,0.000000,0.000000,0.000000,0.000000,0.000000,0.000000,0.000000,0.000000,0.000000,0.000000,0.000000,0.000000,0.000000,0.000000,0.000000,0.000000,0.000000,0.000000,0.000000,0.000000,0.000000,0.000000,0.000000,0.000000,0.000000,0.000000,0.000000,0.000000,0.000000,0.000000,0.000000,0.000000,0.000000,0.000000,0.000000,0.000000,0.000000,0.000000,0.000000,0.000000,0.000000,0.000000,0.000000,0.000000,0.000000,0.000000,0.000000,0.000000,0.000000
-0.046791,-2.705319,-2.204962,0.020268,-2.845828,-2.040774,0.062211,-2.845651,-2.041198,0.097908,-2.840446,-2.041272,-0.099638,-2.836493,-2.007981,-0.138250,-2.830946,-2.007051,-0.176198,-2.821130,-2.007972,0.156709,-2.767264,-1.008502,-0.203238,-2.743737,-0.817273,0.043564,-2.546976,-1.844041,-0.114549,-2.545344,-1.792058,0.516112,-1.887637,-0.448050,-0.481108,-1.961830,-0.442983,0.752823,-0.947212,-0.462358,-1.045081,-1.115439,-1.849351,0.809987,0.008284,-1.161678,-0.648001,-1.706642,-4.213695,0.839495,0.295655,-1.389123,-0.482846,-1.819235,-4.696187,0.721432,0.240664,-1.475566,-0.423134,-1.907350,-4.558585,0.669337,0.153536,-1.229212,-0.441334,-1.872102,-4.221525,0.353293,-0.000539,-0.204284,-0.353293,0.000539,0.204284,0.322550,1.574982,-0.445915,-0.362238,1.573776,0.508124,0.317802,2.994046,0.885002,-0.303339,2.954234,1.698412,0.338352,3.197218,0.917964,-0.303264,3.140102,1.787538,0.223671,3.397686,-0.636270,-0.238043,3.396076,0.209055,0.455392,0.348003,0.000344,0.457060,0.344233,-0.004996,0.461062,0.340241,-0.011019,0.466438,0.335077,-0.016576,0.475076,0.330840,-0.021081,0.483856,0.331587,-0.022566,0.492806,0.329343,-0.022015,0.502615,0.332157,-0.018595,0.509287,0.336270,-0.013820,0.514431,0.339456,-0.008336,0.516940,0.342892,-0.003305,0.513686,0.346658,-0.007657,0.509044,0.350312,-0.013127,0.502443,0.354870,-0.017234,0.494418,0.358302,-0.020460,0.485530,0.359604,-0.020695,0.476904,0.359695,-0.019441,0.469157,0.357583,-0.015300,0.462890,0.354092,-0.010731,0.458539,0.351234,-0.004563,0.433553,0.250798,0.018242,0.435276,0.249048,0.015162,0.437440,0.247089,0.012805,0.441038,0.244458,0.010554,0.446598,0.242599,0.008607,0.452076,0.242566,0.008035,0.457825,0.243813,0.008881,0.461916,0.246615,0.010087,0.502431,0.245628,0.008361,0.504310,0.246556,0.008109,0.507790,0.247349,0.006442,0.513328,0.248638,0.005181,0.519198,0.248872,0.005099,0.525210,0.247712,0.006517,0.529180,0.246216,0.008578,0.531899,0.244812,0.010424,0.481368,0.234601,-0.008004,0.481248,0.244996,-0.013847,0.481135,0.254641,-0.020396,0.480976,0.263656,-0.027580,0.242640,0.668082,0.000000,0.267190,0.623301,-0.004727,0.305968,0.583229,-0.014584,0.340727,0.565367,-0.023893,0.364065,0.564382,-0.033233,0.306512,0.568868,-0.033156,0.368292,0.579725,-0.049788,0.401091,0.594416,-0.057604,0.425513,0.607116,-0.061343,0.301019,0.603869,-0.039245,0.368881,0.611555,-0.053968,0.406253,0.621076,-0.056823,0.432525,0.630023,-0.058283,0.298791,0.642038,-0.044642,0.363985,0.645254,-0.055432,0.400854,0.647067,-0.055783,0.426135,0.647335,-0.055402,0.300638,0.679921,-0.050193,0.353223,0.677425,-0.056490,0.381471,0.675393,-0.055780,0.401760,0.672957,-0.054746,0.000000,0.000000,0.000000,0.000000,0.000000,0.000000,0.000000,0.000000,0.000000,0.000000,0.000000,0.000000,0.000000,0.000000,0.000000,0.000000,0.000000,0.000000,0.000000,0.000000,0.000000,0.000000,0.000000,0.000000,0.000000,0.000000,0.000000,0.000000,0.000000,0.000000,0.000000,0.000000,0.000000,0.000000,0.000000,0.000000,0.000000,0.000000,0.000000,0.000000,0.000000,0.000000,0.000000,0.000000,0.000000,0.000000,0.000000,0.000000,0.000000,0.000000,0.000000,0.000000,0.000000,0.000000,0.000000,0.000000,0.000000,0.000000,0.000000,0.000000,0.000000,0.000000,0.000000
-0.071482,-2.658697,-2.202485,-0.007491,-2.788250,-2.064323,0.033015,-2.788256,-2.064921,0.068638,-2.784338,-2.064962,-0.122448,-2.777922,-2.065890,-0.158783,-2.771839,-2.065352,-0.195914,-2.762130,-2.066453,0.123770,-2.711294,-1.163967,-0.221025,-2.687014,-1.183964,0.016085,-2.510583,-1.867192,-0.139045,-2.504863,-1.867886,0.496710,-1.837273,-0.536636,-0.483857,-1.898730,-0.722821,0.711137,-0.911367,-0.415411,-0.766444,-1.059802,-1.216125,0.695824,-0.073166,-1.382847,-0.646585,-0.787255,-3.122998,0.733133,0.197361,-1.645863,-0.703996,-0.535841,-3.532162,0.624563,0.148822,-1.847101,-0.589391,-0.828122,-3.673198,0.584070,0.033831,-1.503217,-0.561903,-0.891220,-3.240148,0.336097,0.007207,-0.064311,-0.336097,-0.007207,0.064311,0.260008,1.496948,-0.178341,-0.402185,1.469734,-0.015364,0.232568,2.880055,1.026852,-0.387608,2.827076,0.670436,0.246862,3.093705,1.078273,-0.391174,3.037992,0.690841,0.107832,3.295358,-0.296761,-0.301207,3.241884,-0.781484,0.454817,0.347901,0.000357,0.456413,0.343976,-0.004994,0.460324,0.339810,-0.011063,0.465651,0.334471,-0.016693,0.474307,0.330029,-0.021289,0.483131,0.330705,-0.022874,0.492151,0.328441,-0.022374,0.502079,0.331351,-0.019024,0.508830,0.335596,-0.014290,0.514013,0.338904,-0.008841,0.516541,0.342470,-0.003839,0.513327,0.346333,-0.008154,0.508705,0.350068,-0.013584,0.502085,0.354708,-0.017670,0.493990,0.358207,-0.020831,0.484993,0.359547,-0.020977,0.476267,0.359659,-0.019647,0.468480,0.357541,-0.015431,0.462234,0.354039,-0.010807,0.457932,0.351168,-0.004604,0.432762,0.251251,0.018905,0.434519,0.249611,0.015789,0.436735,0.247761,0.013420,0.440367,0.245272,0.011133,0.445894,0.243482,0.009140,0.451304,0.243392,0.008503,0.457000,0.244387,0.009323,0.461030,0.246892,0.010514,0.501754,0.245510,0.008374,0.503653,0.246437,0.008104,0.507120,0.247238,0.006393,0.512649,0.248533,0.005094,0.518510,0.248757,0.004955,0.524535,0.247609,0.006328,0.528512,0.246144,0.008353,0.531259,0.244782,0.010184,0.480455,0.234398,-0.007723,0.480317,0.244756,-0.013609,0.480182,0.254259,-0.020212,0.480003,0.263121,-0.027473,0.000000,0.000000,0.000000,0.000000,0.000000,0.000000,0.000000,0.000000,0.000000,0.000000,0.000000,0.000000,0.000000,0.000000,0.000000,0.000000,0.000000,0.000000,0.000000,0.000000,0.000000,0.000000,0.000000,0.000000,0.000000,0.000000,0.000000,0.000000,0.000000,0.000000,0.000000,0.000000,0.000000,0.000000,0.000000,0.000000,0.000000,0.000000,0.000000,0.000000,0.000000,0.000000,0.000000,0.000000,0.000000,0.000000,0.000000,0.000000,0.000000,0.000000,0.000000,0.000000,0.000000,0.000000,0.000000,0.000000,0.000000,0.000000,0.000000,0.000000,0.000000,0.000000,0.000000,0.000000,0.000000,0.000000,0.000000,0.000000,0.000000,0.000000,0.000000,0.000000,0.000000,0.000000,0.000000,0.000000,0.000000,0.000000,0.000000,0.000000,0.000000,0.000000,0.000000,0.000000,0.000000,0.000000,0.000000,0.000000,0.000000,0.000000,0.000000,0.000000,0.000000,0.000000,0.000000,0.000000,0.000000,0.000000,0.000000,0.000000,0.000000,0.000000,0.000000,0.000000,0.000000,0.000000,0.000000,0.000000,0.000000,0.000000,0.000000,0.000000,0.000000,0.000000,0.000000,0.000000,0.000000,0.000000,0.000000,0.000000,0.000000,0.000000,0.000000,0.000000,0.000000,0.000000
-0.095695,-2.651300,-2.314956,-0.032677,-2.767962,-2.158036,0.007084,-2.764419,-2.158544,0.042591,-2.758836,-2.158746,-0.144373,-2.759221,-2.173320,-0.179564,-2.751478,-2.172502,-0.215281,-2.744156,-2.173466,0.096489,-2.677581,-1.210039,-0.238065,-2.664587,-1.244985,-0.009861,-2.502843,-1.965019,-0.162054,-2.503162,-1.976780,0.466078,-1.819750,-0.607437,-0.494374,-1.843038,-0.884818,0.679851,-0.966041,-0.447776,-0.699559,-1.013955,-0.995243,0.759712,-0.080934,-1.309273,-0.674705,-0.288785,-2.419728,0.838862,0.164167,-1.569396,-0.700923,-0.064335,-2.784647,0.743583,0.182563,-1.774486,-0.590969,-0.102818,-3.006063,0.688872,0.085148,-1.450640,-0.568885,-0.190532,-2.563474,0.326799,-0.003793,-0.104162,-0.326799,0.003793,0.104162,0.273827,1.519583,-0.281418,-0.361499,1.526708,-0.018591,0.270609,2.892849,1.016143,-0.326169,2.869808,0.724243,0.290402,3.108148,1.064636,-0.319836,3.077541,0.749701,0.156104,3.295712,-0.317490,-0.244923,3.279983,-0.727699,0.453246,0.348281,-0.000132,0.454652,0.344306,-0.005381,0.458344,0.340023,-0.011385,0.463413,0.334558,-0.016971,0.471903,0.329956,-0.021633,0.480647,0.330507,-0.023381,0.489727,0.328194,-0.023024,0.499795,0.331132,-0.019928,0.506583,0.335413,-0.015434,0.511815,0.338800,-0.010245,0.514353,0.342409,-0.005429,0.511103,0.346081,-0.009702,0.506465,0.349757,-0.014992,0.499805,0.354376,-0.018935,0.491678,0.357877,-0.021821,0.482687,0.359325,-0.021812,0.474114,0.359487,-0.020336,0.466458,0.357514,-0.016099,0.460383,0.354136,-0.011450,0.456244,0.351361,-0.005226,0.431137,0.253326,0.020449,0.432857,0.251795,0.017319,0.435050,0.250049,0.014920,0.438634,0.247687,0.012625,0.444089,0.245937,0.010559,0.449456,0.245729,0.009827,0.455089,0.246416,0.010540,0.459049,0.248582,0.011671,0.500060,0.246460,0.008701,0.501953,0.247298,0.008400,0.505384,0.248051,0.006607,0.510869,0.249240,0.005209,0.516708,0.249393,0.004963,0.522759,0.248233,0.006273,0.526778,0.246761,0.008232,0.529571,0.245394,0.010065,0.478152,0.235704,-0.006838,0.477918,0.245957,-0.012886,0.477667,0.255217,-0.019625,0.477399,0.263865,-0.027009,0.000000,0.000000,0.000000,0.000000,0.000000,0.000000,0.000000,0.000000,0.000000,0.000000,0.000000,0.000000,0.000000,0.000000,0.000000,0.000000,0.000000,0.000000,0.000000,0.000000,0.000000,0.000000,0.000000,0.000000,0.000000,0.000000,0.000000,0.000000,0.000000,0.000000,0.000000,0.000000,0.000000,0.000000,0.000000,0.000000,0.000000,0.000000,0.000000,0.000000,0.000000,0.000000,0.000000,0.000000,0.000000,0.000000,0.000000,0.000000,0.000000,0.000000,0.000000,0.000000,0.000000,0.000000,0.000000,0.000000,0.000000,0.000000,0.000000,0.000000,0.000000,0.000000,0.000000,0.000000,0.000000,0.000000,0.000000,0.000000,0.000000,0.000000,0.000000,0.000000,0.000000,0.000000,0.000000,0.000000,0.000000,0.000000,0.000000,0.000000,0.000000,0.000000,0.000000,0.000000,0.000000,0.000000,0.000000,0.000000,0.000000,0.000000,0.000000,0.000000,0.000000,0.000000,0.000000,0.000000,0.000000,0.000000,0.000000,0.000000,0.000000,0.000000,0.000000,0.000000,0.000000,0.000000,0.000000,0.000000,0.000000,0.000000,0.000000,0.000000,0.000000,0.000000,0.000000,0.000000,0.000000,0.000000,0.000000,0.000000,0.000000,0.000000,0.000000,0.000000,0.000000,0.000000
-0.070011,-2.679108,-2.311925,-0.005991,-2.799862,-2.137594,0.034597,-2.796277,-2.138588,0.070986,-2.790481,-2.139063,-0.120397,-2.792390,-2.173499,-0.156097,-2.784786,-2.173145,-0.193158,-2.777620,-2.174479,0.124340,-2.708240,-1.081736,-0.218410,-2.696967,-1.248576,0.017862,-2.526562,-1.925318,-0.138427,-2.527011,-1.967462,0.477771,-1.866984,-0.458962,-0.483466,-1.865269,-0.733078,0.791596,-1.107335,-0.590527,-0.700152,-0.994677,-0.703761,0.714052,-0.737946,-2.065787,-0.649047,-0.229424,-1.974965,0.665218,-0.485933,-2.454712,-0.637419,0.051479,-2.316321,0.563934,-0.657649,-2.561778,-0.535331,-0.000632,-2.511028,0.560338,-0.755636,-2.154834,-0.524224,-0.106252,-2.089407,0.321135,-0.008808,-0.071632,-0.321135,0.008808,0.071632,0.274023,1.498883,-0.446506,-0.364403,1.475006,-0.379284,0.257816,2.870829,0.529319,-0.369365,2.859856,0.078692,0.267661,3.074015,0.552958,-0.378859,3.082598,0.072318,0.148111,3.295477,-0.774531,-0.285876,3.250173,-1.346445,0.452368,0.348525,-0.000326,0.453832,0.344582,-0.005529,0.457575,0.340298,-0.011484,0.462688,0.334837,-0.017014,0.471134,0.330270,-0.021604,0.479810,0.330831,-0.023317,0.488788,0.328571,-0.022936,0.498759,0.331560,-0.019836,0.505493,0.335844,-0.015384,0.510727,0.339220,-0.010196,0.513284,0.342794,-0.005401,0.510012,0.346449,-0.009701,0.505349,0.350035,-0.015013,0.498693,0.354544,-0.018976,0.490633,0.357966,-0.021932,0.481749,0.359358,-0.021954,0.473287,0.359545,-0.020510,0.465683,0.357643,-0.016278,0.459601,0.354351,-0.011639,0.455403,0.351626,-0.005399,0.430320,0.252652,0.020392,0.431986,0.250852,0.017305,0.434087,0.248852,0.014927,0.437623,0.246177,0.012644,0.443117,0.244242,0.010617,0.448572,0.244121,0.009911,0.454286,0.245218,0.010600,0.458362,0.247885,0.011699,0.498959,0.246095,0.008851,0.500874,0.247022,0.008543,0.504360,0.247773,0.006777,0.509909,0.248958,0.005391,0.515793,0.249097,0.005145,0.521823,0.247867,0.006464,0.525812,0.246312,0.008448,0.528567,0.244835,0.010270,0.477347,0.235087,-0.006670,0.477130,0.245435,-0.012742,0.476917,0.254864,-0.019480,0.476673,0.263675,-0.026859,0.000000,0.000000,0.000000,0.000000,0.000000,0.000000,0.000000,0.000000,0.000000,0.000000,0.000000,0.000000,0.000000,0.000000,0.000000,0.000000,0.000000,0.000000,0.000000,0.000000,0.000000,0.000000,0.000000,0.000000,0.000000,0.000000,0.000000,0.000000,0.000000,0.000000,0.000000,0.000000,0.000000,0.000000,0.000000,0.000000,0.000000,0.000000,0.000000,0.000000,0.000000,0.000000,0.000000,0.000000,0.000000,0.000000,0.000000,0.000000,0.000000,0.000000,0.000000,0.000000,0.000000,0.000000,0.000000,0.000000,0.000000,0.000000,0.000000,0.000000,0.000000,0.000000,0.000000,0.000000,0.000000,0.000000,0.000000,0.000000,0.000000,0.000000,0.000000,0.000000,0.000000,0.000000,0.000000,0.000000,0.000000,0.000000,0.000000,0.000000,0.000000,0.000000,0.000000,0.000000,0.000000,0.000000,0.000000,0.000000,0.000000,0.000000,0.000000,0.000000,0.000000,0.000000,0.000000,0.000000,0.000000,0.000000,0.000000,0.000000,0.000000,0.000000,0.000000,0.000000,0.000000,0.000000,0.000000,0.000000,0.000000,0.000000,0.000000,0.000000,0.000000,0.000000,0.000000,0.000000,0.000000,0.000000,0.000000,0.000000,0.000000,0.000000,0.000000,0.000000,0.000000,0.000000
-0.072865,-2.751224,-2.655501,-0.005630,-2.884238,-2.420253,0.035764,-2.882635,-2.421026,0.073026,-2.877488,-2.419915,-0.123757,-2.875464,-2.451376,-0.160337,-2.868641,-2.450687,-0.198928,-2.860847,-2.451729,0.130219,-2.792978,-1.217025,-0.225737,-2.778486,-1.334640,0.017363,-2.597950,-2.214143,-0.142582,-2.590124,-2.259233,0.492780,-1.945851,-0.557326,-0.504059,-1.920366,-0.496031,1.004219,-1.106138,-1.851244,-0.738987,-1.001063,-0.428058,0.600590,-1.603049,-3.951466,-0.761287,-0.129875,-1.692379,0.458213,-1.713383,-4.444754,-0.783199,0.179460,-1.981464,0.392955,-1.800322,-4.181471,-0.688701,0.125932,-2.232599,0.405267,-1.767911,-3.911732,-0.654968,0.026606,-1.830901,0.336210,-0.013251,-0.213615,-0.336210,0.013251,0.213615,0.312467,1.546851,-0.716900,-0.308250,1.481000,-0.562097,0.311321,2.992603,0.360623,-0.291192,2.938447,0.040619,0.322402,3.194504,0.376834,-0.299032,3.168516,0.047857,0.210909,3.438935,-1.176370,-0.202347,3.360067,-1.582977,0.452257,0.348864,-0.000024,0.453839,0.344959,-0.005257,0.457721,0.340754,-0.011227,0.462946,0.335371,-0.016768,0.471479,0.330833,-0.021299,0.480230,0.331379,-0.022901,0.489195,0.329024,-0.022434,0.499132,0.331850,-0.019175,0.505869,0.335960,-0.014567,0.511098,0.339175,-0.009240,0.513656,0.342668,-0.004358,0.510412,0.346428,-0.008685,0.505784,0.350125,-0.014092,0.499165,0.354767,-0.018150,0.491119,0.358324,-0.021267,0.482193,0.359796,-0.021420,0.473609,0.360047,-0.020064,0.465875,0.358130,-0.015870,0.459657,0.354807,-0.011244,0.455356,0.352028,-0.005013,0.429905,0.252577,0.019253,0.431575,0.250735,0.016198,0.433672,0.248691,0.013856,0.437207,0.245958,0.011610,0.442718,0.243982,0.009649,0.448191,0.243867,0.009008,0.453937,0.245065,0.009747,0.458045,0.247868,0.010891,0.498463,0.245880,0.008628,0.500377,0.246813,0.008352,0.503872,0.247552,0.006637,0.509442,0.248711,0.005324,0.515329,0.248792,0.005150,0.521339,0.247479,0.006508,0.525287,0.245818,0.008527,0.528001,0.244248,0.010340,0.477074,0.234985,-0.007122,0.476990,0.245479,-0.013054,0.476896,0.254973,-0.019692,0.476759,0.263801,-0.026968,0.000000,0.000000,0.000000,0.000000,0.000000,0.000000,0.000000,0.000000,0.000000,0.000000,0.000000,0.000000,0.000000,0.000000,0.000000,0.000000,0.000000,0.000000,0.000000,0.000000,0.000000,0.000000,0.000000,0.000000,0.000000,0.000000,0.000000,0.000000,0.000000,0.000000,0.000000,0.000000,0.000000,0.000000,0.000000,0.000000,0.000000,0.000000,0.000000,0.000000,0.000000,0.000000,0.000000,0.000000,0.000000,0.000000,0.000000,0.000000,0.000000,0.000000,0.000000,0.000000,0.000000,0.000000,0.000000,0.000000,0.000000,0.000000,0.000000,0.000000,0.000000,0.000000,0.000000,0.755303,0.721698,0.000000,0.734005,0.675284,-0.008954,0.698905,0.634421,-0.020352,0.664615,0.621280,-0.030245,0.641852,0.602332,-0.041297,0.700395,0.621102,-0.037510,0.640564,0.626290,-0.055954,0.607077,0.632489,-0.065559,0.581169,0.636968,-0.071452,0.704647,0.652221,-0.043007,0.640099,0.653305,-0.060974,0.603764,0.654732,-0.069112,0.577507,0.655295,-0.075339,0.706221,0.686267,-0.048051,0.646252,0.681784,-0.064518,0.611473,0.678691,-0.069248,0.586485,0.675594,-0.072059,0.704380,0.722767,-0.052932,0.657875,0.714381,-0.067120,0.632190,0.707604,-0.071001,0.611553,0.702348,-0.073206
-0.068925,-2.680005,-1.979672,0.000739,-2.818485,-1.781206,0.039696,-2.817358,-1.781356,0.073780,-2.813456,-1.780306,-0.121121,-2.807061,-1.825712,-0.158277,-2.800057,-1.824723,-0.197446,-2.792049,-1.825714,0.132812,-2.729085,-0.755800,-0.230069,-2.711419,-0.954272,0.019903,-2.529783,-1.618870,-0.139546,-2.515214,-1.677724,0.477137,-1.910741,-0.278704,-0.499304,-1.863022,-0.489140,1.020709,-1.040669,-1.505328,-0.730751,-0.923443,-0.449484,0.570745,-1.660120,-3.213068,-0.784081,0.005943,-1.400738,0.426558,-1.773780,-3.623931,-0.829999,0.316435,-1.606359,0.343434,-1.852472,-3.306296,-0.743347,0.284144,-1.842610,0.354639,-1.826809,-3.145338,-0.700516,0.184205,-1.526045,0.341109,-0.021498,-0.119409,-0.341109,0.021498,0.119409,0.325616,1.613396,-0.449890,-0.326050,1.591559,-0.206282,0.323405,3.050239,0.622930,-0.300656,3.013139,0.330784,0.337770,3.244176,0.649082,-0.311270,3.216769,0.345711,0.231563,3.508208,-0.709201,-0.191615,3.465374,-1.150991,0.449320,0.349220,0.000495,0.450760,0.345240,-0.004827,0.454447,0.340970,-0.010912,0.459465,0.335493,-0.016583,0.467806,0.330899,-0.021287,0.476463,0.331414,-0.023054,0.485465,0.328977,-0.022737,0.495548,0.331787,-0.019636,0.502429,0.335956,-0.015109,0.507790,0.339226,-0.009856,0.510462,0.342792,-0.004975,0.507180,0.346607,-0.009208,0.502494,0.350375,-0.014489,0.495817,0.355121,-0.018449,0.487703,0.358778,-0.021411,0.478712,0.360337,-0.021388,0.470192,0.360601,-0.019872,0.462574,0.358659,-0.015514,0.456528,0.355261,-0.010830,0.452356,0.352419,-0.004556,0.426939,0.253489,0.020274,0.428570,0.251680,0.017164,0.430646,0.249665,0.014774,0.434146,0.246947,0.012443,0.439598,0.244921,0.010375,0.445032,0.244695,0.009641,0.450733,0.245680,0.010325,0.454806,0.248261,0.011414,0.495240,0.245674,0.008294,0.497151,0.246555,0.007971,0.500614,0.247235,0.006209,0.506153,0.248338,0.004812,0.512028,0.248383,0.004565,0.518072,0.247050,0.005841,0.522076,0.245415,0.007790,0.524845,0.243871,0.009585,0.473391,0.235302,-0.007235,0.473202,0.245505,-0.013192,0.473005,0.254914,-0.019824,0.472777,0.263713,-0.027098,0.000000,0.000000,0.000000,0.000000,0.000000,0.000000,0.000000,0.000000,0.000000,0.000000,0.000000,0.000000,0.000000,0.000000,0.000000,0.000000,0.000000,0.000000,0.000000,0.000000,0.000000,0.000000,0.000000,0.000000,0.000000,0.000000,0.000000,0.000000,0.000000,0.000000,0.000000,0.000000,0.000000,0.000000,0.000000,0.000000,0.000000,0.000000,0.000000,0.000000,0.000000,0.000000,0.000000,0.000000,0.000000,0.000000,0.000000,0.000000,0.000000,0.000000,0.000000,0.000000,0.000000,0.000000,0.000000,0.000000,0.000000,0.000000,0.000000,0.000000,0.000000,0.000000,0.000000,0.734452,0.676018,-0.000000,0.706888,0.632196,0.001788,0.670195,0.594498,-0.007611,0.636987,0.575625,-0.016929,0.613608,0.567628,-0.029061,0.675955,0.551993,-0.037202,0.616577,0.555034,-0.056950,0.582212,0.569410,-0.067720,0.559163,0.582005,-0.074423,0.684074,0.577392,-0.047594,0.617259,0.574199,-0.066307,0.578801,0.584881,-0.073108,0.551515,0.595145,-0.079338,0.686238,0.614047,-0.056261,0.621807,0.608206,-0.072825,0.582117,0.611988,-0.076556,0.554625,0.616241,-0.079881,0.683330,0.655019,-0.063474,0.631180,0.644336,-0.078160,0.602405,0.638841,-0.082247,0.580747,0.632557,-0.085279
-0.067837,-2.685274,-1.990627,0.002394,-2.825871,-1.798470,0.041198,-2.824650,-1.798534,0.074279,-2.821427,-1.797588,-0.120765,-2.812836,-1.835342,-0.158974,-2.805775,-1.834325,-0.197882,-2.797587,-1.835258,0.134332,-2.735971,-0.782749,-0.233010,-2.716158,-0.946274,0.021275,-2.534454,-1.632441,-0.138875,-2.519161,-1.680266,0.479768,-1.919435,-0.294868,-0.501514,-1.858527,-0.477557,1.026510,-1.036753,-1.545720,-0.726504,-0.913876,-0.417126,0.570758,-1.660224,-3.304178,-0.801277,0.006577,-1.357394,0.426659,-1.779686,-3.721968,-0.853750,0.311207,-1.565264,0.350062,-1.860844,-3.398723,-0.769125,0.284621,-1.810798,0.363299,-1.833372,-3.232870,-0.723237,0.187052,-1.486995,0.342727,-0.016519,-0.123216,-0.342727,0.016519,0.123216,0.316062,1.637174,-0.513801,-0.341964,1.602750,-0.301752,0.305117,3.087383,0.493015,-0.326938,3.045605,0.154596,0.318861,3.283391,0.517679,-0.341395,3.254289,0.157257,0.208045,3.542714,-0.825901,-0.222530,3.492885,-1.325074,0.449976,0.349632,0.000690,0.451378,0.345738,-0.004693,0.455024,0.341510,-0.010795,0.460027,0.336059,-0.016471,0.468385,0.331458,-0.021222,0.477060,0.331962,-0.023014,0.486030,0.329538,-0.022704,0.496051,0.332333,-0.019588,0.502874,0.336486,-0.015105,0.508174,0.339713,-0.009871,0.510802,0.343210,-0.004953,0.507581,0.346890,-0.009180,0.502948,0.350557,-0.014403,0.496337,0.355240,-0.018288,0.488276,0.358855,-0.021120,0.479346,0.360401,-0.021048,0.470819,0.360660,-0.019564,0.463192,0.358735,-0.015310,0.457144,0.355397,-0.010663,0.452997,0.352676,-0.004409,0.426762,0.253799,0.020251,0.428422,0.252044,0.017080,0.430529,0.250075,0.014640,0.434080,0.247423,0.012262,0.439602,0.245447,0.010132,0.445094,0.245234,0.009360,0.450841,0.246170,0.010045,0.454934,0.248684,0.011177,0.495929,0.246204,0.007918,0.497871,0.247095,0.007609,0.501380,0.247818,0.005820,0.506982,0.248964,0.004408,0.512911,0.249054,0.004148,0.519005,0.247733,0.005425,0.523032,0.246099,0.007386,0.525814,0.244580,0.009186,0.473855,0.235618,-0.007646,0.473693,0.246016,-0.013552,0.473518,0.255481,-0.020188,0.473307,0.264318,-0.027464,0.000000,0.000000,0.000000,0.000000,0.000000,0.000000,0.000000,0.000000,0.000000,0.000000,0.000000,0.000000,0.000000,0.000000,0.000000,0.000000,0.000000,0.000000,0.000000,0.000000,0.000000,0.000000,0.000000,0.000000,0.000000,0.000000,0.000000,0.000000,0.000000,0.000000,0.000000,0.000000,0.000000,0.000000,0.000000,0.000000,0.000000,0.000000,0.000000,0.000000,0.000000,0.000000,0.000000,0.000000,0.000000,0.000000,0.000000,0.000000,0.000000,0.000000,0.000000,0.000000,0.000000,0.000000,0.000000,0.000000,0.000000,0.000000,0.000000,0.000000,0.000000,0.000000,0.000000,0.734089,0.675127,-0.000000,0.705923,0.631032,0.001979,0.669633,0.592907,-0.008010,0.637248,0.573031,-0.017697,0.614416,0.563905,-0.030290,0.676471,0.549316,-0.042076,0.616306,0.552608,-0.061360,0.581804,0.566470,-0.070517,0.558818,0.579506,-0.076220,0.684944,0.575748,-0.052579,0.618222,0.572263,-0.071827,0.579280,0.582691,-0.078156,0.551761,0.593265,-0.084316,0.687061,0.612631,-0.060870,0.622819,0.605387,-0.077816,0.582346,0.608439,-0.081712,0.554732,0.612890,-0.085475,0.683769,0.653393,-0.067530,0.631623,0.640954,-0.082950,0.602314,0.635285,-0.087568,0.580391,0.629329,-0.091151
-0.066380,-2.687208,-2.016093,0.003913,-2.831705,-1.825653,0.042574,-2.830697,-1.825789,0.074754,-2.827891,-1.824848,-0.120034,-2.816256,-1.862314,-0.159105,-2.809920,-1.861279,-0.197916,-2.802077,-1.862260,0.135265,-2.742539,-0.801572,-0.234001,-2.719647,-0.963431,0.022291,-2.538065,-1.653390,-0.137366,-2.521142,-1.700784,0.482338,-1.924679,-0.303599,-0.502698,-1.859055,-0.462959,1.031446,-1.038332,-1.546856,-0.726436,-0.923329,-0.385271,0.565941,-1.668553,-3.283422,-0.803753,-0.003104,-1.327378,0.422397,-1.790075,-3.700584,-0.855853,0.302374,-1.531351,0.347947,-1.870347,-3.382402,-0.771118,0.275319,-1.780285,0.361142,-1.842669,-3.214203,-0.725154,0.177441,-1.458748,0.343623,-0.015382,-0.128542,-0.343623,0.015382,0.128542,0.314506,1.643867,-0.507218,-0.345564,1.603263,-0.277796,0.299484,3.096500,0.551983,-0.334978,3.052545,0.251951,0.312892,3.292066,0.582900,-0.349540,3.264286,0.264636,0.198714,3.555192,-0.763117,-0.231573,3.498469,-1.217042,0.449453,0.349515,0.001055,0.450833,0.345569,-0.004405,0.454457,0.341283,-0.010585,0.459461,0.335791,-0.016342,0.467884,0.331145,-0.021189,0.476627,0.331621,-0.023035,0.485688,0.329187,-0.022781,0.495810,0.331977,-0.019687,0.502692,0.336153,-0.015200,0.508029,0.339409,-0.009946,0.510667,0.342945,-0.004990,0.507423,0.346686,-0.009174,0.502748,0.350441,-0.014367,0.496070,0.355200,-0.018238,0.487929,0.358844,-0.021025,0.478916,0.360409,-0.020887,0.470317,0.360651,-0.019349,0.462653,0.358713,-0.015032,0.456598,0.355333,-0.010343,0.452459,0.352582,-0.004067,0.426008,0.253837,0.020517,0.427675,0.252121,0.017293,0.429797,0.250196,0.014818,0.433380,0.247599,0.012393,0.438944,0.245648,0.010207,0.444475,0.245424,0.009389,0.450250,0.246284,0.010067,0.454364,0.248707,0.011205,0.495688,0.246111,0.007667,0.497634,0.246985,0.007348,0.501158,0.247699,0.005537,0.506796,0.248841,0.004092,0.512771,0.248930,0.003794,0.518911,0.247610,0.005062,0.522980,0.245974,0.007006,0.525795,0.244453,0.008811,0.473462,0.235614,-0.007919,0.473275,0.246025,-0.013815,0.473074,0.255509,-0.020455,0.472840,0.264354,-0.027732,0.000000,0.000000,0.000000,0.000000,0.000000,0.000000,0.000000,0.000000,0.000000,0.000000,0.000000,0.000000,0.000000,0.000000,0.000000,0.000000,0.000000,0.000000,0.000000,0.000000,0.000000,0.000000,0.000000,0.000000,0.000000,0.000000,0.000000,0.000000,0.000000,0.000000,0.000000,0.000000,0.000000,0.000000,0.000000,0.000000,0.000000,0.000000,0.000000,0.000000,0.000000,0.000000,0.000000,0.000000,0.000000,0.000000,0.000000,0.000000,0.000000,0.000000,0.000000,0.000000,0.000000,0.000000,0.000000,0.000000,0.000000,0.000000,0.000000,0.000000,0.000000,0.000000,0.000000,0.734930,0.677396,-0.000000,0.707128,0.633505,0.002921,0.669866,0.594858,-0.005333,0.636807,0.574929,-0.013868,0.613967,0.564757,-0.025176,0.674677,0.550579,-0.033411,0.613736,0.553229,-0.052365,0.579247,0.567428,-0.063252,0.556477,0.580180,-0.070014,0.683426,0.576421,-0.043899,0.615848,0.572978,-0.061433,0.576629,0.584059,-0.068423,0.549022,0.595255,-0.074963,0.686012,0.613400,-0.052729,0.620909,0.606334,-0.068178,0.580313,0.610431,-0.072145,0.552453,0.615459,-0.075734,0.683254,0.654691,-0.060085,0.630468,0.642531,-0.073995,0.601278,0.636765,-0.078124,0.579395,0.630670,-0.081180
-0.063416,-2.721602,-2.286753,0.004914,-2.861840,-2.139047,0.045213,-2.861145,-2.139776,0.077092,-2.857822,-2.140347,-0.115145,-2.847513,-2.160414,-0.152301,-2.841905,-2.159832,-0.190320,-2.834669,-2.161075,0.137746,-2.774091,-1.204497,-0.225213,-2.752849,-1.269873,0.026588,-2.572973,-1.934855,-0.131070,-2.559237,-1.952022,0.501486,-1.941012,-0.707750,-0.489921,-1.894839,-0.798999,0.820599,-1.082176,-0.545750,-0.714093,-0.992188,-0.658334,0.649729,-0.398937,-1.598180,-0.691422,-0.193819,-1.769012,0.641317,-0.146549,-1.907193,-0.684437,0.105899,-2.087543,0.544991,-0.227562,-2.051539,-0.592456,0.055083,-2.319038,0.526283,-0.332842,-1.699505,-0.574347,-0.053513,-1.898682,0.333899,-0.008830,-0.111616,-0.333899,0.008830,0.111616,0.258093,1.575590,-0.380035,-0.417214,1.561251,-0.105084,0.229636,3.012786,0.834941,-0.411390,2.992514,0.558109,0.239674,3.226485,0.882667,-0.410640,3.214550,0.578050,0.118614,3.450755,-0.460408,-0.341062,3.406543,-0.895478,0.450043,0.350587,0.001164,0.451469,0.346717,-0.004249,0.455110,0.342543,-0.010345,0.460079,0.337121,-0.016001,0.468328,0.332555,-0.020746,0.476919,0.333023,-0.022498,0.485775,0.330535,-0.022184,0.495669,0.333208,-0.019021,0.502428,0.337271,-0.014505,0.507679,0.340412,-0.009250,0.510297,0.343858,-0.004257,0.507130,0.347524,-0.008445,0.502585,0.351208,-0.013595,0.496077,0.355959,-0.017424,0.488113,0.359658,-0.020187,0.479273,0.361262,-0.020109,0.470820,0.361563,-0.018694,0.463236,0.359651,-0.014538,0.457208,0.356295,-0.009990,0.453065,0.353596,-0.003848,0.426321,0.254023,0.019507,0.427974,0.252305,0.016310,0.430073,0.250357,0.013876,0.433598,0.247701,0.011492,0.439088,0.245659,0.009359,0.444565,0.245352,0.008603,0.450323,0.246175,0.009336,0.454426,0.248623,0.010499,0.495147,0.245684,0.007414,0.497073,0.246541,0.007111,0.500560,0.247221,0.005367,0.506157,0.248331,0.003987,0.512080,0.248354,0.003751,0.518152,0.246928,0.005042,0.522156,0.245225,0.006985,0.524924,0.243649,0.008776,0.473229,0.235612,-0.008351,0.473149,0.246062,-0.014103,0.473049,0.255672,-0.020594,0.472909,0.264668,-0.027711,0.000000,0.000000,0.000000,0.000000,0.000000,0.000000,0.000000,0.000000,0.000000,0.000000,0.000000,0.000000,0.000000,0.000000,0.000000,0.000000,0.000000,0.000000,0.000000,0.000000,0.000000,0.000000,0.000000,0.000000,0.000000,0.000000,0.000000,0.000000,0.000000,0.000000,0.000000,0.000000,0.000000,0.000000,0.000000,0.000000,0.000000,0.000000,0.000000,0.000000,0.000000,0.000000,0.000000,0.000000,0.000000,0.000000,0.000000,0.000000,0.000000,0.000000,0.000000,0.000000,0.000000,0.000000,0.000000,0.000000,0.000000,0.000000,0.000000,0.000000,0.000000,0.000000,0.000000,0.000000,0.000000,0.000000,0.000000,0.000000,0.000000,0.000000,0.000000,0.000000,0.000000,0.000000,0.000000,0.000000,0.000000,0.000000,0.000000,0.000000,0.000000,0.000000,0.000000,0.000000,0.000000,0.000000,0.000000,0.000000,0.000000,0.000000,0.000000,0.000000,0.000000,0.000000,0.000000,0.000000,0.000000,0.000000,0.000000,0.000000,0.000000,0.000000,0.000000,0.000000,0.000000,0.000000,0.000000,0.000000,0.000000,0.000000,0.000000,0.000000,0.000000,0.000000,0.000000,0.000000,0.000000,0.000000,0.000000,0.000000,0.000000,0.000000,0.000000,0.000000,0.000000,0.000000
-0.101997,-2.647554,-2.113692,-0.037250,-2.777959,-1.962174,0.001984,-2.776647,-1.963004,0.032179,-2.772798,-1.963532,-0.152834,-2.765625,-1.971434,-0.188347,-2.760128,-1.970586,-0.224387,-2.753566,-1.971823,0.091330,-2.693082,-1.053794,-0.257577,-2.675355,-1.055910,-0.014176,-2.501832,-1.778341,-0.169229,-2.492186,-1.780857,0.453299,-1.853641,-0.515105,-0.511481,-1.845522,-0.777910,0.680298,-1.007069,-0.529438,-0.716763,-0.998090,-0.849100,0.760151,-0.265155,-1.509874,-0.722726,-0.190787,-2.186561,0.798044,-0.052541,-1.784199,-0.761589,0.056691,-2.532601,0.701912,-0.080025,-1.915377,-0.653880,0.032944,-2.726163,0.663096,-0.162180,-1.606768,-0.623735,-0.064525,-2.312700,0.331212,-0.011502,-0.102422,-0.331212,0.011502,0.102422,0.285780,1.529694,-0.153974,-0.368096,1.552293,0.088627,0.295174,2.922474,1.184693,-0.317076,2.919813,0.910866,0.318063,3.144028,1.243785,-0.314800,3.134088,0.950271,0.182639,3.348529,-0.082196,-0.221999,3.328472,-0.517788,0.453305,0.351383,0.002379,0.454804,0.347691,-0.003232,0.458521,0.343815,-0.009502,0.463572,0.338679,-0.015324,0.471837,0.334474,-0.020207,0.480424,0.335156,-0.021987,0.489305,0.332750,-0.021698,0.499188,0.335410,-0.018455,0.505985,0.339390,-0.013822,0.511329,0.342412,-0.008405,0.514014,0.345735,-0.003218,0.510768,0.349396,-0.007354,0.506123,0.353069,-0.012471,0.499515,0.357790,-0.016295,0.491478,0.361423,-0.019023,0.482588,0.362897,-0.018897,0.474079,0.363026,-0.017465,0.466486,0.360907,-0.013284,0.460479,0.357337,-0.008729,0.456330,0.354494,-0.002584,0.430330,0.254038,0.018867,0.431990,0.252304,0.015614,0.434086,0.250350,0.013101,0.437623,0.247673,0.010638,0.443189,0.245654,0.008434,0.448767,0.245424,0.007662,0.454601,0.246454,0.008422,0.458755,0.249132,0.009615,0.499373,0.246795,0.006409,0.501300,0.247676,0.006118,0.504824,0.248393,0.004388,0.510491,0.249577,0.003016,0.516475,0.249658,0.002789,0.522609,0.248244,0.004071,0.526664,0.246516,0.006000,0.529465,0.244935,0.007778,0.477526,0.236652,-0.009630,0.477365,0.247207,-0.015187,0.477194,0.256980,-0.021538,0.476990,0.266139,-0.028503,0.000000,0.000000,0.000000,0.000000,0.000000,0.000000,0.000000,0.000000,0.000000,0.000000,0.000000,0.000000,0.000000,0.000000,0.000000,0.000000,0.000000,0.000000,0.000000,0.000000,0.000000,0.000000,0.000000,0.000000,0.000000,0.000000,0.000000,0.000000,0.000000,0.000000,0.000000,0.000000,0.000000,0.000000,0.000000,0.000000,0.000000,0.000000,0.000000,0.000000,0.000000,0.000000,0.000000,0.000000,0.000000,0.000000,0.000000,0.000000,0.000000,0.000000,0.000000,0.000000,0.000000,0.000000,0.000000,0.000000,0.000000,0.000000,0.000000,0.000000,0.000000,0.000000,0.000000,0.000000,0.000000,0.000000,0.000000,0.000000,0.000000,0.000000,0.000000,0.000000,0.000000,0.000000,0.000000,0.000000,0.000000,0.000000,0.000000,0.000000,0.000000,0.000000,0.000000,0.000000,0.000000,0.000000,0.000000,0.000000,0.000000,0.000000,0.000000,0.000000,0.000000,0.000000,0.000000,0.000000,0.000000,0.000000,0.000000,0.000000,0.000000,0.000000,0.000000,0.000000,0.000000,0.000000,0.000000,0.000000,0.000000,0.000000,0.000000,0.000000,0.000000,0.000000,0.000000,0.000000,0.000000,0.000000,0.000000,0.000000,0.000000,0.000000,0.000000,0.000000,0.000000,0.000000
-0.109855,-2.597163,-2.113923,-0.048564,-2.723258,-1.956525,-0.010905,-2.721265,-1.957209,0.017321,-2.717111,-1.957678,-0.161667,-2.712131,-1.975978,-0.197859,-2.706524,-1.975230,-0.230647,-2.701064,-1.976263,0.077232,-2.639562,-1.041588,-0.266105,-2.624660,-1.102561,-0.023950,-2.452197,-1.781416,-0.178613,-2.446187,-1.798741,0.435485,-1.810056,-0.472917,-0.514972,-1.807024,-0.783759,0.641344,-0.976959,-0.345457,-0.709345,-0.968894,-0.764735,0.692708,-0.069485,-1.126288,-0.729112,-0.097657,-1.764565,0.760118,0.188059,-1.358699,-0.784837,0.153531,-2.063523,0.667156,0.199865,-1.558494,-0.680092,0.164402,-2.281638,0.617561,0.101858,-1.249705,-0.639895,0.066276,-1.892254,0.321847,-0.011749,-0.091027,-0.321847,0.011749,0.091027,0.286869,1.503856,-0.157394,-0.334372,1.530492,-0.011077,0.296818,2.868167,1.189463,-0.280035,2.870851,0.793433,0.315738,3.083184,1.249772,-0.276523,3.077676,0.829045,0.199590,3.282215,-0.029072,-0.190601,3.280675,-0.611408,0.455731,0.351249,0.003774,0.457270,0.347930,-0.001947,0.461116,0.344377,-0.008458,0.466310,0.339671,-0.014517,0.475042,0.335815,-0.019600,0.484105,0.336569,-0.021325,0.493495,0.333862,-0.021140,0.503910,0.335893,-0.017765,0.510915,0.339297,-0.012874,0.516366,0.341854,-0.007247,0.519070,0.344768,-0.001965,0.515565,0.348576,-0.006148,0.510606,0.352427,-0.011603,0.503688,0.357243,-0.015674,0.495339,0.360953,-0.018671,0.486142,0.362578,-0.018631,0.477387,0.362787,-0.017066,0.469531,0.360791,-0.012587,0.463274,0.357276,-0.007726,0.458921,0.354404,-0.001263,0.434074,0.254477,0.018200,0.435730,0.253312,0.014869,0.437885,0.251778,0.012333,0.441462,0.249571,0.009879,0.446928,0.247729,0.007672,0.452361,0.247212,0.006902,0.458111,0.247381,0.007794,0.462148,0.249079,0.009064,0.503559,0.245836,0.005913,0.505294,0.246407,0.005664,0.508581,0.246969,0.003954,0.514038,0.248065,0.002560,0.519911,0.248165,0.002350,0.526147,0.246976,0.003608,0.530378,0.245543,0.005462,0.533399,0.244226,0.007251,0.481184,0.236978,-0.010474,0.480988,0.247847,-0.016005,0.480781,0.258127,-0.022343,0.480551,0.267826,-0.029230,0.000000,0.000000,0.000000,0.000000,0.000000,0.000000,0.000000,0.000000,0.000000,0.000000,0.000000,0.000000,0.000000,0.000000,0.000000,0.000000,0.000000,0.000000,0.000000,0.000000,0.000000,0.000000,0.000000,0.000000,0.000000,0.000000,0.000000,0.000000,0.000000,0.000000,0.000000,0.000000,0.000000,0.000000,0.000000,0.000000,0.000000,0.000000,0.000000,0.000000,0.000000,0.000000,0.000000,0.000000,0.000000,0.000000,0.000000,0.000000,0.000000,0.000000,0.000000,0.000000,0.000000,0.000000,0.000000,0.000000,0.000000,0.000000,0.000000,0.000000,0.000000,0.000000,0.000000,0.000000,0.000000,0.000000,0.000000,0.000000,0.000000,0.000000,0.000000,0.000000,0.000000,0.000000,0.000000,0.000000,0.000000,0.000000,0.000000,0.000000,0.000000,0.000000,0.000000,0.000000,0.000000,0.000000,0.000000,0.000000,0.000000,0.000000,0.000000,0.000000,0.000000,0.000000,0.000000,0.000000,0.000000,0.000000,0.000000,0.000000,0.000000,0.000000,0.000000,0.000000,0.000000,0.000000,0.000000,0.000000,0.000000,0.000000,0.000000,0.000000,0.000000,0.000000,0.000000,0.000000,0.000000,0.000000,0.000000,0.000000,0.000000,0.000000,0.000000,0.000000,0.000000,0.000000
