-0.080719,-2.733053,-1.703254,-0.007146,-2.849220,-1.584831,0.034772,-2.847023,-1.584909,0.079739,-2.843129,-1.585403,-0.136831,-2.841340,-1.568049,-0.177397,-2.835400,-1.566783,-0.215091,-2.827274,-1.567842,0.162503,-2.746430,-0.830217,-0.249258,-2.730812,-0.727724,0.013976,-2.558518,-1.424560,-0.148893,-2.547220,-1.396591,0.479918,-1.894189,-0.612455,-0.508610,-1.843129,-0.470307,0.623285,-0.940834,-0.774399,-0.701801,-0.952671,-0.868766,0.548226,-0.003085,-1.442597,-0.503328,-0.588096,-2.274999,0.570139,0.314655,-1.721998,-0.486905,-0.265263,-2.585616,0.438500,0.269360,-1.804708,-0.402397,-0.375382,-2.693054,0.412008,0.142031,-1.510856,-0.399379,-0.449674,-2.362708,0.335295,0.001123,-0.181320,-0.335295,-0.001123,0.181320,0.294207,1.491967,-0.212997,-0.356194,1.480221,0.193287,0.270503,2.809126,1.013391,-0.350827,2.793533,0.899427,0.294304,3.004251,1.063299,-0.358828,3.000281,0.938082,0.132443,3.274975,-0.194832,-0.281577,3.236402,-0.396559,0.470608,0.347109,-0.003769,0.471774,0.343263,-0.008334,0.475483,0.338512,-0.014140,0.480715,0.332412,-0.019636,0.488981,0.327177,-0.024623,0.497460,0.327660,-0.027060,0.506601,0.325694,-0.027295,0.517031,0.329817,-0.025249,0.524303,0.335056,-0.021889,0.529968,0.339237,-0.017697,0.532553,0.342973,-0.013946,0.528694,0.345665,-0.018503,0.523339,0.347953,-0.023984,0.515958,0.350959,-0.027843,0.507649,0.353081,-0.030306,0.499041,0.353899,-0.029773,0.491087,0.354180,-0.027621,0.483814,0.353048,-0.022559,0.477892,0.350947,-0.017142,0.473745,0.349376,-0.009946,0.452073,0.252739,0.029675,0.453858,0.250820,0.026524,0.456124,0.248656,0.024105,0.459747,0.245881,0.021733,0.465143,0.243912,0.019412,0.470450,0.243808,0.018285,0.476116,0.244712,0.018389,0.480086,0.247107,0.019048,0.522619,0.245380,0.012004,0.524646,0.246416,0.011502,0.528161,0.247255,0.009266,0.533610,0.248494,0.007342,0.539593,0.248833,0.006564,0.545959,0.248021,0.007485,0.550269,0.246834,0.009304,0.553372,0.245722,0.011044,0.498901,0.231577,-0.000662,0.497995,0.241709,-0.007942,0.497070,0.250573,-0.015660,0.496154,0.258721,-0.024128,0.000000,0.000000,0.000000,0.000000,0.000000,0.000000,0.000000,0.000000,0.000000,0.000000,0.000000,0.000000,0.000000,0.000000,0.000000,0.000000,0.000000,0.000000,0.000000,0.000000,0.000000,0.000000,0.000000,0.000000,0.000000,0.000000,0.000000,0.000000,0.000000,0.000000,0.000000,0.000000,0.000000,0.000000,0.000000,0.000000,0.000000,0.000000,0.000000,0.000000,0.000000,0.000000,0.000000,0.000000,0.000000,0.000000,0.000000,0.000000,0.000000,0.000000,0.000000,0.000000,0.000000,0.000000,0.000000,0.000000,0.000000,0.000000,0.000000,0.000000,0.000000,0.000000,0.000000,0.000000,0.000000,0.000000,0.000000,0.000000,0.000000,0.000000,0.000000,0.000000,0.000000,0.000000,0.000000,0.000000,0.000000,0.000000,0.000000,0.000000,0.000000,0.000000,0.000000,0.000000,0.000000,0.000000,0.000000,0.000000,0.000000,0.000000,0.000000,0.000000,0.000000,0.000000,0.000000,0.000000,0.000000,0.000000,0.000000,0.000000,0.000000,0.000000,0.000000,0.000000,0.000000,0.000000,0.000000,0.000000,0.000000,0.000000,0.000000,0.000000,0.000000,0.000000,0.000000,0.000000,0.000000,0.000000,0.000000,0.000000,0.000000,0.000000,0.000000,0.000000,0.000000,0.000000
-0.149341,-2.673577,-2.230999,-0.069927,-2.787700,-2.096716,-0.025394,-2.780350,-2.097210,0.014261,-2.772984,-2.097147,-0.195065,-2.789646,-2.073915,-0.234395,-2.785448,-2.073737,-0.265470,-2.781972,-2.075053,0.089373,-2.683821,-1.236995,-0.285202,-2.694935,-1.116642,-0.056124,-2.506513,-1.911424,-0.222503,-2.505229,-1.879622,0.437812,-1.832263,-0.817845,-0.547346,-1.836468,-0.646277,0.647868,-0.864657,-0.877590,-0.713194,-0.915362,-1.364951,0.698136,-0.036536,-1.710393,-0.515604,-0.856597,-3.325419,0.746262,0.226978,-1.954333,-0.419474,-0.869345,-3.700726,0.642116,0.167106,-2.106569,-0.473803,-1.089419,-3.735559,0.596043,0.057536,-1.801453,-0.414358,-1.031075,-3.398097,0.322544,-0.006833,-0.168545,-0.322544,0.006833,0.168545,0.279297,1.418293,-0.378357,-0.340972,1.423616,0.023701,0.266811,2.736340,0.926289,-0.320187,2.731960,0.793546,0.283603,2.933170,0.976289,-0.317915,2.935585,0.823572,0.162485,3.162294,-0.351748,-0.267460,3.135689,-0.523238,0.469239,0.347377,-0.004400,0.470675,0.343174,-0.009162,0.474528,0.338376,-0.014908,0.479854,0.332201,-0.020288,0.488341,0.327020,-0.024950,0.496917,0.327630,-0.027045,0.505925,0.325630,-0.026811,0.515989,0.329532,-0.024188,0.522844,0.334754,-0.020265,0.528092,0.338879,-0.015640,0.530507,0.342865,-0.011445,0.527001,0.345892,-0.016146,0.522073,0.348687,-0.021688,0.515125,0.352398,-0.025703,0.506896,0.355124,-0.028476,0.498064,0.356143,-0.028387,0.489736,0.356285,-0.026727,0.482233,0.354680,-0.022154,0.476264,0.351946,-0.017110,0.472203,0.349900,-0.010284,0.449360,0.249726,0.026674,0.451165,0.247984,0.023542,0.453475,0.245983,0.021115,0.457200,0.243373,0.018822,0.462752,0.241492,0.016680,0.468173,0.241368,0.015762,0.473894,0.242130,0.016190,0.477833,0.244358,0.017070,0.520089,0.242865,0.012196,0.522127,0.243866,0.011801,0.525694,0.244742,0.009738,0.531264,0.246079,0.008006,0.537275,0.246403,0.007533,0.543552,0.245470,0.008751,0.547737,0.244276,0.010747,0.550714,0.243117,0.012632,0.497195,0.230076,-0.002179,0.496581,0.240361,-0.009351,0.495960,0.249447,-0.017051,0.495348,0.257933,-0.025500,0.000000,0.000000,0.000000,0.000000,0.000000,0.000000,0.000000,0.000000,0.000000,0.000000,0.000000,0.000000,0.000000,0.000000,0.000000,0.000000,0.000000,0.000000,0.000000,0.000000,0.000000,0.000000,0.000000,0.000000,0.000000,0.000000,0.000000,0.000000,0.000000,0.000000,0.000000,0.000000,0.000000,0.000000,0.000000,0.000000,0.000000,0.000000,0.000000,0.000000,0.000000,0.000000,0.000000,0.000000,0.000000,0.000000,0.000000,0.000000,0.000000,0.000000,0.000000,0.000000,0.000000,0.000000,0.000000,0.000000,0.000000,0.000000,0.000000,0.000000,0.000000,0.000000,0.000000,0.000000,0.000000,0.000000,0.000000,0.000000,0.000000,0.000000,0.000000,0.000000,0.000000,0.000000,0.000000,0.000000,0.000000,0.000000,0.000000,0.000000,0.000000,0.000000,0.000000,0.000000,0.000000,0.000000,0.000000,0.000000,0.000000,0.000000,0.000000,0.000000,0.000000,0.000000,0.000000,0.000000,0.000000,0.000000,0.000000,0.000000,0.000000,0.000000,0.000000,0.000000,0.000000,0.000000,0.000000,0.000000,0.000000,0.000000,0.000000,0.000000,0.000000,0.000000,0.000000,0.000000,0.000000,0.000000,0.000000,0.000000,0.000000,0.000000,0.000000,0.000000,0.000000,0.000000
-0.193826,-2.687585,-1.967005,-0.116573,-2.801667,-1.843529,-0.072662,-2.794028,-1.843696,-0.033048,-2.786964,-1.843913,-0.239991,-2.804302,-1.819160,-0.280501,-2.800862,-1.817740,-0.305502,-2.797716,-1.818044,0.029101,-2.703188,-1.081013,-0.329885,-2.713827,-0.928323,-0.104384,-2.523386,-1.691998,-0.267557,-2.523319,-1.649901,0.405388,-1.836372,-0.756989,-0.585640,-1.857904,-0.626454,0.681601,-0.882248,-0.799038,-0.691340,-0.935183,-1.345570,0.813708,-0.034589,-1.507212,-0.531441,-0.945254,-3.314261,0.890028,0.223562,-1.747082,-0.495516,-0.985342,-3.680231,0.768054,0.188676,-1.878421,-0.513029,-1.161496,-3.740124,0.713813,0.088604,-1.594995,-0.496659,-1.201216,-3.404288,0.332247,-0.011468,-0.164072,-0.332247,0.011468,0.164072,0.302807,1.441254,-0.184717,-0.332486,1.460362,0.294112,0.294749,2.732059,1.266066,-0.282110,2.712560,1.280617,0.320110,2.932184,1.331575,-0.280075,2.908804,1.341354,0.185788,3.149718,0.027540,-0.211323,3.138029,-0.014498,0.466553,0.357867,-0.003292,0.467686,0.353481,-0.008033,0.471215,0.348411,-0.013720,0.476306,0.341988,-0.019107,0.484816,0.336451,-0.023770,0.493575,0.336798,-0.025732,0.502802,0.334482,-0.025441,0.513155,0.338077,-0.022608,0.520138,0.343119,-0.018560,0.525377,0.347121,-0.013863,0.527750,0.351144,-0.009591,0.524363,0.354309,-0.014171,0.519591,0.357437,-0.019586,0.512733,0.361616,-0.023465,0.504420,0.364816,-0.026018,0.495413,0.366152,-0.025883,0.486922,0.366475,-0.024316,0.479322,0.364956,-0.020168,0.473355,0.362210,-0.015397,0.469447,0.360271,-0.008880,0.443702,0.260846,0.023974,0.445745,0.259933,0.020732,0.448328,0.258717,0.018273,0.452216,0.257011,0.016048,0.457571,0.255533,0.013873,0.462614,0.254874,0.012962,0.468104,0.253969,0.013619,0.471745,0.254431,0.014750,0.515303,0.251076,0.010818,0.517228,0.251788,0.010513,0.520566,0.252714,0.008508,0.525944,0.254169,0.006933,0.531814,0.254573,0.006589,0.538171,0.253726,0.007844,0.542442,0.252700,0.009768,0.545612,0.251830,0.011651,0.491718,0.238440,-0.003683,0.491263,0.249121,-0.010362,0.490806,0.258275,-0.017715,0.490343,0.266739,-0.025785,0.000000,0.000000,0.000000,0.000000,0.000000,0.000000,0.000000,0.000000,0.000000,0.000000,0.000000,0.000000,0.000000,0.000000,0.000000,0.000000,0.000000,0.000000,0.000000,0.000000,0.000000,0.000000,0.000000,0.000000,0.000000,0.000000,0.000000,0.000000,0.000000,0.000000,0.000000,0.000000,0.000000,0.000000,0.000000,0.000000,0.000000,0.000000,0.000000,0.000000,0.000000,0.000000,0.000000,0.000000,0.000000,0.000000,0.000000,0.000000,0.000000,0.000000,0.000000,0.000000,0.000000,0.000000,0.000000,0.000000,0.000000,0.000000,0.000000,0.000000,0.000000,0.000000,0.000000,0.000000,0.000000,0.000000,0.000000,0.000000,0.000000,0.000000,0.000000,0.000000,0.000000,0.000000,0.000000,0.000000,0.000000,0.000000,0.000000,0.000000,0.000000,0.000000,0.000000,0.000000,0.000000,0.000000,0.000000,0.000000,0.000000,0.000000,0.000000,0.000000,0.000000,0.000000,0.000000,0.000000,0.000000,0.000000,0.000000,0.000000,0.000000,0.000000,0.000000,0.000000,0.000000,0.000000,0.000000,0.000000,0.000000,0.000000,0.000000,0.000000,0.000000,0.000000,0.000000,0.000000,0.000000,0.000000,0.000000,0.000000,0.000000,0.000000,0.000000,0.000000,0.000000,0.000000
-0.165805,-2.636459,-1.878996,-0.099462,-2.764723,-1.760794,-0.054982,-2.762066,-1.761044,-0.017393,-2.757518,-1.761278,-0.220089,-2.759663,-1.740870,-0.259498,-2.752267,-1.739307,-0.289457,-2.742911,-1.739729,0.040929,-2.684909,-0.967226,-0.313994,-2.665016,-0.836284,-0.074106,-2.487802,-1.586496,-0.239262,-2.482450,-1.550696,0.435121,-1.824240,-0.609558,-0.562486,-1.842810,-0.542991,0.693161,-0.865309,-0.691688,-0.651324,-0.933024,-1.247245,0.740927,-0.089304,-1.457993,-0.495395,-0.954262,-3.174889,0.792913,0.174315,-1.702438,-0.498088,-0.989504,-3.547932,0.673603,0.114493,-1.834136,-0.489069,-1.236079,-3.611512,0.630617,0.015251,-1.543556,-0.458194,-1.182814,-3.259536,0.335453,-0.005783,-0.170627,-0.335453,0.005783,0.170627,0.290048,1.450743,-0.204464,-0.345014,1.463992,0.243626,0.247641,2.732084,1.167880,-0.338589,2.712669,1.108618,0.264798,2.936402,1.222024,-0.347437,2.908143,1.158634,0.130449,3.145454,-0.097549,-0.272511,3.135691,-0.233147,0.473242,0.372028,-0.002141,0.474700,0.368172,-0.007110,0.478398,0.363930,-0.012652,0.483515,0.358352,-0.017751,0.491691,0.353702,-0.021993,0.500117,0.354275,-0.023506,0.508697,0.352094,-0.022875,0.518101,0.355234,-0.019618,0.524546,0.359665,-0.015271,0.529429,0.363101,-0.010206,0.531739,0.366568,-0.005436,0.528626,0.369749,-0.010030,0.524224,0.372823,-0.015361,0.517910,0.376925,-0.019261,0.510256,0.380065,-0.022083,0.501899,0.381261,-0.022282,0.493872,0.381528,-0.021165,0.486496,0.379845,-0.017488,0.480434,0.376908,-0.013206,0.476280,0.374667,-0.007216,0.448330,0.270765,0.019377,0.450093,0.268872,0.016369,0.452274,0.266695,0.014054,0.455876,0.263788,0.011866,0.461444,0.261677,0.010005,0.466947,0.261567,0.009452,0.472733,0.262894,0.010271,0.476855,0.265876,0.011404,0.518085,0.264280,0.009800,0.520009,0.265222,0.009550,0.523542,0.265991,0.007811,0.529108,0.267243,0.006491,0.535022,0.267404,0.006425,0.541087,0.266120,0.007891,0.545088,0.264516,0.010029,0.547881,0.263027,0.011916,0.496559,0.253681,-0.006603,0.496592,0.264506,-0.012757,0.496639,0.274543,-0.019534,0.496631,0.283946,-0.026959,0.000000,0.000000,0.000000,0.000000,0.000000,0.000000,0.000000,0.000000,0.000000,0.000000,0.000000,0.000000,0.000000,0.000000,0.000000,0.000000,0.000000,0.000000,0.000000,0.000000,0.000000,0.000000,0.000000,0.000000,0.000000,0.000000,0.000000,0.000000,0.000000,0.000000,0.000000,0.000000,0.000000,0.000000,0.000000,0.000000,0.000000,0.000000,0.000000,0.000000,0.000000,0.000000,0.000000,0.000000,0.000000,0.000000,0.000000,0.000000,0.000000,0.000000,0.000000,0.000000,0.000000,0.000000,0.000000,0.000000,0.000000,0.000000,0.000000,0.000000,0.000000,0.000000,0.000000,0.000000,0.000000,0.000000,0.000000,0.000000,0.000000,0.000000,0.000000,0.000000,0.000000,0.000000,0.000000,0.000000,0.000000,0.000000,0.000000,0.000000,0.000000,0.000000,0.000000,0.000000,0.000000,0.000000,0.000000,0.000000,0.000000,0.000000,0.000000,0.000000,0.000000,0.000000,0.000000,0.000000,0.000000,0.000000,0.000000,0.000000,0.000000,0.000000,0.000000,0.000000,0.000000,0.000000,0.000000,0.000000,0.000000,0.000000,0.000000,0.000000,0.000000,0.000000,0.000000,0.000000,0.000000,0.000000,0.000000,0.000000,0.000000,0.000000,0.000000,0.000000,0.000000,0.000000
-0.175136,-2.675134,-2.077964,-0.109130,-2.801972,-1.945331,-0.064088,-2.798915,-1.945828,-0.025894,-2.793655,-1.946159,-0.229293,-2.797925,-1.949726,-0.268404,-2.790201,-1.948797,-0.301093,-2.781699,-1.949520,0.032501,-2.715923,-1.061066,-0.325799,-2.702965,-1.035806,-0.084182,-2.525078,-1.749105,-0.248654,-2.517661,-1.751233,0.416340,-1.862783,-0.588089,-0.582755,-1.867257,-0.628279,0.697243,-0.969223,-0.684206,-0.708177,-0.954004,-1.216561,0.805811,-0.431167,-1.778844,-0.538960,-0.785239,-2.984935,0.911720,-0.183530,-2.063624,-0.504533,-0.614212,-3.413455,0.774268,-0.338396,-2.245583,-0.467602,-0.741346,-3.546606,0.728432,-0.434172,-1.870572,-0.440082,-0.770812,-3.106047,0.337005,-0.014411,-0.120950,-0.337005,0.014411,0.120950,0.316079,1.459519,-0.190743,-0.334835,1.486588,-0.033818,0.305253,2.799055,1.053121,-0.304407,2.795536,0.659883,0.326309,2.996652,1.095390,-0.309888,2.991616,0.685133,0.200348,3.222459,-0.189990,-0.212762,3.208999,-0.701480,0.473063,0.380106,-0.001318,0.474471,0.376447,-0.006279,0.478041,0.372416,-0.011721,0.483023,0.367089,-0.016719,0.490960,0.362736,-0.020933,0.499119,0.363341,-0.022459,0.507488,0.361344,-0.021914,0.516593,0.364462,-0.018759,0.522802,0.368805,-0.014543,0.527462,0.372133,-0.009611,0.529601,0.375448,-0.004841,0.526532,0.378384,-0.009253,0.522235,0.381255,-0.014262,0.516096,0.385171,-0.017900,0.508654,0.388155,-0.020410,0.500555,0.389247,-0.020482,0.492835,0.389410,-0.019425,0.485710,0.387687,-0.016000,0.479919,0.384769,-0.011941,0.475955,0.382602,-0.006218,0.449062,0.282236,0.018550,0.450810,0.280500,0.015518,0.452963,0.278506,0.013189,0.456524,0.275843,0.010954,0.462005,0.273888,0.009044,0.467400,0.273763,0.008444,0.473090,0.274907,0.009279,0.477125,0.277653,0.010444,0.517908,0.276175,0.008688,0.519802,0.277109,0.008444,0.523273,0.277896,0.006750,0.528760,0.279200,0.005452,0.534626,0.279438,0.005385,0.540640,0.278196,0.006817,0.544596,0.276602,0.008898,0.547335,0.275126,0.010743,0.496669,0.265876,-0.007538,0.496600,0.276311,-0.013339,0.496539,0.286082,-0.019805,0.496434,0.295282,-0.026892,0.000000,0.000000,0.000000,0.000000,0.000000,0.000000,0.000000,0.000000,0.000000,0.000000,0.000000,0.000000,0.000000,0.000000,0.000000,0.000000,0.000000,0.000000,0.000000,0.000000,0.000000,0.000000,0.000000,0.000000,0.000000,0.000000,0.000000,0.000000,0.000000,0.000000,0.000000,0.000000,0.000000,0.000000,0.000000,0.000000,0.000000,0.000000,0.000000,0.000000,0.000000,0.000000,0.000000,0.000000,0.000000,0.000000,0.000000,0.000000,0.000000,0.000000,0.000000,0.000000,0.000000,0.000000,0.000000,0.000000,0.000000,0.000000,0.000000,0.000000,0.000000,0.000000,0.000000,0.000000,0.000000,0.000000,0.000000,0.000000,0.000000,0.000000,0.000000,0.000000,0.000000,0.000000,0.000000,0.000000,0.000000,0.000000,0.000000,0.000000,0.000000,0.000000,0.000000,0.000000,0.000000,0.000000,0.000000,0.000000,0.000000,0.000000,0.000000,0.000000,0.000000,0.000000,0.000000,0.000000,0.000000,0.000000,0.000000,0.000000,0.000000,0.000000,0.000000,0.000000,0.000000,0.000000,0.000000,0.000000,0.000000,0.000000,0.000000,0.000000,0.000000,0.000000,0.000000,0.000000,0.000000,0.000000,0.000000,0.000000,0.000000,0.000000,0.000000,0.000000,0.000000,0.000000
-0.162850,-2.540128,-2.040525,-0.100731,-2.673109,-1.888539,-0.058847,-2.672930,-1.889103,-0.020186,-2.671017,-1.888252,-0.216617,-2.664513,-1.890069,-0.254291,-2.658644,-1.889447,-0.290154,-2.652982,-1.890560,0.036110,-2.597768,-0.874409,-0.315964,-2.586185,-0.908338,-0.074628,-2.395631,-1.670158,-0.232768,-2.385787,-1.679711,0.417807,-1.838465,-0.320156,-0.578060,-1.766792,-0.375284,0.791492,-0.837867,-1.432798,-0.722832,-0.860656,-1.044404,0.607151,-1.317856,-3.589541,-0.546197,-0.770029,-3.029544,0.495578,-1.472605,-4.029469,-0.523754,-0.523629,-3.375279,0.483323,-1.632770,-3.877895,-0.469155,-0.698902,-3.452369,0.489243,-1.589403,-3.577611,-0.468592,-0.761502,-3.110391,0.324088,-0.011729,-0.033947,-0.324088,0.011729,0.033947,0.295455,1.392960,-0.028081,-0.337345,1.369538,-0.168252,0.304494,2.656458,1.010191,-0.299443,2.621325,0.517188,0.325092,2.824795,1.040378,-0.318335,2.806150,0.549764,0.205266,3.082708,-0.201013,-0.186032,3.009034,-0.763379,0.472431,0.384579,-0.002098,0.473774,0.381006,-0.006830,0.477241,0.376934,-0.012035,0.482107,0.371567,-0.016784,0.489867,0.367058,-0.020793,0.497861,0.367447,-0.022228,0.505977,0.365355,-0.021615,0.514843,0.368301,-0.018505,0.520887,0.372496,-0.014410,0.525401,0.375747,-0.009629,0.527488,0.378928,-0.005046,0.524503,0.381703,-0.009431,0.520343,0.384363,-0.014386,0.514404,0.388022,-0.017990,0.507224,0.390868,-0.020497,0.499436,0.391996,-0.020617,0.491964,0.392376,-0.019650,0.485005,0.391036,-0.016367,0.479270,0.388579,-0.012443,0.475327,0.386789,-0.006888,0.448028,0.290077,0.018075,0.449743,0.288368,0.015167,0.451863,0.286391,0.012937,0.455334,0.283758,0.010811,0.460672,0.281805,0.009008,0.465904,0.281631,0.008481,0.471444,0.282675,0.009319,0.475392,0.285287,0.010452,0.515301,0.283364,0.009145,0.517136,0.284225,0.008907,0.520485,0.284943,0.007264,0.525802,0.286150,0.006043,0.531496,0.286314,0.006016,0.537347,0.285039,0.007448,0.541194,0.283465,0.009515,0.543865,0.282025,0.011337,0.494597,0.273602,-0.006778,0.494630,0.283556,-0.012512,0.494678,0.292952,-0.018869,0.494690,0.301835,-0.025866,0.000000,0.000000,0.000000,0.000000,0.000000,0.000000,0.000000,0.000000,0.000000,0.000000,0.000000,0.000000,0.000000,0.000000,0.000000,0.000000,0.000000,0.000000,0.000000,0.000000,0.000000,0.000000,0.000000,0.000000,0.000000,0.000000,0.000000,0.000000,0.000000,0.000000,0.000000,0.000000,0.000000,0.000000,0.000000,0.000000,0.000000,0.000000,0.000000,0.000000,0.000000,0.000000,0.000000,0.000000,0.000000,0.000000,0.000000,0.000000,0.000000,0.000000,0.000000,0.000000,0.000000,0.000000,0.000000,0.000000,0.000000,0.000000,0.000000,0.000000,0.000000,0.000000,0.000000,0.783186,0.773747,0.000000,0.778082,0.708126,-0.004362,0.758650,0.639105,-0.014449,0.751819,0.584935,-0.023272,0.756917,0.544915,-0.034014,0.732955,0.659969,-0.034693,0.677867,0.628196,-0.044396,0.647060,0.608284,-0.047418,0.622577,0.596749,-0.049378,0.718801,0.700544,-0.038430,0.651435,0.666583,-0.052345,0.666220,0.662287,-0.051104,0.689884,0.671801,-0.047343,0.707996,0.739321,-0.039627,0.647600,0.704997,-0.047978,0.661267,0.698195,-0.038076,0.681572,0.706137,-0.029438,0.698833,0.773751,-0.040713,0.648228,0.741892,-0.045121,0.658806,0.731959,-0.035888,0.675413,0.735155,-0.027835
-0.125969,-2.565504,-1.668834,-0.063335,-2.703575,-1.533252,-0.022457,-2.706087,-1.533026,0.016217,-2.706659,-1.531488,-0.180212,-2.694327,-1.536597,-0.217756,-2.690365,-1.535182,-0.254357,-2.685267,-1.536229,0.071195,-2.637556,-0.691947,-0.281304,-2.621384,-0.719853,-0.037184,-2.421606,-1.364810,-0.194078,-2.412465,-1.374960,0.450372,-1.865089,-0.264183,-0.545547,-1.810940,-0.336356,0.795449,-0.806846,-1.403932,-0.685122,-0.876472,-0.955789,0.567748,-1.436751,-3.188194,-0.516504,-0.671383,-2.627922,0.479185,-1.619100,-3.569517,-0.519120,-0.347919,-2.915080,0.470616,-1.766585,-3.373663,-0.455512,-0.500305,-3.000959,0.464379,-1.715614,-3.159858,-0.449148,-0.569855,-2.713408,0.334523,-0.009183,-0.024329,-0.334523,0.009183,0.024329,0.301181,1.430361,-0.001848,-0.340320,1.398349,-0.138730,0.288440,2.712503,0.947087,-0.316627,2.652145,0.405041,0.311775,2.880563,0.975499,-0.339001,2.831781,0.425957,0.170483,3.149838,-0.178976,-0.205915,3.056056,-0.823235,0.472691,0.390282,-0.001675,0.473993,0.386649,-0.006389,0.477361,0.382551,-0.011636,0.482095,0.377173,-0.016460,0.489720,0.372751,-0.020556,0.497610,0.373231,-0.022092,0.505716,0.371194,-0.021599,0.514631,0.374219,-0.018634,0.520731,0.378511,-0.014637,0.525318,0.381839,-0.009942,0.527455,0.385108,-0.005431,0.524460,0.387827,-0.009736,0.520248,0.390422,-0.014609,0.514253,0.394035,-0.018168,0.507032,0.396839,-0.020634,0.499203,0.397916,-0.020654,0.491781,0.398243,-0.019566,0.484919,0.396831,-0.016117,0.479326,0.394316,-0.012114,0.475495,0.392502,-0.006495,0.449693,0.296898,0.018674,0.451360,0.295229,0.015788,0.453424,0.293307,0.013564,0.456817,0.290746,0.011424,0.462037,0.288837,0.009577,0.467165,0.288647,0.008990,0.472597,0.289598,0.009773,0.476453,0.292083,0.010840,0.515635,0.290150,0.008894,0.517450,0.291005,0.008630,0.520763,0.291704,0.006970,0.526009,0.292910,0.005707,0.531632,0.293109,0.005608,0.537421,0.291900,0.006954,0.541238,0.290395,0.008934,0.543891,0.289001,0.010700,0.495016,0.280559,-0.006579,0.494904,0.290197,-0.012280,0.494817,0.299377,-0.018583,0.494694,0.308080,-0.025521,0.000000,0.000000,0.000000,0.000000,0.000000,0.000000,0.000000,0.000000,0.000000,0.000000,0.000000,0.000000,0.000000,0.000000,0.000000,0.000000,0.000000,0.000000,0.000000,0.000000,0.000000,0.000000,0.000000,0.000000,0.000000,0.000000,0.000000,0.000000,0.000000,0.000000,0.000000,0.000000,0.000000,0.000000,0.000000,0.000000,0.000000,0.000000,0.000000,0.000000,0.000000,0.000000,0.000000,0.000000,0.000000,0.000000,0.000000,0.000000,0.000000,0.000000,0.000000,0.000000,0.000000,0.000000,0.000000,0.000000,0.000000,0.000000,0.000000,0.000000,0.000000,0.000000,0.000000,0.747853,0.747113,0.000000,0.754383,0.684343,-0.006372,0.747860,0.618568,-0.016589,0.751781,0.565176,-0.024856,0.763595,0.528877,-0.034703,0.706202,0.624965,-0.034362,0.656178,0.581712,-0.043789,0.628548,0.556142,-0.046701,0.605664,0.537118,-0.048622,0.686997,0.655570,-0.035476,0.636093,0.610317,-0.044865,0.651694,0.617901,-0.039624,0.672260,0.633128,-0.034405,0.673017,0.689603,-0.034724,0.629534,0.646656,-0.041962,0.644077,0.654149,-0.030830,0.661626,0.668526,-0.021877,0.661942,0.722300,-0.033798,0.624618,0.682935,-0.036544,0.637715,0.687281,-0.025592,0.652660,0.700273,-0.016835
-0.120857,-2.572045,-1.656322,-0.058517,-2.709619,-1.526422,-0.017765,-2.712116,-1.526188,0.020296,-2.712466,-1.524941,-0.174389,-2.699905,-1.523817,-0.209589,-2.696225,-1.522440,-0.245747,-2.690757,-1.523379,0.075481,-2.642601,-0.700004,-0.274820,-2.622879,-0.701398,-0.032008,-2.426353,-1.358895,-0.186501,-2.417387,-1.361494,0.454553,-1.861278,-0.293082,-0.544036,-1.812361,-0.312658,0.781025,-0.819375,-1.392547,-0.694571,-0.874141,-1.080952,0.575118,-1.434508,-3.161096,-0.538818,-0.759132,-2.898859,0.480281,-1.616734,-3.536703,-0.521613,-0.584051,-3.206033,0.472093,-1.763690,-3.367227,-0.465751,-0.740973,-3.235771,0.467167,-1.714824,-3.142391,-0.455398,-0.784180,-2.967996,0.335636,-0.010319,-0.035575,-0.335636,0.010319,0.035575,0.307140,1.423592,-0.088329,-0.345033,1.391423,-0.146942,0.302501,2.717045,0.875250,-0.322656,2.645106,0.381378,0.328143,2.882823,0.905862,-0.346821,2.823056,0.401585,0.184576,3.153460,-0.260010,-0.211763,3.047057,-0.838639,0.474742,0.388834,-0.001667,0.476203,0.385277,-0.006444,0.479761,0.381355,-0.011775,0.484641,0.376178,-0.016638,0.492380,0.371949,-0.020735,0.500314,0.372600,-0.022218,0.508400,0.370573,-0.021678,0.517223,0.373520,-0.018602,0.523290,0.377692,-0.014493,0.527900,0.380884,-0.009699,0.530094,0.384102,-0.005159,0.527113,0.387001,-0.009460,0.522897,0.389790,-0.014473,0.516891,0.393508,-0.018152,0.509640,0.396349,-0.020800,0.501717,0.397406,-0.020932,0.494110,0.397604,-0.019865,0.487137,0.395982,-0.016308,0.481468,0.393260,-0.012207,0.477571,0.391224,-0.006503,0.452250,0.294568,0.018536,0.453859,0.292829,0.015682,0.455892,0.290856,0.013464,0.459278,0.288229,0.011337,0.464564,0.286394,0.009522,0.469790,0.286400,0.008963,0.475267,0.287682,0.009712,0.479158,0.290462,0.010788,0.518114,0.289543,0.008977,0.519937,0.290463,0.008731,0.523270,0.291218,0.007084,0.528529,0.292495,0.005832,0.534148,0.292746,0.005730,0.539890,0.291634,0.007107,0.543672,0.290179,0.009105,0.546280,0.288806,0.010890,0.497860,0.279351,-0.006477,0.497751,0.289148,-0.012244,0.497647,0.298288,-0.018606,0.497520,0.306918,-0.025618,0.000000,0.000000,0.000000,0.000000,0.000000,0.000000,0.000000,0.000000,0.000000,0.000000,0.000000,0.000000,0.000000,0.000000,0.000000,0.000000,0.000000,0.000000,0.000000,0.000000,0.000000,0.000000,0.000000,0.000000,0.000000,0.000000,0.000000,0.000000,0.000000,0.000000,0.000000,0.000000,0.000000,0.000000,0.000000,0.000000,0.000000,0.000000,0.000000,0.000000,0.000000,0.000000,0.000000,0.000000,0.000000,0.000000,0.000000,0.000000,0.000000,0.000000,0.000000,0.000000,0.000000,0.000000,0.000000,0.000000,0.000000,0.000000,0.000000,0.000000,0.000000,0.000000,0.000000,0.741236,0.762067,0.000000,0.747641,0.696769,-0.005097,0.740333,0.629446,-0.014284,0.741889,0.573791,-0.021771,0.752411,0.535325,-0.030655,0.699460,0.634150,-0.032028,0.650236,0.589812,-0.040133,0.623004,0.563814,-0.042443,0.600653,0.544382,-0.044142,0.679294,0.666206,-0.033627,0.633320,0.621205,-0.041504,0.648637,0.628687,-0.036090,0.667640,0.643909,-0.031435,0.664388,0.700682,-0.033361,0.627120,0.656524,-0.039139,0.641108,0.663848,-0.028068,0.656904,0.678564,-0.019895,0.652419,0.732828,-0.032921,0.619819,0.690513,-0.034218,0.632966,0.695575,-0.023053,0.647045,0.709605,-0.014616
-0.108465,-2.607281,-2.138250,-0.048798,-2.745346,-1.982989,-0.007851,-2.746769,-1.983582,0.029572,-2.745761,-1.983325,-0.162761,-2.736391,-1.979982,-0.196999,-2.734288,-1.979004,-0.232758,-2.728315,-1.980153,0.086093,-2.675188,-0.949804,-0.264143,-2.653081,-0.958960,-0.019091,-2.460197,-1.775685,-0.170250,-2.453281,-1.771691,0.462726,-1.874974,-0.413120,-0.535180,-1.834989,-0.463688,0.720772,-0.897110,-0.887451,-0.705966,-0.922139,-1.279176,0.409392,-0.523127,-2.274677,-0.487409,-0.808005,-3.547560,0.330342,-0.315786,-2.651081,-0.407097,-0.730136,-4.044709,0.241930,-0.569594,-2.736349,-0.344500,-0.859962,-4.115599,0.249493,-0.657347,-2.352216,-0.352652,-0.886611,-3.640477,0.337136,-0.008738,-0.079243,-0.337136,0.008738,0.079243,0.317307,1.471281,-0.273768,-0.344645,1.442892,-0.295935,0.315198,2.837375,0.859379,-0.321763,2.813372,0.323440,0.330931,3.030917,0.885207,-0.329854,3.018166,0.335133,0.211653,3.261329,-0.549136,-0.239828,3.209408,-1.166695,0.475790,0.389681,-0.001632,0.477152,0.385977,-0.006490,0.480587,0.381859,-0.011819,0.485373,0.376504,-0.016667,0.493148,0.372051,-0.020741,0.501170,0.372569,-0.022193,0.509330,0.370478,-0.021600,0.518241,0.373422,-0.018441,0.524298,0.377632,-0.014279,0.528861,0.380911,-0.009435,0.531029,0.384223,-0.004804,0.528124,0.387200,-0.009097,0.523980,0.390108,-0.014039,0.518015,0.393985,-0.017665,0.510751,0.396971,-0.020260,0.502768,0.398118,-0.020379,0.495092,0.398378,-0.019374,0.488089,0.396762,-0.015966,0.482422,0.394048,-0.011988,0.478583,0.392038,-0.006417,0.451757,0.294064,0.018008,0.453414,0.292406,0.015117,0.455504,0.290493,0.012891,0.458956,0.287950,0.010754,0.464310,0.286140,0.008948,0.469582,0.286121,0.008410,0.475095,0.287315,0.009233,0.478989,0.289982,0.010362,0.518571,0.288911,0.008906,0.520388,0.289792,0.008669,0.523727,0.290525,0.007027,0.529010,0.291791,0.005802,0.534670,0.292031,0.005747,0.540483,0.290901,0.007169,0.544322,0.289448,0.009202,0.546991,0.288084,0.011008,0.498094,0.279001,-0.006946,0.498026,0.288974,-0.012675,0.497979,0.298293,-0.019037,0.497906,0.307082,-0.026029,0.000000,0.000000,0.000000,0.000000,0.000000,0.000000,0.000000,0.000000,0.000000,0.000000,0.000000,0.000000,0.000000,0.000000,0.000000,0.000000,0.000000,0.000000,0.000000,0.000000,0.000000,0.000000,0.000000,0.000000,0.000000,0.000000,0.000000,0.000000,0.000000,0.000000,0.000000,0.000000,0.000000,0.000000,0.000000,0.000000,0.000000,0.000000,0.000000,0.000000,0.000000,0.000000,0.000000,0.000000,0.000000,0.000000,0.000000,0.000000,0.000000,0.000000,0.000000,0.000000,0.000000,0.000000,0.000000,0.000000,0.000000,0.000000,0.000000,0.000000,0.000000,0.000000,0.000000,0.000000,0.000000,0.000000,0.000000,0.000000,0.000000,0.000000,0.000000,0.000000,0.000000,0.000000,0.000000,0.000000,0.000000,0.000000,0.000000,0.000000,0.000000,0.000000,0.000000,0.000000,0.000000,0.000000,0.000000,0.000000,0.000000,0.000000,0.000000,0.000000,0.000000,0.000000,0.000000,0.000000,0.000000,0.000000,0.000000,0.000000,0.000000,0.000000,0.000000,0.000000,0.000000,0.000000,0.000000,0.000000,0.000000,0.000000,0.000000,0.000000,0.000000,0.000000,0.000000,0.000000,0.000000,0.000000,0.000000,0.000000,0.000000,0.000000,0.000000,0.000000,0.000000,0.000000
-0.137994,-2.614574,-1.985830,-0.081207,-2.745967,-1.855353,-0.040460,-2.745774,-1.855592,-0.003200,-2.743989,-1.856180,-0.193615,-2.734077,-1.857083,-0.227188,-2.729545,-1.855957,-0.261864,-2.723118,-1.856720,0.053828,-2.675546,-1.001508,-0.290912,-2.653491,-0.988092,-0.045591,-2.464069,-1.667343,-0.199455,-2.457028,-1.663017,0.438068,-1.860584,-0.542636,-0.551815,-1.832960,-0.681651,0.679104,-0.923001,-0.478617,-0.705949,-0.941535,-1.035671,0.724593,-0.144889,-1.209129,-0.547636,-0.556376,-2.556848,0.775621,0.106047,-1.456659,-0.520815,-0.412991,-2.899439,0.669782,0.063942,-1.619307,-0.447251,-0.504800,-3.022864,0.630546,-0.034621,-1.311651,-0.441092,-0.560027,-2.656394,0.334574,-0.012670,-0.105319,-0.334574,0.012670,0.105319,0.297797,1.496470,-0.218598,-0.358435,1.504868,-0.052843,0.280861,2.867533,0.994878,-0.337515,2.853970,0.632977,0.298882,3.065369,1.040943,-0.339240,3.054199,0.660798,0.160457,3.301195,-0.263864,-0.258541,3.271167,-0.747189,0.475194,0.388668,-0.001393,0.476682,0.385020,-0.006289,0.480319,0.381044,-0.011728,0.485314,0.375828,-0.016681,0.493268,0.371522,-0.020789,0.501404,0.372168,-0.022203,0.509662,0.370064,-0.021580,0.518661,0.372969,-0.018336,0.524800,0.377126,-0.014021,0.529436,0.380330,-0.009032,0.531623,0.383614,-0.004333,0.528616,0.386734,-0.008673,0.524366,0.389770,-0.013795,0.518288,0.393736,-0.017584,0.510911,0.396752,-0.020404,0.502807,0.397877,-0.020617,0.494984,0.398060,-0.019602,0.487851,0.396323,-0.016015,0.482052,0.393433,-0.011898,0.478081,0.391229,-0.006178,0.452337,0.292838,0.017821,0.454011,0.291180,0.014936,0.456133,0.289273,0.012712,0.459609,0.286730,0.010588,0.464961,0.284941,0.008799,0.470223,0.284944,0.008287,0.475732,0.286165,0.009129,0.479612,0.288854,0.010268,0.519159,0.287978,0.008970,0.520965,0.288862,0.008739,0.524290,0.289609,0.007109,0.529544,0.290891,0.005907,0.535176,0.291155,0.005871,0.540972,0.290066,0.007304,0.544803,0.288653,0.009345,0.547460,0.287311,0.011161,0.498737,0.277855,-0.007048,0.498648,0.287838,-0.012803,0.498580,0.297143,-0.019173,0.498485,0.305908,-0.026191,0.000000,0.000000,0.000000,0.000000,0.000000,0.000000,0.000000,0.000000,0.000000,0.000000,0.000000,0.000000,0.000000,0.000000,0.000000,0.000000,0.000000,0.000000,0.000000,0.000000,0.000000,0.000000,0.000000,0.000000,0.000000,0.000000,0.000000,0.000000,0.000000,0.000000,0.000000,0.000000,0.000000,0.000000,0.000000,0.000000,0.000000,0.000000,0.000000,0.000000,0.000000,0.000000,0.000000,0.000000,0.000000,0.000000,0.000000,0.000000,0.000000,0.000000,0.000000,0.000000,0.000000,0.000000,0.000000,0.000000,0.000000,0.000000,0.000000,0.000000,0.000000,0.000000,0.000000,0.000000,0.000000,0.000000,0.000000,0.000000,0.000000,0.000000,0.000000,0.000000,0.000000,0.000000,0.000000,0.000000,0.000000,0.000000,0.000000,0.000000,0.000000,0.000000,0.000000,0.000000,0.000000,0.000000,0.000000,0.000000,0.000000,0.000000,0.000000,0.000000,0.000000,0.000000,0.000000,0.000000,0.000000,0.000000,0.000000,0.000000,0.000000,0.000000,0.000000,0.000000,0.000000,0.000000,0.000000,0.000000,0.000000,0.000000,0.000000,0.000000,0.000000,0.000000,0.000000,0.000000,0.000000,0.000000,0.000000,0.000000,0.000000,0.000000,0.000000,0.000000,0.000000,0.000000
-0.141676,-2.617573,-1.942412,-0.082230,-2.750193,-1.825009,-0.040655,-2.749524,-1.825194,-0.002349,-2.746909,-1.825736,-0.197167,-2.736225,-1.813010,-0.232279,-2.729609,-1.811664,-0.265637,-2.722245,-1.812550,0.056337,-2.675564,-1.002650,-0.289891,-2.653148,-0.928684,-0.044667,-2.464402,-1.636502,-0.202854,-2.457025,-1.614772,0.449728,-1.854912,-0.548314,-0.545685,-1.846524,-0.643614,0.689100,-0.916639,-0.533097,-0.690991,-0.948093,-0.940933,0.691812,-0.168401,-1.299192,-0.505985,-0.625582,-2.479175,0.718459,0.078552,-1.557980,-0.506418,-0.400985,-2.824142,0.600494,0.013486,-1.682669,-0.435561,-0.501200,-2.932022,0.573719,-0.085998,-1.384943,-0.429386,-0.557241,-2.572401,0.336218,-0.010637,-0.105306,-0.336218,0.010637,0.105306,0.296540,1.496073,-0.211476,-0.367335,1.497248,-0.012584,0.275500,2.861185,0.999456,-0.354596,2.843728,0.682546,0.294196,3.057465,1.046054,-0.357470,3.045066,0.712723,0.149585,3.301356,-0.264476,-0.275737,3.263714,-0.688785,0.474571,0.387013,-0.000827,0.476152,0.383472,-0.005776,0.479899,0.379668,-0.011294,0.484989,0.374628,-0.016324,0.492977,0.370524,-0.020507,0.501116,0.371269,-0.021938,0.509373,0.369225,-0.021351,0.518334,0.372106,-0.018088,0.524493,0.376188,-0.013730,0.529178,0.379296,-0.008682,0.531403,0.382489,-0.003936,0.528343,0.385588,-0.008245,0.524039,0.388597,-0.013385,0.517910,0.392529,-0.017181,0.510500,0.395508,-0.019995,0.502367,0.396583,-0.020203,0.494516,0.396680,-0.019166,0.487350,0.394866,-0.015536,0.481512,0.391888,-0.011372,0.477490,0.389620,-0.005611,0.452413,0.291249,0.017638,0.454074,0.289551,0.014727,0.456176,0.287612,0.012476,0.459646,0.285020,0.010323,0.465019,0.283212,0.008502,0.470316,0.283231,0.007971,0.475861,0.284537,0.008794,0.479777,0.287352,0.009941,0.519172,0.286686,0.008501,0.520988,0.287604,0.008278,0.524341,0.288382,0.006657,0.529645,0.289698,0.005443,0.535317,0.289986,0.005390,0.541128,0.288886,0.006803,0.544964,0.287438,0.008830,0.547623,0.286073,0.010636,0.498864,0.276326,-0.007471,0.498750,0.286366,-0.013149,0.498651,0.295706,-0.019459,0.498526,0.304488,-0.026418,0.000000,0.000000,0.000000,0.000000,0.000000,0.000000,0.000000,0.000000,0.000000,0.000000,0.000000,0.000000,0.000000,0.000000,0.000000,0.000000,0.000000,0.000000,0.000000,0.000000,0.000000,0.000000,0.000000,0.000000,0.000000,0.000000,0.000000,0.000000,0.000000,0.000000,0.000000,0.000000,0.000000,0.000000,0.000000,0.000000,0.000000,0.000000,0.000000,0.000000,0.000000,0.000000,0.000000,0.000000,0.000000,0.000000,0.000000,0.000000,0.000000,0.000000,0.000000,0.000000,0.000000,0.000000,0.000000,0.000000,0.000000,0.000000,0.000000,0.000000,0.000000,0.000000,0.000000,0.000000,0.000000,0.000000,0.000000,0.000000,0.000000,0.000000,0.000000,0.000000,0.000000,0.000000,0.000000,0.000000,0.000000,0.000000,0.000000,0.000000,0.000000,0.000000,0.000000,0.000000,0.000000,0.000000,0.000000,0.000000,0.000000,0.000000,0.000000,0.000000,0.000000,0.000000,0.000000,0.000000,0.000000,0.000000,0.000000,0.000000,0.000000,0.000000,0.000000,0.000000,0.000000,0.000000,0.000000,0.000000,0.000000,0.000000,0.000000,0.000000,0.000000,0.000000,0.000000,0.000000,0.000000,0.000000,0.000000,0.000000,0.000000,0.000000,0.000000,0.000000,0.000000,0.000000
-0.128736,-2.616453,-2.163639,-0.068010,-2.747164,-2.031958,-0.026257,-2.746097,-2.033382,0.011796,-2.742668,-2.032155,-0.183722,-2.733171,-2.020149,-0.219952,-2.725368,-2.018707,-0.254364,-2.717222,-2.019869,0.070808,-2.667588,-1.010110,-0.278783,-2.645731,-1.020715,-0.033008,-2.459484,-1.811617,-0.193698,-2.452664,-1.793918,0.460674,-1.857990,-0.486026,-0.536067,-1.837957,-0.408269,0.774689,-0.905873,-1.152528,-0.695415,-0.944142,-1.178483,0.446890,-0.898429,-3.108092,-0.480687,-0.819294,-3.489020,0.335306,-0.906354,-3.568201,-0.418825,-0.718504,-3.930940,0.294341,-1.087750,-3.550239,-0.360542,-0.910282,-4.009169,0.304806,-1.105190,-3.143429,-0.369161,-0.960373,-3.574060,0.342648,-0.012961,-0.111907,-0.342648,0.012961,0.111907,0.325098,1.390000,0.011861,-0.355274,1.383103,0.146411,0.329394,2.673399,1.373720,-0.312777,2.635226,1.070211,0.345150,2.847452,1.413664,-0.323303,2.813023,1.121709,0.235568,3.093654,0.118892,-0.207657,3.029096,-0.217876,0.474818,0.387488,-0.001178,0.476240,0.383796,-0.006100,0.479760,0.379751,-0.011530,0.484629,0.374433,-0.016494,0.492424,0.370051,-0.020659,0.500456,0.370624,-0.022156,0.508624,0.368501,-0.021593,0.517568,0.371426,-0.018443,0.523691,0.375635,-0.014218,0.528326,0.378875,-0.009301,0.530531,0.382172,-0.004597,0.527551,0.385210,-0.008870,0.523358,0.388174,-0.013827,0.517361,0.392137,-0.017480,0.510061,0.395188,-0.020091,0.502040,0.396374,-0.020192,0.494336,0.396591,-0.019147,0.487287,0.394925,-0.015649,0.481579,0.392079,-0.011602,0.477676,0.389953,-0.005957,0.451123,0.292025,0.018123,0.452787,0.290328,0.015202,0.454881,0.288394,0.012937,0.458329,0.285798,0.010757,0.463683,0.283935,0.008896,0.468968,0.283861,0.008327,0.474531,0.285007,0.009138,0.478462,0.287672,0.010265,0.517984,0.286297,0.008561,0.519828,0.287191,0.008322,0.523198,0.287917,0.006672,0.528524,0.289167,0.005431,0.534211,0.289368,0.005353,0.540035,0.288161,0.006756,0.543871,0.286638,0.008776,0.546518,0.285229,0.010577,0.497417,0.276231,-0.007278,0.497374,0.286170,-0.012953,0.497335,0.295449,-0.019281,0.497267,0.304194,-0.026252,0.000000,0.000000,0.000000,0.000000,0.000000,0.000000,0.000000,0.000000,0.000000,0.000000,0.000000,0.000000,0.000000,0.000000,0.000000,0.000000,0.000000,0.000000,0.000000,0.000000,0.000000,0.000000,0.000000,0.000000,0.000000,0.000000,0.000000,0.000000,0.000000,0.000000,0.000000,0.000000,0.000000,0.000000,0.000000,0.000000,0.000000,0.000000,0.000000,0.000000,0.000000,0.000000,0.000000,0.000000,0.000000,0.000000,0.000000,0.000000,0.000000,0.000000,0.000000,0.000000,0.000000,0.000000,0.000000,0.000000,0.000000,0.000000,0.000000,0.000000,0.000000,0.000000,0.000000,0.709031,0.926649,-0.000000,0.693311,0.890008,-0.011273,0.661141,0.853527,-0.023106,0.632326,0.835189,-0.033676,0.613925,0.823976,-0.044301,0.660398,0.849019,-0.037436,0.618603,0.850600,-0.060561,0.615332,0.859896,-0.071596,0.612697,0.866101,-0.077233,0.665191,0.882939,-0.041448,0.620220,0.885011,-0.065041,0.639140,0.886991,-0.066635,0.658635,0.884851,-0.065281,0.667684,0.919698,-0.046164,0.627562,0.922755,-0.066063,0.645594,0.920272,-0.055944,0.664724,0.917250,-0.046048,0.667713,0.958983,-0.051581,0.633436,0.955360,-0.064347,0.646982,0.951360,-0.056923,0.662571,0.949675,-0.049729
-0.106044,-2.514769,-1.682151,-0.045271,-2.648656,-1.546457,-0.004632,-2.650505,-1.546484,0.030650,-2.649938,-1.545395,-0.158654,-2.640133,-1.548055,-0.193209,-2.636722,-1.546666,-0.229768,-2.630753,-1.547729,0.087180,-2.582485,-0.690808,-0.258351,-2.562306,-0.710951,-0.016147,-2.372609,-1.371665,-0.170082,-2.365148,-1.379208,0.475158,-1.803465,-0.250069,-0.520986,-1.765374,-0.328868,0.780191,-0.783904,-1.284491,-0.666807,-0.843622,-1.016397,0.512499,-1.318144,-3.159552,-0.496963,-0.740023,-2.773339,0.428160,-1.476038,-3.564117,-0.479635,-0.501550,-3.096178,0.422418,-1.623735,-3.413495,-0.426794,-0.667978,-3.165779,0.439048,-1.578778,-3.150945,-0.417497,-0.726049,-2.855188,0.323762,-0.006887,-0.000807,-0.323762,0.006887,0.000807,0.289393,1.392293,-0.026443,-0.334693,1.354627,-0.152930,0.286230,2.659421,0.924900,-0.297326,2.592596,0.423312,0.310640,2.824318,0.957551,-0.329557,2.770488,0.444412,0.176428,3.081599,-0.196950,-0.188056,2.977922,-0.792430,0.473535,0.388739,-0.000965,0.474871,0.385068,-0.005844,0.478281,0.381024,-0.011271,0.483016,0.375718,-0.016251,0.490690,0.371299,-0.020490,0.498650,0.371778,-0.022110,0.506792,0.369621,-0.021689,0.515773,0.372499,-0.018731,0.521909,0.376638,-0.014675,0.526563,0.379827,-0.009908,0.528773,0.383093,-0.005304,0.525807,0.386125,-0.009486,0.521634,0.389087,-0.014324,0.515666,0.393058,-0.017873,0.508409,0.396133,-0.020329,0.500431,0.397391,-0.020311,0.492842,0.397687,-0.019154,0.485880,0.396114,-0.015561,0.480235,0.393335,-0.011477,0.476374,0.391208,-0.005794,0.449840,0.294605,0.019020,0.451450,0.292899,0.016090,0.453479,0.290932,0.013825,0.456863,0.288300,0.011621,0.462149,0.286369,0.009701,0.467398,0.286233,0.009041,0.472912,0.287324,0.009753,0.476829,0.289945,0.010813,0.516164,0.287719,0.008337,0.518006,0.288576,0.008070,0.521368,0.289213,0.006388,0.526687,0.290309,0.005067,0.532358,0.290364,0.004891,0.538167,0.289021,0.006206,0.541994,0.287386,0.008157,0.544648,0.285860,0.009914,0.495360,0.278318,-0.006979,0.495337,0.288303,-0.012660,0.495303,0.297576,-0.018978,0.495233,0.306320,-0.025931,0.000000,0.000000,0.000000,0.000000,0.000000,0.000000,0.000000,0.000000,0.000000,0.000000,0.000000,0.000000,0.000000,0.000000,0.000000,0.000000,0.000000,0.000000,0.000000,0.000000,0.000000,0.000000,0.000000,0.000000,0.000000,0.000000,0.000000,0.000000,0.000000,0.000000,0.000000,0.000000,0.000000,0.000000,0.000000,0.000000,0.000000,0.000000,0.000000,0.000000,0.000000,0.000000,0.000000,0.000000,0.000000,0.000000,0.000000,0.000000,0.000000,0.000000,0.000000,0.000000,0.000000,0.000000,0.000000,0.000000,0.000000,0.000000,0.000000,0.000000,0.000000,0.000000,0.000000,0.728307,0.774689,0.000000,0.733433,0.713991,-0.006734,0.726106,0.647015,-0.017674,0.729871,0.594197,-0.026678,0.744672,0.557866,-0.037421,0.690483,0.657341,-0.036672,0.642021,0.613481,-0.047321,0.614852,0.587514,-0.050307,0.592458,0.568776,-0.052064,0.671972,0.688374,-0.038394,0.619291,0.642574,-0.050555,0.634372,0.649869,-0.046146,0.655423,0.665890,-0.040687,0.658030,0.722165,-0.038113,0.613483,0.680798,-0.047740,0.628432,0.688145,-0.036666,0.646271,0.702023,-0.026937,0.646370,0.754924,-0.037597,0.608675,0.717153,-0.041444,0.622451,0.721578,-0.030299,0.637419,0.734028,-0.021119
-0.108837,-2.546501,-1.792942,-0.047185,-2.686319,-1.653942,-0.006127,-2.687329,-1.654071,0.027079,-2.686965,-1.652798,-0.163200,-2.679710,-1.641935,-0.197665,-2.677903,-1.640548,-0.234980,-2.672713,-1.641428,0.084367,-2.616903,-0.762242,-0.266457,-2.603276,-0.714405,-0.020506,-2.402416,-1.470783,-0.174386,-2.396674,-1.461646,0.459051,-1.835025,-0.331529,-0.538633,-1.797268,-0.275641,0.770021,-0.784236,-1.470620,-0.664025,-0.855022,-1.144611,0.515156,-1.351892,-3.473143,-0.503001,-0.834769,-3.285127,0.418865,-1.516360,-3.894631,-0.487035,-0.729753,-3.651752,0.425213,-1.657547,-3.745266,-0.461667,-1.026668,-3.683278,0.431884,-1.609419,-3.464529,-0.424916,-0.934099,-3.359422,0.330550,-0.010115,-0.042647,-0.330550,0.010115,0.042647,0.314834,1.407663,-0.089442,-0.327262,1.374721,-0.040896,0.321232,2.687569,0.891382,-0.291145,2.620209,0.643131,0.348116,2.852349,0.919523,-0.316294,2.796682,0.678297,0.210322,3.115940,-0.275703,-0.179136,3.016138,-0.606005,0.475223,0.389349,-0.000518,0.476427,0.385566,-0.005372,0.479710,0.381368,-0.010854,0.484360,0.375913,-0.015965,0.492136,0.371254,-0.020324,0.500262,0.371643,-0.021965,0.508647,0.369258,-0.021591,0.517974,0.372001,-0.018603,0.524284,0.376119,-0.014494,0.529046,0.379336,-0.009736,0.531329,0.382708,-0.005238,0.528351,0.385819,-0.009364,0.524131,0.388988,-0.014244,0.518025,0.393179,-0.017785,0.510521,0.396487,-0.020159,0.502269,0.397905,-0.020105,0.494366,0.398243,-0.018858,0.487281,0.396671,-0.015250,0.481673,0.393842,-0.011095,0.477954,0.391750,-0.005376,0.452080,0.296922,0.018737,0.453831,0.295922,0.015722,0.456055,0.294595,0.013439,0.459534,0.292735,0.011281,0.464602,0.291167,0.009316,0.469505,0.290649,0.008611,0.474772,0.290375,0.009389,0.478366,0.291450,0.010558,0.518391,0.288152,0.007983,0.520133,0.288775,0.007737,0.523250,0.289486,0.006016,0.528298,0.290677,0.004717,0.533760,0.290871,0.004562,0.539592,0.289830,0.005806,0.543489,0.288608,0.007649,0.546318,0.287558,0.009391,0.496966,0.278492,-0.006862,0.496839,0.288535,-0.012480,0.496692,0.297558,-0.018799,0.496525,0.306005,-0.025729,0.000000,0.000000,0.000000,0.000000,0.000000,0.000000,0.000000,0.000000,0.000000,0.000000,0.000000,0.000000,0.000000,0.000000,0.000000,0.000000,0.000000,0.000000,0.000000,0.000000,0.000000,0.000000,0.000000,0.000000,0.000000,0.000000,0.000000,0.000000,0.000000,0.000000,0.000000,0.000000,0.000000,0.000000,0.000000,0.000000,0.000000,0.000000,0.000000,0.000000,0.000000,0.000000,0.000000,0.000000,0.000000,0.000000,0.000000,0.000000,0.000000,0.000000,0.000000,0.000000,0.000000,0.000000,0.000000,0.000000,0.000000,0.000000,0.000000,0.000000,0.000000,0.000000,0.000000,0.723897,0.772026,0.000000,0.730806,0.710898,-0.004449,0.725327,0.643421,-0.014326,0.730501,0.590283,-0.022479,0.746518,0.554485,-0.032454,0.688293,0.649945,-0.036358,0.638263,0.603819,-0.046897,0.611067,0.577181,-0.049725,0.589251,0.556841,-0.051303,0.669223,0.679606,-0.038264,0.618920,0.636808,-0.047654,0.632616,0.647602,-0.040553,0.652498,0.663333,-0.034414,0.654197,0.713604,-0.038229,0.612499,0.672069,-0.046311,0.625782,0.682773,-0.033945,0.642828,0.697486,-0.024123,0.641615,0.747095,-0.037737,0.606238,0.706912,-0.040283,0.618547,0.713454,-0.028295,0.632695,0.727391,-0.019012
-0.119690,-2.552561,-2.211149,-0.058693,-2.691283,-2.062477,-0.017024,-2.691890,-2.063281,0.018677,-2.691004,-2.062655,-0.172413,-2.684007,-2.057069,-0.206305,-2.681920,-2.056057,-0.242781,-2.675978,-2.057193,0.078891,-2.620037,-1.058499,-0.270581,-2.605794,-1.026478,-0.028959,-2.408024,-1.838097,-0.180760,-2.402450,-1.830774,0.459654,-1.840433,-0.519114,-0.535891,-1.802984,-0.433194,0.747281,-0.873838,-1.150178,-0.665129,-0.882553,-1.172393,0.412956,-0.755832,-2.820945,-0.483052,-0.837393,-3.536673,0.311963,-0.667923,-3.248412,-0.414227,-0.740481,-4.061911,0.254398,-0.862981,-3.254230,-0.402005,-0.932737,-4.166716,0.260599,-0.907658,-2.867347,-0.371965,-0.959152,-3.633636,0.333236,-0.011681,-0.103913,-0.333236,0.011681,0.103913,0.337256,1.414605,-0.141080,-0.316505,1.405916,-0.046108,0.354568,2.727555,1.146882,-0.278764,2.720742,0.750555,0.376689,2.911007,1.186036,-0.288182,2.918167,0.780980,0.253334,3.167156,-0.279818,-0.177371,3.118397,-0.720245,0.476394,0.388269,-0.001209,0.477778,0.384604,-0.006069,0.481277,0.380603,-0.011499,0.486112,0.375347,-0.016482,0.493940,0.370948,-0.020659,0.502041,0.371474,-0.022143,0.510292,0.369259,-0.021603,0.519371,0.372033,-0.018469,0.525598,0.376108,-0.014245,0.530319,0.379249,-0.009348,0.532586,0.382501,-0.004741,0.529594,0.385624,-0.009018,0.525362,0.388683,-0.014079,0.519303,0.392714,-0.017791,0.511925,0.395840,-0.020487,0.503818,0.397105,-0.020610,0.496022,0.397372,-0.019501,0.488929,0.395753,-0.015895,0.483187,0.392923,-0.011751,0.479270,0.390775,-0.006016,0.452917,0.294371,0.018230,0.454590,0.292803,0.015312,0.456699,0.290978,0.013069,0.460131,0.288527,0.010946,0.465391,0.286715,0.009093,0.470565,0.286549,0.008524,0.476029,0.287401,0.009311,0.479875,0.289723,0.010443,0.519228,0.287902,0.008689,0.521046,0.288743,0.008456,0.524352,0.289473,0.006807,0.529592,0.290677,0.005567,0.535194,0.290850,0.005481,0.540970,0.289671,0.006857,0.544779,0.288224,0.008840,0.547432,0.286899,0.010642,0.498588,0.277835,-0.006804,0.498568,0.287815,-0.012515,0.498541,0.296996,-0.018880,0.498479,0.305633,-0.025874,0.000000,0.000000,0.000000,0.000000,0.000000,0.000000,0.000000,0.000000,0.000000,0.000000,0.000000,0.000000,0.000000,0.000000,0.000000,0.000000,0.000000,0.000000,0.000000,0.000000,0.000000,0.000000,0.000000,0.000000,0.000000,0.000000,0.000000,0.000000,0.000000,0.000000,0.000000,0.000000,0.000000,0.000000,0.000000,0.000000,0.000000,0.000000,0.000000,0.000000,0.000000,0.000000,0.000000,0.000000,0.000000,0.000000,0.000000,0.000000,0.000000,0.000000,0.000000,0.000000,0.000000,0.000000,0.000000,0.000000,0.000000,0.000000,0.000000,0.000000,0.000000,0.000000,0.000000,0.693949,0.978032,0.000000,0.661367,0.957956,-0.008219,0.628477,0.939889,-0.019069,0.602764,0.934304,-0.028333,0.582213,0.938473,-0.039412,0.637621,0.903396,-0.039609,0.599453,0.904565,-0.056254,0.576774,0.908148,-0.066282,0.558655,0.910079,-0.073001,0.655087,0.917249,-0.044168,0.614001,0.935902,-0.059678,0.588076,0.955787,-0.065204,0.569581,0.972450,-0.069970,0.669802,0.942825,-0.047793,0.631038,0.966686,-0.062162,0.611483,0.981406,-0.062488,0.600148,0.991874,-0.062427,0.680811,0.974427,-0.051345,0.651555,0.992669,-0.065137,0.639594,0.999166,-0.065518,0.633731,1.001994,-0.064470
-0.129412,-2.647252,-1.862658,-0.069594,-2.777588,-1.735658,-0.027463,-2.776839,-1.735733,0.009323,-2.774823,-1.736321,-0.184407,-2.767861,-1.728288,-0.218657,-2.763895,-1.726883,-0.254381,-2.757442,-1.727600,0.070470,-2.704470,-0.918593,-0.280562,-2.687819,-0.846204,-0.034656,-2.496800,-1.555563,-0.191630,-2.490417,-1.537377,0.455999,-1.878845,-0.505183,-0.542341,-1.859929,-0.559201,0.700976,-0.915161,-0.548801,-0.701748,-0.972673,-0.906591,0.589729,-0.157716,-1.342888,-0.489045,-0.640455,-2.427746,0.591236,0.095419,-1.613171,-0.442171,-0.464554,-2.770269,0.481340,0.023666,-1.712714,-0.374917,-0.572317,-2.853760,0.463177,-0.077259,-1.419999,-0.373061,-0.624326,-2.509060,0.333888,-0.006865,-0.132529,-0.333888,0.006865,0.132529,0.294853,1.518460,-0.217188,-0.356297,1.514519,0.069148,0.270380,2.885500,1.093381,-0.337823,2.868595,0.813275,0.287410,3.078336,1.150630,-0.339012,3.068083,0.852661,0.146776,3.330652,-0.155291,-0.269947,3.294684,-0.558775,0.477401,0.387318,-0.001581,0.478829,0.383716,-0.006379,0.482398,0.379735,-0.011721,0.487319,0.374500,-0.016608,0.495234,0.370090,-0.020672,0.503370,0.370595,-0.022051,0.511605,0.368373,-0.021418,0.520623,0.371115,-0.018182,0.526786,0.375148,-0.013892,0.531444,0.378255,-0.008946,0.533656,0.381432,-0.004327,0.530656,0.384495,-0.008695,0.526433,0.387469,-0.013845,0.520395,0.391413,-0.017640,0.513059,0.394476,-0.020431,0.505023,0.395693,-0.020653,0.497249,0.396026,-0.019646,0.490125,0.394493,-0.016138,0.484305,0.391781,-0.012049,0.480321,0.389753,-0.006350,0.453914,0.292685,0.017515,0.455607,0.291144,0.014637,0.457741,0.289327,0.012435,0.461188,0.286883,0.010362,0.466447,0.285070,0.008596,0.471602,0.284897,0.008109,0.477064,0.285757,0.008971,0.480902,0.288105,0.010136,0.520362,0.286330,0.009036,0.522160,0.287147,0.008821,0.525436,0.287865,0.007202,0.530639,0.289062,0.006032,0.536207,0.289234,0.006020,0.541957,0.288074,0.007457,0.545756,0.286652,0.009490,0.548410,0.285350,0.011305,0.499870,0.276454,-0.006822,0.499894,0.286542,-0.012537,0.499924,0.295863,-0.018882,0.499921,0.304633,-0.025871,0.000000,0.000000,0.000000,0.000000,0.000000,0.000000,0.000000,0.000000,0.000000,0.000000,0.000000,0.000000,0.000000,0.000000,0.000000,0.000000,0.000000,0.000000,0.000000,0.000000,0.000000,0.000000,0.000000,0.000000,0.000000,0.000000,0.000000,0.000000,0.000000,0.000000,0.000000,0.000000,0.000000,0.000000,0.000000,0.000000,0.000000,0.000000,0.000000,0.000000,0.000000,0.000000,0.000000,0.000000,0.000000,0.000000,0.000000,0.000000,0.000000,0.000000,0.000000,0.000000,0.000000,0.000000,0.000000,0.000000,0.000000,0.000000,0.000000,0.000000,0.000000,0.000000,0.000000,0.000000,0.000000,0.000000,0.000000,0.000000,0.000000,0.000000,0.000000,0.000000,0.000000,0.000000,0.000000,0.000000,0.000000,0.000000,0.000000,0.000000,0.000000,0.000000,0.000000,0.000000,0.000000,0.000000,0.000000,0.000000,0.000000,0.000000,0.000000,0.000000,0.000000,0.000000,0.000000,0.000000,0.000000,0.000000,0.000000,0.000000,0.000000,0.000000,0.000000,0.000000,0.000000,0.000000,0.000000,0.000000,0.000000,0.000000,0.000000,0.000000,0.000000,0.000000,0.000000,0.000000,0.000000,0.000000,0.000000,0.000000,0.000000,0.000000,0.000000,0.000000,0.000000,0.000000
-0.124418,-2.641186,-1.896116,-0.071384,-2.768541,-1.768484,-0.029371,-2.767731,-1.768659,0.005390,-2.765492,-1.769344,-0.185611,-2.755828,-1.772401,-0.219750,-2.750031,-1.771242,-0.255791,-2.742638,-1.771878,0.064127,-2.695512,-0.925197,-0.286200,-2.672599,-0.916692,-0.032673,-2.489385,-1.582882,-0.188418,-2.479748,-1.580206,0.450896,-1.860867,-0.493656,-0.543485,-1.849211,-0.598823,0.693808,-0.912202,-0.488565,-0.708048,-0.968999,-1.012766,0.649426,-0.156868,-1.234992,-0.501698,-0.705639,-2.540552,0.668664,0.094146,-1.484986,-0.465419,-0.525620,-2.882539,0.565917,0.033922,-1.608093,-0.401634,-0.622531,-2.982610,0.538588,-0.064351,-1.319128,-0.397817,-0.666256,-2.629680,0.330824,-0.007453,-0.115096,-0.330824,0.007453,0.115096,0.285112,1.507960,-0.182042,-0.359411,1.509281,0.026126,0.258342,2.876404,1.067628,-0.337852,2.859242,0.730570,0.274513,3.072156,1.120184,-0.339982,3.057032,0.762359,0.141383,3.309875,-0.201695,-0.264317,3.280051,-0.655283,0.479968,0.388374,-0.002910,0.481629,0.384918,-0.007567,0.485574,0.381176,-0.012697,0.490976,0.376208,-0.017308,0.499398,0.372072,-0.020973,0.507797,0.372868,-0.021937,0.516077,0.370828,-0.020901,0.524873,0.373673,-0.017230,0.530723,0.377727,-0.012595,0.535064,0.380873,-0.007377,0.537039,0.384020,-0.002670,0.534071,0.387107,-0.007254,0.529948,0.390053,-0.012760,0.524025,0.393845,-0.016815,0.516751,0.396663,-0.020076,0.508772,0.397638,-0.020747,0.500795,0.397768,-0.020102,0.493441,0.396041,-0.016889,0.487313,0.393153,-0.012956,0.483073,0.390971,-0.007433,0.457587,0.293330,0.015150,0.459392,0.291881,0.012391,0.461644,0.290154,0.010281,0.465218,0.287823,0.008359,0.470565,0.286201,0.006838,0.475731,0.286188,0.006607,0.481232,0.287310,0.007670,0.485091,0.289837,0.008973,0.524586,0.289791,0.010004,0.526301,0.290612,0.009889,0.529502,0.291428,0.008398,0.534600,0.292770,0.007425,0.540074,0.293126,0.007660,0.545754,0.292168,0.009305,0.549500,0.290898,0.011507,0.552119,0.289748,0.013420,0.505152,0.279244,-0.006732,0.505279,0.289365,-0.012418,0.505441,0.298744,-0.018750,0.505588,0.307552,-0.025716,0.000000,0.000000,0.000000,0.000000,0.000000,0.000000,0.000000,0.000000,0.000000,0.000000,0.000000,0.000000,0.000000,0.000000,0.000000,0.000000,0.000000,0.000000,0.000000,0.000000,0.000000,0.000000,0.000000,0.000000,0.000000,0.000000,0.000000,0.000000,0.000000,0.000000,0.000000,0.000000,0.000000,0.000000,0.000000,0.000000,0.000000,0.000000,0.000000,0.000000,0.000000,0.000000,0.000000,0.000000,0.000000,0.000000,0.000000,0.000000,0.000000,0.000000,0.000000,0.000000,0.000000,0.000000,0.000000,0.000000,0.000000,0.000000,0.000000,0.000000,0.000000,0.000000,0.000000,0.000000,0.000000,0.000000,0.000000,0.000000,0.000000,0.000000,0.000000,0.000000,0.000000,0.000000,0.000000,0.000000,0.000000,0.000000,0.000000,0.000000,0.000000,0.000000,0.000000,0.000000,0.000000,0.000000,0.000000,0.000000,0.000000,0.000000,0.000000,0.000000,0.000000,0.000000,0.000000,0.000000,0.000000,0.000000,0.000000,0.000000,0.000000,0.000000,0.000000,0.000000,0.000000,0.000000,0.000000,0.000000,0.000000,0.000000,0.000000,0.000000,0.000000,0.000000,0.000000,0.000000,0.000000,0.000000,0.000000,0.000000,0.000000,0.000000,0.000000,0.000000,0.000000,0.000000
-0.102793,-2.514646,-1.587610,-0.054149,-2.652976,-1.460854,-0.014589,-2.654113,-1.460976,0.015863,-2.654420,-1.460063,-0.166625,-2.642959,-1.474127,-0.200567,-2.639800,-1.473302,-0.235913,-2.634369,-1.474466,0.070131,-2.588923,-0.638847,-0.275516,-2.563496,-0.717886,-0.018208,-2.369081,-1.286380,-0.162792,-2.360787,-1.308793,0.449922,-1.793867,-0.201314,-0.534704,-1.770452,-0.374196,0.728051,-0.863750,-1.113369,-0.689813,-0.879691,-1.266346,0.535904,-1.152602,-3.036201,-0.490505,-0.822651,-3.067233,0.441171,-1.345165,-3.431476,-0.433371,-0.713760,-3.382352,0.473218,-1.482393,-3.362477,-0.423207,-0.939774,-3.417257,0.468377,-1.446045,-3.058685,-0.406066,-0.928274,-3.128934,0.324490,-0.012480,0.016490,-0.324490,0.012480,-0.016490,0.304289,1.361875,-0.063560,-0.329707,1.342978,-0.221414,0.320752,2.637182,0.789749,-0.288877,2.592687,0.188580,0.339177,2.800740,0.815297,-0.304649,2.769674,0.191407,0.227598,3.058154,-0.270957,-0.188699,2.970972,-0.959190,0.484247,0.392495,-0.003509,0.486097,0.389271,-0.008082,0.490286,0.385738,-0.012989,0.495900,0.380949,-0.017294,0.504320,0.376985,-0.020579,0.512505,0.377861,-0.021175,0.520386,0.375925,-0.019796,0.528628,0.378786,-0.015778,0.534068,0.382720,-0.010953,0.538085,0.385733,-0.005565,0.539891,0.388631,-0.000692,0.537072,0.391641,-0.005370,0.533198,0.394443,-0.010938,0.527638,0.398087,-0.015062,0.520754,0.400771,-0.018623,0.513163,0.401667,-0.019589,0.505411,0.401822,-0.019302,0.498125,0.400150,-0.016523,0.491879,0.397317,-0.012882,0.487457,0.395134,-0.007671,0.461371,0.296474,0.012229,0.463205,0.294836,0.009618,0.465416,0.292928,0.007623,0.468968,0.290368,0.005814,0.474346,0.288683,0.004549,0.479546,0.288843,0.004568,0.485033,0.290529,0.005811,0.488930,0.293643,0.007177,0.527683,0.294442,0.010225,0.529363,0.295352,0.010179,0.532570,0.296198,0.008850,0.537640,0.297531,0.008108,0.543045,0.297824,0.008584,0.548558,0.296765,0.010420,0.552173,0.295365,0.012752,0.554662,0.294082,0.014705,0.509509,0.284078,-0.007482,0.509921,0.294308,-0.012932,0.510369,0.303859,-0.019009,0.510787,0.312811,-0.025719,0.000000,0.000000,0.000000,0.000000,0.000000,0.000000,0.000000,0.000000,0.000000,0.000000,0.000000,0.000000,0.000000,0.000000,0.000000,0.000000,0.000000,0.000000,0.000000,0.000000,0.000000,0.000000,0.000000,0.000000,0.000000,0.000000,0.000000,0.000000,0.000000,0.000000,0.000000,0.000000,0.000000,0.000000,0.000000,0.000000,0.000000,0.000000,0.000000,0.000000,0.000000,0.000000,0.000000,0.000000,0.000000,0.000000,0.000000,0.000000,0.000000,0.000000,0.000000,0.000000,0.000000,0.000000,0.000000,0.000000,0.000000,0.000000,0.000000,0.000000,0.000000,0.000000,0.000000,0.765937,0.844304,0.000000,0.769232,0.786498,-0.006853,0.760329,0.715398,-0.018749,0.759779,0.663713,-0.028534,0.767621,0.625286,-0.039910,0.743926,0.738058,-0.042790,0.694735,0.692364,-0.055839,0.667475,0.666808,-0.060430,0.645404,0.650776,-0.063291,0.727731,0.773121,-0.046559,0.660045,0.722050,-0.062362,0.670643,0.720399,-0.061108,0.691326,0.733302,-0.058046,0.711480,0.806135,-0.048100,0.651339,0.756551,-0.058947,0.661917,0.753290,-0.048896,0.680297,0.765395,-0.040262,0.695025,0.834981,-0.049685,0.646039,0.790727,-0.056708,0.655459,0.784687,-0.048448,0.671215,0.793564,-0.041350
-0.075136,-2.450668,-1.531757,-0.030878,-2.588435,-1.397624,0.002598,-2.589881,-1.397503,0.026874,-2.591645,-1.396450,-0.141933,-2.579506,-1.424130,-0.179194,-2.576725,-1.423048,-0.212017,-2.572750,-1.424083,0.077442,-2.527850,-0.582894,-0.265179,-2.498922,-0.704910,0.002690,-2.310852,-1.235027,-0.137169,-2.301056,-1.272402,0.438617,-1.766056,-0.157536,-0.526054,-1.725746,-0.417844,0.674357,-0.747762,-1.077323,-0.650868,-0.811282,-1.017173,0.607661,-1.223319,-2.907894,-0.452820,-0.581833,-2.467871,0.553348,-1.390301,-3.293337,-0.416357,-0.238634,-2.735059,0.543286,-1.538962,-3.202290,-0.363036,-0.394638,-2.815394,0.537718,-1.500839,-2.923905,-0.367112,-0.474403,-2.540680,0.317662,-0.011151,0.040476,-0.317662,0.011151,-0.040476,0.286482,1.353116,-0.022023,-0.328902,1.336622,-0.232688,0.285622,2.599392,0.874474,-0.296926,2.551211,0.209315,0.306144,2.760093,0.904592,-0.319649,2.724342,0.217879,0.186166,3.018154,-0.157838,-0.197773,2.929159,-0.922674,0.485586,0.392316,-0.003344,0.487361,0.389097,-0.007870,0.491464,0.385602,-0.012812,0.496994,0.380873,-0.017204,0.505327,0.377019,-0.020591,0.513490,0.377912,-0.021302,0.521427,0.376001,-0.020062,0.529795,0.378809,-0.016210,0.535413,0.382721,-0.011496,0.539569,0.385715,-0.006213,0.541464,0.388646,-0.001484,0.538586,0.391635,-0.006102,0.534609,0.394418,-0.011664,0.528940,0.397996,-0.015782,0.521963,0.400622,-0.019282,0.514306,0.401498,-0.020169,0.506555,0.401609,-0.019728,0.499306,0.399920,-0.016751,0.493133,0.397102,-0.012967,0.488774,0.394938,-0.007614,0.463830,0.297577,0.013312,0.465640,0.296057,0.010688,0.467849,0.294257,0.008687,0.471356,0.291841,0.006877,0.476631,0.290251,0.005544,0.481733,0.290370,0.005474,0.487133,0.291835,0.006653,0.490951,0.294698,0.007960,0.529085,0.295598,0.010216,0.530760,0.296481,0.010152,0.533931,0.297343,0.008771,0.538947,0.298694,0.007951,0.544308,0.299040,0.008326,0.549798,0.298083,0.010073,0.553391,0.296816,0.012324,0.555883,0.295674,0.014241,0.510853,0.284961,-0.006864,0.511117,0.294970,-0.012403,0.511426,0.304307,-0.018534,0.511707,0.313067,-0.025318,0.000000,0.000000,0.000000,0.000000,0.000000,0.000000,0.000000,0.000000,0.000000,0.000000,0.000000,0.000000,0.000000,0.000000,0.000000,0.000000,0.000000,0.000000,0.000000,0.000000,0.000000,0.000000,0.000000,0.000000,0.000000,0.000000,0.000000,0.000000,0.000000,0.000000,0.000000,0.000000,0.000000,0.000000,0.000000,0.000000,0.000000,0.000000,0.000000,0.000000,0.000000,0.000000,0.000000,0.000000,0.000000,0.000000,0.000000,0.000000,0.000000,0.000000,0.000000,0.000000,0.000000,0.000000,0.000000,0.000000,0.000000,0.000000,0.000000,0.000000,0.000000,0.000000,0.000000,0.772551,0.822151,0.000000,0.785166,0.756044,-0.006104,0.784576,0.680199,-0.017995,0.795201,0.622161,-0.027463,0.814941,0.585591,-0.038843,0.746569,0.690288,-0.042796,0.698067,0.634283,-0.054106,0.671906,0.602233,-0.056790,0.650042,0.579059,-0.058268,0.723239,0.721430,-0.044984,0.668387,0.654383,-0.057440,0.684254,0.660372,-0.052481,0.705190,0.679280,-0.046910,0.703865,0.754062,-0.044411,0.656494,0.690714,-0.053165,0.671443,0.696767,-0.040438,0.688964,0.714852,-0.029999,0.687384,0.785537,-0.043500,0.647774,0.728653,-0.046758,0.661158,0.730466,-0.034441,0.675989,0.745391,-0.024618
-0.068323,-2.463560,-1.672357,-0.023189,-2.599958,-1.542274,0.005709,-2.601022,-1.542197,0.031455,-2.602304,-1.541068,-0.135996,-2.592698,-1.570282,-0.176651,-2.589723,-1.569374,-0.209006,-2.586139,-1.570563,0.082883,-2.534872,-0.725301,-0.268325,-2.509648,-0.856899,0.006302,-2.323917,-1.374089,-0.134324,-2.314574,-1.412771,0.434270,-1.775389,-0.263144,-0.531875,-1.738314,-0.518439,0.669396,-0.793308,-1.010183,-0.677294,-0.834146,-1.041294,0.589288,-1.075637,-2.772325,-0.460075,-0.582126,-2.529644,0.520619,-1.302747,-3.148099,-0.445902,-0.258307,-2.803862,0.521919,-1.480128,-3.088844,-0.383395,-0.419825,-2.883578,0.512701,-1.446220,-2.803314,-0.383021,-0.594397,-2.602213,0.321641,-0.015251,0.024633,-0.321641,0.015251,-0.024633,0.297859,1.351606,-0.059373,-0.328789,1.351282,-0.204677,0.307491,2.608582,0.822345,-0.292620,2.571814,0.254866,0.328555,2.779275,0.850203,-0.313902,2.751125,0.265819,0.208964,3.033974,-0.221085,-0.187897,2.953023,-0.902337,0.487161,0.392832,-0.003805,0.488886,0.389381,-0.008310,0.492852,0.385652,-0.013236,0.498250,0.380693,-0.017620,0.506494,0.376592,-0.021094,0.514640,0.377402,-0.021958,0.522608,0.375465,-0.020795,0.531018,0.378370,-0.017096,0.536662,0.382466,-0.012535,0.540829,0.385633,-0.007398,0.542709,0.388767,-0.002774,0.539878,0.391778,-0.007340,0.535932,0.394661,-0.012769,0.530234,0.398370,-0.016768,0.523185,0.401120,-0.020041,0.515403,0.402083,-0.020789,0.507557,0.402156,-0.020265,0.500326,0.400410,-0.017281,0.494318,0.397546,-0.013512,0.490166,0.395378,-0.008184,0.464871,0.299379,0.014530,0.466673,0.297791,0.011857,0.468893,0.295984,0.009800,0.472441,0.293574,0.007942,0.477760,0.291973,0.006515,0.482898,0.292077,0.006362,0.488334,0.293445,0.007436,0.492169,0.296204,0.008727,0.530896,0.296863,0.010400,0.532629,0.297803,0.010303,0.535839,0.298725,0.008851,0.540901,0.300157,0.007965,0.546318,0.300584,0.008261,0.551874,0.299681,0.009962,0.555508,0.298412,0.012205,0.558006,0.297245,0.014136,0.512121,0.285723,-0.006231,0.512285,0.295592,-0.011877,0.512479,0.304582,-0.018158,0.512659,0.313006,-0.025112,0.000000,0.000000,0.000000,0.000000,0.000000,0.000000,0.000000,0.000000,0.000000,0.000000,0.000000,0.000000,0.000000,0.000000,0.000000,0.000000,0.000000,0.000000,0.000000,0.000000,0.000000,0.000000,0.000000,0.000000,0.000000,0.000000,0.000000,0.000000,0.000000,0.000000,0.000000,0.000000,0.000000,0.000000,0.000000,0.000000,0.000000,0.000000,0.000000,0.000000,0.000000,0.000000,0.000000,0.000000,0.000000,0.000000,0.000000,0.000000,0.000000,0.000000,0.000000,0.000000,0.000000,0.000000,0.000000,0.000000,0.000000,0.000000,0.000000,0.000000,0.000000,0.000000,0.000000,0.772831,0.863519,0.000000,0.774798,0.796082,-0.006659,0.762994,0.717445,-0.018641,0.763562,0.658107,-0.028505,0.776912,0.617799,-0.040566,0.741748,0.743100,-0.044243,0.686480,0.693468,-0.057139,0.655184,0.665311,-0.061939,0.628637,0.646096,-0.065564,0.725271,0.780382,-0.048153,0.658231,0.724412,-0.063986,0.671512,0.727415,-0.062412,0.692809,0.744631,-0.059425,0.709305,0.816552,-0.049500,0.647607,0.762219,-0.060714,0.661614,0.763397,-0.050044,0.682118,0.779122,-0.041209,0.693751,0.848207,-0.050786,0.643434,0.800237,-0.058546,0.656145,0.799918,-0.049805,0.674455,0.813744,-0.042446
-0.092506,-2.566683,-2.138801,-0.045315,-2.703017,-2.005310,-0.007388,-2.703512,-2.006199,0.020621,-2.704150,-2.008175,-0.158883,-2.695587,-1.996427,-0.193664,-2.692876,-1.995151,-0.227811,-2.688905,-1.996026,0.077855,-2.632612,-1.085914,-0.278813,-2.609406,-1.058897,-0.009073,-2.423248,-1.807713,-0.161067,-2.414737,-1.786675,0.456572,-1.849169,-0.552262,-0.540293,-1.814992,-0.623581,0.739378,-0.949991,-0.546627,-0.709383,-0.951770,-0.802179,0.586264,-0.210272,-1.392851,-0.468052,-0.562116,-2.316901,0.607604,0.056699,-1.686718,-0.454439,-0.313509,-2.667024,0.477091,-0.004421,-1.809847,-0.374549,-0.410985,-2.810076,0.451530,-0.110869,-1.480351,-0.377561,-0.484779,-2.421164,0.335261,-0.013073,-0.144542,-0.335261,0.013073,0.144542,0.322183,1.480243,-0.218553,-0.342676,1.477374,0.085039,0.315057,2.822930,1.109760,-0.317751,2.812783,0.894985,0.329493,3.019582,1.162236,-0.317899,3.014107,0.936571,0.203251,3.253566,-0.238643,-0.234067,3.222945,-0.490757,0.486540,0.392893,-0.003784,0.488166,0.389344,-0.008298,0.492035,0.385458,-0.013308,0.497347,0.380321,-0.017812,0.505558,0.376036,-0.021441,0.513729,0.376785,-0.022476,0.521801,0.374825,-0.021456,0.530411,0.377868,-0.017922,0.536218,0.382124,-0.013476,0.540531,0.385411,-0.008435,0.542497,0.388648,-0.003898,0.539606,0.391624,-0.008448,0.535573,0.394456,-0.013855,0.529756,0.398152,-0.017822,0.522588,0.400922,-0.020981,0.514699,0.401906,-0.021593,0.506822,0.402014,-0.020905,0.499593,0.400323,-0.017728,0.493630,0.397502,-0.013821,0.489523,0.395393,-0.008334,0.464213,0.299901,0.016016,0.466013,0.298361,0.013287,0.468248,0.296601,0.011191,0.471807,0.294266,0.009289,0.477103,0.292685,0.007754,0.482206,0.292725,0.007494,0.487614,0.293843,0.008478,0.491411,0.296334,0.009722,0.530637,0.296450,0.010497,0.532407,0.297367,0.010360,0.535618,0.298278,0.008836,0.540694,0.299690,0.007852,0.546138,0.300098,0.008046,0.551746,0.299191,0.009663,0.555419,0.297936,0.011848,0.557953,0.296796,0.013757,0.511271,0.285130,-0.005715,0.511357,0.294897,-0.011492,0.511466,0.303745,-0.017901,0.511566,0.312049,-0.024996,0.000000,0.000000,0.000000,0.000000,0.000000,0.000000,0.000000,0.000000,0.000000,0.000000,0.000000,0.000000,0.000000,0.000000,0.000000,0.000000,0.000000,0.000000,0.000000,0.000000,0.000000,0.000000,0.000000,0.000000,0.000000,0.000000,0.000000,0.000000,0.000000,0.000000,0.000000,0.000000,0.000000,0.000000,0.000000,0.000000,0.000000,0.000000,0.000000,0.000000,0.000000,0.000000,0.000000,0.000000,0.000000,0.000000,0.000000,0.000000,0.000000,0.000000,0.000000,0.000000,0.000000,0.000000,0.000000,0.000000,0.000000,0.000000,0.000000,0.000000,0.000000,0.000000,0.000000,0.000000,0.000000,0.000000,0.000000,0.000000,0.000000,0.000000,0.000000,0.000000,0.000000,0.000000,0.000000,0.000000,0.000000,0.000000,0.000000,0.000000,0.000000,0.000000,0.000000,0.000000,0.000000,0.000000,0.000000,0.000000,0.000000,0.000000,0.000000,0.000000,0.000000,0.000000,0.000000,0.000000,0.000000,0.000000,0.000000,0.000000,0.000000,0.000000,0.000000,0.000000,0.000000,0.000000,0.000000,0.000000,0.000000,0.000000,0.000000,0.000000,0.000000,0.000000,0.000000,0.000000,0.000000,0.000000,0.000000,0.000000,0.000000,0.000000,0.000000,0.000000,0.000000,0.000000
-0.095744,-2.590765,-1.999339,-0.047727,-2.727971,-1.864613,-0.008252,-2.728085,-1.864933,0.020494,-2.728131,-1.865790,-0.162122,-2.720354,-1.872143,-0.196283,-2.718127,-1.870883,-0.231049,-2.714337,-1.871688,0.078569,-2.655155,-0.996101,-0.280277,-2.636035,-0.989026,-0.010892,-2.445350,-1.671266,-0.165250,-2.437686,-1.673279,0.449702,-1.863287,-0.533179,-0.544983,-1.832726,-0.631507,0.726979,-0.950126,-0.475448,-0.726031,-0.972277,-0.811312,0.646926,-0.191457,-1.240275,-0.504926,-0.506862,-2.268174,0.670123,0.078444,-1.512985,-0.478726,-0.295971,-2.604656,0.556654,0.026564,-1.639749,-0.397477,-0.393786,-2.737025,0.531050,-0.079474,-1.327606,-0.402654,-0.481007,-2.367695,0.336244,-0.011877,-0.138344,-0.336244,0.011877,0.138344,0.308961,1.503920,-0.169432,-0.349559,1.509805,0.098273,0.290197,2.865654,1.195729,-0.327432,2.860656,0.940584,0.304477,3.062117,1.255117,-0.329245,3.061871,0.986440,0.178376,3.304227,-0.070750,-0.245893,3.280184,-0.450101,0.486444,0.393731,-0.002206,0.488202,0.390392,-0.006939,0.492250,0.386792,-0.012202,0.497724,0.381954,-0.016930,0.506152,0.377965,-0.020682,0.514537,0.378819,-0.021643,0.522796,0.376753,-0.020628,0.531611,0.379491,-0.016903,0.537582,0.383411,-0.012187,0.542043,0.386385,-0.006886,0.544087,0.389396,-0.002123,0.541052,0.392541,-0.006647,0.536854,0.395524,-0.012194,0.530887,0.399333,-0.016316,0.523575,0.402191,-0.019688,0.515516,0.403220,-0.020380,0.507469,0.403338,-0.019696,0.500060,0.401589,-0.016372,0.493898,0.398663,-0.012339,0.489600,0.396402,-0.006710,0.464714,0.300410,0.014799,0.466505,0.298975,0.012042,0.468741,0.297283,0.009926,0.472303,0.295021,0.007985,0.477606,0.293473,0.006450,0.482717,0.293476,0.006211,0.488148,0.294511,0.007285,0.491960,0.296920,0.008578,0.531262,0.297001,0.009573,0.532983,0.297851,0.009455,0.536163,0.298710,0.007976,0.541235,0.300095,0.007029,0.546685,0.300480,0.007266,0.552331,0.299574,0.008889,0.556047,0.298334,0.011055,0.558632,0.297209,0.012947,0.511847,0.286134,-0.007110,0.511959,0.295962,-0.012678,0.512100,0.305046,-0.018908,0.512218,0.313582,-0.025804,0.000000,0.000000,0.000000,0.000000,0.000000,0.000000,0.000000,0.000000,0.000000,0.000000,0.000000,0.000000,0.000000,0.000000,0.000000,0.000000,0.000000,0.000000,0.000000,0.000000,0.000000,0.000000,0.000000,0.000000,0.000000,0.000000,0.000000,0.000000,0.000000,0.000000,0.000000,0.000000,0.000000,0.000000,0.000000,0.000000,0.000000,0.000000,0.000000,0.000000,0.000000,0.000000,0.000000,0.000000,0.000000,0.000000,0.000000,0.000000,0.000000,0.000000,0.000000,0.000000,0.000000,0.000000,0.000000,0.000000,0.000000,0.000000,0.000000,0.000000,0.000000,0.000000,0.000000,0.000000,0.000000,0.000000,0.000000,0.000000,0.000000,0.000000,0.000000,0.000000,0.000000,0.000000,0.000000,0.000000,0.000000,0.000000,0.000000,0.000000,0.000000,0.000000,0.000000,0.000000,0.000000,0.000000,0.000000,0.000000,0.000000,0.000000,0.000000,0.000000,0.000000,0.000000,0.000000,0.000000,0.000000,0.000000,0.000000,0.000000,0.000000,0.000000,0.000000,0.000000,0.000000,0.000000,0.000000,0.000000,0.000000,0.000000,0.000000,0.000000,0.000000,0.000000,0.000000,0.000000,0.000000,0.000000,0.000000,0.000000,0.000000,0.000000,0.000000,0.000000,0.000000,0.000000
-0.103655,-2.620745,-2.148483,-0.052149,-2.759156,-2.002106,-0.011575,-2.759519,-2.002625,0.018001,-2.759547,-2.002874,-0.167775,-2.751175,-2.005295,-0.201678,-2.749474,-2.004217,-0.237406,-2.745979,-2.005263,0.075312,-2.688020,-1.045481,-0.283555,-2.671672,-1.036238,-0.016224,-2.474656,-1.791068,-0.169995,-2.468271,-1.791390,0.447127,-1.889708,-0.548164,-0.551212,-1.858616,-0.590377,0.741013,-0.962740,-0.823357,-0.723769,-0.982520,-1.189341,0.520052,-0.413640,-1.997238,-0.523994,-0.752043,-3.167922,0.512847,-0.200881,-2.322526,-0.467851,-0.640474,-3.592660,0.365069,-0.373938,-2.380618,-0.409151,-0.764924,-3.660553,0.365450,-0.451542,-2.056902,-0.407638,-0.799477,-3.252399,0.341828,-0.012185,-0.121339,-0.341828,0.012185,0.121339,0.325271,1.509375,-0.125410,-0.337801,1.504239,-0.188214,0.316520,2.874585,1.173280,-0.312244,2.862816,0.615354,0.333161,3.072989,1.217064,-0.318001,3.070070,0.649570,0.213319,3.313684,-0.174593,-0.217091,3.271416,-0.851212,0.482631,0.395207,-0.002222,0.484183,0.391876,-0.006955,0.487951,0.388151,-0.012185,0.493133,0.383202,-0.016899,0.501257,0.379095,-0.020738,0.509435,0.379805,-0.021891,0.517614,0.377756,-0.021060,0.526415,0.380542,-0.017619,0.532398,0.384525,-0.013180,0.536853,0.387564,-0.008108,0.538906,0.390545,-0.003436,0.535904,0.393526,-0.007913,0.531736,0.396329,-0.013259,0.525811,0.400016,-0.017194,0.518601,0.402818,-0.020258,0.510703,0.403850,-0.020711,0.502959,0.404062,-0.019884,0.495785,0.402468,-0.016507,0.489834,0.399737,-0.012488,0.485679,0.397682,-0.006868,0.459843,0.301459,0.016265,0.461581,0.299904,0.013455,0.463748,0.298084,0.011304,0.467255,0.295660,0.009290,0.472565,0.293970,0.007647,0.477721,0.293971,0.007300,0.483168,0.295117,0.008281,0.487023,0.297676,0.009491,0.526446,0.297204,0.009549,0.528202,0.298062,0.009388,0.531432,0.298852,0.007842,0.536582,0.300156,0.006778,0.542102,0.300467,0.006898,0.547800,0.299454,0.008452,0.551550,0.298120,0.010575,0.554141,0.296901,0.012450,0.506621,0.286885,-0.006888,0.506682,0.296735,-0.012568,0.506770,0.306022,-0.018870,0.506826,0.314801,-0.025813,0.000000,0.000000,0.000000,0.000000,0.000000,0.000000,0.000000,0.000000,0.000000,0.000000,0.000000,0.000000,0.000000,0.000000,0.000000,0.000000,0.000000,0.000000,0.000000,0.000000,0.000000,0.000000,0.000000,0.000000,0.000000,0.000000,0.000000,0.000000,0.000000,0.000000,0.000000,0.000000,0.000000,0.000000,0.000000,0.000000,0.000000,0.000000,0.000000,0.000000,0.000000,0.000000,0.000000,0.000000,0.000000,0.000000,0.000000,0.000000,0.000000,0.000000,0.000000,0.000000,0.000000,0.000000,0.000000,0.000000,0.000000,0.000000,0.000000,0.000000,0.000000,0.000000,0.000000,0.000000,0.000000,0.000000,0.000000,0.000000,0.000000,0.000000,0.000000,0.000000,0.000000,0.000000,0.000000,0.000000,0.000000,0.000000,0.000000,0.000000,0.000000,0.000000,0.000000,0.000000,0.000000,0.000000,0.000000,0.000000,0.000000,0.000000,0.000000,0.000000,0.000000,0.000000,0.000000,0.000000,0.000000,0.000000,0.000000,0.000000,0.000000,0.000000,0.000000,0.000000,0.000000,0.000000,0.000000,0.000000,0.000000,0.000000,0.000000,0.000000,0.000000,0.000000,0.000000,0.000000,0.000000,0.000000,0.000000,0.000000,0.000000,0.000000,0.000000,0.000000,0.000000,0.000000
-0.113183,-2.472965,-1.584024,-0.061027,-2.609941,-1.448348,-0.021774,-2.610631,-1.447911,0.006353,-2.610711,-1.446580,-0.173968,-2.601868,-1.467402,-0.208264,-2.600099,-1.465945,-0.243571,-2.596801,-1.466795,0.061473,-2.540982,-0.628775,-0.289188,-2.524998,-0.729281,-0.028795,-2.330880,-1.287192,-0.176551,-2.323623,-1.317229,0.418971,-1.789246,-0.212960,-0.555939,-1.746540,-0.431360,0.738409,-0.824933,-1.223183,-0.701484,-0.831884,-1.149171,0.537583,-1.325114,-2.994454,-0.516134,-0.629165,-2.751706,0.426561,-1.498708,-3.376783,-0.492806,-0.461340,-3.038040,0.444523,-1.640986,-3.249829,-0.453241,-0.617696,-3.089333,0.436681,-1.598947,-2.999909,-0.433056,-0.680016,-2.820154,0.328518,-0.021532,0.007419,-0.328518,0.021532,-0.007419,0.299739,1.379527,-0.010153,-0.330709,1.374150,-0.215454,0.309006,2.652637,0.875748,-0.292299,2.601621,0.261687,0.334554,2.822459,0.901298,-0.315335,2.775435,0.275854,0.203975,3.068705,-0.205493,-0.183452,2.992549,-0.933946,0.481112,0.397105,-0.001582,0.482606,0.393733,-0.006369,0.486230,0.389990,-0.011618,0.491218,0.385016,-0.016370,0.499113,0.380872,-0.020266,0.507162,0.381459,-0.021489,0.515242,0.379339,-0.020745,0.523997,0.382000,-0.017412,0.529975,0.385901,-0.013072,0.534474,0.388891,-0.008076,0.536588,0.391874,-0.003398,0.533647,0.394867,-0.007773,0.529516,0.397720,-0.012918,0.523638,0.401480,-0.016702,0.516500,0.404376,-0.019564,0.508685,0.405486,-0.019887,0.501062,0.405772,-0.019026,0.494012,0.404232,-0.015682,0.488177,0.401546,-0.011736,0.484108,0.399515,-0.006204,0.457444,0.302699,0.016364,0.459139,0.301039,0.013535,0.461232,0.299099,0.011381,0.464675,0.296503,0.009325,0.469983,0.294649,0.007638,0.475194,0.294613,0.007245,0.480694,0.295882,0.008179,0.484610,0.298635,0.009356,0.523567,0.297590,0.008929,0.525321,0.298432,0.008741,0.528589,0.299136,0.007186,0.533790,0.300338,0.006079,0.539334,0.300547,0.006145,0.545029,0.299405,0.007641,0.548787,0.297965,0.009710,0.551387,0.296653,0.011541,0.503737,0.288001,-0.007341,0.503828,0.297940,-0.012923,0.503946,0.307389,-0.019128,0.504018,0.316316,-0.025953,0.000000,0.000000,0.000000,0.000000,0.000000,0.000000,0.000000,0.000000,0.000000,0.000000,0.000000,0.000000,0.000000,0.000000,0.000000,0.000000,0.000000,0.000000,0.000000,0.000000,0.000000,0.000000,0.000000,0.000000,0.000000,0.000000,0.000000,0.000000,0.000000,0.000000,0.000000,0.000000,0.000000,0.000000,0.000000,0.000000,0.000000,0.000000,0.000000,0.000000,0.000000,0.000000,0.000000,0.000000,0.000000,0.000000,0.000000,0.000000,0.000000,0.000000,0.000000,0.000000,0.000000,0.000000,0.000000,0.000000,0.000000,0.000000,0.000000,0.000000,0.000000,0.000000,0.000000,0.753970,0.776962,0.000000,0.764305,0.709377,-0.005718,0.761732,0.639593,-0.015913,0.768503,0.583243,-0.024098,0.782093,0.546531,-0.033766,0.714467,0.645512,-0.035712,0.664292,0.589236,-0.044983,0.637026,0.557381,-0.047194,0.614804,0.534703,-0.048094,0.691337,0.675982,-0.036265,0.639874,0.619360,-0.045259,0.655996,0.626876,-0.038884,0.677291,0.646432,-0.032389,0.674179,0.709924,-0.034656,0.629525,0.656782,-0.041865,0.645233,0.664548,-0.030759,0.662946,0.682101,-0.021437,0.661006,0.742049,-0.032543,0.623879,0.694703,-0.034885,0.638583,0.698357,-0.023401,0.653781,0.712886,-0.014021
-0.106360,-2.510336,-1.559107,-0.053788,-2.654311,-1.432469,-0.014448,-2.655416,-1.432193,0.012564,-2.656206,-1.431131,-0.169895,-2.644039,-1.443948,-0.204869,-2.641485,-1.442636,-0.240467,-2.637167,-1.443656,0.068777,-2.586970,-0.626781,-0.287051,-2.563650,-0.694201,-0.020405,-2.368856,-1.263672,-0.170568,-2.359874,-1.283920,0.429014,-1.827049,-0.226695,-0.560171,-1.791030,-0.368843,0.735328,-0.814049,-1.166806,-0.706893,-0.851303,-1.028137,0.585549,-1.296212,-2.917187,-0.509068,-0.661196,-2.651296,0.500283,-1.476470,-3.302408,-0.503115,-0.364907,-2.949540,0.506947,-1.611042,-3.177887,-0.437848,-0.528227,-3.006597,0.500241,-1.569297,-2.920532,-0.431211,-0.588027,-2.722126,0.334066,-0.018304,-0.006374,-0.334066,0.018304,0.006374,0.309542,1.393293,-0.095466,-0.333466,1.384374,-0.215338,0.318212,2.685855,0.750229,-0.298791,2.632149,0.189681,0.344965,2.854915,0.775260,-0.322175,2.810657,0.197962,0.205501,3.123017,-0.311679,-0.188189,3.030577,-0.978262,0.480564,0.398243,-0.001376,0.481957,0.394672,-0.006234,0.485377,0.390760,-0.011518,0.490140,0.385592,-0.016332,0.497869,0.381265,-0.020333,0.505878,0.381731,-0.021691,0.513944,0.379506,-0.021015,0.522753,0.382165,-0.017767,0.528740,0.386101,-0.013523,0.533245,0.389168,-0.008586,0.535423,0.392290,-0.003883,0.532547,0.395341,-0.008151,0.528487,0.398351,-0.013086,0.522647,0.402329,-0.016721,0.515501,0.405431,-0.019365,0.507618,0.406702,-0.019551,0.499990,0.407019,-0.018621,0.493010,0.405461,-0.015326,0.487311,0.402723,-0.011443,0.483418,0.400653,-0.005998,0.455856,0.303600,0.016858,0.457509,0.301897,0.013988,0.459572,0.299926,0.011789,0.462982,0.297270,0.009684,0.468300,0.295333,0.007926,0.473567,0.295234,0.007462,0.479101,0.296466,0.008342,0.483041,0.299225,0.009506,0.522294,0.297615,0.008599,0.524073,0.298447,0.008392,0.527382,0.299111,0.006799,0.532638,0.300251,0.005648,0.538248,0.300382,0.005663,0.544009,0.299142,0.007116,0.547815,0.297592,0.009169,0.550453,0.296174,0.010986,0.502015,0.288357,-0.007485,0.502099,0.298403,-0.013056,0.502200,0.307819,-0.019282,0.502259,0.316715,-0.026130,0.000000,0.000000,0.000000,0.000000,0.000000,0.000000,0.000000,0.000000,0.000000,0.000000,0.000000,0.000000,0.000000,0.000000,0.000000,0.000000,0.000000,0.000000,0.000000,0.000000,0.000000,0.000000,0.000000,0.000000,0.000000,0.000000,0.000000,0.000000,0.000000,0.000000,0.000000,0.000000,0.000000,0.000000,0.000000,0.000000,0.000000,0.000000,0.000000,0.000000,0.000000,0.000000,0.000000,0.000000,0.000000,0.000000,0.000000,0.000000,0.000000,0.000000,0.000000,0.000000,0.000000,0.000000,0.000000,0.000000,0.000000,0.000000,0.000000,0.000000,0.000000,0.000000,0.000000,0.756692,0.797637,0.000000,0.767012,0.729260,-0.005721,0.765213,0.658970,-0.016573,0.775114,0.601613,-0.025438,0.792258,0.565019,-0.036048,0.717988,0.662685,-0.036506,0.668062,0.608869,-0.046526,0.640702,0.577142,-0.049790,0.617404,0.554184,-0.051644,0.694570,0.692468,-0.037344,0.644948,0.634824,-0.045977,0.662059,0.641221,-0.039707,0.683127,0.659531,-0.033799,0.676957,0.726441,-0.035987,0.635643,0.671853,-0.042649,0.651023,0.678790,-0.031279,0.667991,0.696651,-0.022136,0.663032,0.758803,-0.034215,0.627127,0.708550,-0.035952,0.641736,0.712150,-0.023974,0.656888,0.727554,-0.014532
-0.106433,-2.502306,-1.560163,-0.053329,-2.640565,-1.428194,-0.017753,-2.641103,-1.427817,0.009345,-2.642088,-1.426644,-0.168834,-2.631950,-1.445823,-0.206188,-2.628516,-1.444466,-0.239746,-2.625837,-1.445437,0.066218,-2.572464,-0.625141,-0.287693,-2.554974,-0.714491,-0.022788,-2.359473,-1.267182,-0.171024,-2.351905,-1.294614,0.423515,-1.820771,-0.226318,-0.559661,-1.783293,-0.404857,0.714224,-0.807982,-1.146415,-0.710163,-0.849137,-1.019928,0.584010,-1.296085,-2.827271,-0.520178,-0.618622,-2.470845,0.502423,-1.471977,-3.191149,-0.497431,-0.269839,-2.742703,0.501174,-1.612845,-3.058592,-0.432236,-0.417363,-2.815580,0.493791,-1.571698,-2.827894,-0.428972,-0.494892,-2.545379,0.332388,-0.019334,-0.005110,-0.332388,0.019334,0.005110,0.314916,1.396693,-0.102551,-0.326526,1.398704,-0.232851,0.327826,2.682455,0.750843,-0.287208,2.639853,0.163540,0.353613,2.857005,0.773778,-0.307635,2.819935,0.170167,0.219377,3.116904,-0.327479,-0.179403,3.042207,-1.018847,0.484481,0.397253,-0.000945,0.485959,0.393889,-0.005874,0.489539,0.390235,-0.011212,0.494473,0.385302,-0.016066,0.502345,0.381215,-0.020064,0.510457,0.381879,-0.021322,0.518600,0.379699,-0.020587,0.527440,0.382332,-0.017169,0.533485,0.386173,-0.012786,0.538063,0.389107,-0.007708,0.540265,0.392073,-0.002892,0.537307,0.395108,-0.007241,0.533148,0.398087,-0.012333,0.527207,0.402023,-0.016057,0.519975,0.405068,-0.018803,0.512058,0.406212,-0.019073,0.504337,0.406440,-0.018206,0.497258,0.404750,-0.014971,0.491431,0.401877,-0.011058,0.487433,0.399734,-0.005554,0.459988,0.300577,0.015961,0.461679,0.298921,0.013081,0.463781,0.296981,0.010850,0.467246,0.294361,0.008742,0.472641,0.292497,0.007004,0.477976,0.292460,0.006588,0.483580,0.293800,0.007517,0.487553,0.296677,0.008751,0.527226,0.295672,0.008266,0.529003,0.296521,0.008092,0.532329,0.297250,0.006526,0.537622,0.298482,0.005415,0.543256,0.298684,0.005488,0.549060,0.297486,0.006989,0.552891,0.295948,0.009082,0.555561,0.294545,0.010926,0.506895,0.286061,-0.008184,0.506990,0.296537,-0.013660,0.507098,0.306286,-0.019828,0.507159,0.315473,-0.026604,0.000000,0.000000,0.000000,0.000000,0.000000,0.000000,0.000000,0.000000,0.000000,0.000000,0.000000,0.000000,0.000000,0.000000,0.000000,0.000000,0.000000,0.000000,0.000000,0.000000,0.000000,0.000000,0.000000,0.000000,0.000000,0.000000,0.000000,0.000000,0.000000,0.000000,0.000000,0.000000,0.000000,0.000000,0.000000,0.000000,0.000000,0.000000,0.000000,0.000000,0.000000,0.000000,0.000000,0.000000,0.000000,0.000000,0.000000,0.000000,0.000000,0.000000,0.000000,0.000000,0.000000,0.000000,0.000000,0.000000,0.000000,0.000000,0.000000,0.000000,0.000000,0.000000,0.000000,0.763414,0.805501,0.000000,0.773992,0.736501,-0.005461,0.771173,0.663763,-0.015902,0.779851,0.605747,-0.024273,0.796609,0.568474,-0.034321,0.724121,0.668680,-0.036968,0.671952,0.614668,-0.046660,0.644143,0.582863,-0.049314,0.620952,0.559660,-0.050712,0.701011,0.698999,-0.037698,0.651008,0.641930,-0.045987,0.667993,0.648463,-0.039133,0.688870,0.666626,-0.032989,0.683611,0.733120,-0.036198,0.641267,0.678377,-0.042807,0.657039,0.685540,-0.031152,0.674432,0.703284,-0.021893,0.669873,0.765707,-0.034225,0.633427,0.715495,-0.035953,0.647991,0.719064,-0.023975,0.663158,0.734559,-0.014616
-0.064481,-2.425922,-1.572136,-0.011217,-2.559360,-1.457110,0.019738,-2.559162,-1.457089,0.050717,-2.560396,-1.455928,-0.124446,-2.552647,-1.452600,-0.164005,-2.549227,-1.451383,-0.195844,-2.547532,-1.452582,0.109674,-2.495530,-0.635298,-0.240142,-2.485754,-0.664352,0.014467,-2.287927,-1.278818,-0.130844,-2.281208,-1.276525,0.477022,-1.747009,-0.176489,-0.507624,-1.744503,-0.350946,0.761427,-0.750767,-1.038059,-0.678008,-0.857442,-1.017747,0.537398,-1.004369,-2.898878,-0.484202,-0.708711,-2.839868,0.442543,-1.131466,-3.292130,-0.458273,-0.498943,-3.171568,0.439970,-1.304873,-3.206152,-0.411404,-0.721169,-3.217620,0.443640,-1.292714,-2.920081,-0.412441,-0.808721,-2.907836,0.328917,-0.006332,-0.001391,-0.328917,0.006332,0.001391,0.304519,1.344809,-0.028965,-0.334050,1.328708,-0.173224,0.310272,2.574122,0.899934,-0.294703,2.512334,0.340251,0.333793,2.742196,0.929265,-0.315277,2.683224,0.358483,0.205027,2.993587,-0.169230,-0.184997,2.901580,-0.828959,0.490718,0.390144,-0.000424,0.492255,0.386760,-0.005581,0.496026,0.383025,-0.011268,0.501172,0.377988,-0.016442,0.509318,0.373750,-0.020701,0.517737,0.374388,-0.022080,0.526211,0.371974,-0.021409,0.535511,0.374472,-0.017948,0.541975,0.378214,-0.013385,0.546896,0.381019,-0.008092,0.549281,0.383928,-0.003108,0.546125,0.387281,-0.007554,0.541687,0.390577,-0.012895,0.535435,0.394832,-0.016839,0.527886,0.398128,-0.019827,0.519603,0.399474,-0.020088,0.511580,0.399779,-0.019062,0.504199,0.398092,-0.015416,0.498098,0.395120,-0.011155,0.493855,0.392833,-0.005257,0.465659,0.291123,0.017126,0.467342,0.289257,0.014154,0.469461,0.287117,0.011843,0.473002,0.284261,0.009643,0.478585,0.282274,0.007797,0.484132,0.282303,0.007315,0.489880,0.283845,0.008214,0.493994,0.286968,0.009416,0.534948,0.285765,0.008422,0.536801,0.286644,0.008216,0.540256,0.287368,0.006577,0.545735,0.288559,0.005383,0.551575,0.288716,0.005403,0.557572,0.287436,0.006906,0.561545,0.285789,0.009027,0.564293,0.284265,0.010919,0.513675,0.275897,-0.008409,0.513731,0.286546,-0.014107,0.513803,0.296507,-0.020484,0.513833,0.305879,-0.027503,0.044391,0.128643,-0.000000,0.049555,0.128464,-0.000556,0.054028,0.132802,-0.001539,0.055690,0.138188,-0.002482,0.055774,0.142726,-0.003215,0.054320,0.134937,-0.002911,0.057062,0.141755,-0.004658,0.055605,0.141829,-0.005467,0.054029,0.140400,-0.005706,0.051219,0.136698,-0.003411,0.052794,0.143962,-0.004565,0.051773,0.143119,-0.004651,0.050714,0.140910,-0.004654,0.047695,0.138041,-0.003873,0.049056,0.144739,-0.004661,0.048484,0.143618,-0.003852,0.047627,0.141248,-0.003281,0.044363,0.139029,-0.004349,0.045789,0.144624,-0.004626,0.045484,0.143536,-0.003657,0.044759,0.141534,-0.002909,0.736664,0.892029,0.000000,0.736823,0.829366,-0.007246,0.722915,0.755574,-0.019888,0.720889,0.699561,-0.030484,0.727376,0.659523,-0.042691,0.701457,0.780040,-0.045697,0.641725,0.734100,-0.060463,0.609739,0.707131,-0.066544,0.582251,0.692056,-0.070652,0.685962,0.819408,-0.049674,0.616823,0.767989,-0.066635,0.632878,0.767940,-0.064796,0.656503,0.783750,-0.061770,0.670790,0.856893,-0.051415,0.609943,0.807946,-0.062514,0.625169,0.807463,-0.050156,0.645780,0.822049,-0.040813,0.655122,0.890140,-0.053378,0.608308,0.844108,-0.060221,0.624188,0.844973,-0.049863,0.643140,0.860320,-0.041972
-0.014326,-2.604365,-2.447088,0.055040,-2.725482,-2.311459,0.098511,-2.722626,-2.311728,0.129954,-2.716221,-2.311616,-0.065787,-2.722196,-2.305681,-0.102699,-2.715602,-2.305120,-0.139617,-2.707074,-2.306318,0.196774,-2.636776,-1.381664,-0.159767,-2.632089,-1.337514,0.076325,-2.455846,-2.097021,-0.085823,-2.456628,-2.084287,0.543644,-1.795552,-0.762717,-0.449414,-1.892673,-0.826686,0.772253,-0.907037,-0.681631,-0.746953,-1.074227,-1.112223,0.765723,-0.183555,-1.622926,-0.595154,-0.624397,-2.714864,0.809393,0.068618,-1.907696,-0.547609,-0.438807,-3.060829,0.694244,0.014765,-2.068662,-0.452953,-0.548412,-3.176510,0.657346,-0.086876,-1.726707,-0.457054,-0.613539,-2.802697,0.328816,0.015340,-0.139028,-0.328816,-0.015340,0.139028,0.250223,1.439879,-0.210065,-0.405059,1.407449,0.116424,0.198885,2.737855,1.365468,-0.439333,2.702370,1.157477,0.210760,2.953213,1.439950,-0.445584,2.923684,1.220791,0.065853,3.167971,0.069462,-0.378692,3.116830,-0.258491,0.505622,0.373851,0.000777,0.506926,0.369912,-0.004794,0.510427,0.365521,-0.011085,0.515248,0.359686,-0.016903,0.523306,0.354631,-0.021941,0.532021,0.354810,-0.024014,0.541070,0.351784,-0.023854,0.551360,0.354085,-0.020875,0.558629,0.357907,-0.016518,0.564246,0.360792,-0.011308,0.567056,0.364012,-0.006237,0.563700,0.367859,-0.010622,0.558913,0.371857,-0.015810,0.552181,0.376994,-0.019604,0.544042,0.381090,-0.022144,0.535069,0.383096,-0.021837,0.526711,0.383769,-0.020215,0.519075,0.382251,-0.015926,0.512949,0.379173,-0.011170,0.508752,0.376697,-0.004672,0.477466,0.269800,0.022197,0.479060,0.267679,0.018890,0.481103,0.265246,0.016288,0.484637,0.261958,0.013764,0.490396,0.259422,0.011468,0.496257,0.259070,0.010573,0.502364,0.260285,0.011192,0.506783,0.263338,0.012244,0.549844,0.259025,0.007990,0.551895,0.259902,0.007643,0.555660,0.260457,0.005718,0.561647,0.261369,0.004116,0.568002,0.261149,0.003766,0.574508,0.259344,0.005075,0.578827,0.257235,0.007085,0.581820,0.255254,0.008982,0.525779,0.249829,-0.008236,0.525793,0.261286,-0.014440,0.525772,0.271870,-0.021349,0.525700,0.281853,-0.028917,0.000000,0.000000,0.000000,0.000000,0.000000,0.000000,0.000000,0.000000,0.000000,0.000000,0.000000,0.000000,0.000000,0.000000,0.000000,0.000000,0.000000,0.000000,0.000000,0.000000,0.000000,0.000000,0.000000,0.000000,0.000000,0.000000,0.000000,0.000000,0.000000,0.000000,0.000000,0.000000,0.000000,0.000000,0.000000,0.000000,0.000000,0.000000,0.000000,0.000000,0.000000,0.000000,0.000000,0.000000,0.000000,0.000000,0.000000,0.000000,0.000000,0.000000,0.000000,0.000000,0.000000,0.000000,0.000000,0.000000,0.000000,0.000000,0.000000,0.000000,0.000000,0.000000,0.000000,0.000000,0.000000,0.000000,0.000000,0.000000,0.000000,0.000000,0.000000,0.000000,0.000000,0.000000,0.000000,0.000000,0.000000,0.000000,0.000000,0.000000,0.000000,0.000000,0.000000,0.000000,0.000000,0.000000,0.000000,0.000000,0.000000,0.000000,0.000000,0.000000,0.000000,0.000000,0.000000,0.000000,0.000000,0.000000,0.000000,0.000000,0.000000,0.000000,0.000000,0.000000,0.000000,0.000000,0.000000,0.000000,0.000000,0.000000,0.000000,0.000000,0.000000,0.000000,0.000000,0.000000,0.000000,0.000000,0.000000,0.000000,0.000000,0.000000,0.000000,0.000000,0.000000,0.000000
0.003801,-2.565646,-1.755687,0.070345,-2.688110,-1.657824,0.116321,-2.685268,-1.657499,0.152765,-2.681705,-1.658060,-0.050324,-2.686770,-1.656096,-0.088483,-2.681860,-1.655064,-0.116514,-2.674569,-1.655818,0.220608,-2.610562,-0.967412,-0.133146,-2.599096,-0.913726,0.095650,-2.419739,-1.494059,-0.063432,-2.419840,-1.477484,0.559254,-1.759020,-0.533994,-0.398791,-1.870386,-0.798082,0.771635,-0.912239,-0.411197,-0.658092,-1.026070,-0.827393,0.901577,-0.010502,-0.938144,-0.688522,-0.265806,-1.674660,0.985247,0.240650,-1.126999,-0.712680,-0.032737,-1.900983,0.870589,0.237067,-1.270315,-0.613583,-0.061418,-2.062705,0.821185,0.138732,-1.030822,-0.588313,-0.143115,-1.771624,0.325687,0.018001,-0.068441,-0.325687,-0.018001,0.068441,0.254383,1.443498,0.079961,-0.364998,1.417184,0.152505,0.212067,2.697511,1.417464,-0.363753,2.660928,1.020510,0.228462,2.896283,1.485271,-0.370164,2.857608,1.076315,0.085737,3.111571,0.366365,-0.290893,3.089721,-0.174823,0.515040,0.361744,-0.000290,0.516199,0.357362,-0.005991,0.519698,0.352189,-0.012560,0.524603,0.345415,-0.018657,0.533007,0.339283,-0.024001,0.542208,0.338868,-0.026319,0.551750,0.335294,-0.026216,0.562850,0.337522,-0.023263,0.570653,0.341551,-0.018814,0.576630,0.344680,-0.013492,0.579594,0.348172,-0.008368,0.576106,0.352107,-0.013011,0.571137,0.356209,-0.018491,0.564092,0.361651,-0.022462,0.555554,0.366162,-0.024973,0.546142,0.368703,-0.024589,0.537394,0.369894,-0.022824,0.529303,0.368958,-0.018266,0.522795,0.366376,-0.013187,0.518364,0.364315,-0.006222,0.483918,0.257291,0.025204,0.485623,0.255242,0.021648,0.487818,0.252874,0.018900,0.491503,0.249626,0.016238,0.497372,0.246829,0.013748,0.503330,0.245921,0.012700,0.509632,0.246064,0.013295,0.514165,0.248140,0.014382,0.559480,0.240311,0.009240,0.561697,0.241082,0.008859,0.565640,0.241521,0.006749,0.571905,0.242175,0.004995,0.578568,0.241596,0.004528,0.585380,0.239424,0.005864,0.589863,0.237114,0.007954,0.592978,0.235033,0.009965,0.533523,0.231312,-0.007182,0.533750,0.242928,-0.013949,0.533888,0.253509,-0.021482,0.533988,0.263475,-0.029712,0.000000,0.000000,0.000000,0.000000,0.000000,0.000000,0.000000,0.000000,0.000000,0.000000,0.000000,0.000000,0.000000,0.000000,0.000000,0.000000,0.000000,0.000000,0.000000,0.000000,0.000000,0.000000,0.000000,0.000000,0.000000,0.000000,0.000000,0.000000,0.000000,0.000000,0.000000,0.000000,0.000000,0.000000,0.000000,0.000000,0.000000,0.000000,0.000000,0.000000,0.000000,0.000000,0.000000,0.000000,0.000000,0.000000,0.000000,0.000000,0.000000,0.000000,0.000000,0.000000,0.000000,0.000000,0.000000,0.000000,0.000000,0.000000,0.000000,0.000000,0.000000,0.000000,0.000000,0.000000,0.000000,0.000000,0.000000,0.000000,0.000000,0.000000,0.000000,0.000000,0.000000,0.000000,0.000000,0.000000,0.000000,0.000000,0.000000,0.000000,0.000000,0.000000,0.000000,0.000000,0.000000,0.000000,0.000000,0.000000,0.000000,0.000000,0.000000,0.000000,0.000000,0.000000,0.000000,0.000000,0.000000,0.000000,0.000000,0.000000,0.000000,0.000000,0.000000,0.000000,0.000000,0.000000,0.000000,0.000000,0.000000,0.000000,0.000000,0.000000,0.000000,0.000000,0.000000,0.000000,0.000000,0.000000,0.000000,0.000000,0.000000,0.000000,0.000000,0.000000,0.000000,0.000000
-0.001506,-2.601641,-1.774940,0.064563,-2.739542,-1.667510,0.111550,-2.738433,-1.667319,0.147230,-2.734133,-1.667951,-0.063802,-2.729431,-1.654594,-0.106201,-2.721764,-1.653356,-0.130863,-2.713402,-1.654075,0.213816,-2.658992,-0.982794,-0.157623,-2.630277,-0.885846,0.093455,-2.432673,-1.516485,-0.071590,-2.430230,-1.484033,0.574459,-1.755451,-0.629985,-0.410912,-1.852865,-0.769821,0.732323,-0.868070,-0.573593,-0.641824,-0.937907,-0.932185,0.844620,0.086908,-1.147095,-0.627979,-0.177509,-2.080079,0.917554,0.355189,-1.361862,-0.651822,0.050956,-2.343493,0.805167,0.346848,-1.483707,-0.559080,0.004532,-2.510305,0.759928,0.237391,-1.230581,-0.532660,-0.079962,-2.190612,0.333313,0.019182,-0.105861,-0.333313,-0.019182,0.105861,0.260411,1.458836,0.082653,-0.344687,1.441324,0.315819,0.211492,2.708957,1.575372,-0.355983,2.686956,1.334026,0.227497,2.912341,1.657016,-0.368707,2.887979,1.405807,0.081811,3.132274,0.498887,-0.281890,3.137682,0.110332,0.521714,0.349899,-0.001540,0.522831,0.345179,-0.007462,0.526371,0.339413,-0.014292,0.531324,0.331885,-0.020611,0.539978,0.324830,-0.026116,0.549679,0.323747,-0.028516,0.559650,0.319387,-0.028335,0.571440,0.321039,-0.025242,0.579816,0.324820,-0.020581,0.586214,0.327786,-0.015025,0.589439,0.331295,-0.009692,0.585824,0.335660,-0.014761,0.580627,0.340237,-0.020690,0.573307,0.346298,-0.024991,0.564471,0.351478,-0.027860,0.554681,0.354742,-0.027528,0.545598,0.356611,-0.025696,0.537087,0.356283,-0.020790,0.530123,0.354165,-0.015360,0.525341,0.352368,-0.007906,0.485359,0.241054,0.027370,0.486973,0.238397,0.023711,0.489072,0.235397,0.020857,0.492754,0.231283,0.018078,0.498914,0.227710,0.015542,0.505311,0.226515,0.014511,0.512107,0.226881,0.015101,0.517171,0.229495,0.016172,0.564810,0.218751,0.011008,0.567212,0.219500,0.010571,0.571462,0.219655,0.008337,0.578142,0.219892,0.006475,0.585196,0.218841,0.005999,0.592317,0.216112,0.007447,0.596980,0.213336,0.009740,0.600177,0.210843,0.011889,0.537040,0.210997,-0.006535,0.537599,0.223081,-0.013982,0.538079,0.234268,-0.022127,0.538484,0.244837,-0.031051,0.000000,0.000000,0.000000,0.000000,0.000000,0.000000,0.000000,0.000000,0.000000,0.000000,0.000000,0.000000,0.000000,0.000000,0.000000,0.000000,0.000000,0.000000,0.000000,0.000000,0.000000,0.000000,0.000000,0.000000,0.000000,0.000000,0.000000,0.000000,0.000000,0.000000,0.000000,0.000000,0.000000,0.000000,0.000000,0.000000,0.000000,0.000000,0.000000,0.000000,0.000000,0.000000,0.000000,0.000000,0.000000,0.000000,0.000000,0.000000,0.000000,0.000000,0.000000,0.000000,0.000000,0.000000,0.000000,0.000000,0.000000,0.000000,0.000000,0.000000,0.000000,0.000000,0.000000,0.000000,0.000000,0.000000,0.000000,0.000000,0.000000,0.000000,0.000000,0.000000,0.000000,0.000000,0.000000,0.000000,0.000000,0.000000,0.000000,0.000000,0.000000,0.000000,0.000000,0.000000,0.000000,0.000000,0.000000,0.000000,0.000000,0.000000,0.000000,0.000000,0.000000,0.000000,0.000000,0.000000,0.000000,0.000000,0.000000,0.000000,0.000000,0.000000,0.000000,0.000000,0.000000,0.000000,0.000000,0.000000,0.000000,0.000000,0.000000,0.000000,0.000000,0.000000,0.000000,0.000000,0.000000,0.000000,0.000000,0.000000,0.000000,0.000000,0.000000,0.000000,0.000000,0.000000
