-0.098721,-2.595053,-1.529781,-0.031379,-2.718296,-1.428669,0.005971,-2.716081,-1.428643,0.046662,-2.712630,-1.429389,-0.156306,-2.715939,-1.404871,-0.197318,-2.711771,-1.403454,-0.234064,-2.707260,-1.403807,0.110152,-2.633945,-0.754413,-0.277067,-2.630152,-0.605822,-0.019549,-2.425481,-1.280915,-0.174299,-2.414126,-1.240446,0.437336,-1.800086,-0.578653,-0.529816,-1.777680,-0.325442,0.685867,-0.865109,-0.703979,-0.663007,-0.874269,-0.962557,0.719612,0.087531,-1.243108,-0.609297,-0.917741,-2.772254,0.769161,0.386509,-1.458003,-0.663532,-0.920849,-3.086320,0.625043,0.363380,-1.533815,-0.571433,-1.150795,-3.162746,0.586866,0.246025,-1.299011,-0.545135,-1.136201,-2.862196,0.317741,-0.003601,-0.196419,-0.317741,0.003601,0.196419,0.287154,1.391865,-0.138485,-0.320744,1.390594,0.413741,0.242257,2.628406,1.219850,-0.330395,2.605956,1.404470,0.260042,2.807900,1.279306,-0.341224,2.791753,1.471890,0.127769,3.052473,0.092407,-0.264750,3.028051,0.209418,0.446360,0.340238,-0.002181,0.447847,0.336184,-0.007655,0.451944,0.331613,-0.013995,0.457739,0.325748,-0.019957,0.467014,0.321256,-0.025109,0.476418,0.322568,-0.027302,0.486481,0.321063,-0.027074,0.497338,0.325662,-0.024071,0.504678,0.331452,-0.019731,0.510197,0.335971,-0.014527,0.512684,0.340066,-0.009618,0.508795,0.342948,-0.014654,0.503381,0.345425,-0.020521,0.495772,0.348757,-0.024764,0.486861,0.350997,-0.027599,0.477421,0.351454,-0.027330,0.468598,0.351065,-0.025531,0.460575,0.348917,-0.020776,0.454131,0.345637,-0.015512,0.449652,0.343204,-0.008317,0.425208,0.232228,0.026080,0.427277,0.230347,0.022557,0.429845,0.228253,0.019854,0.434010,0.225555,0.017242,0.440232,0.223797,0.014870,0.446233,0.224074,0.013909,0.452542,0.225569,0.014533,0.456947,0.228678,0.015623,0.503739,0.230095,0.011090,0.505878,0.231363,0.010684,0.509731,0.232618,0.008548,0.515835,0.234597,0.006770,0.522481,0.235452,0.006365,0.529493,0.234745,0.007740,0.534160,0.233443,0.009959,0.537465,0.232179,0.011952,0.479059,0.215292,-0.005571,0.478237,0.226485,-0.012750,0.477429,0.236953,-0.020580,0.476580,0.246800,-0.029152,0.000000,0.000000,0.000000,0.000000,0.000000,0.000000,0.000000,0.000000,0.000000,0.000000,0.000000,0.000000,0.000000,0.000000,0.000000,0.000000,0.000000,0.000000,0.000000,0.000000,0.000000,0.000000,0.000000,0.000000,0.000000,0.000000,0.000000,0.000000,0.000000,0.000000,0.000000,0.000000,0.000000,0.000000,0.000000,0.000000,0.000000,0.000000,0.000000,0.000000,0.000000,0.000000,0.000000,0.000000,0.000000,0.000000,0.000000,0.000000,0.000000,0.000000,0.000000,0.000000,0.000000,0.000000,0.000000,0.000000,0.000000,0.000000,0.000000,0.000000,0.000000,0.000000,0.000000,0.000000,0.000000,0.000000,0.000000,0.000000,0.000000,0.000000,0.000000,0.000000,0.000000,0.000000,0.000000,0.000000,0.000000,0.000000,0.000000,0.000000,0.000000,0.000000,0.000000,0.000000,0.000000,0.000000,0.000000,0.000000,0.000000,0.000000,0.000000,0.000000,0.000000,0.000000,0.000000,0.000000,0.000000,0.000000,0.000000,0.000000,0.000000,0.000000,0.000000,0.000000,0.000000,0.000000,0.000000,0.000000,0.000000,0.000000,0.000000,0.000000,0.000000,0.000000,0.000000,0.000000,0.000000,0.000000,0.000000,0.000000,0.000000,0.000000,0.000000,0.000000,0.000000,0.000000
-0.101328,-2.660483,-1.947918,-0.031450,-2.784278,-1.832942,0.010284,-2.778448,-1.833074,0.044716,-2.772508,-1.833439,-0.157145,-2.789994,-1.805673,-0.199155,-2.787085,-1.804297,-0.234058,-2.783483,-1.804813,0.106345,-2.692874,-1.048404,-0.264539,-2.701267,-0.895564,-0.018416,-2.490984,-1.658149,-0.184618,-2.483382,-1.615495,0.461182,-1.833768,-0.712532,-0.525145,-1.859067,-0.549702,0.733654,-0.866827,-0.818577,-0.696041,-0.965715,-1.299446,0.822820,0.037703,-1.600023,-0.608147,-0.959779,-3.375380,0.893570,0.318874,-1.852002,-0.585881,-0.907373,-3.763978,0.771375,0.272623,-1.988069,-0.551052,-1.072237,-3.830001,0.715324,0.165366,-1.690524,-0.523890,-1.069585,-3.469309,0.335072,0.007154,-0.176106,-0.335072,-0.007154,0.176106,0.277961,1.480743,-0.245051,-0.380334,1.451677,0.179733,0.236115,2.785105,1.120943,-0.384916,2.722739,1.023957,0.255115,2.981052,1.177023,-0.393017,2.914522,1.069268,0.114125,3.204465,-0.177833,-0.319106,3.152091,-0.319787,0.444665,0.339296,-0.002752,0.446453,0.335234,-0.008240,0.450864,0.330689,-0.014643,0.456881,0.324788,-0.020574,0.466271,0.320033,-0.025566,0.475710,0.321062,-0.027558,0.485588,0.319094,-0.027124,0.496383,0.323047,-0.023832,0.503785,0.328268,-0.019141,0.509423,0.332286,-0.013675,0.512032,0.336144,-0.008646,0.508147,0.339453,-0.013741,0.502735,0.342509,-0.019863,0.495174,0.346432,-0.024352,0.486249,0.349200,-0.027597,0.476673,0.350097,-0.027671,0.467638,0.349975,-0.026106,0.459385,0.347991,-0.021363,0.452688,0.344748,-0.016038,0.448032,0.342255,-0.008812,0.422813,0.231144,0.025213,0.424745,0.229139,0.021801,0.427195,0.226902,0.019163,0.431267,0.223995,0.016631,0.437497,0.222065,0.014389,0.443590,0.222272,0.013571,0.449954,0.223834,0.014274,0.454420,0.227045,0.015375,0.500384,0.227584,0.011752,0.502537,0.228749,0.011410,0.506440,0.229788,0.009328,0.512580,0.231446,0.007648,0.519209,0.231997,0.007325,0.526065,0.231095,0.008840,0.530637,0.229717,0.011095,0.533823,0.228333,0.013201,0.476113,0.213746,-0.005427,0.475500,0.224958,-0.012722,0.474910,0.235292,-0.020642,0.474319,0.244992,-0.029333,0.000000,0.000000,0.000000,0.000000,0.000000,0.000000,0.000000,0.000000,0.000000,0.000000,0.000000,0.000000,0.000000,0.000000,0.000000,0.000000,0.000000,0.000000,0.000000,0.000000,0.000000,0.000000,0.000000,0.000000,0.000000,0.000000,0.000000,0.000000,0.000000,0.000000,0.000000,0.000000,0.000000,0.000000,0.000000,0.000000,0.000000,0.000000,0.000000,0.000000,0.000000,0.000000,0.000000,0.000000,0.000000,0.000000,0.000000,0.000000,0.000000,0.000000,0.000000,0.000000,0.000000,0.000000,0.000000,0.000000,0.000000,0.000000,0.000000,0.000000,0.000000,0.000000,0.000000,0.000000,0.000000,0.000000,0.000000,0.000000,0.000000,0.000000,0.000000,0.000000,0.000000,0.000000,0.000000,0.000000,0.000000,0.000000,0.000000,0.000000,0.000000,0.000000,0.000000,0.000000,0.000000,0.000000,0.000000,0.000000,0.000000,0.000000,0.000000,0.000000,0.000000,0.000000,0.000000,0.000000,0.000000,0.000000,0.000000,0.000000,0.000000,0.000000,0.000000,0.000000,0.000000,0.000000,0.000000,0.000000,0.000000,0.000000,0.000000,0.000000,0.000000,0.000000,0.000000,0.000000,0.000000,0.000000,0.000000,0.000000,0.000000,0.000000,0.000000,0.000000,0.000000,0.000000
-0.155795,-2.644105,-1.945538,-0.083325,-2.773733,-1.835521,-0.037716,-2.769492,-1.835630,0.002286,-2.764799,-1.836073,-0.211283,-2.772068,-1.811885,-0.250505,-2.767514,-1.810555,-0.276513,-2.763138,-1.810967,0.059672,-2.688361,-1.078866,-0.303796,-2.688786,-0.947782,-0.061895,-2.487249,-1.659435,-0.229159,-2.480559,-1.621234,0.439819,-1.834318,-0.691683,-0.559163,-1.864705,-0.658736,0.723372,-0.886009,-0.646202,-0.720438,-0.982342,-1.338939,0.882614,-0.018029,-1.289834,-0.602678,-0.914058,-3.122827,0.972659,0.220041,-1.493042,-0.588668,-0.922536,-3.465956,0.864899,0.193383,-1.640815,-0.562067,-1.090750,-3.521034,0.804187,0.105449,-1.382645,-0.526097,-1.088270,-3.205549,0.336524,-0.001522,-0.127130,-0.336524,0.001522,0.127130,0.299689,1.451712,0.037036,-0.356391,1.449661,0.256614,0.278550,2.733801,1.551307,-0.320194,2.698023,1.285853,0.300642,2.926499,1.625138,-0.322398,2.882490,1.344913,0.170116,3.148736,0.391217,-0.237727,3.133357,-0.012788,0.445106,0.351006,0.000452,0.446672,0.346946,-0.005361,0.450709,0.342459,-0.011895,0.456313,0.336472,-0.017939,0.465229,0.331480,-0.023023,0.474506,0.332028,-0.024932,0.484078,0.329408,-0.024536,0.494762,0.332481,-0.021107,0.502205,0.337005,-0.016267,0.507880,0.340426,-0.010592,0.510569,0.344008,-0.005162,0.506923,0.347805,-0.009894,0.501850,0.351596,-0.015565,0.494702,0.356465,-0.019771,0.486105,0.360162,-0.022714,0.476711,0.361726,-0.022659,0.467806,0.362039,-0.021185,0.459661,0.360169,-0.016794,0.453071,0.356764,-0.011872,0.448499,0.354081,-0.005114,0.418548,0.243233,0.021656,0.420455,0.241378,0.018180,0.422851,0.239237,0.015490,0.426796,0.236336,0.012883,0.432856,0.234170,0.010575,0.438812,0.233895,0.009758,0.445098,0.234774,0.010601,0.449547,0.237416,0.011850,0.495268,0.234517,0.008652,0.497378,0.235440,0.008344,0.501218,0.236201,0.006395,0.507330,0.237499,0.004857,0.513870,0.237621,0.004650,0.520669,0.236149,0.006134,0.525170,0.234357,0.008316,0.528330,0.232707,0.010325,0.470665,0.223428,-0.009044,0.470547,0.234913,-0.015449,0.470424,0.245646,-0.022590,0.470252,0.255721,-0.030448,0.000000,0.000000,0.000000,0.000000,0.000000,0.000000,0.000000,0.000000,0.000000,0.000000,0.000000,0.000000,0.000000,0.000000,0.000000,0.000000,0.000000,0.000000,0.000000,0.000000,0.000000,0.000000,0.000000,0.000000,0.000000,0.000000,0.000000,0.000000,0.000000,0.000000,0.000000,0.000000,0.000000,0.000000,0.000000,0.000000,0.000000,0.000000,0.000000,0.000000,0.000000,0.000000,0.000000,0.000000,0.000000,0.000000,0.000000,0.000000,0.000000,0.000000,0.000000,0.000000,0.000000,0.000000,0.000000,0.000000,0.000000,0.000000,0.000000,0.000000,0.000000,0.000000,0.000000,0.000000,0.000000,0.000000,0.000000,0.000000,0.000000,0.000000,0.000000,0.000000,0.000000,0.000000,0.000000,0.000000,0.000000,0.000000,0.000000,0.000000,0.000000,0.000000,0.000000,0.000000,0.000000,0.000000,0.000000,0.000000,0.000000,0.000000,0.000000,0.000000,0.000000,0.000000,0.000000,0.000000,0.000000,0.000000,0.000000,0.000000,0.000000,0.000000,0.000000,0.000000,0.000000,0.000000,0.000000,0.000000,0.000000,0.000000,0.000000,0.000000,0.000000,0.000000,0.000000,0.000000,0.000000,0.000000,0.000000,0.000000,0.000000,0.000000,0.000000,0.000000,0.000000,0.000000
-0.129296,-2.580577,-1.893679,-0.060599,-2.715787,-1.785533,-0.016231,-2.714084,-1.785450,0.021505,-2.709942,-1.785831,-0.182592,-2.708211,-1.776524,-0.221346,-2.700867,-1.775200,-0.250377,-2.692475,-1.775739,0.075303,-2.639301,-1.004783,-0.276272,-2.623165,-0.943094,-0.036516,-2.433418,-1.597703,-0.199881,-2.424777,-1.580193,0.457544,-1.813663,-0.542474,-0.533346,-1.849167,-0.672359,0.712947,-0.886502,-0.501097,-0.698819,-0.974666,-1.230108,0.800971,-0.054506,-1.196836,-0.579450,-0.763607,-3.055983,0.880977,0.188202,-1.409002,-0.592042,-0.700738,-3.431083,0.777862,0.153433,-1.569026,-0.517006,-0.888324,-3.523016,0.721343,0.061739,-1.290528,-0.496416,-0.911972,-3.155864,0.332282,-0.002790,-0.089977,-0.332282,0.002790,0.089977,0.297410,1.438153,0.014151,-0.348950,1.431687,0.078459,0.273406,2.715820,1.359526,-0.327674,2.681310,0.936654,0.291145,2.905694,1.416192,-0.330881,2.869123,0.986004,0.152349,3.135754,0.174853,-0.252019,3.099531,-0.360097,0.452218,0.362628,0.001953,0.453733,0.358791,-0.003906,0.457569,0.354667,-0.010349,0.462886,0.349103,-0.016313,0.471503,0.344475,-0.021345,0.480558,0.345062,-0.023138,0.489835,0.342439,-0.022732,0.500123,0.345241,-0.019236,0.507238,0.349431,-0.014417,0.512692,0.352595,-0.008763,0.515405,0.355960,-0.003249,0.512004,0.359651,-0.007780,0.507188,0.363313,-0.013151,0.500354,0.368088,-0.017134,0.492090,0.371777,-0.019894,0.483011,0.373288,-0.019785,0.474349,0.373629,-0.018429,0.466451,0.371742,-0.014324,0.460003,0.368337,-0.009691,0.455537,0.365676,-0.003286,0.424853,0.255469,0.019334,0.426670,0.253644,0.015931,0.428944,0.251475,0.013301,0.432736,0.248503,0.010736,0.438694,0.246253,0.008481,0.444615,0.245962,0.007737,0.450827,0.247089,0.008624,0.455276,0.250021,0.009906,0.499590,0.247014,0.007060,0.501582,0.247862,0.006781,0.505309,0.248523,0.004955,0.511283,0.249709,0.003506,0.517634,0.249722,0.003365,0.524226,0.248089,0.004790,0.528610,0.246166,0.006901,0.531681,0.244395,0.008812,0.475933,0.237327,-0.010594,0.476013,0.248993,-0.016482,0.476082,0.260026,-0.023153,0.476081,0.270423,-0.030488,0.000000,0.000000,0.000000,0.000000,0.000000,0.000000,0.000000,0.000000,0.000000,0.000000,0.000000,0.000000,0.000000,0.000000,0.000000,0.000000,0.000000,0.000000,0.000000,0.000000,0.000000,0.000000,0.000000,0.000000,0.000000,0.000000,0.000000,0.000000,0.000000,0.000000,0.000000,0.000000,0.000000,0.000000,0.000000,0.000000,0.000000,0.000000,0.000000,0.000000,0.000000,0.000000,0.000000,0.000000,0.000000,0.000000,0.000000,0.000000,0.000000,0.000000,0.000000,0.000000,0.000000,0.000000,0.000000,0.000000,0.000000,0.000000,0.000000,0.000000,0.000000,0.000000,0.000000,0.000000,0.000000,0.000000,0.000000,0.000000,0.000000,0.000000,0.000000,0.000000,0.000000,0.000000,0.000000,0.000000,0.000000,0.000000,0.000000,0.000000,0.000000,0.000000,0.000000,0.000000,0.000000,0.000000,0.000000,0.000000,0.000000,0.000000,0.000000,0.000000,0.000000,0.000000,0.000000,0.000000,0.000000,0.000000,0.000000,0.000000,0.000000,0.000000,0.000000,0.000000,0.000000,0.000000,0.000000,0.000000,0.000000,0.000000,0.000000,0.000000,0.000000,0.000000,0.000000,0.000000,0.000000,0.000000,0.000000,0.000000,0.000000,0.000000,0.000000,0.000000,0.000000,0.000000
-0.110956,-2.521692,-1.834858,-0.047370,-2.653396,-1.704395,-0.005351,-2.651580,-1.705115,0.025854,-2.646418,-1.704861,-0.164021,-2.646028,-1.698957,-0.200171,-2.637331,-1.698874,-0.237515,-2.628331,-1.700204,0.079782,-2.570258,-0.883912,-0.267564,-2.555009,-0.874045,-0.021005,-2.373271,-1.531302,-0.179818,-2.365090,-1.528203,0.464549,-1.743236,-0.376387,-0.534489,-1.784544,-0.390556,0.763974,-0.920496,-0.829107,-0.719395,-0.912686,-0.823110,0.756272,-0.804652,-2.418027,-0.560463,-0.672592,-2.502238,0.717490,-0.879617,-2.779063,-0.551471,-0.408994,-2.828689,0.650100,-1.072316,-2.803391,-0.486528,-0.659086,-2.929191,0.621408,-1.060790,-2.464973,-0.483466,-0.771791,-2.586681,0.319831,-0.001472,-0.057902,-0.319831,0.001472,0.057902,0.261772,1.362320,-0.365479,-0.358559,1.318321,-0.418338,0.262907,2.670687,0.373537,-0.340547,2.641988,-0.118936,0.273807,2.857260,0.383902,-0.342012,2.840858,-0.132671,0.159423,3.084208,-0.727634,-0.259409,3.019760,-1.306135,0.457808,0.362637,-0.000545,0.459228,0.358662,-0.005968,0.462997,0.354202,-0.012057,0.468260,0.348331,-0.017690,0.476806,0.343417,-0.022426,0.485735,0.343867,-0.024164,0.494924,0.341356,-0.023678,0.505140,0.344386,-0.020318,0.512155,0.348857,-0.015707,0.517493,0.352297,-0.010306,0.520052,0.355836,-0.005171,0.516653,0.359226,-0.009846,0.511870,0.362527,-0.015337,0.505075,0.366889,-0.019390,0.496898,0.370296,-0.022262,0.487963,0.371746,-0.022270,0.479472,0.372169,-0.020954,0.471702,0.370590,-0.016874,0.465373,0.367641,-0.012251,0.461009,0.365373,-0.005861,0.431858,0.260193,0.020428,0.433683,0.258402,0.017173,0.435971,0.256324,0.014654,0.439725,0.253514,0.012249,0.445508,0.251381,0.010124,0.451200,0.251066,0.009436,0.457215,0.251891,0.010293,0.461494,0.254421,0.011509,0.505158,0.251369,0.009043,0.507165,0.252230,0.008769,0.510807,0.252912,0.006922,0.516600,0.254121,0.005499,0.522819,0.254209,0.005359,0.529274,0.252792,0.006817,0.533544,0.251074,0.008949,0.536534,0.249487,0.010883,0.481810,0.241056,-0.008000,0.481771,0.251905,-0.014204,0.481730,0.262077,-0.021125,0.481637,0.271655,-0.028730,0.000000,0.000000,0.000000,0.000000,0.000000,0.000000,0.000000,0.000000,0.000000,0.000000,0.000000,0.000000,0.000000,0.000000,0.000000,0.000000,0.000000,0.000000,0.000000,0.000000,0.000000,0.000000,0.000000,0.000000,0.000000,0.000000,0.000000,0.000000,0.000000,0.000000,0.000000,0.000000,0.000000,0.000000,0.000000,0.000000,0.000000,0.000000,0.000000,0.000000,0.000000,0.000000,0.000000,0.000000,0.000000,0.000000,0.000000,0.000000,0.000000,0.000000,0.000000,0.000000,0.000000,0.000000,0.000000,0.000000,0.000000,0.000000,0.000000,0.000000,0.000000,0.000000,0.000000,0.841675,0.934901,-0.000000,0.812367,0.870892,-0.013215,0.778250,0.803408,-0.028535,0.755031,0.751225,-0.041266,0.747035,0.709399,-0.056603,0.795971,0.839604,-0.056122,0.744194,0.818655,-0.075361,0.712997,0.812084,-0.086014,0.686901,0.805453,-0.093670,0.801647,0.889718,-0.060162,0.746090,0.892847,-0.080206,0.709160,0.891581,-0.088707,0.682689,0.890765,-0.096794,0.801842,0.935479,-0.062512,0.747343,0.931627,-0.080267,0.711810,0.920552,-0.084223,0.685292,0.911304,-0.087776,0.797644,0.975196,-0.064636,0.751710,0.961375,-0.078131,0.725384,0.944775,-0.079308,0.704587,0.931182,-0.080531
-0.085523,-2.355274,-1.737038,-0.031405,-2.491544,-1.582714,0.005301,-2.492858,-1.582805,0.031386,-2.493458,-1.581895,-0.142201,-2.481985,-1.626048,-0.175106,-2.478838,-1.625432,-0.209617,-2.475327,-1.626686,0.079186,-2.435976,-0.677202,-0.246445,-2.416471,-0.875827,-0.004268,-2.221671,-1.402588,-0.140512,-2.210192,-1.461957,0.438448,-1.718588,-0.097077,-0.498134,-1.680820,-0.445473,0.893886,-0.822120,-1.172231,-0.663009,-0.815901,-0.828634,0.633280,-1.441396,-2.970501,-0.482630,-0.339438,-2.152075,0.525122,-1.622188,-3.354912,-0.443309,-0.106772,-2.399855,0.486890,-1.724778,-3.200437,-0.384501,-0.231603,-2.518249,0.486090,-1.673051,-2.941076,-0.386322,-0.307404,-2.231550,0.308303,-0.007215,0.032982,-0.308303,0.007215,-0.032982,0.263194,1.337693,-0.005750,-0.333720,1.293512,-0.306491,0.253353,2.544389,0.901789,-0.326512,2.497325,0.257288,0.266649,2.703387,0.928747,-0.341945,2.676462,0.272608,0.150870,2.952836,-0.210296,-0.222881,2.865713,-0.958359,0.462519,0.365263,-0.000353,0.463892,0.361298,-0.005615,0.467466,0.356933,-0.011536,0.472455,0.351174,-0.017023,0.480575,0.346283,-0.021633,0.489138,0.346615,-0.023409,0.497943,0.344034,-0.023008,0.507817,0.346816,-0.019881,0.514680,0.351006,-0.015488,0.519932,0.354229,-0.010341,0.522494,0.357673,-0.005423,0.519227,0.361181,-0.009825,0.514637,0.364699,-0.015003,0.508117,0.369259,-0.018833,0.500229,0.372823,-0.021503,0.491580,0.374416,-0.021447,0.483380,0.374855,-0.020124,0.475886,0.373300,-0.016151,0.469806,0.370331,-0.011679,0.465621,0.367995,-0.005513,0.436644,0.265416,0.020334,0.438358,0.263565,0.017191,0.440520,0.261440,0.014742,0.444092,0.258573,0.012400,0.449677,0.256414,0.010307,0.455208,0.256114,0.009575,0.461058,0.257013,0.010308,0.465217,0.259598,0.011427,0.507200,0.256260,0.008515,0.509159,0.257101,0.008223,0.512726,0.257737,0.006420,0.518391,0.258832,0.004996,0.524445,0.258828,0.004801,0.530711,0.257311,0.006168,0.534848,0.255529,0.008198,0.537747,0.253876,0.010048,0.484453,0.246380,-0.007600,0.484437,0.256965,-0.013604,0.484425,0.266828,-0.020291,0.484358,0.276128,-0.027634,0.000000,0.000000,0.000000,0.000000,0.000000,0.000000,0.000000,0.000000,0.000000,0.000000,0.000000,0.000000,0.000000,0.000000,0.000000,0.000000,0.000000,0.000000,0.000000,0.000000,0.000000,0.000000,0.000000,0.000000,0.000000,0.000000,0.000000,0.000000,0.000000,0.000000,0.000000,0.000000,0.000000,0.000000,0.000000,0.000000,0.000000,0.000000,0.000000,0.000000,0.000000,0.000000,0.000000,0.000000,0.000000,0.000000,0.000000,0.000000,0.000000,0.000000,0.000000,0.000000,0.000000,0.000000,0.000000,0.000000,0.000000,0.000000,0.000000,0.000000,0.000000,0.000000,0.000000,0.795580,0.704511,0.000000,0.795754,0.635843,-0.007600,0.778352,0.567526,-0.018221,0.768952,0.507096,-0.025939,0.776392,0.461968,-0.035810,0.743682,0.585004,-0.040848,0.691782,0.528162,-0.051720,0.663972,0.495064,-0.055043,0.641983,0.471170,-0.056175,0.727267,0.623172,-0.042886,0.665235,0.569052,-0.053633,0.632606,0.541335,-0.055656,0.607925,0.522740,-0.056314,0.713721,0.661752,-0.042610,0.654147,0.615666,-0.054646,0.621989,0.588295,-0.059716,0.598763,0.569920,-0.062293,0.705211,0.698234,-0.041116,0.662281,0.657828,-0.048596,0.666323,0.650899,-0.044460,0.676809,0.650730,-0.040405
-0.076000,-2.373633,-1.671332,-0.020236,-2.509382,-1.522838,0.016961,-2.510139,-1.522792,0.042599,-2.510434,-1.521864,-0.133198,-2.499902,-1.559534,-0.166744,-2.496807,-1.558836,-0.201805,-2.493397,-1.559995,0.094769,-2.451122,-0.643390,-0.239944,-2.434620,-0.813147,0.005192,-2.238437,-1.350402,-0.133780,-2.227569,-1.400623,0.444895,-1.728673,-0.107261,-0.497268,-1.697436,-0.440953,0.905028,-0.829237,-1.215023,-0.672432,-0.818976,-1.035574,0.626130,-1.457693,-3.049064,-0.502868,-0.607768,-2.551229,0.515721,-1.630825,-3.435121,-0.470851,-0.374886,-2.828270,0.472966,-1.738617,-3.208156,-0.409713,-0.517801,-2.913846,0.473853,-1.690072,-3.007842,-0.407493,-0.568722,-2.624060,0.313637,-0.007557,0.049720,-0.313637,0.007557,-0.049720,0.267351,1.359706,0.065570,-0.352094,1.310741,-0.204372,0.248265,2.560822,0.986315,-0.349103,2.491386,0.369238,0.263470,2.717997,1.014942,-0.369922,2.663119,0.386733,0.146892,2.957482,-0.104715,-0.246868,2.861586,-0.826508,0.463479,0.365322,-0.001797,0.464789,0.361289,-0.006894,0.468293,0.356795,-0.012627,0.473223,0.350937,-0.017931,0.481261,0.345999,-0.022433,0.489663,0.346394,-0.024242,0.498348,0.344062,-0.023832,0.508031,0.347190,-0.020845,0.514712,0.351702,-0.016679,0.519812,0.355245,-0.011761,0.522313,0.358856,-0.007060,0.519105,0.362179,-0.011476,0.514584,0.365483,-0.016592,0.508125,0.369761,-0.020345,0.500315,0.373036,-0.022897,0.491786,0.374439,-0.022820,0.483694,0.374729,-0.021487,0.476354,0.373133,-0.017568,0.470457,0.370212,-0.013130,0.466429,0.367948,-0.007043,0.438343,0.266051,0.021566,0.440048,0.264157,0.018473,0.442202,0.262016,0.016049,0.445782,0.259161,0.013726,0.451380,0.257109,0.011651,0.456935,0.256989,0.010905,0.462778,0.258140,0.011555,0.466927,0.260908,0.012615,0.508758,0.258661,0.009485,0.510739,0.259579,0.009180,0.514303,0.260305,0.007328,0.519944,0.261506,0.005860,0.525974,0.261616,0.005611,0.532200,0.260263,0.006969,0.536316,0.258598,0.009011,0.539193,0.257048,0.010888,0.486312,0.247955,-0.006198,0.486145,0.258409,-0.012440,0.485980,0.268010,-0.019330,0.485778,0.277048,-0.026897,0.000000,0.000000,0.000000,0.000000,0.000000,0.000000,0.000000,0.000000,0.000000,0.000000,0.000000,0.000000,0.000000,0.000000,0.000000,0.000000,0.000000,0.000000,0.000000,0.000000,0.000000,0.000000,0.000000,0.000000,0.000000,0.000000,0.000000,0.000000,0.000000,0.000000,0.000000,0.000000,0.000000,0.000000,0.000000,0.000000,0.000000,0.000000,0.000000,0.000000,0.000000,0.000000,0.000000,0.000000,0.000000,0.000000,0.000000,0.000000,0.000000,0.000000,0.000000,0.000000,0.000000,0.000000,0.000000,0.000000,0.000000,0.000000,0.000000,0.000000,0.000000,0.000000,0.000000,0.790283,0.701925,0.000000,0.790001,0.631582,-0.005562,0.772386,0.564318,-0.015162,0.763224,0.505102,-0.022317,0.770383,0.460247,-0.031663,0.736484,0.579984,-0.037880,0.686008,0.526330,-0.048193,0.658935,0.494184,-0.051607,0.636782,0.469345,-0.053005,0.719281,0.617790,-0.040971,0.658667,0.565921,-0.052082,0.626506,0.538018,-0.054577,0.601598,0.517623,-0.055437,0.705264,0.656734,-0.041526,0.646827,0.610492,-0.054324,0.615702,0.583099,-0.058897,0.592854,0.563873,-0.060743,0.697042,0.694362,-0.040665,0.655380,0.654065,-0.047825,0.662311,0.650082,-0.042008,0.675559,0.652538,-0.036545
-0.089460,-2.391950,-1.505461,-0.032570,-2.526627,-1.383269,0.005309,-2.526968,-1.383081,0.032230,-2.526717,-1.382093,-0.145879,-2.517607,-1.408003,-0.179710,-2.514049,-1.407218,-0.214605,-2.510290,-1.408555,0.085758,-2.465871,-0.626076,-0.252204,-2.451271,-0.711644,-0.006674,-2.253653,-1.214261,-0.147494,-2.244316,-1.245981,0.447442,-1.758162,-0.125235,-0.516833,-1.708660,-0.384278,0.845947,-0.789538,-1.026747,-0.695073,-0.831357,-0.907706,0.619915,-1.251293,-2.758092,-0.517903,-0.694416,-2.441837,0.512007,-1.409200,-3.119261,-0.505219,-0.419004,-2.704582,0.492634,-1.566944,-2.947450,-0.447574,-0.569064,-2.782985,0.498709,-1.522621,-2.735101,-0.457400,-0.785816,-2.511422,0.316037,-0.007521,0.052016,-0.316037,0.007521,-0.052016,0.270412,1.334266,-0.055776,-0.358540,1.293014,-0.235610,0.251021,2.552935,0.727352,-0.348644,2.472857,0.164657,0.266737,2.713274,0.747619,-0.368876,2.643536,0.171259,0.150829,2.954944,-0.280801,-0.247460,2.837635,-0.919343,0.464041,0.364407,-0.002006,0.465428,0.360338,-0.007146,0.469023,0.355847,-0.012894,0.474042,0.349998,-0.018187,0.482203,0.345093,-0.022646,0.490679,0.345548,-0.024385,0.499384,0.343250,-0.023879,0.509039,0.346414,-0.020751,0.515657,0.350954,-0.016454,0.520701,0.354505,-0.011416,0.523165,0.358146,-0.006600,0.519991,0.361509,-0.011085,0.515506,0.364853,-0.016288,0.509067,0.369202,-0.020117,0.501244,0.372517,-0.022803,0.492650,0.373907,-0.022818,0.484472,0.374163,-0.021562,0.477042,0.372476,-0.017695,0.471063,0.369459,-0.013274,0.466999,0.367113,-0.007208,0.438726,0.264310,0.021049,0.440452,0.262393,0.017945,0.442612,0.260243,0.015531,0.446224,0.257377,0.013221,0.451883,0.255324,0.011190,0.457498,0.255240,0.010496,0.463370,0.256470,0.011208,0.467547,0.259325,0.012317,0.509582,0.257376,0.009715,0.511588,0.258331,0.009424,0.515203,0.259067,0.007603,0.520885,0.260268,0.006173,0.526938,0.260368,0.005981,0.533147,0.259022,0.007409,0.537242,0.257353,0.009510,0.540097,0.255791,0.011422,0.487250,0.246632,-0.006432,0.487136,0.257165,-0.012717,0.487025,0.266826,-0.019653,0.486876,0.275916,-0.027270,0.000000,0.000000,0.000000,0.000000,0.000000,0.000000,0.000000,0.000000,0.000000,0.000000,0.000000,0.000000,0.000000,0.000000,0.000000,0.000000,0.000000,0.000000,0.000000,0.000000,0.000000,0.000000,0.000000,0.000000,0.000000,0.000000,0.000000,0.000000,0.000000,0.000000,0.000000,0.000000,0.000000,0.000000,0.000000,0.000000,0.000000,0.000000,0.000000,0.000000,0.000000,0.000000,0.000000,0.000000,0.000000,0.000000,0.000000,0.000000,0.000000,0.000000,0.000000,0.000000,0.000000,0.000000,0.000000,0.000000,0.000000,0.000000,0.000000,0.000000,0.000000,0.000000,0.000000,0.809075,0.783909,0.000000,0.797494,0.719248,-0.007680,0.767027,0.648852,-0.021377,0.744602,0.591002,-0.032132,0.737037,0.542819,-0.045806,0.762981,0.669793,-0.055942,0.695804,0.627682,-0.073295,0.660442,0.606958,-0.079701,0.631720,0.592959,-0.082951,0.757017,0.715722,-0.061711,0.681323,0.668779,-0.078284,0.641881,0.648805,-0.083099,0.612304,0.637641,-0.086920,0.749039,0.760189,-0.064741,0.675742,0.722562,-0.080209,0.639545,0.701983,-0.084590,0.614645,0.689168,-0.087609,0.740226,0.800545,-0.066554,0.685027,0.765403,-0.078980,0.676993,0.750817,-0.078087,0.677687,0.743523,-0.076827
-0.116171,-2.554377,-1.711992,-0.055907,-2.682374,-1.632540,-0.014596,-2.680776,-1.631489,0.020028,-2.677385,-1.633718,-0.166746,-2.673025,-1.615229,-0.200166,-2.669270,-1.613265,-0.234378,-2.664340,-1.613199,0.077976,-2.608608,-0.869663,-0.265024,-2.599942,-0.855533,-0.026243,-2.407297,-1.470584,-0.179566,-2.403725,-1.428993,0.446694,-1.812641,-0.437082,-0.533889,-1.827606,-0.632502,0.678053,-0.906032,-0.362670,-0.720568,-0.987318,-1.041330,0.756232,-0.102239,-0.982869,-0.534150,-0.731963,-2.426701,0.820970,0.137025,-1.187901,-0.545147,-0.567975,-2.734924,0.726465,0.102561,-1.338823,-0.469047,-0.644293,-2.828511,0.679962,0.012414,-1.079596,-0.443295,-0.856286,-2.509926,0.325353,-0.008565,-0.059790,-0.325353,0.008565,0.059790,0.271388,1.451605,-0.013516,-0.374076,1.455433,0.045401,0.242299,2.779663,1.217933,-0.372145,2.752299,0.782000,0.257962,2.970521,1.271005,-0.379048,2.944637,0.824690,0.124631,3.204078,0.083715,-0.292746,3.164548,-0.491238,0.464478,0.364703,-0.000716,0.465702,0.360406,-0.006000,0.469124,0.355719,-0.011929,0.474023,0.349692,-0.017459,0.482323,0.344543,-0.022160,0.491054,0.344946,-0.023971,0.500081,0.342401,-0.023544,0.510169,0.345466,-0.020354,0.516972,0.350040,-0.015946,0.522132,0.353665,-0.010831,0.524667,0.357518,-0.005944,0.521518,0.361079,-0.010268,0.517053,0.364799,-0.015380,0.510519,0.369619,-0.019108,0.502436,0.373362,-0.021589,0.493484,0.374981,-0.021494,0.484892,0.375226,-0.020157,0.477268,0.373364,-0.016328,0.471283,0.370035,-0.011908,0.467357,0.367493,-0.005869,0.438562,0.264803,0.020426,0.440476,0.263670,0.017164,0.442900,0.262220,0.014662,0.446667,0.260168,0.012330,0.452190,0.258504,0.010163,0.457540,0.257973,0.009374,0.463243,0.257730,0.010183,0.467129,0.258961,0.011447,0.510620,0.255495,0.008537,0.512538,0.256174,0.008279,0.515965,0.256942,0.006397,0.521475,0.258209,0.004979,0.527407,0.258397,0.004784,0.533745,0.257271,0.006129,0.537990,0.255923,0.008111,0.541086,0.254756,0.010009,0.487230,0.244840,-0.007364,0.487088,0.255740,-0.013442,0.486922,0.265406,-0.020292,0.486731,0.274441,-0.027790,0.000000,0.000000,0.000000,0.000000,0.000000,0.000000,0.000000,0.000000,0.000000,0.000000,0.000000,0.000000,0.000000,0.000000,0.000000,0.000000,0.000000,0.000000,0.000000,0.000000,0.000000,0.000000,0.000000,0.000000,0.000000,0.000000,0.000000,0.000000,0.000000,0.000000,0.000000,0.000000,0.000000,0.000000,0.000000,0.000000,0.000000,0.000000,0.000000,0.000000,0.000000,0.000000,0.000000,0.000000,0.000000,0.000000,0.000000,0.000000,0.000000,0.000000,0.000000,0.000000,0.000000,0.000000,0.000000,0.000000,0.000000,0.000000,0.000000,0.000000,0.000000,0.000000,0.000000,0.000000,0.000000,0.000000,0.000000,0.000000,0.000000,0.000000,0.000000,0.000000,0.000000,0.000000,0.000000,0.000000,0.000000,0.000000,0.000000,0.000000,0.000000,0.000000,0.000000,0.000000,0.000000,0.000000,0.000000,0.000000,0.000000,0.000000,0.000000,0.000000,0.000000,0.000000,0.000000,0.000000,0.000000,0.000000,0.000000,0.000000,0.000000,0.000000,0.000000,0.000000,0.000000,0.000000,0.000000,0.000000,0.000000,0.000000,0.000000,0.000000,0.000000,0.000000,0.000000,0.000000,0.000000,0.000000,0.000000,0.000000,0.000000,0.000000,0.000000,0.000000,0.000000,0.000000
-0.106886,-2.590496,-1.796836,-0.044514,-2.722918,-1.696707,-0.002437,-2.721344,-1.696531,0.033476,-2.718045,-1.696979,-0.156593,-2.714048,-1.686347,-0.190343,-2.710845,-1.685058,-0.224518,-2.706207,-1.685658,0.093183,-2.649101,-0.928388,-0.252696,-2.642834,-0.853620,-0.017022,-2.440064,-1.504606,-0.171746,-2.438416,-1.482750,0.469383,-1.834875,-0.483309,-0.522226,-1.873417,-0.606698,0.706508,-0.891424,-0.434268,-0.716519,-1.031240,-1.103893,0.720234,-0.091975,-1.152038,-0.536374,-0.852760,-2.687778,0.771958,0.165848,-1.378344,-0.530488,-0.787369,-3.028285,0.664777,0.111265,-1.530201,-0.476264,-0.973119,-3.099050,0.624771,0.015171,-1.248737,-0.455337,-0.987730,-2.764517,0.329438,-0.002705,-0.072183,-0.329438,0.002705,0.072183,0.267604,1.464951,-0.058036,-0.381370,1.453678,0.022409,0.222774,2.794008,1.183840,-0.386372,2.758418,0.751952,0.238347,2.980775,1.232033,-0.392476,2.949906,0.791936,0.095601,3.225097,0.007260,-0.319126,3.176767,-0.551570,0.467754,0.366699,-0.000396,0.469390,0.362857,-0.005913,0.473324,0.358815,-0.011952,0.478753,0.353439,-0.017464,0.487468,0.349061,-0.022001,0.496407,0.349952,-0.023492,0.505496,0.347711,-0.022786,0.515353,0.350868,-0.019140,0.522002,0.355315,-0.014286,0.527049,0.358728,-0.008676,0.529498,0.362258,-0.003353,0.526195,0.365877,-0.007974,0.521584,0.369396,-0.013501,0.514973,0.373890,-0.017621,0.506918,0.377272,-0.020691,0.498022,0.378466,-0.020922,0.489405,0.378470,-0.019851,0.481619,0.376289,-0.015987,0.475291,0.372695,-0.011555,0.470938,0.369869,-0.005432,0.442720,0.261820,0.018251,0.444558,0.260027,0.015058,0.446884,0.257954,0.012572,0.450693,0.255162,0.010217,0.456611,0.253244,0.008218,0.462425,0.253291,0.007673,0.468499,0.254757,0.008621,0.472787,0.257841,0.009941,0.516264,0.257010,0.008705,0.518211,0.257959,0.008493,0.521828,0.258763,0.006756,0.527571,0.260162,0.005474,0.533723,0.260446,0.005478,0.540102,0.259233,0.007056,0.544336,0.257632,0.009287,0.547293,0.256109,0.011269,0.493831,0.246058,-0.008958,0.493760,0.257356,-0.014967,0.493708,0.267877,-0.021736,0.493608,0.277782,-0.029158,0.000000,0.000000,0.000000,0.000000,0.000000,0.000000,0.000000,0.000000,0.000000,0.000000,0.000000,0.000000,0.000000,0.000000,0.000000,0.000000,0.000000,0.000000,0.000000,0.000000,0.000000,0.000000,0.000000,0.000000,0.000000,0.000000,0.000000,0.000000,0.000000,0.000000,0.000000,0.000000,0.000000,0.000000,0.000000,0.000000,0.000000,0.000000,0.000000,0.000000,0.000000,0.000000,0.000000,0.000000,0.000000,0.000000,0.000000,0.000000,0.000000,0.000000,0.000000,0.000000,0.000000,0.000000,0.000000,0.000000,0.000000,0.000000,0.000000,0.000000,0.000000,0.000000,0.000000,0.000000,0.000000,0.000000,0.000000,0.000000,0.000000,0.000000,0.000000,0.000000,0.000000,0.000000,0.000000,0.000000,0.000000,0.000000,0.000000,0.000000,0.000000,0.000000,0.000000,0.000000,0.000000,0.000000,0.000000,0.000000,0.000000,0.000000,0.000000,0.000000,0.000000,0.000000,0.000000,0.000000,0.000000,0.000000,0.000000,0.000000,0.000000,0.000000,0.000000,0.000000,0.000000,0.000000,0.000000,0.000000,0.000000,0.000000,0.000000,0.000000,0.000000,0.000000,0.000000,0.000000,0.000000,0.000000,0.000000,0.000000,0.000000,0.000000,0.000000,0.000000,0.000000,0.000000
-0.096554,-2.505954,-2.121527,-0.035638,-2.637972,-1.977128,0.005282,-2.636032,-1.978460,0.038541,-2.632276,-1.978423,-0.147144,-2.630920,-1.994446,-0.180757,-2.628149,-1.994184,-0.215315,-2.623627,-1.995110,0.095186,-2.563469,-0.982822,-0.247878,-2.559590,-1.045976,-0.011626,-2.357197,-1.759197,-0.160088,-2.354431,-1.777032,0.466542,-1.762334,-0.326313,-0.520569,-1.789917,-0.478272,0.737201,-0.978513,-0.885517,-0.712548,-0.936011,-1.103446,0.591202,-0.726757,-2.785134,-0.534996,-0.742010,-3.217119,0.568502,-0.678059,-3.236318,-0.517351,-0.569283,-3.666155,0.495622,-0.881467,-3.328516,-0.432927,-0.744982,-3.770376,0.477684,-0.905605,-2.870574,-0.442144,-0.877270,-3.311162,0.312510,-0.005819,-0.023018,-0.312510,0.005819,0.023018,0.265384,1.375257,-0.420611,-0.337495,1.338848,-0.489901,0.289459,2.685913,0.345435,-0.316976,2.664845,-0.131561,0.295735,2.873289,0.362939,-0.325166,2.863544,-0.146517,0.192240,3.074491,-0.845574,-0.229475,3.025167,-1.440357,0.468735,0.366119,-0.001129,0.470311,0.362203,-0.006466,0.474143,0.357972,-0.012331,0.479471,0.352378,-0.017686,0.488028,0.347780,-0.022125,0.496824,0.348511,-0.023623,0.505736,0.346211,-0.022910,0.515444,0.349344,-0.019360,0.522023,0.353834,-0.014655,0.526996,0.357314,-0.009212,0.529393,0.360858,-0.004058,0.526164,0.364272,-0.008689,0.521635,0.367594,-0.014129,0.515133,0.371933,-0.018163,0.507220,0.375234,-0.021125,0.498518,0.376458,-0.021329,0.490098,0.376625,-0.020269,0.482417,0.374714,-0.016549,0.476163,0.371463,-0.012209,0.471877,0.368972,-0.006175,0.443375,0.262134,0.018476,0.445225,0.260379,0.015337,0.447534,0.258348,0.012911,0.451292,0.255597,0.010616,0.457090,0.253645,0.008660,0.462776,0.253585,0.008133,0.468770,0.254841,0.009080,0.473003,0.257736,0.010358,0.515877,0.256586,0.009173,0.517813,0.257515,0.008943,0.521394,0.258322,0.007205,0.527083,0.259709,0.005934,0.533163,0.259977,0.005933,0.539463,0.258752,0.007503,0.543636,0.257177,0.009714,0.546545,0.255717,0.011684,0.493750,0.245727,-0.008215,0.493717,0.256731,-0.014259,0.493709,0.267029,-0.021030,0.493652,0.276736,-0.028468,0.000000,0.000000,0.000000,0.000000,0.000000,0.000000,0.000000,0.000000,0.000000,0.000000,0.000000,0.000000,0.000000,0.000000,0.000000,0.000000,0.000000,0.000000,0.000000,0.000000,0.000000,0.000000,0.000000,0.000000,0.000000,0.000000,0.000000,0.000000,0.000000,0.000000,0.000000,0.000000,0.000000,0.000000,0.000000,0.000000,0.000000,0.000000,0.000000,0.000000,0.000000,0.000000,0.000000,0.000000,0.000000,0.000000,0.000000,0.000000,0.000000,0.000000,0.000000,0.000000,0.000000,0.000000,0.000000,0.000000,0.000000,0.000000,0.000000,0.000000,0.000000,0.000000,0.000000,0.775952,0.943569,0.000000,0.768122,0.901884,-0.013870,0.741781,0.860109,-0.021720,0.718837,0.829193,-0.028572,0.703816,0.802582,-0.036453,0.721008,0.892535,-0.022163,0.689669,0.883965,-0.035057,0.667021,0.879177,-0.043166,0.647793,0.876295,-0.049637,0.719735,0.926525,-0.023307,0.701001,0.919397,-0.039581,0.704958,0.916756,-0.044888,0.704393,0.917344,-0.048210,0.722388,0.958949,-0.025604,0.701349,0.954292,-0.042540,0.706177,0.947937,-0.040162,0.708235,0.945408,-0.036937,0.727174,0.989111,-0.028753,0.706880,0.983970,-0.041634,0.709077,0.976411,-0.039396,0.709386,0.972648,-0.036542
-0.097010,-2.365360,-1.834579,-0.043559,-2.502874,-1.696435,-0.005473,-2.504949,-1.696973,0.024099,-2.505353,-1.696300,-0.149833,-2.495820,-1.714183,-0.180932,-2.495264,-1.713916,-0.214433,-2.491126,-1.715373,0.076697,-2.446885,-0.799341,-0.249872,-2.428096,-0.881098,-0.019949,-2.231761,-1.497349,-0.152564,-2.223450,-1.523866,0.461527,-1.715073,-0.207910,-0.515920,-1.686127,-0.417095,0.821270,-0.793218,-1.207818,-0.685720,-0.838573,-1.095688,0.581680,-1.163604,-3.237499,-0.497484,-0.752632,-2.932893,0.450054,-1.279525,-3.647356,-0.473182,-0.615374,-3.261623,0.447037,-1.426698,-3.519946,-0.409255,-0.776627,-3.303397,0.464167,-1.396261,-3.231769,-0.438439,-0.871213,-2.991981,0.313636,-0.004861,0.027830,-0.313636,0.004861,-0.027830,0.262412,1.317341,-0.120817,-0.346893,1.259111,-0.344043,0.266657,2.517917,0.661667,-0.322961,2.454551,0.102232,0.282549,2.680078,0.678412,-0.339545,2.632423,0.109001,0.167816,2.909560,-0.396748,-0.228817,2.810272,-1.025825,0.469548,0.367447,-0.001167,0.471075,0.363506,-0.006401,0.474826,0.359280,-0.012162,0.480052,0.353710,-0.017445,0.488410,0.349128,-0.021827,0.497019,0.349835,-0.023339,0.505762,0.347612,-0.022670,0.515299,0.350790,-0.019222,0.521803,0.355297,-0.014647,0.526726,0.358801,-0.009340,0.529106,0.362374,-0.004314,0.525931,0.365740,-0.008839,0.521473,0.369036,-0.014145,0.515059,0.373329,-0.018069,0.507252,0.376592,-0.020913,0.498664,0.377801,-0.021081,0.490370,0.377908,-0.020008,0.482845,0.375976,-0.016342,0.476750,0.372730,-0.012077,0.472590,0.370260,-0.006151,0.444682,0.265069,0.018458,0.446508,0.263320,0.015366,0.448789,0.261326,0.012966,0.452497,0.258635,0.010706,0.458205,0.256755,0.008750,0.463801,0.256735,0.008202,0.469701,0.258003,0.009085,0.473858,0.260867,0.010337,0.515966,0.259914,0.008972,0.517893,0.260867,0.008749,0.521431,0.261708,0.007019,0.527040,0.263128,0.005757,0.533052,0.263423,0.005733,0.539277,0.262211,0.007250,0.543386,0.260632,0.009413,0.546244,0.259175,0.011348,0.494204,0.248737,-0.007886,0.494119,0.259564,-0.013826,0.494062,0.269550,-0.020500,0.493955,0.278935,-0.027832,0.000000,0.000000,0.000000,0.000000,0.000000,0.000000,0.000000,0.000000,0.000000,0.000000,0.000000,0.000000,0.000000,0.000000,0.000000,0.000000,0.000000,0.000000,0.000000,0.000000,0.000000,0.000000,0.000000,0.000000,0.000000,0.000000,0.000000,0.000000,0.000000,0.000000,0.000000,0.000000,0.000000,0.000000,0.000000,0.000000,0.000000,0.000000,0.000000,0.000000,0.000000,0.000000,0.000000,0.000000,0.000000,0.000000,0.000000,0.000000,0.000000,0.000000,0.000000,0.000000,0.000000,0.000000,0.000000,0.000000,0.000000,0.000000,0.000000,0.000000,0.000000,0.000000,0.000000,0.791832,0.810658,0.000000,0.785419,0.736265,-0.005386,0.764115,0.673926,-0.013419,0.752707,0.613190,-0.018496,0.758676,0.569467,-0.024875,0.715053,0.698655,-0.032580,0.663449,0.650522,-0.041066,0.634426,0.622411,-0.043845,0.611790,0.601915,-0.044141,0.697758,0.737588,-0.032382,0.638959,0.693053,-0.040419,0.605068,0.667347,-0.040520,0.580061,0.650692,-0.039357,0.687394,0.776659,-0.029938,0.630272,0.737993,-0.041132,0.596851,0.714282,-0.047087,0.572529,0.699474,-0.049033,0.685168,0.809814,-0.025815,0.641811,0.775581,-0.030753,0.644914,0.768714,-0.025573,0.656059,0.768411,-0.020279
-0.095674,-2.339111,-1.636445,-0.044524,-2.475648,-1.517064,-0.007403,-2.477690,-1.517150,0.018558,-2.478835,-1.516317,-0.155050,-2.468220,-1.539363,-0.187816,-2.467265,-1.538685,-0.222278,-2.463866,-1.539957,0.067032,-2.421120,-0.693975,-0.261218,-2.401311,-0.804071,-0.020514,-2.207214,-1.327717,-0.156630,-2.197650,-1.359827,0.430337,-1.722773,-0.137856,-0.525423,-1.668121,-0.426884,0.792229,-0.754912,-1.017749,-0.722549,-0.816421,-1.056527,0.565499,-1.178856,-2.865741,-0.488943,-0.706520,-2.728854,0.434172,-1.302858,-3.253109,-0.463275,-0.525623,-3.037501,0.429152,-1.446318,-3.125905,-0.397116,-0.685832,-3.079736,0.448278,-1.410222,-2.860031,-0.439266,-0.809036,-2.783072,0.316705,-0.013911,0.055881,-0.316705,0.013911,-0.055881,0.288533,1.323957,-0.075093,-0.336032,1.288916,-0.280261,0.298142,2.532953,0.764148,-0.293862,2.471181,0.184751,0.315768,2.694129,0.784552,-0.312020,2.642336,0.189346,0.211486,2.924553,-0.316395,-0.184739,2.830507,-0.996387,0.468117,0.365964,-0.002648,0.469557,0.361995,-0.007667,0.473203,0.357634,-0.013218,0.478312,0.351918,-0.018291,0.486468,0.347187,-0.022550,0.494869,0.347821,-0.024129,0.503468,0.345713,-0.023481,0.512859,0.349078,-0.020238,0.519283,0.353744,-0.015914,0.524123,0.357378,-0.010874,0.526435,0.360976,-0.006097,0.523273,0.364152,-0.010666,0.518852,0.367221,-0.015909,0.512515,0.371255,-0.019758,0.504835,0.374297,-0.022481,0.496435,0.375438,-0.022603,0.488399,0.375566,-0.021507,0.481063,0.373815,-0.017889,0.475130,0.370833,-0.013647,0.471078,0.368585,-0.007736,0.443104,0.265102,0.019862,0.444904,0.263236,0.016818,0.447148,0.261158,0.014446,0.450825,0.258400,0.012214,0.456510,0.256518,0.010277,0.462084,0.256601,0.009697,0.467949,0.258010,0.010481,0.472092,0.260994,0.011651,0.514000,0.260321,0.009997,0.515966,0.261328,0.009753,0.519534,0.262197,0.007987,0.525151,0.263631,0.006669,0.531176,0.263948,0.006593,0.537375,0.262754,0.008107,0.541456,0.261171,0.010280,0.544270,0.259688,0.012236,0.492278,0.248666,-0.006372,0.492130,0.259261,-0.012545,0.492007,0.268973,-0.019407,0.491845,0.278112,-0.026941,0.000000,0.000000,0.000000,0.000000,0.000000,0.000000,0.000000,0.000000,0.000000,0.000000,0.000000,0.000000,0.000000,0.000000,0.000000,0.000000,0.000000,0.000000,0.000000,0.000000,0.000000,0.000000,0.000000,0.000000,0.000000,0.000000,0.000000,0.000000,0.000000,0.000000,0.000000,0.000000,0.000000,0.000000,0.000000,0.000000,0.000000,0.000000,0.000000,0.000000,0.000000,0.000000,0.000000,0.000000,0.000000,0.000000,0.000000,0.000000,0.000000,0.000000,0.000000,0.000000,0.000000,0.000000,0.000000,0.000000,0.000000,0.000000,0.000000,0.000000,0.000000,0.000000,0.000000,0.786193,0.800063,0.000000,0.780812,0.724042,-0.003130,0.761265,0.661965,-0.010809,0.751376,0.601159,-0.015691,0.757371,0.556950,-0.021840,0.714912,0.685233,-0.033114,0.666213,0.631771,-0.041417,0.638516,0.600900,-0.043462,0.615889,0.578139,-0.043243,0.695831,0.723052,-0.033483,0.638478,0.674783,-0.043544,0.605694,0.647406,-0.043894,0.580419,0.628853,-0.042372,0.683591,0.761486,-0.030930,0.627138,0.720158,-0.043692,0.594645,0.694658,-0.048434,0.570101,0.678293,-0.048876,0.679901,0.794393,-0.026264,0.637378,0.755387,-0.030683,0.642814,0.748673,-0.023390,0.655731,0.749197,-0.016390
-0.098894,-2.303800,-1.603758,-0.050653,-2.441114,-1.480599,-0.013869,-2.442857,-1.480702,0.011745,-2.443543,-1.479868,-0.159974,-2.434336,-1.504944,-0.192160,-2.433126,-1.504218,-0.226321,-2.429002,-1.505429,0.057493,-2.384115,-0.647761,-0.266775,-2.362446,-0.764592,-0.025407,-2.174190,-1.295504,-0.159166,-2.162989,-1.329201,0.416390,-1.700291,-0.117800,-0.531683,-1.647370,-0.431397,0.780472,-0.741209,-1.019409,-0.726925,-0.792755,-1.266509,0.553832,-1.074952,-2.875046,-0.509660,-0.766819,-3.086110,0.420654,-1.166634,-3.262345,-0.479014,-0.718287,-3.421301,0.412622,-1.335492,-3.154538,-0.436376,-0.878162,-3.453307,0.431865,-1.319049,-2.878433,-0.448178,-0.903205,-3.142342,0.318266,-0.017522,0.081005,-0.318266,0.017522,-0.081005,0.294793,1.314231,-0.024140,-0.336920,1.296079,-0.256884,0.309699,2.523378,0.819154,-0.288884,2.469596,0.199636,0.329918,2.683434,0.841094,-0.306572,2.635754,0.205801,0.227803,2.910226,-0.238060,-0.181930,2.826670,-0.954781,0.466538,0.364403,-0.003481,0.467893,0.360319,-0.008394,0.471451,0.355741,-0.013860,0.476478,0.349800,-0.018867,0.484573,0.344805,-0.023113,0.492924,0.345320,-0.024774,0.501469,0.343213,-0.024158,0.510851,0.346693,-0.021049,0.517277,0.351524,-0.016879,0.522119,0.355309,-0.011991,0.524439,0.359010,-0.007349,0.521335,0.362119,-0.011931,0.516963,0.365104,-0.017136,0.510672,0.369059,-0.020942,0.503035,0.372052,-0.023589,0.494687,0.373211,-0.023663,0.486697,0.373429,-0.022516,0.479390,0.371825,-0.018876,0.473479,0.369022,-0.014596,0.469466,0.366912,-0.008668,0.440973,0.264024,0.021051,0.442760,0.262108,0.018020,0.444989,0.259975,0.015665,0.448646,0.257163,0.013434,0.454306,0.255226,0.011498,0.459869,0.255280,0.010871,0.465710,0.256653,0.011597,0.469852,0.259602,0.012701,0.511793,0.258625,0.010647,0.513802,0.259645,0.010379,0.517400,0.260488,0.008562,0.523041,0.261842,0.007185,0.529057,0.262097,0.007038,0.535225,0.260886,0.008520,0.539278,0.259314,0.010686,0.542092,0.257856,0.012634,0.489902,0.246959,-0.005396,0.489795,0.257466,-0.011774,0.489702,0.267062,-0.018798,0.489570,0.276093,-0.026516,0.000000,0.000000,0.000000,0.000000,0.000000,0.000000,0.000000,0.000000,0.000000,0.000000,0.000000,0.000000,0.000000,0.000000,0.000000,0.000000,0.000000,0.000000,0.000000,0.000000,0.000000,0.000000,0.000000,0.000000,0.000000,0.000000,0.000000,0.000000,0.000000,0.000000,0.000000,0.000000,0.000000,0.000000,0.000000,0.000000,0.000000,0.000000,0.000000,0.000000,0.000000,0.000000,0.000000,0.000000,0.000000,0.000000,0.000000,0.000000,0.000000,0.000000,0.000000,0.000000,0.000000,0.000000,0.000000,0.000000,0.000000,0.000000,0.000000,0.000000,0.000000,0.000000,0.000000,0.788344,0.827652,0.000000,0.779473,0.754885,-0.006616,0.754527,0.687090,-0.016156,0.738969,0.628605,-0.023558,0.741078,0.582431,-0.032881,0.721068,0.713781,-0.036849,0.665373,0.666937,-0.047118,0.635341,0.641087,-0.050397,0.610767,0.622336,-0.052007,0.706607,0.757337,-0.040531,0.640621,0.712226,-0.052228,0.605079,0.688963,-0.056361,0.576492,0.674382,-0.058552,0.696060,0.798348,-0.041994,0.632707,0.759234,-0.053792,0.599076,0.735992,-0.058742,0.574198,0.721410,-0.061278,0.691280,0.834190,-0.042512,0.642647,0.800915,-0.049864,0.641876,0.789203,-0.046147,0.650002,0.784334,-0.042294
-0.115853,-2.590791,-1.687434,-0.061583,-2.720785,-1.575623,-0.020206,-2.719999,-1.575208,0.013881,-2.718046,-1.576089,-0.172429,-2.713165,-1.580504,-0.204931,-2.711129,-1.579170,-0.240279,-2.705480,-1.579558,0.067769,-2.646902,-0.833346,-0.276097,-2.632131,-0.830540,-0.026844,-2.441402,-1.410598,-0.176703,-2.438841,-1.411322,0.429957,-1.869385,-0.428585,-0.551512,-1.847467,-0.618929,0.690789,-0.958252,-0.413800,-0.746848,-1.002316,-1.173962,0.749353,-0.121856,-1.077627,-0.543153,-0.828403,-2.723868,0.834030,0.131887,-1.289324,-0.514457,-0.729987,-3.050132,0.726948,0.109804,-1.437064,-0.450654,-0.830971,-3.120197,0.674267,0.018888,-1.173203,-0.462603,-0.988887,-2.802298,0.329783,-0.015844,-0.065768,-0.329783,0.015844,0.065768,0.292917,1.473979,0.007518,-0.351413,1.490757,0.048020,0.274217,2.819917,1.298533,-0.334280,2.808693,0.827598,0.290239,3.013160,1.354632,-0.341858,3.002934,0.872139,0.164943,3.242026,0.157263,-0.247474,3.227103,-0.463685,0.467543,0.365120,-0.001936,0.468729,0.360857,-0.006990,0.472075,0.356091,-0.012632,0.476914,0.350003,-0.017868,0.485130,0.344778,-0.022348,0.493721,0.345226,-0.024061,0.502589,0.342848,-0.023524,0.512421,0.346182,-0.020336,0.519022,0.350996,-0.016039,0.523965,0.354837,-0.011097,0.526344,0.358720,-0.006396,0.523278,0.361934,-0.010786,0.518912,0.365230,-0.015848,0.512513,0.369586,-0.019509,0.504584,0.372965,-0.021905,0.495857,0.374357,-0.021871,0.487470,0.374586,-0.020665,0.479996,0.372863,-0.017118,0.474137,0.369833,-0.012875,0.470328,0.367618,-0.007049,0.441677,0.266089,0.020009,0.443632,0.265134,0.016817,0.446098,0.263858,0.014409,0.449894,0.262045,0.012171,0.455345,0.260545,0.010126,0.460578,0.260030,0.009421,0.466190,0.259617,0.010287,0.469968,0.260589,0.011561,0.513402,0.257804,0.009303,0.515268,0.258448,0.009059,0.518578,0.259271,0.007208,0.523921,0.260634,0.005863,0.529713,0.260967,0.005740,0.535968,0.260061,0.007129,0.540171,0.258918,0.009134,0.543252,0.257952,0.011058,0.490342,0.246913,-0.006566,0.490176,0.257537,-0.012671,0.489992,0.266993,-0.019535,0.489795,0.275859,-0.027046,0.000000,0.000000,0.000000,0.000000,0.000000,0.000000,0.000000,0.000000,0.000000,0.000000,0.000000,0.000000,0.000000,0.000000,0.000000,0.000000,0.000000,0.000000,0.000000,0.000000,0.000000,0.000000,0.000000,0.000000,0.000000,0.000000,0.000000,0.000000,0.000000,0.000000,0.000000,0.000000,0.000000,0.000000,0.000000,0.000000,0.000000,0.000000,0.000000,0.000000,0.000000,0.000000,0.000000,0.000000,0.000000,0.000000,0.000000,0.000000,0.000000,0.000000,0.000000,0.000000,0.000000,0.000000,0.000000,0.000000,0.000000,0.000000,0.000000,0.000000,0.000000,0.000000,0.000000,0.000000,0.000000,0.000000,0.000000,0.000000,0.000000,0.000000,0.000000,0.000000,0.000000,0.000000,0.000000,0.000000,0.000000,0.000000,0.000000,0.000000,0.000000,0.000000,0.000000,0.000000,0.000000,0.000000,0.000000,0.000000,0.000000,0.000000,0.000000,0.000000,0.000000,0.000000,0.000000,0.000000,0.000000,0.000000,0.000000,0.000000,0.000000,0.000000,0.000000,0.000000,0.000000,0.000000,0.000000,0.000000,0.000000,0.000000,0.000000,0.000000,0.000000,0.000000,0.000000,0.000000,0.000000,0.000000,0.000000,0.000000,0.000000,0.000000,0.000000,0.000000,0.000000,0.000000
-0.121494,-2.549474,-1.684969,-0.066417,-2.678698,-1.567639,-0.025507,-2.677030,-1.567381,0.006776,-2.674292,-1.567913,-0.176964,-2.670990,-1.577969,-0.209524,-2.669004,-1.576667,-0.244508,-2.663640,-1.577208,0.062478,-2.603665,-0.795436,-0.278915,-2.594834,-0.802848,-0.034937,-2.400444,-1.394076,-0.183868,-2.398426,-1.400396,0.417045,-1.819482,-0.417499,-0.551602,-1.810093,-0.665763,0.675654,-0.912189,-0.297000,-0.740858,-0.988893,-1.056030,0.802329,-0.099914,-0.954170,-0.562299,-0.634837,-2.422347,0.890380,0.150203,-1.171021,-0.567610,-0.389579,-2.731428,0.788234,0.140102,-1.328593,-0.488785,-0.469622,-2.836742,0.734725,0.046863,-1.055131,-0.458720,-0.727740,-2.507963,0.325561,-0.012880,-0.066225,-0.325561,0.012880,0.066225,0.290704,1.460883,0.012245,-0.337304,1.483721,0.072079,0.267548,2.792870,1.289089,-0.322136,2.791817,0.830953,0.284251,2.989236,1.347660,-0.331077,2.986275,0.874248,0.162118,3.213009,0.167924,-0.234252,3.213845,-0.461294,0.471091,0.364198,-0.002735,0.472611,0.360242,-0.007798,0.476429,0.355874,-0.013414,0.481667,0.350115,-0.018546,0.490042,0.345337,-0.022842,0.498596,0.346010,-0.024365,0.507296,0.343858,-0.023663,0.516802,0.347234,-0.020299,0.523281,0.351939,-0.015846,0.528237,0.355582,-0.010694,0.530617,0.359183,-0.005860,0.527430,0.362302,-0.010576,0.522936,0.365332,-0.016008,0.516486,0.369362,-0.019975,0.508680,0.372435,-0.022841,0.500143,0.373546,-0.023054,0.491902,0.373717,-0.021989,0.484381,0.371929,-0.018307,0.478282,0.368953,-0.013967,0.474114,0.366766,-0.007931,0.446603,0.261743,0.019823,0.448426,0.259972,0.016763,0.450699,0.257976,0.014384,0.454399,0.255300,0.012167,0.460087,0.253437,0.010257,0.465675,0.253427,0.009718,0.471567,0.254644,0.010564,0.475701,0.257443,0.011764,0.517915,0.256717,0.010307,0.519891,0.257703,0.010068,0.523460,0.258573,0.008288,0.529073,0.259985,0.006979,0.535073,0.260301,0.006932,0.541252,0.259166,0.008458,0.545328,0.257691,0.010637,0.548169,0.256339,0.012604,0.496082,0.245012,-0.006347,0.495941,0.255742,-0.012657,0.495819,0.265539,-0.019637,0.495663,0.274751,-0.027302,0.000000,0.000000,0.000000,0.000000,0.000000,0.000000,0.000000,0.000000,0.000000,0.000000,0.000000,0.000000,0.000000,0.000000,0.000000,0.000000,0.000000,0.000000,0.000000,0.000000,0.000000,0.000000,0.000000,0.000000,0.000000,0.000000,0.000000,0.000000,0.000000,0.000000,0.000000,0.000000,0.000000,0.000000,0.000000,0.000000,0.000000,0.000000,0.000000,0.000000,0.000000,0.000000,0.000000,0.000000,0.000000,0.000000,0.000000,0.000000,0.000000,0.000000,0.000000,0.000000,0.000000,0.000000,0.000000,0.000000,0.000000,0.000000,0.000000,0.000000,0.000000,0.000000,0.000000,0.000000,0.000000,0.000000,0.000000,0.000000,0.000000,0.000000,0.000000,0.000000,0.000000,0.000000,0.000000,0.000000,0.000000,0.000000,0.000000,0.000000,0.000000,0.000000,0.000000,0.000000,0.000000,0.000000,0.000000,0.000000,0.000000,0.000000,0.000000,0.000000,0.000000,0.000000,0.000000,0.000000,0.000000,0.000000,0.000000,0.000000,0.000000,0.000000,0.000000,0.000000,0.000000,0.000000,0.000000,0.000000,0.000000,0.000000,0.000000,0.000000,0.000000,0.000000,0.000000,0.000000,0.000000,0.000000,0.000000,0.000000,0.000000,0.000000,0.000000,0.000000,0.000000,0.000000
-0.106946,-2.520663,-1.840703,-0.049108,-2.655169,-1.697288,-0.007807,-2.653866,-1.697860,0.024189,-2.651375,-1.697455,-0.160190,-2.647530,-1.709953,-0.192682,-2.646031,-1.709249,-0.226587,-2.641068,-1.710675,0.082682,-2.579301,-0.805820,-0.261861,-2.573358,-0.860246,-0.020578,-2.372454,-1.515037,-0.168945,-2.369712,-1.530549,0.450067,-1.794242,-0.280351,-0.535448,-1.798963,-0.435579,0.757401,-1.006107,-0.856237,-0.730522,-0.946043,-0.967048,0.615737,-0.779932,-2.626015,-0.523184,-0.689723,-2.866690,0.552996,-0.794938,-3.072044,-0.507240,-0.361171,-3.271841,0.501190,-0.998832,-3.121417,-0.438157,-0.598168,-3.407022,0.491650,-1.001904,-2.698600,-0.425048,-0.785089,-2.967642,0.331778,-0.007108,-0.040522,-0.331778,0.007108,0.040522,0.292626,1.394772,-0.097787,-0.370271,1.379995,-0.153976,0.283057,2.690211,0.941184,-0.350782,2.645468,0.422795,0.297760,2.873615,0.970616,-0.361126,2.830552,0.438536,0.178483,3.099822,-0.231253,-0.252971,3.025565,-0.855267,0.472398,0.363410,-0.003549,0.473820,0.359408,-0.008472,0.477479,0.354943,-0.013882,0.482585,0.349102,-0.018823,0.490760,0.344256,-0.022976,0.499152,0.344867,-0.024511,0.507712,0.342771,-0.023785,0.517043,0.346208,-0.020553,0.523396,0.351011,-0.016265,0.528176,0.354768,-0.011283,0.530463,0.358412,-0.006555,0.527340,0.361421,-0.011243,0.522976,0.364353,-0.016522,0.516704,0.368275,-0.020370,0.509088,0.371241,-0.023096,0.500770,0.372354,-0.023275,0.492774,0.372533,-0.022242,0.485421,0.370869,-0.018737,0.479453,0.367996,-0.014535,0.475372,0.365893,-0.008675,0.447263,0.261758,0.020026,0.449094,0.259919,0.017007,0.451361,0.257852,0.014656,0.455039,0.255104,0.012468,0.460710,0.253203,0.010578,0.466286,0.253225,0.010052,0.472177,0.254540,0.010880,0.476344,0.257444,0.012050,0.518375,0.256737,0.010698,0.520357,0.257740,0.010471,0.523935,0.258604,0.008688,0.529544,0.260017,0.007382,0.535551,0.260335,0.007328,0.541719,0.259183,0.008882,0.545780,0.257663,0.011088,0.548583,0.256271,0.013074,0.496626,0.245077,-0.005825,0.496502,0.255624,-0.012154,0.496402,0.265354,-0.019141,0.496266,0.274551,-0.026803,0.000000,0.000000,0.000000,0.000000,0.000000,0.000000,0.000000,0.000000,0.000000,0.000000,0.000000,0.000000,0.000000,0.000000,0.000000,0.000000,0.000000,0.000000,0.000000,0.000000,0.000000,0.000000,0.000000,0.000000,0.000000,0.000000,0.000000,0.000000,0.000000,0.000000,0.000000,0.000000,0.000000,0.000000,0.000000,0.000000,0.000000,0.000000,0.000000,0.000000,0.000000,0.000000,0.000000,0.000000,0.000000,0.000000,0.000000,0.000000,0.000000,0.000000,0.000000,0.000000,0.000000,0.000000,0.000000,0.000000,0.000000,0.000000,0.000000,0.000000,0.000000,0.000000,0.000000,0.788674,0.955144,-0.000000,0.765386,0.892635,-0.007261,0.738613,0.831192,-0.017648,0.716525,0.784507,-0.026609,0.701508,0.748699,-0.037865,0.752842,0.857451,-0.040378,0.711525,0.830172,-0.056425,0.683899,0.818200,-0.064900,0.660329,0.807236,-0.070840,0.757208,0.900491,-0.046217,0.703532,0.883036,-0.061995,0.663135,0.876600,-0.069345,0.631992,0.874669,-0.076885,0.753387,0.941588,-0.050843,0.697368,0.927274,-0.065765,0.658549,0.919282,-0.069659,0.629378,0.914181,-0.073165,0.743211,0.978781,-0.054997,0.693456,0.967203,-0.067617,0.663446,0.955571,-0.070157,0.640020,0.945702,-0.072188
-0.093379,-2.419174,-1.487504,-0.041423,-2.560364,-1.364539,-0.003955,-2.560843,-1.364368,0.022337,-2.560552,-1.363531,-0.154238,-2.551516,-1.386777,-0.187141,-2.549869,-1.385716,-0.220409,-2.546044,-1.386948,0.075460,-2.493058,-0.596613,-0.259745,-2.480880,-0.702510,-0.014417,-2.281422,-1.204248,-0.155064,-2.275148,-1.236642,0.433342,-1.746049,-0.132108,-0.529471,-1.732252,-0.401909,0.812382,-0.796443,-0.958762,-0.713182,-0.855869,-0.914716,0.619999,-1.210589,-2.589305,-0.524589,-0.635885,-2.319360,0.522607,-1.380610,-2.942243,-0.538435,-0.303631,-2.572064,0.496452,-1.511800,-2.795234,-0.469764,-0.442925,-2.658068,0.498502,-1.465397,-2.575229,-0.443064,-0.719220,-2.393037,0.332846,-0.010225,0.040488,-0.332846,0.010225,-0.040488,0.283561,1.372462,-0.083249,-0.372704,1.348193,-0.248675,0.279544,2.634290,0.672046,-0.352088,2.568051,0.105476,0.299332,2.808046,0.689620,-0.370605,2.745753,0.106062,0.180702,3.041994,-0.362215,-0.242963,2.947384,-1.024172,0.472594,0.366156,-0.002500,0.474070,0.362285,-0.007516,0.477749,0.358025,-0.012987,0.482899,0.352446,-0.017985,0.491153,0.347840,-0.022134,0.499585,0.348554,-0.023585,0.508175,0.346502,-0.022845,0.517478,0.349854,-0.019492,0.523763,0.354492,-0.015087,0.528479,0.358093,-0.009988,0.530707,0.361631,-0.005135,0.527580,0.364751,-0.009737,0.523222,0.367798,-0.014994,0.516952,0.371797,-0.018842,0.509329,0.374800,-0.021627,0.500996,0.375859,-0.021836,0.492952,0.375954,-0.020864,0.485602,0.374139,-0.017391,0.479634,0.371086,-0.013257,0.475563,0.368799,-0.007477,0.447990,0.264664,0.018670,0.449824,0.262957,0.015656,0.452110,0.260987,0.013329,0.455800,0.258357,0.011142,0.461439,0.256550,0.009291,0.466950,0.256580,0.008786,0.472757,0.257845,0.009697,0.476850,0.260665,0.010919,0.518887,0.260082,0.009890,0.520788,0.261018,0.009669,0.524272,0.261854,0.007943,0.529772,0.263258,0.006695,0.535686,0.263605,0.006696,0.541811,0.262525,0.008248,0.545871,0.261073,0.010425,0.548713,0.259722,0.012370,0.497320,0.249033,-0.006929,0.497197,0.259613,-0.013015,0.497117,0.269470,-0.019756,0.496996,0.278770,-0.027168,0.000000,0.000000,0.000000,0.000000,0.000000,0.000000,0.000000,0.000000,0.000000,0.000000,0.000000,0.000000,0.000000,0.000000,0.000000,0.000000,0.000000,0.000000,0.000000,0.000000,0.000000,0.000000,0.000000,0.000000,0.000000,0.000000,0.000000,0.000000,0.000000,0.000000,0.000000,0.000000,0.000000,0.000000,0.000000,0.000000,0.000000,0.000000,0.000000,0.000000,0.000000,0.000000,0.000000,0.000000,0.000000,0.000000,0.000000,0.000000,0.000000,0.000000,0.000000,0.000000,0.000000,0.000000,0.000000,0.000000,0.000000,0.000000,0.000000,0.000000,0.000000,0.000000,0.000000,0.800772,0.804940,0.000000,0.801874,0.732488,-0.006790,0.786948,0.665321,-0.016314,0.782317,0.606211,-0.023239,0.794992,0.564751,-0.031950,0.742048,0.682440,-0.034667,0.698196,0.625880,-0.044307,0.674456,0.592013,-0.048245,0.655969,0.566601,-0.050010,0.722245,0.718436,-0.035676,0.669830,0.664990,-0.044235,0.640674,0.635147,-0.046280,0.618400,0.614455,-0.047372,0.707648,0.755428,-0.034669,0.655661,0.706644,-0.044459,0.626149,0.677716,-0.050336,0.604056,0.659085,-0.053732,0.700083,0.788853,-0.032569,0.662546,0.746415,-0.038480,0.663107,0.737263,-0.035445,0.668941,0.736396,-0.032293
-0.078664,-2.403820,-1.534308,-0.027925,-2.547267,-1.408283,0.004841,-2.549388,-1.408131,0.029435,-2.550710,-1.407173,-0.142677,-2.539336,-1.434413,-0.179099,-2.537907,-1.433436,-0.210461,-2.535711,-1.434688,0.077469,-2.487207,-0.609258,-0.257566,-2.473351,-0.737112,-0.005971,-2.270747,-1.239572,-0.141888,-2.261515,-1.276402,0.431317,-1.750776,-0.138670,-0.528610,-1.726202,-0.417842,0.805745,-0.785855,-1.001674,-0.710093,-0.842918,-0.993907,0.622229,-1.217141,-2.731693,-0.523570,-0.622059,-2.479433,0.527987,-1.389627,-3.101075,-0.530762,-0.296965,-2.747395,0.501645,-1.530896,-2.963465,-0.468584,-0.448128,-2.826731,0.503946,-1.486979,-2.723861,-0.442619,-0.710904,-2.551639,0.330668,-0.011080,0.039634,-0.330668,0.011080,-0.039634,0.284680,1.368319,-0.004513,-0.362735,1.346455,-0.234013,0.283619,2.623197,0.853633,-0.334437,2.561076,0.242312,0.303211,2.794719,0.878101,-0.353257,2.737252,0.254355,0.189838,3.031152,-0.204507,-0.225431,2.939345,-0.921609,0.475624,0.368657,-0.002683,0.477212,0.364864,-0.007650,0.481059,0.360773,-0.013018,0.486447,0.355389,-0.017877,0.495017,0.350987,-0.021795,0.503599,0.351970,-0.022935,0.512224,0.350033,-0.021896,0.521392,0.353479,-0.018135,0.527468,0.358158,-0.013396,0.531967,0.361802,-0.008036,0.534078,0.365336,-0.003064,0.531021,0.368429,-0.007726,0.526781,0.371415,-0.013157,0.520625,0.375343,-0.017133,0.512998,0.378242,-0.020133,0.504638,0.379116,-0.020627,0.496352,0.379028,-0.019944,0.488841,0.376979,-0.016843,0.482747,0.373725,-0.012903,0.478630,0.371367,-0.007360,0.451928,0.267469,0.015769,0.453919,0.266229,0.012779,0.456399,0.264733,0.010500,0.460242,0.262698,0.008427,0.465862,0.261302,0.006707,0.471236,0.261315,0.006392,0.476990,0.262141,0.007515,0.480943,0.264376,0.008944,0.522901,0.265019,0.009728,0.524721,0.265900,0.009611,0.528045,0.266909,0.008013,0.533371,0.268553,0.006989,0.539137,0.269123,0.007220,0.545208,0.268270,0.008908,0.549226,0.267031,0.011170,0.552069,0.265941,0.013179,0.502132,0.253015,-0.007601,0.502033,0.263716,-0.013371,0.501982,0.273510,-0.019935,0.501924,0.282731,-0.027143,0.000000,0.000000,0.000000,0.000000,0.000000,0.000000,0.000000,0.000000,0.000000,0.000000,0.000000,0.000000,0.000000,0.000000,0.000000,0.000000,0.000000,0.000000,0.000000,0.000000,0.000000,0.000000,0.000000,0.000000,0.000000,0.000000,0.000000,0.000000,0.000000,0.000000,0.000000,0.000000,0.000000,0.000000,0.000000,0.000000,0.000000,0.000000,0.000000,0.000000,0.000000,0.000000,0.000000,0.000000,0.000000,0.000000,0.000000,0.000000,0.000000,0.000000,0.000000,0.000000,0.000000,0.000000,0.000000,0.000000,0.000000,0.000000,0.000000,0.000000,0.000000,0.000000,0.000000,0.803033,0.804208,0.000000,0.804112,0.730009,-0.005686,0.788809,0.662754,-0.014848,0.783572,0.601395,-0.021130,0.796625,0.558021,-0.029054,0.744245,0.678800,-0.036062,0.700359,0.618744,-0.045060,0.676243,0.583079,-0.047875,0.656702,0.556568,-0.048639,0.723028,0.714543,-0.036646,0.668977,0.659688,-0.046105,0.638741,0.629131,-0.047126,0.615289,0.608406,-0.046823,0.707529,0.751260,-0.034634,0.654714,0.701553,-0.045609,0.624438,0.671031,-0.050154,0.601481,0.650974,-0.051708,0.699746,0.784508,-0.031155,0.661201,0.740181,-0.035965,0.664875,0.733185,-0.030103,0.675137,0.734292,-0.024567
-0.065690,-2.384090,-1.583399,-0.018740,-2.524789,-1.454039,0.010208,-2.527428,-1.453936,0.034572,-2.529175,-1.452882,-0.129689,-2.517784,-1.485636,-0.169386,-2.515917,-1.484768,-0.200242,-2.513943,-1.485949,0.077853,-2.468667,-0.635769,-0.255666,-2.451352,-0.787647,0.001740,-2.252234,-1.282213,-0.130045,-2.241618,-1.327169,0.426178,-1.742042,-0.153802,-0.528401,-1.712201,-0.450262,0.801451,-0.773785,-0.998645,-0.709128,-0.830384,-1.094869,0.620008,-1.210091,-2.755496,-0.508211,-0.695004,-2.681167,0.523527,-1.375916,-3.129766,-0.495958,-0.436136,-2.966874,0.499894,-1.517159,-2.999924,-0.435178,-0.594668,-3.025487,0.502107,-1.473619,-2.749940,-0.430508,-0.793952,-2.745155,0.329255,-0.014821,0.046594,-0.329255,0.014821,-0.046594,0.284619,1.353455,0.020687,-0.361310,1.338937,-0.206946,0.284248,2.599426,0.890282,-0.329346,2.542026,0.265627,0.303292,2.767080,0.915064,-0.349097,2.714217,0.276617,0.195638,3.004855,-0.168848,-0.216112,2.917681,-0.899960,0.476763,0.368695,-0.003343,0.478720,0.364993,-0.008455,0.483059,0.361183,-0.013846,0.488948,0.356079,-0.018631,0.497976,0.352030,-0.022365,0.506801,0.353293,-0.023160,0.515411,0.351429,-0.021762,0.524307,0.354794,-0.017474,0.530139,0.359394,-0.012292,0.534447,0.362929,-0.006514,0.536432,0.366423,-0.001201,0.533473,0.369698,-0.006093,0.529344,0.372889,-0.011842,0.523297,0.376982,-0.016112,0.515703,0.379931,-0.019649,0.507221,0.380763,-0.020525,0.498583,0.380450,-0.020167,0.490747,0.378045,-0.017219,0.484313,0.374401,-0.013338,0.479918,0.371673,-0.007874,0.453424,0.265478,0.013788,0.455448,0.264081,0.010861,0.457946,0.262446,0.008617,0.461878,0.260225,0.006592,0.467711,0.258818,0.005080,0.473286,0.259052,0.004990,0.479142,0.260421,0.006330,0.483202,0.263181,0.007849,0.525514,0.265366,0.010457,0.527347,0.266351,0.010392,0.530756,0.267437,0.008896,0.536153,0.269181,0.008031,0.541942,0.269851,0.008471,0.547961,0.269146,0.010390,0.551923,0.267997,0.012825,0.554691,0.266953,0.014945,0.505501,0.253409,-0.008366,0.505595,0.264105,-0.014232,0.505739,0.273983,-0.020853,0.505871,0.283264,-0.028169,0.000000,0.000000,0.000000,0.000000,0.000000,0.000000,0.000000,0.000000,0.000000,0.000000,0.000000,0.000000,0.000000,0.000000,0.000000,0.000000,0.000000,0.000000,0.000000,0.000000,0.000000,0.000000,0.000000,0.000000,0.000000,0.000000,0.000000,0.000000,0.000000,0.000000,0.000000,0.000000,0.000000,0.000000,0.000000,0.000000,0.000000,0.000000,0.000000,0.000000,0.000000,0.000000,0.000000,0.000000,0.000000,0.000000,0.000000,0.000000,0.000000,0.000000,0.000000,0.000000,0.000000,0.000000,0.000000,0.000000,0.000000,0.000000,0.000000,0.000000,0.000000,0.000000,0.000000,0.801434,0.806052,0.000000,0.802626,0.732096,-0.005724,0.787299,0.664343,-0.015190,0.781753,0.603517,-0.022276,0.794266,0.559317,-0.031328,0.744144,0.679284,-0.035553,0.699619,0.621487,-0.045462,0.675136,0.586275,-0.049336,0.655192,0.559433,-0.051102,0.723349,0.714849,-0.037611,0.667547,0.660738,-0.047374,0.636723,0.631343,-0.049645,0.612597,0.610654,-0.050624,0.707715,0.752533,-0.037262,0.652475,0.703813,-0.048454,0.622308,0.674808,-0.053210,0.599611,0.655142,-0.055341,0.699472,0.788639,-0.035626,0.658011,0.746688,-0.041644,0.662212,0.738493,-0.036388,0.673347,0.737889,-0.031354
-0.064979,-2.492728,-2.002649,-0.011991,-2.631390,-1.870355,0.022968,-2.632804,-1.870405,0.048810,-2.633597,-1.870954,-0.124638,-2.626218,-1.894949,-0.159911,-2.624908,-1.894063,-0.191999,-2.624190,-1.894923,0.096333,-2.569052,-0.954524,-0.243472,-2.561392,-1.097298,0.009329,-2.355274,-1.671848,-0.129715,-2.349298,-1.702679,0.448836,-1.811666,-0.435359,-0.523820,-1.803753,-0.667174,0.738120,-1.000821,-0.452939,-0.706114,-0.948191,-1.164761,0.619050,-0.280057,-1.259727,-0.505834,-0.768749,-2.706976,0.644170,-0.032491,-1.505178,-0.466224,-0.570890,-3.053300,0.515613,-0.093044,-1.626253,-0.391667,-0.683810,-3.132545,0.500764,-0.179542,-1.344408,-0.416452,-0.900387,-2.782436,0.323690,-0.009687,-0.054079,-0.323690,0.009687,0.054079,0.283522,1.438632,-0.117632,-0.354808,1.435325,-0.077953,0.262984,2.754110,1.080004,-0.339517,2.727780,0.660764,0.275337,2.944371,1.128311,-0.348179,2.919512,0.697223,0.155650,3.164617,-0.132402,-0.256405,3.126228,-0.676373,0.472010,0.367345,-0.002884,0.473722,0.363579,-0.008016,0.477754,0.359466,-0.013578,0.483280,0.354047,-0.018589,0.491894,0.349690,-0.022728,0.500506,0.350638,-0.024049,0.509186,0.348757,-0.023164,0.518410,0.352279,-0.019550,0.524609,0.357068,-0.014905,0.529253,0.360755,-0.009565,0.531445,0.364283,-0.004525,0.528290,0.367317,-0.009305,0.523892,0.370158,-0.014812,0.517564,0.373910,-0.018862,0.509863,0.376661,-0.021893,0.501423,0.377499,-0.022273,0.493191,0.377457,-0.021413,0.485624,0.375515,-0.017926,0.479405,0.372379,-0.013731,0.475107,0.370037,-0.007894,0.448157,0.264255,0.018187,0.450034,0.262486,0.015139,0.452373,0.260472,0.012796,0.456173,0.257811,0.010582,0.462018,0.256074,0.008775,0.467723,0.256306,0.008363,0.473698,0.257940,0.009374,0.477926,0.261120,0.010648,0.520539,0.261900,0.010409,0.522471,0.262925,0.010211,0.526043,0.263852,0.008517,0.531671,0.265384,0.007319,0.537701,0.265858,0.007407,0.543896,0.264881,0.009077,0.547983,0.263493,0.011364,0.550808,0.262183,0.013404,0.499299,0.250314,-0.007290,0.499175,0.260932,-0.013503,0.499090,0.270934,-0.020377,0.498962,0.280388,-0.027948,0.000000,0.000000,0.000000,0.000000,0.000000,0.000000,0.000000,0.000000,0.000000,0.000000,0.000000,0.000000,0.000000,0.000000,0.000000,0.000000,0.000000,0.000000,0.000000,0.000000,0.000000,0.000000,0.000000,0.000000,0.000000,0.000000,0.000000,0.000000,0.000000,0.000000,0.000000,0.000000,0.000000,0.000000,0.000000,0.000000,0.000000,0.000000,0.000000,0.000000,0.000000,0.000000,0.000000,0.000000,0.000000,0.000000,0.000000,0.000000,0.000000,0.000000,0.000000,0.000000,0.000000,0.000000,0.000000,0.000000,0.000000,0.000000,0.000000,0.000000,0.000000,0.000000,0.000000,0.000000,0.000000,0.000000,0.000000,0.000000,0.000000,0.000000,0.000000,0.000000,0.000000,0.000000,0.000000,0.000000,0.000000,0.000000,0.000000,0.000000,0.000000,0.000000,0.000000,0.000000,0.000000,0.000000,0.000000,0.000000,0.000000,0.000000,0.000000,0.000000,0.000000,0.000000,0.000000,0.000000,0.000000,0.000000,0.000000,0.000000,0.000000,0.000000,0.000000,0.000000,0.000000,0.000000,0.000000,0.000000,0.000000,0.000000,0.000000,0.000000,0.000000,0.000000,0.000000,0.000000,0.000000,0.000000,0.000000,0.000000,0.000000,0.000000,0.000000,0.000000,0.000000,0.000000
-0.084518,-2.498720,-1.707246,-0.028265,-2.630715,-1.592277,0.012655,-2.630530,-1.592045,0.041537,-2.629993,-1.592840,-0.138864,-2.624743,-1.602931,-0.170282,-2.623933,-1.601574,-0.204202,-2.622207,-1.602087,0.093866,-2.565174,-0.847127,-0.244430,-2.560319,-0.852967,-0.003235,-2.357605,-1.421169,-0.147827,-2.353664,-1.428021,0.445110,-1.797057,-0.421393,-0.517962,-1.805479,-0.690333,0.689614,-0.911502,-0.322933,-0.710351,-0.982146,-1.046451,0.807143,-0.087627,-0.952900,-0.529566,-0.603622,-2.390008,0.895265,0.162612,-1.170308,-0.546745,-0.338615,-2.695722,0.792830,0.156095,-1.324750,-0.460700,-0.417120,-2.807473,0.739103,0.062064,-1.052053,-0.415724,-0.731798,-2.477546,0.320024,-0.009575,-0.060083,-0.320024,0.009575,0.060083,0.278422,1.449079,-0.021234,-0.344432,1.458192,0.050170,0.244403,2.772256,1.208604,-0.342881,2.755487,0.770574,0.258444,2.966418,1.264190,-0.354141,2.950355,0.810266,0.134554,3.187947,0.080112,-0.256950,3.164860,-0.511393,0.470283,0.365669,-0.003397,0.471832,0.361692,-0.008443,0.475672,0.357321,-0.013941,0.481009,0.351609,-0.018933,0.489533,0.346853,-0.023093,0.498156,0.347590,-0.024518,0.506859,0.345536,-0.023674,0.516211,0.349007,-0.020209,0.522488,0.353804,-0.015689,0.527155,0.357545,-0.010487,0.529348,0.361201,-0.005584,0.526255,0.364396,-0.010304,0.521938,0.367499,-0.015713,0.515678,0.371563,-0.019675,0.507981,0.374605,-0.022591,0.499481,0.375680,-0.022895,0.491198,0.375742,-0.021963,0.483636,0.373857,-0.018475,0.477495,0.370726,-0.014280,0.473312,0.368373,-0.008449,0.445176,0.263628,0.019121,0.447067,0.261907,0.016061,0.449438,0.259940,0.013699,0.453240,0.257336,0.011510,0.459031,0.255572,0.009654,0.464659,0.255668,0.009173,0.470555,0.256974,0.010099,0.474711,0.259804,0.011354,0.517607,0.259584,0.010654,0.519564,0.260568,0.010450,0.523119,0.261477,0.008698,0.528718,0.262942,0.007450,0.534722,0.263330,0.007475,0.540927,0.262279,0.009100,0.545023,0.260842,0.011361,0.547872,0.259515,0.013389,0.495894,0.247872,-0.006459,0.495821,0.258580,-0.012762,0.495772,0.268403,-0.019759,0.495697,0.277668,-0.027439,0.000000,0.000000,0.000000,0.000000,0.000000,0.000000,0.000000,0.000000,0.000000,0.000000,0.000000,0.000000,0.000000,0.000000,0.000000,0.000000,0.000000,0.000000,0.000000,0.000000,0.000000,0.000000,0.000000,0.000000,0.000000,0.000000,0.000000,0.000000,0.000000,0.000000,0.000000,0.000000,0.000000,0.000000,0.000000,0.000000,0.000000,0.000000,0.000000,0.000000,0.000000,0.000000,0.000000,0.000000,0.000000,0.000000,0.000000,0.000000,0.000000,0.000000,0.000000,0.000000,0.000000,0.000000,0.000000,0.000000,0.000000,0.000000,0.000000,0.000000,0.000000,0.000000,0.000000,0.000000,0.000000,0.000000,0.000000,0.000000,0.000000,0.000000,0.000000,0.000000,0.000000,0.000000,0.000000,0.000000,0.000000,0.000000,0.000000,0.000000,0.000000,0.000000,0.000000,0.000000,0.000000,0.000000,0.000000,0.000000,0.000000,0.000000,0.000000,0.000000,0.000000,0.000000,0.000000,0.000000,0.000000,0.000000,0.000000,0.000000,0.000000,0.000000,0.000000,0.000000,0.000000,0.000000,0.000000,0.000000,0.000000,0.000000,0.000000,0.000000,0.000000,0.000000,0.000000,0.000000,0.000000,0.000000,0.000000,0.000000,0.000000,0.000000,0.000000,0.000000,0.000000,0.000000
-0.091889,-2.424321,-1.793010,-0.034997,-2.556274,-1.657099,0.005643,-2.555932,-1.657557,0.036000,-2.554661,-1.657689,-0.143706,-2.550251,-1.676162,-0.174857,-2.549157,-1.675363,-0.208577,-2.546027,-1.676441,0.089276,-2.488134,-0.759099,-0.246461,-2.479871,-0.859543,-0.009586,-2.283697,-1.479543,-0.152107,-2.279843,-1.503837,0.447357,-1.721170,-0.165228,-0.518833,-1.725995,-0.422821,0.795781,-0.920287,-1.016300,-0.708933,-0.900472,-0.901802,0.615032,-0.924070,-3.116231,-0.501763,-0.630540,-2.621047,0.526529,-0.976726,-3.572054,-0.478724,-0.269465,-2.993002,0.502830,-1.170262,-3.516299,-0.389332,-0.422008,-3.117939,0.497054,-1.173413,-3.147281,-0.391379,-0.733009,-2.712461,0.315837,-0.008482,0.007208,-0.315837,0.008482,-0.007208,0.263557,1.374257,-0.280994,-0.349374,1.328045,-0.556940,0.262465,2.643467,0.551850,-0.331969,2.591295,-0.137342,0.274631,2.818440,0.564068,-0.344800,2.781483,-0.138706,0.167624,3.044019,-0.630837,-0.229947,2.952506,-1.430390,0.468878,0.365637,-0.002677,0.470298,0.361423,-0.007817,0.473886,0.356790,-0.013393,0.478957,0.350795,-0.018483,0.487242,0.345814,-0.022771,0.495794,0.346369,-0.024325,0.504488,0.344153,-0.023597,0.513946,0.347550,-0.020231,0.520319,0.352395,-0.015803,0.525073,0.356236,-0.010667,0.527360,0.360041,-0.005729,0.524319,0.363235,-0.010350,0.520019,0.366385,-0.015550,0.513747,0.370601,-0.019354,0.506031,0.373840,-0.022050,0.497502,0.375093,-0.022168,0.489284,0.375287,-0.021151,0.481814,0.373502,-0.017669,0.475821,0.370462,-0.013528,0.471795,0.368220,-0.007747,0.442759,0.262807,0.019433,0.444608,0.261026,0.016331,0.446908,0.258999,0.013938,0.450645,0.256279,0.011671,0.456389,0.254338,0.009735,0.462027,0.254279,0.009187,0.467978,0.255468,0.010087,0.472183,0.258261,0.011313,0.514846,0.257066,0.010026,0.516815,0.258035,0.009786,0.520397,0.258873,0.008007,0.526052,0.260280,0.006716,0.532114,0.260579,0.006684,0.538370,0.259383,0.008242,0.542502,0.257824,0.010448,0.545374,0.256398,0.012436,0.492839,0.245984,-0.006942,0.492751,0.256563,-0.013138,0.492693,0.266417,-0.020045,0.492594,0.275720,-0.027629,0.000000,0.000000,0.000000,0.000000,0.000000,0.000000,0.000000,0.000000,0.000000,0.000000,0.000000,0.000000,0.000000,0.000000,0.000000,0.000000,0.000000,0.000000,0.000000,0.000000,0.000000,0.000000,0.000000,0.000000,0.000000,0.000000,0.000000,0.000000,0.000000,0.000000,0.000000,0.000000,0.000000,0.000000,0.000000,0.000000,0.000000,0.000000,0.000000,0.000000,0.000000,0.000000,0.000000,0.000000,0.000000,0.000000,0.000000,0.000000,0.000000,0.000000,0.000000,0.000000,0.000000,0.000000,0.000000,0.000000,0.000000,0.000000,0.000000,0.000000,0.000000,0.000000,0.000000,0.790736,0.888584,0.000000,0.764807,0.921504,-0.007917,0.725460,0.922106,-0.016909,0.694780,0.897373,-0.022625,0.678221,0.875995,-0.029053,0.721861,0.919644,-0.043264,0.672303,0.896514,-0.058262,0.649860,0.880220,-0.063646,0.635394,0.870379,-0.065022,0.731425,0.881204,-0.046152,0.669416,0.868167,-0.064581,0.631011,0.859896,-0.073127,0.601347,0.855268,-0.077360,0.739174,0.843961,-0.046585,0.680023,0.821171,-0.064250,0.648587,0.811737,-0.071326,0.626548,0.806756,-0.073145,0.745550,0.814066,-0.045689,0.701407,0.801744,-0.056779,0.686407,0.800965,-0.056357,0.676746,0.798044,-0.054088
-0.071760,-2.377610,-1.556708,-0.021095,-2.512880,-1.429544,0.016971,-2.513419,-1.429633,0.045564,-2.513965,-1.428885,-0.130214,-2.505576,-1.460094,-0.161744,-2.504135,-1.459523,-0.195147,-2.500624,-1.460888,0.095885,-2.453201,-0.631364,-0.234397,-2.435534,-0.783029,0.006681,-2.240266,-1.261480,-0.131299,-2.234568,-1.305389,0.446738,-1.738992,-0.121291,-0.504201,-1.693447,-0.427283,0.816123,-0.791752,-1.011545,-0.688581,-0.844518,-1.021308,0.657776,-1.227669,-2.828963,-0.485956,-0.670663,-2.453465,0.558579,-1.379318,-3.218420,-0.479802,-0.375316,-2.724061,0.534062,-1.513008,-3.048621,-0.417282,-0.527545,-2.806277,0.525897,-1.464668,-2.832715,-0.413997,-0.775726,-2.525553,0.317368,-0.005576,0.059263,-0.317368,0.005576,-0.059263,0.250539,1.348229,-0.092063,-0.375548,1.300153,-0.334497,0.237163,2.581938,0.673140,-0.363035,2.511945,0.054782,0.249764,2.749375,0.692458,-0.384033,2.690470,0.057567,0.149550,2.979908,-0.338501,-0.260968,2.873764,-1.056063,0.468216,0.366992,-0.002379,0.469578,0.362824,-0.007517,0.473110,0.358221,-0.013084,0.478103,0.352234,-0.018177,0.486239,0.347262,-0.022492,0.494654,0.347817,-0.024107,0.503252,0.345660,-0.023448,0.512660,0.349142,-0.020200,0.519021,0.354037,-0.015872,0.523777,0.357893,-0.010827,0.526067,0.361671,-0.005913,0.523039,0.364759,-0.010474,0.518755,0.367805,-0.015535,0.512533,0.371916,-0.019253,0.504899,0.375066,-0.021827,0.496472,0.376282,-0.021877,0.488405,0.376474,-0.020828,0.481044,0.374726,-0.017330,0.475122,0.371735,-0.013207,0.471118,0.369527,-0.007449,0.442084,0.264479,0.019713,0.443905,0.262687,0.016614,0.446168,0.260652,0.014227,0.449871,0.257927,0.011938,0.455587,0.255988,0.009967,0.461207,0.255938,0.009376,0.467107,0.257146,0.010242,0.471276,0.259953,0.011425,0.513881,0.258527,0.009733,0.515844,0.259467,0.009474,0.519417,0.260260,0.007686,0.525049,0.261599,0.006362,0.531089,0.261843,0.006290,0.537323,0.260597,0.007803,0.541453,0.258979,0.009959,0.544318,0.257483,0.011909,0.491710,0.247917,-0.007100,0.491624,0.258372,-0.013238,0.491561,0.268169,-0.020063,0.491457,0.277438,-0.027557,0.000000,0.000000,0.000000,0.000000,0.000000,0.000000,0.000000,0.000000,0.000000,0.000000,0.000000,0.000000,0.000000,0.000000,0.000000,0.000000,0.000000,0.000000,0.000000,0.000000,0.000000,0.000000,0.000000,0.000000,0.000000,0.000000,0.000000,0.000000,0.000000,0.000000,0.000000,0.000000,0.000000,0.000000,0.000000,0.000000,0.000000,0.000000,0.000000,0.000000,0.000000,0.000000,0.000000,0.000000,0.000000,0.000000,0.000000,0.000000,0.000000,0.000000,0.000000,0.000000,0.000000,0.000000,0.000000,0.000000,0.000000,0.000000,0.000000,0.000000,0.000000,0.000000,0.000000,0.819237,0.800705,0.000001,0.815854,0.722264,-0.007294,0.798906,0.655984,-0.017072,0.794559,0.594451,-0.024181,0.805325,0.552697,-0.032944,0.746790,0.679173,-0.033804,0.697061,0.624483,-0.042427,0.669991,0.592334,-0.046107,0.647688,0.567717,-0.047997,0.726733,0.719562,-0.034493,0.666680,0.670736,-0.043874,0.633190,0.644518,-0.047252,0.606576,0.627462,-0.048960,0.714350,0.759564,-0.032839,0.656408,0.716111,-0.043052,0.622797,0.690513,-0.049277,0.596303,0.675077,-0.052446,0.710215,0.793921,-0.030075,0.667078,0.750726,-0.035105,0.668262,0.740246,-0.030606,0.675709,0.738364,-0.026185
-0.074818,-2.385237,-1.569445,-0.024116,-2.521070,-1.445209,0.014071,-2.521337,-1.445341,0.041761,-2.522154,-1.444552,-0.135178,-2.513733,-1.465477,-0.167223,-2.511816,-1.464715,-0.200940,-2.508375,-1.465696,0.091933,-2.460791,-0.634371,-0.241317,-2.444240,-0.748450,0.004363,-2.246495,-1.269801,-0.135291,-2.239672,-1.302910,0.444810,-1.745489,-0.134430,-0.512525,-1.694170,-0.418806,0.821998,-0.753514,-1.095124,-0.682850,-0.823497,-1.292065,0.664675,-1.210897,-2.996706,-0.497235,-0.834572,-3.139408,0.560087,-1.371441,-3.390323,-0.465334,-0.817553,-3.463517,0.539279,-1.508594,-3.264062,-0.466965,-1.017178,-3.500752,0.538953,-1.459865,-2.992774,-0.449839,-1.003325,-3.201087,0.318594,-0.005292,0.072543,-0.318594,0.005292,-0.072543,0.258788,1.352556,0.020305,-0.373878,1.307044,-0.205342,0.245775,2.580035,0.891801,-0.358091,2.507796,0.290796,0.260566,2.741678,0.917886,-0.381000,2.677048,0.301032,0.159601,2.967613,-0.151445,-0.256300,2.872685,-0.858609,0.468622,0.366678,-0.002073,0.470066,0.362660,-0.007263,0.473765,0.358243,-0.012942,0.478948,0.352445,-0.018150,0.487299,0.347645,-0.022532,0.495874,0.348242,-0.024116,0.504596,0.346049,-0.023462,0.514102,0.349367,-0.020128,0.520557,0.354083,-0.015678,0.525432,0.357770,-0.010495,0.527786,0.361423,-0.005546,0.524656,0.364566,-0.010169,0.520238,0.367626,-0.015441,0.513861,0.371707,-0.019309,0.506098,0.374830,-0.022038,0.497582,0.376017,-0.022149,0.489356,0.376200,-0.021072,0.481860,0.374447,-0.017422,0.475787,0.371453,-0.013145,0.471640,0.369253,-0.007203,0.443317,0.264758,0.019724,0.445139,0.262976,0.016602,0.447420,0.260956,0.014195,0.451131,0.258249,0.011896,0.456856,0.256336,0.009907,0.462495,0.256285,0.009331,0.468433,0.257478,0.010196,0.472634,0.260260,0.011406,0.515110,0.258989,0.009695,0.517083,0.259936,0.009445,0.520670,0.260743,0.007652,0.526323,0.262077,0.006330,0.532374,0.262330,0.006248,0.538593,0.261100,0.007765,0.542699,0.259535,0.009928,0.545542,0.258113,0.011886,0.493147,0.248058,-0.007171,0.493053,0.258589,-0.013355,0.492987,0.268405,-0.020225,0.492885,0.277683,-0.027781,0.000000,0.000000,0.000000,0.000000,0.000000,0.000000,0.000000,0.000000,0.000000,0.000000,0.000000,0.000000,0.000000,0.000000,0.000000,0.000000,0.000000,0.000000,0.000000,0.000000,0.000000,0.000000,0.000000,0.000000,0.000000,0.000000,0.000000,0.000000,0.000000,0.000000,0.000000,0.000000,0.000000,0.000000,0.000000,0.000000,0.000000,0.000000,0.000000,0.000000,0.000000,0.000000,0.000000,0.000000,0.000000,0.000000,0.000000,0.000000,0.000000,0.000000,0.000000,0.000000,0.000000,0.000000,0.000000,0.000000,0.000000,0.000000,0.000000,0.000000,0.000000,0.000000,0.000000,0.818694,0.802613,0.000001,0.816396,0.722520,-0.005544,0.799438,0.657328,-0.014357,0.794831,0.594693,-0.020150,0.805431,0.552550,-0.027413,0.746405,0.678889,-0.035258,0.696270,0.623096,-0.043244,0.669042,0.591007,-0.045538,0.646512,0.566107,-0.046164,0.725237,0.718604,-0.035301,0.665108,0.669053,-0.045361,0.631433,0.642795,-0.047205,0.605197,0.625614,-0.047307,0.712255,0.758398,-0.032430,0.655107,0.714351,-0.043273,0.622035,0.688012,-0.048126,0.596221,0.671378,-0.049681,0.708404,0.792496,-0.028027,0.665711,0.749706,-0.031849,0.668653,0.740541,-0.025524,0.678351,0.739754,-0.019674
-0.082777,-2.388590,-1.644503,-0.031438,-2.525070,-1.519244,0.006821,-2.525280,-1.519399,0.034081,-2.526022,-1.518692,-0.143636,-2.516913,-1.536874,-0.176137,-2.514602,-1.536130,-0.210126,-2.510839,-1.537372,0.085923,-2.463826,-0.681020,-0.250618,-2.447007,-0.769229,-0.003318,-2.248932,-1.331753,-0.143457,-2.241658,-1.358286,0.445014,-1.750957,-0.150534,-0.518442,-1.697585,-0.413003,0.815490,-0.754188,-1.106845,-0.690005,-0.818888,-1.202281,0.655642,-1.209490,-3.092208,-0.519154,-0.808496,-3.037479,0.543169,-1.365796,-3.507169,-0.489710,-0.713132,-3.363451,0.528144,-1.504062,-3.380265,-0.470366,-0.879397,-3.420017,0.533071,-1.458034,-3.088814,-0.463838,-0.970004,-3.105920,0.320569,-0.005766,0.070558,-0.320569,0.005766,-0.070558,0.263499,1.352930,0.003900,-0.377653,1.310127,-0.207800,0.250416,2.580755,0.859847,-0.363940,2.514866,0.268608,0.267021,2.743313,0.883418,-0.386538,2.686288,0.276453,0.156650,2.973755,-0.205317,-0.263350,2.880202,-0.885273,0.469203,0.366617,-0.002198,0.470623,0.362582,-0.007408,0.474273,0.358135,-0.013078,0.479376,0.352315,-0.018255,0.487637,0.347497,-0.022634,0.496134,0.348151,-0.024257,0.504805,0.346035,-0.023613,0.514257,0.349503,-0.020326,0.520645,0.354308,-0.015955,0.525459,0.358051,-0.010848,0.527792,0.361731,-0.005894,0.524724,0.364880,-0.010486,0.520369,0.367970,-0.015668,0.514058,0.372094,-0.019452,0.506334,0.375221,-0.022081,0.497817,0.376404,-0.022167,0.489648,0.376517,-0.021083,0.482216,0.374665,-0.017489,0.476217,0.371556,-0.013255,0.472145,0.369249,-0.007350,0.443346,0.263437,0.019996,0.445144,0.261604,0.016860,0.447401,0.259534,0.014430,0.451131,0.256794,0.012117,0.456933,0.254905,0.010103,0.462653,0.254967,0.009488,0.468616,0.256348,0.010309,0.472836,0.259297,0.011511,0.515747,0.258380,0.009644,0.517749,0.259384,0.009401,0.521379,0.260231,0.007592,0.527077,0.261612,0.006232,0.533187,0.261873,0.006136,0.539453,0.260635,0.007652,0.543591,0.259003,0.009831,0.546451,0.257477,0.011795,0.493515,0.247187,-0.007165,0.493406,0.258004,-0.013370,0.493316,0.267941,-0.020292,0.493184,0.277309,-0.027872,0.000000,0.000000,0.000000,0.000000,0.000000,0.000000,0.000000,0.000000,0.000000,0.000000,0.000000,0.000000,0.000000,0.000000,0.000000,0.000000,0.000000,0.000000,0.000000,0.000000,0.000000,0.000000,0.000000,0.000000,0.000000,0.000000,0.000000,0.000000,0.000000,0.000000,0.000000,0.000000,0.000000,0.000000,0.000000,0.000000,0.000000,0.000000,0.000000,0.000000,0.000000,0.000000,0.000000,0.000000,0.000000,0.000000,0.000000,0.000000,0.000000,0.000000,0.000000,0.000000,0.000000,0.000000,0.000000,0.000000,0.000000,0.000000,0.000000,0.000000,0.000000,0.000000,0.000000,0.817365,0.811138,0.000001,0.816429,0.731095,-0.006893,0.801144,0.664636,-0.015905,0.798407,0.602017,-0.021996,0.810480,0.559103,-0.029577,0.746413,0.683815,-0.033595,0.696308,0.627422,-0.041169,0.669386,0.595116,-0.043823,0.646720,0.569802,-0.044957,0.724733,0.722893,-0.033639,0.665002,0.672771,-0.043281,0.631670,0.646383,-0.046088,0.604882,0.628995,-0.046945,0.711081,0.762368,-0.031011,0.654316,0.716950,-0.041469,0.621707,0.690314,-0.046701,0.595708,0.673142,-0.048709,0.706496,0.796997,-0.027145,0.664193,0.754948,-0.031242,0.668727,0.747986,-0.024810,0.680269,0.749011,-0.018775
-0.087572,-2.387613,-1.823159,-0.034918,-2.525328,-1.692240,0.002143,-2.525322,-1.692733,0.028578,-2.525592,-1.691980,-0.146093,-2.518260,-1.708425,-0.178573,-2.516675,-1.707860,-0.211366,-2.513478,-1.709085,0.083752,-2.464417,-0.791213,-0.251714,-2.450671,-0.864172,-0.009880,-2.251178,-1.486009,-0.148122,-2.244476,-1.508173,0.458423,-1.725567,-0.191002,-0.516841,-1.722251,-0.411974,0.779249,-0.787265,-1.072967,-0.684331,-0.845253,-1.320527,0.607154,-0.964484,-3.116902,-0.516986,-0.833767,-3.461373,0.482924,-1.056971,-3.533494,-0.485205,-0.811788,-3.835508,0.483154,-1.250186,-3.466526,-0.465226,-1.009842,-3.863137,0.498153,-1.247346,-3.139620,-0.453091,-1.008125,-3.522126,0.321831,-0.007139,0.028753,-0.321831,0.007139,-0.028753,0.295442,1.337337,-0.058772,-0.345271,1.309885,-0.241232,0.303437,2.562848,0.893534,-0.314798,2.503082,0.335098,0.322326,2.731792,0.917406,-0.331394,2.679506,0.353826,0.209539,2.962040,-0.246675,-0.211552,2.868567,-0.886752,0.474984,0.367606,-0.000531,0.476287,0.363683,-0.005909,0.479782,0.359377,-0.011726,0.484791,0.353741,-0.017060,0.493195,0.349008,-0.021569,0.501896,0.349821,-0.023163,0.510798,0.347608,-0.022526,0.520508,0.350954,-0.019071,0.526975,0.355614,-0.014505,0.531823,0.359253,-0.009222,0.534137,0.362853,-0.004109,0.531056,0.366183,-0.008553,0.526684,0.369522,-0.013682,0.520310,0.373931,-0.017384,0.512422,0.377272,-0.019862,0.503744,0.378446,-0.019875,0.495316,0.378444,-0.018816,0.487777,0.376326,-0.015421,0.481815,0.372898,-0.011301,0.477893,0.370391,-0.005516,0.448854,0.263666,0.018150,0.450801,0.262558,0.014880,0.453271,0.261126,0.012383,0.457138,0.259132,0.010056,0.462839,0.257644,0.007965,0.468347,0.257437,0.007331,0.474148,0.257762,0.008291,0.478107,0.259510,0.009690,0.522013,0.258214,0.008098,0.523911,0.259001,0.007897,0.527350,0.259919,0.006116,0.532872,0.261427,0.004825,0.538826,0.261818,0.004807,0.545157,0.260802,0.006295,0.549394,0.259465,0.008409,0.552452,0.258300,0.010373,0.499180,0.246952,-0.008821,0.499045,0.258406,-0.014650,0.498913,0.268731,-0.021333,0.498778,0.278443,-0.028612,0.000000,0.000000,0.000000,0.000000,0.000000,0.000000,0.000000,0.000000,0.000000,0.000000,0.000000,0.000000,0.000000,0.000000,0.000000,0.000000,0.000000,0.000000,0.000000,0.000000,0.000000,0.000000,0.000000,0.000000,0.000000,0.000000,0.000000,0.000000,0.000000,0.000000,0.000000,0.000000,0.000000,0.000000,0.000000,0.000000,0.000000,0.000000,0.000000,0.000000,0.000000,0.000000,0.000000,0.000000,0.000000,0.000000,0.000000,0.000000,0.000000,0.000000,0.000000,0.000000,0.000000,0.000000,0.000000,0.000000,0.000000,0.000000,0.000000,0.000000,0.000000,0.000000,0.000000,0.812694,0.905857,0.000001,0.809228,0.833074,-0.013977,0.795103,0.762499,-0.027203,0.793283,0.701137,-0.037313,0.806340,0.657356,-0.048722,0.745419,0.792640,-0.039767,0.693308,0.738461,-0.051675,0.664245,0.708171,-0.057142,0.640045,0.685105,-0.060436,0.725438,0.835830,-0.039671,0.661832,0.788032,-0.051242,0.625821,0.761117,-0.056591,0.597111,0.744192,-0.059935,0.712748,0.874832,-0.038225,0.651256,0.833913,-0.048303,0.616791,0.807776,-0.054960,0.591307,0.791818,-0.058984,0.707253,0.906694,-0.036876,0.662579,0.873366,-0.043789,0.653417,0.856391,-0.043299,0.651290,0.845967,-0.041865
-0.081795,-2.560252,-2.018796,-0.021557,-2.692697,-1.904040,0.011645,-2.690022,-1.903951,0.048451,-2.687906,-1.904268,-0.139452,-2.693567,-1.908523,-0.177401,-2.691962,-1.907450,-0.210808,-2.692451,-1.907916,0.112472,-2.620949,-1.080313,-0.263187,-2.630390,-1.078875,-0.004622,-2.406798,-1.707733,-0.159024,-2.405716,-1.707441,0.451816,-1.809591,-0.603908,-0.539547,-1.859361,-0.725132,0.723207,-0.896868,-0.520602,-0.735009,-1.031881,-1.182836,0.819698,-0.074180,-1.303030,-0.538276,-0.815759,-2.889042,0.898856,0.179499,-1.538591,-0.517362,-0.705771,-3.229444,0.794365,0.147504,-1.702189,-0.458861,-0.897437,-3.305385,0.738550,0.052547,-1.406118,-0.449309,-0.935247,-2.967415,0.327919,-0.005421,-0.098564,-0.327919,0.005421,0.098564,0.283560,1.438817,-0.020829,-0.358967,1.443773,0.126557,0.249927,2.737556,1.413943,-0.331518,2.705845,1.074079,0.264190,2.925380,1.481638,-0.338216,2.891294,1.134742,0.135524,3.161656,0.239000,-0.254640,3.123233,-0.233897,0.487417,0.368551,0.001637,0.489160,0.364659,-0.004517,0.493200,0.360739,-0.010977,0.498790,0.355440,-0.016809,0.507887,0.351243,-0.021727,0.517149,0.352591,-0.023269,0.526569,0.350414,-0.022486,0.536643,0.353866,-0.018472,0.543260,0.358600,-0.013229,0.548278,0.362195,-0.007180,0.550758,0.365880,-0.001174,0.547489,0.369689,-0.005770,0.542870,0.373624,-0.011184,0.536126,0.378656,-0.015169,0.527750,0.382338,-0.018005,0.518365,0.383463,-0.018138,0.509192,0.383032,-0.017169,0.501101,0.380079,-0.013590,0.494735,0.375559,-0.009284,0.490487,0.372087,-0.003331,0.461502,0.255770,0.016652,0.463498,0.254391,0.013113,0.466060,0.252685,0.010376,0.470189,0.250310,0.007789,0.476513,0.248723,0.005560,0.482707,0.248822,0.004981,0.489076,0.250109,0.006121,0.493477,0.252919,0.007707,0.540335,0.253094,0.006774,0.542309,0.254012,0.006612,0.546047,0.254978,0.004849,0.552033,0.256625,0.003591,0.558491,0.257123,0.003672,0.565300,0.256043,0.005348,0.569896,0.254476,0.007643,0.573158,0.252958,0.009745,0.516479,0.242008,-0.012469,0.516206,0.254525,-0.018218,0.515955,0.265943,-0.024936,0.515701,0.276723,-0.032257,0.000000,0.000000,0.000000,0.000000,0.000000,0.000000,0.000000,0.000000,0.000000,0.000000,0.000000,0.000000,0.000000,0.000000,0.000000,0.000000,0.000000,0.000000,0.000000,0.000000,0.000000,0.000000,0.000000,0.000000,0.000000,0.000000,0.000000,0.000000,0.000000,0.000000,0.000000,0.000000,0.000000,0.000000,0.000000,0.000000,0.000000,0.000000,0.000000,0.000000,0.000000,0.000000,0.000000,0.000000,0.000000,0.000000,0.000000,0.000000,0.000000,0.000000,0.000000,0.000000,0.000000,0.000000,0.000000,0.000000,0.000000,0.000000,0.000000,0.000000,0.000000,0.000000,0.000000,0.000000,0.000000,0.000000,0.000000,0.000000,0.000000,0.000000,0.000000,0.000000,0.000000,0.000000,0.000000,0.000000,0.000000,0.000000,0.000000,0.000000,0.000000,0.000000,0.000000,0.000000,0.000000,0.000000,0.000000,0.000000,0.000000,0.000000,0.000000,0.000000,0.000000,0.000000,0.000000,0.000000,0.000000,0.000000,0.000000,0.000000,0.000000,0.000000,0.000000,0.000000,0.000000,0.000000,0.000000,0.000000,0.000000,0.000000,0.000000,0.000000,0.000000,0.000000,0.000000,0.000000,0.000000,0.000000,0.000000,0.000000,0.000000,0.000000,0.000000,0.000000,0.000000,0.000000
-0.091856,-2.584126,-1.909592,-0.026437,-2.727789,-1.823147,0.009627,-2.724922,-1.823036,0.044917,-2.720445,-1.823479,-0.144926,-2.723863,-1.797789,-0.182292,-2.719256,-1.796550,-0.216569,-2.714027,-1.796812,0.110791,-2.647825,-1.089984,-0.262382,-2.654734,-0.959596,-0.009898,-2.427317,-1.630128,-0.166736,-2.428032,-1.584900,0.462636,-1.828143,-0.678734,-0.534387,-1.891612,-0.636601,0.753673,-0.930894,-0.618504,-0.740325,-1.073248,-1.194231,0.833664,-0.136742,-1.275571,-0.506574,-0.942815,-2.957134,0.894076,0.117654,-1.500077,-0.474755,-0.958517,-3.283590,0.791440,0.069635,-1.617634,-0.430211,-1.104698,-3.295376,0.742789,-0.021503,-1.354971,-0.426027,-1.099024,-3.008095,0.329878,-0.004076,-0.162263,-0.329878,0.004076,0.162263,0.280839,1.440202,-0.052795,-0.367002,1.429950,0.351200,0.240226,2.719833,1.436143,-0.344341,2.670715,1.419098,0.257037,2.902568,1.510447,-0.348202,2.854049,1.497274,0.123174,3.146451,0.248250,-0.274535,3.094341,0.155022,0.481627,0.359139,0.003087,0.483306,0.355025,-0.003468,0.487470,0.350733,-0.010619,0.493237,0.345038,-0.017147,0.502588,0.340559,-0.022744,0.512210,0.341764,-0.024777,0.522284,0.339477,-0.024437,0.533352,0.343043,-0.020653,0.540887,0.347915,-0.015397,0.546643,0.351566,-0.009215,0.549471,0.355408,-0.003081,0.545793,0.359525,-0.007699,0.540539,0.363720,-0.013307,0.533048,0.368990,-0.017444,0.523956,0.372787,-0.020280,0.513880,0.374077,-0.020105,0.504391,0.373742,-0.018633,0.495970,0.370903,-0.014217,0.489345,0.366404,-0.009237,0.484868,0.362856,-0.002481,0.455830,0.241803,0.020821,0.457793,0.240180,0.017006,0.460324,0.238211,0.014064,0.464554,0.235562,0.011177,0.471167,0.233736,0.008581,0.477691,0.233853,0.007652,0.484351,0.235291,0.008579,0.488998,0.238382,0.010040,0.537322,0.237923,0.006495,0.539446,0.238905,0.006222,0.543450,0.239827,0.004254,0.549862,0.241449,0.002648,0.556805,0.241830,0.002428,0.564058,0.240516,0.003968,0.568987,0.238705,0.006204,0.572478,0.236907,0.008304,0.511644,0.226481,-0.012611,0.511074,0.239367,-0.018805,0.510535,0.251204,-0.025947,0.510002,0.262348,-0.033712,0.000000,0.000000,0.000000,0.000000,0.000000,0.000000,0.000000,0.000000,0.000000,0.000000,0.000000,0.000000,0.000000,0.000000,0.000000,0.000000,0.000000,0.000000,0.000000,0.000000,0.000000,0.000000,0.000000,0.000000,0.000000,0.000000,0.000000,0.000000,0.000000,0.000000,0.000000,0.000000,0.000000,0.000000,0.000000,0.000000,0.000000,0.000000,0.000000,0.000000,0.000000,0.000000,0.000000,0.000000,0.000000,0.000000,0.000000,0.000000,0.000000,0.000000,0.000000,0.000000,0.000000,0.000000,0.000000,0.000000,0.000000,0.000000,0.000000,0.000000,0.000000,0.000000,0.000000,0.000000,0.000000,0.000000,0.000000,0.000000,0.000000,0.000000,0.000000,0.000000,0.000000,0.000000,0.000000,0.000000,0.000000,0.000000,0.000000,0.000000,0.000000,0.000000,0.000000,0.000000,0.000000,0.000000,0.000000,0.000000,0.000000,0.000000,0.000000,0.000000,0.000000,0.000000,0.000000,0.000000,0.000000,0.000000,0.000000,0.000000,0.000000,0.000000,0.000000,0.000000,0.000000,0.000000,0.000000,0.000000,0.000000,0.000000,0.000000,0.000000,0.000000,0.000000,0.000000,0.000000,0.000000,0.000000,0.000000,0.000000,0.000000,0.000000,0.000000,0.000000,0.000000,0.000000
-0.121841,-2.638210,-2.284526,-0.046387,-2.777247,-2.166355,-0.001105,-2.774709,-2.166504,0.034279,-2.769737,-2.166854,-0.169244,-2.774521,-2.155592,-0.209500,-2.769310,-2.154603,-0.243364,-2.762965,-2.155134,0.098457,-2.694774,-1.271447,-0.265479,-2.696726,-1.200669,-0.032689,-2.485837,-1.941804,-0.195992,-2.485552,-1.923529,0.454591,-1.861523,-0.654685,-0.535753,-1.915352,-0.782440,0.757810,-1.012302,-0.453501,-0.749946,-1.084090,-1.557679,1.023964,-0.219604,-1.287149,-0.517111,-0.972522,-3.754625,1.138271,0.008926,-1.503896,-0.488840,-0.949542,-4.172198,1.059468,-0.001724,-1.734403,-0.459440,-1.147943,-4.245528,0.983456,-0.079802,-1.420908,-0.443979,-1.166693,-3.848058,0.330995,0.001169,-0.117263,-0.330995,-0.001169,0.117263,0.291903,1.450216,-0.097391,-0.362501,1.439580,0.125677,0.274606,2.753529,1.308618,-0.327644,2.703821,1.043212,0.294708,2.948632,1.362997,-0.332524,2.889022,1.091521,0.164488,3.161579,-0.010973,-0.240012,3.131716,-0.355196,0.474197,0.346920,0.002210,0.475656,0.342525,-0.004341,0.479654,0.337739,-0.011631,0.485303,0.331508,-0.018346,0.494783,0.326384,-0.024175,0.504683,0.327236,-0.026484,0.515097,0.324618,-0.026333,0.526714,0.328083,-0.022813,0.534588,0.333015,-0.017740,0.540611,0.336818,-0.011712,0.543565,0.340823,-0.005765,0.539808,0.345125,-0.010458,0.534390,0.349542,-0.016143,0.526659,0.355087,-0.020281,0.517295,0.359133,-0.022995,0.506971,0.360727,-0.022613,0.497277,0.360636,-0.020871,0.488686,0.358077,-0.016133,0.481970,0.353847,-0.010870,0.477477,0.350499,-0.003763,0.446480,0.229389,0.024170,0.448441,0.227699,0.020252,0.450979,0.225638,0.017230,0.455243,0.222843,0.014257,0.461898,0.220798,0.011494,0.468503,0.220704,0.010400,0.475286,0.221819,0.011159,0.480019,0.224622,0.012527,0.529458,0.222734,0.007499,0.531661,0.223683,0.007147,0.535769,0.224546,0.005001,0.542339,0.226040,0.003175,0.549435,0.226302,0.002766,0.556864,0.224883,0.004210,0.561904,0.223043,0.006429,0.565500,0.221255,0.008559,0.502645,0.211017,-0.010963,0.502125,0.224062,-0.017675,0.501604,0.235933,-0.025310,0.501094,0.247085,-0.033595,0.000000,0.000000,0.000000,0.000000,0.000000,0.000000,0.000000,0.000000,0.000000,0.000000,0.000000,0.000000,0.000000,0.000000,0.000000,0.000000,0.000000,0.000000,0.000000,0.000000,0.000000,0.000000,0.000000,0.000000,0.000000,0.000000,0.000000,0.000000,0.000000,0.000000,0.000000,0.000000,0.000000,0.000000,0.000000,0.000000,0.000000,0.000000,0.000000,0.000000,0.000000,0.000000,0.000000,0.000000,0.000000,0.000000,0.000000,0.000000,0.000000,0.000000,0.000000,0.000000,0.000000,0.000000,0.000000,0.000000,0.000000,0.000000,0.000000,0.000000,0.000000,0.000000,0.000000,0.000000,0.000000,0.000000,0.000000,0.000000,0.000000,0.000000,0.000000,0.000000,0.000000,0.000000,0.000000,0.000000,0.000000,0.000000,0.000000,0.000000,0.000000,0.000000,0.000000,0.000000,0.000000,0.000000,0.000000,0.000000,0.000000,0.000000,0.000000,0.000000,0.000000,0.000000,0.000000,0.000000,0.000000,0.000000,0.000000,0.000000,0.000000,0.000000,0.000000,0.000000,0.000000,0.000000,0.000000,0.000000,0.000000,0.000000,0.000000,0.000000,0.000000,0.000000,0.000000,0.000000,0.000000,0.000000,0.000000,0.000000,0.000000,0.000000,0.000000,0.000000,0.000000,0.000000
