0.041605,-2.420630,-2.002381,0.086758,-2.533058,-1.862297,0.118668,-2.531051,-1.862513,0.154438,-2.527126,-1.863080,-0.020910,-2.528528,-1.897657,-0.065567,-2.521048,-1.896710,-0.101972,-2.512320,-1.897825,0.200469,-2.449767,-1.019761,-0.157049,-2.422251,-1.150550,0.108273,-2.278297,-1.687990,-0.031380,-2.268636,-1.723330,0.488840,-1.664385,-0.478589,-0.413141,-1.709193,-0.908036,0.593926,-0.846052,-0.334350,-0.604082,-0.907076,-0.846829,0.683404,-0.129985,-1.116824,-0.722602,-0.106518,-1.661223,0.755846,0.087511,-1.326694,-0.775528,0.115873,-1.909206,0.684151,0.093867,-1.501794,-0.689841,0.125320,-2.110904,0.638660,0.004052,-1.232077,-0.656361,0.037624,-1.779075,0.302879,0.000148,0.005679,-0.302879,-0.000148,-0.005679,0.283689,1.347399,0.137736,-0.289628,1.356015,0.072177,0.278606,2.529354,1.548838,-0.274743,2.551144,1.028232,0.291350,2.725078,1.620920,-0.292693,2.756476,1.080489,0.208440,2.903414,0.482483,-0.172431,2.913154,-0.229155,0.454413,0.422812,-0.005574,0.456265,0.418648,-0.010688,0.460764,0.413875,-0.016214,0.466975,0.407513,-0.021173,0.476370,0.402092,-0.025079,0.485728,0.402590,-0.026113,0.494767,0.400116,-0.024628,0.504344,0.403484,-0.020296,0.510801,0.408386,-0.015141,0.515485,0.412221,-0.009305,0.517519,0.415877,-0.003979,0.514435,0.419129,-0.009423,0.510033,0.422120,-0.015622,0.503659,0.426180,-0.020129,0.495746,0.429358,-0.023801,0.487065,0.430635,-0.024611,0.478161,0.431082,-0.024108,0.469845,0.429693,-0.020950,0.462819,0.427126,-0.016735,0.457962,0.425303,-0.010651,0.424746,0.316894,0.017016,0.426970,0.315065,0.013855,0.429685,0.312978,0.011487,0.433870,0.310208,0.009303,0.439990,0.308225,0.007689,0.445837,0.308055,0.007494,0.452060,0.309066,0.008785,0.456498,0.311709,0.010317,0.501802,0.310859,0.012635,0.503863,0.311921,0.012507,0.507613,0.313020,0.010822,0.513480,0.314589,0.009856,0.519758,0.314943,0.010252,0.526172,0.313641,0.012240,0.530329,0.312047,0.014886,0.533191,0.310693,0.017150,0.479983,0.297829,-0.006634,0.480560,0.308963,-0.013209,0.481211,0.319153,-0.020575,0.481799,0.328709,-0.028694,0.000000,0.000000,0.000000,0.000000,0.000000,0.000000,0.000000,0.000000,0.000000,0.000000,0.000000,0.000000,0.000000,0.000000,0.000000,0.000000,0.000000,0.000000,0.000000,0.000000,0.000000,0.000000,0.000000,0.000000,0.000000,0.000000,0.000000,0.000000,0.000000,0.000000,0.000000,0.000000,0.000000,0.000000,0.000000,0.000000,0.000000,0.000000,0.000000,0.000000,0.000000,0.000000,0.000000,0.000000,0.000000,0.000000,0.000000,0.000000,0.000000,0.000000,0.000000,0.000000,0.000000,0.000000,0.000000,0.000000,0.000000,0.000000,0.000000,0.000000,0.000000,0.000000,0.000000,0.000000,0.000000,0.000000,0.000000,0.000000,0.000000,0.000000,0.000000,0.000000,0.000000,0.000000,0.000000,0.000000,0.000000,0.000000,0.000000,0.000000,0.000000,0.000000,0.000000,0.000000,0.000000,0.000000,0.000000,0.000000,0.000000,0.000000,0.000000,0.000000,0.000000,0.000000,0.000000,0.000000,0.000000,0.000000,0.000000,0.000000,0.000000,0.000000,0.000000,0.000000,0.000000,0.000000,0.000000,0.000000,0.000000,0.000000,0.000000,0.000000,0.000000,0.000000,0.000000,0.000000,0.000000,0.000000,0.000000,0.000000,0.000000,0.000000,0.000000,0.000000,0.000000,0.000000
0.023349,-2.222503,-1.943951,0.066847,-2.332350,-1.800799,0.094835,-2.329121,-1.801952,0.121641,-2.323552,-1.802552,-0.036205,-2.329138,-1.849676,-0.073681,-2.321724,-1.849497,-0.106899,-2.310690,-1.850885,0.160838,-2.258555,-0.933695,-0.151829,-2.236809,-1.116239,0.089794,-2.092333,-1.617057,-0.043754,-2.087639,-1.667691,0.431408,-1.546729,-0.272025,-0.384758,-1.593778,-0.847915,0.517606,-0.828619,-0.141287,-0.562756,-0.863096,-0.825108,0.597995,-0.182958,-1.033321,-0.568606,-0.102333,-1.685272,0.664496,0.004974,-1.258404,-0.592250,0.112320,-1.955770,0.623948,0.004657,-1.454549,-0.516467,0.104250,-2.144776,0.574024,-0.064087,-1.160799,-0.493939,0.019634,-1.791501,0.269646,-0.007194,0.057472,-0.269646,0.007194,-0.057472,0.264658,1.253521,0.055949,-0.229582,1.262863,-0.161869,0.272376,2.359535,1.279702,-0.210822,2.392904,0.660620,0.278856,2.541082,1.329548,-0.244118,2.586621,0.702269,0.243033,2.686909,0.211040,-0.067533,2.709958,-0.569806,0.449575,0.417113,-0.006016,0.451308,0.412941,-0.010892,0.455584,0.408162,-0.016276,0.461499,0.401945,-0.021113,0.470717,0.396734,-0.024995,0.479905,0.397388,-0.026093,0.488966,0.395122,-0.024809,0.498642,0.398705,-0.020791,0.505098,0.403747,-0.015834,0.509845,0.407736,-0.010268,0.512029,0.411498,-0.005276,0.508810,0.414460,-0.010608,0.504327,0.417158,-0.016767,0.497882,0.420914,-0.021258,0.489923,0.423850,-0.024882,0.481185,0.424977,-0.025653,0.472501,0.425347,-0.024988,0.464389,0.423887,-0.021581,0.457631,0.421303,-0.017268,0.452970,0.419495,-0.011178,0.423346,0.313589,0.018290,0.425393,0.311791,0.015294,0.427913,0.309777,0.012987,0.431892,0.307096,0.010905,0.437815,0.305211,0.009291,0.443497,0.305112,0.009085,0.449596,0.306159,0.010281,0.453904,0.308820,0.011662,0.497941,0.308723,0.013194,0.499951,0.309773,0.013056,0.503565,0.310800,0.011354,0.509272,0.312392,0.010279,0.515406,0.312856,0.010570,0.521691,0.311806,0.012473,0.525767,0.310421,0.015002,0.528559,0.309205,0.017196,0.476360,0.295626,-0.005164,0.476549,0.305993,-0.011856,0.476814,0.315680,-0.019239,0.477050,0.324841,-0.027425,0.000000,0.000000,0.000000,0.000000,0.000000,0.000000,0.000000,0.000000,0.000000,0.000000,0.000000,0.000000,0.000000,0.000000,0.000000,0.000000,0.000000,0.000000,0.000000,0.000000,0.000000,0.000000,0.000000,0.000000,0.000000,0.000000,0.000000,0.000000,0.000000,0.000000,0.000000,0.000000,0.000000,0.000000,0.000000,0.000000,0.000000,0.000000,0.000000,0.000000,0.000000,0.000000,0.000000,0.000000,0.000000,0.000000,0.000000,0.000000,0.000000,0.000000,0.000000,0.000000,0.000000,0.000000,0.000000,0.000000,0.000000,0.000000,0.000000,0.000000,0.000000,0.000000,0.000000,0.000000,0.000000,0.000000,0.000000,0.000000,0.000000,0.000000,0.000000,0.000000,0.000000,0.000000,0.000000,0.000000,0.000000,0.000000,0.000000,0.000000,0.000000,0.000000,0.000000,0.000000,0.000000,0.000000,0.000000,0.000000,0.000000,0.000000,0.000000,0.000000,0.000000,0.000000,0.000000,0.000000,0.000000,0.000000,0.000000,0.000000,0.000000,0.000000,0.000000,0.000000,0.000000,0.000000,0.000000,0.000000,0.000000,0.000000,0.000000,0.000000,0.000000,0.000000,0.000000,0.000000,0.000000,0.000000,0.000000,0.000000,0.000000,0.000000,0.000000,0.000000,0.000000,0.000000
0.018455,-2.176088,-1.958014,0.060032,-2.283105,-1.811471,0.087390,-2.279732,-1.812569,0.111995,-2.274368,-1.813112,-0.041312,-2.280674,-1.868916,-0.077253,-2.273794,-1.868907,-0.110030,-2.263507,-1.870365,0.147835,-2.211433,-0.939281,-0.154962,-2.189785,-1.160874,0.083860,-2.048615,-1.626371,-0.048077,-2.044331,-1.690756,0.408017,-1.517495,-0.288947,-0.392046,-1.552263,-0.887828,0.505009,-0.825295,-0.185354,-0.555238,-0.822850,-0.836342,0.571019,-0.153226,-1.136657,-0.561431,-0.022687,-1.660059,0.637801,0.033871,-1.376617,-0.588277,0.190081,-1.928714,0.593208,0.036863,-1.571127,-0.517597,0.187264,-2.127743,0.543768,-0.030240,-1.262489,-0.491042,0.102832,-1.770831,0.263190,-0.011824,0.099923,-0.263190,0.011824,-0.099923,0.268311,1.226043,0.057328,-0.221987,1.243918,-0.310381,0.286782,2.316482,1.149121,-0.193025,2.357088,0.412611,0.291853,2.494962,1.187850,-0.226869,2.546143,0.437718,0.267858,2.635120,0.109061,-0.046078,2.661150,-0.794285,0.449123,0.417021,-0.006500,0.450931,0.412974,-0.011252,0.455319,0.408329,-0.016540,0.461366,0.402260,-0.021277,0.470655,0.397145,-0.024989,0.479842,0.397842,-0.025949,0.488833,0.395670,-0.024556,0.498385,0.399234,-0.020424,0.504776,0.404176,-0.015406,0.509474,0.408051,-0.009794,0.511585,0.411697,-0.004864,0.508388,0.414717,-0.010261,0.503918,0.417382,-0.016571,0.497515,0.421055,-0.021159,0.489614,0.423870,-0.024941,0.480972,0.424884,-0.025852,0.472305,0.425220,-0.025297,0.464168,0.423734,-0.021982,0.457328,0.421212,-0.017698,0.452594,0.419453,-0.011602,0.423240,0.314077,0.017575,0.425324,0.312333,0.014637,0.427883,0.310392,0.012392,0.431874,0.307823,0.010388,0.437744,0.306057,0.008884,0.443322,0.306035,0.008738,0.449332,0.307131,0.009961,0.453542,0.309777,0.011377,0.496972,0.310286,0.013542,0.498969,0.311371,0.013434,0.502559,0.312476,0.011778,0.508187,0.314117,0.010787,0.514241,0.314609,0.011137,0.520426,0.313585,0.013106,0.524410,0.312223,0.015665,0.527142,0.311042,0.017863,0.475982,0.296531,-0.004769,0.476257,0.306998,-0.011434,0.476600,0.316632,-0.018795,0.476926,0.325678,-0.026955,0.000000,0.000000,0.000000,0.000000,0.000000,0.000000,0.000000,0.000000,0.000000,0.000000,0.000000,0.000000,0.000000,0.000000,0.000000,0.000000,0.000000,0.000000,0.000000,0.000000,0.000000,0.000000,0.000000,0.000000,0.000000,0.000000,0.000000,0.000000,0.000000,0.000000,0.000000,0.000000,0.000000,0.000000,0.000000,0.000000,0.000000,0.000000,0.000000,0.000000,0.000000,0.000000,0.000000,0.000000,0.000000,0.000000,0.000000,0.000000,0.000000,0.000000,0.000000,0.000000,0.000000,0.000000,0.000000,0.000000,0.000000,0.000000,0.000000,0.000000,0.000000,0.000000,0.000000,0.000000,0.000000,0.000000,0.000000,0.000000,0.000000,0.000000,0.000000,0.000000,0.000000,0.000000,0.000000,0.000000,0.000000,0.000000,0.000000,0.000000,0.000000,0.000000,0.000000,0.000000,0.000000,0.000000,0.000000,0.000000,0.000000,0.000000,0.000000,0.000000,0.000000,0.000000,0.000000,0.000000,0.000000,0.000000,0.000000,0.000000,0.000000,0.000000,0.000000,0.000000,0.000000,0.000000,0.000000,0.000000,0.000000,0.000000,0.000000,0.000000,0.000000,0.000000,0.000000,0.000000,0.000000,0.000000,0.000000,0.000000,0.000000,0.000000,0.000000,0.000000,0.000000,0.000000
0.016049,-2.220185,-2.019918,0.055936,-2.330841,-1.868894,0.089703,-2.328071,-1.870069,0.113215,-2.323247,-1.869702,-0.042096,-2.327962,-1.919733,-0.076061,-2.319769,-1.919854,-0.110366,-2.308977,-1.921168,0.146167,-2.261453,-0.933500,-0.147527,-2.236274,-1.144314,0.088856,-2.092118,-1.669082,-0.045173,-2.086719,-1.728329,0.420741,-1.556305,-0.160240,-0.387472,-1.592778,-0.746895,0.589261,-0.877272,-0.590763,-0.550197,-0.851689,-0.769790,0.641091,-0.679148,-2.387809,-0.505257,-0.085676,-1.795349,0.656333,-0.661719,-2.773679,-0.506184,0.161652,-2.076134,0.610046,-0.724544,-2.897821,-0.423503,0.118395,-2.266480,0.582995,-0.737241,-2.501167,-0.408624,0.026547,-1.899706,0.261176,-0.009346,0.110918,-0.261176,0.009346,-0.110918,0.257240,1.164644,-0.217741,-0.225151,1.161527,-0.541022,0.268202,2.336616,0.676930,-0.231812,2.372079,-0.017747,0.267323,2.519321,0.694870,-0.279307,2.570077,-0.018084,0.259968,2.676135,-0.383061,-0.066828,2.704677,-1.245758,0.442447,0.419831,-0.005518,0.444240,0.415904,-0.010380,0.448576,0.411416,-0.015718,0.454518,0.405452,-0.020497,0.463637,0.400383,-0.024268,0.472727,0.400909,-0.025217,0.481550,0.398543,-0.023856,0.490966,0.401761,-0.019696,0.497279,0.406393,-0.014665,0.501945,0.409993,-0.009019,0.504102,0.413463,-0.003952,0.501011,0.416516,-0.009246,0.496702,0.419281,-0.015412,0.490472,0.423115,-0.019909,0.482733,0.426144,-0.023589,0.474194,0.427347,-0.024456,0.465598,0.427865,-0.023931,0.457510,0.426486,-0.020676,0.450679,0.423990,-0.016480,0.445937,0.422234,-0.010511,0.415349,0.317865,0.016788,0.417376,0.316078,0.013824,0.419857,0.314054,0.011569,0.423767,0.311345,0.009506,0.429603,0.309369,0.007976,0.435221,0.309192,0.007837,0.441262,0.310227,0.009078,0.445548,0.312890,0.010507,0.488753,0.312193,0.012609,0.490744,0.313213,0.012501,0.494345,0.314178,0.010871,0.499994,0.315618,0.009897,0.506030,0.315907,0.010260,0.512162,0.314678,0.012196,0.516119,0.313182,0.014726,0.518831,0.311897,0.016892,0.467682,0.299819,-0.005944,0.468144,0.310288,-0.012403,0.468662,0.320023,-0.019564,0.469140,0.329198,-0.027509,0.000000,0.000000,0.000000,0.000000,0.000000,0.000000,0.000000,0.000000,0.000000,0.000000,0.000000,0.000000,0.000000,0.000000,0.000000,0.000000,0.000000,0.000000,0.000000,0.000000,0.000000,0.000000,0.000000,0.000000,0.000000,0.000000,0.000000,0.000000,0.000000,0.000000,0.000000,0.000000,0.000000,0.000000,0.000000,0.000000,0.000000,0.000000,0.000000,0.000000,0.000000,0.000000,0.000000,0.000000,0.000000,0.000000,0.000000,0.000000,0.000000,0.000000,0.000000,0.000000,0.000000,0.000000,0.000000,0.000000,0.000000,0.000000,0.000000,0.000000,0.000000,0.000000,0.000000,0.000000,0.000000,0.000000,0.000000,0.000000,0.000000,0.000000,0.000000,0.000000,0.000000,0.000000,0.000000,0.000000,0.000000,0.000000,0.000000,0.000000,0.000000,0.000000,0.000000,0.000000,0.000000,0.000000,0.000000,0.000000,0.000000,0.000000,0.000000,0.000000,0.000000,0.000000,0.000000,0.000000,0.000000,0.000000,0.000000,0.000000,0.000000,0.000000,0.000000,0.000000,0.000000,0.000000,0.000000,0.000000,0.000000,0.000000,0.000000,0.000000,0.000000,0.000000,0.000000,0.000000,0.000000,0.000000,0.000000,0.000000,0.000000,0.000000,0.000000,0.000000,0.000000,0.000000
0.007691,-2.318136,-2.074958,0.056085,-2.436786,-1.915298,0.091961,-2.434570,-1.916073,0.118243,-2.430271,-1.914938,-0.049749,-2.428715,-1.955029,-0.087169,-2.417444,-1.955023,-0.122198,-2.406451,-1.956272,0.153993,-2.365903,-0.977463,-0.155029,-2.333288,-1.123895,0.089133,-2.183635,-1.727536,-0.054510,-2.173833,-1.771506,0.456942,-1.609014,-0.206687,-0.405143,-1.649688,-0.711387,0.563884,-0.883085,-0.944280,-0.576539,-0.845623,-1.187592,0.719903,-1.136907,-2.852230,-0.419895,-0.248780,-2.504041,0.889677,-1.197901,-3.235197,-0.384211,-0.024790,-2.776929,0.855592,-1.298085,-3.245643,-0.305916,-0.113495,-2.917891,0.778026,-1.272885,-2.926806,-0.308306,-0.192539,-2.598143,0.282256,-0.003936,0.113283,-0.282256,0.003936,-0.113283,0.267737,1.294751,0.044798,-0.251202,1.289751,-0.461154,0.239965,2.518211,1.051037,-0.292879,2.548900,0.180700,0.238442,2.705433,1.073670,-0.351431,2.759196,0.200676,0.209619,2.878154,-0.071653,-0.109630,2.885306,-1.140576,0.440060,0.423971,-0.004725,0.441658,0.419861,-0.009665,0.445729,0.415156,-0.015078,0.451381,0.408944,-0.019946,0.460252,0.403544,-0.023823,0.469267,0.403743,-0.024871,0.478020,0.401053,-0.023618,0.487526,0.403924,-0.019580,0.493974,0.408349,-0.014612,0.498720,0.411829,-0.009015,0.500977,0.415339,-0.003951,0.498001,0.418668,-0.009049,0.493776,0.421799,-0.015018,0.487655,0.426061,-0.019380,0.479988,0.429502,-0.022914,0.471454,0.431062,-0.023659,0.462891,0.431817,-0.023037,0.454873,0.430593,-0.019737,0.448141,0.428159,-0.015550,0.443502,0.426382,-0.009648,0.411204,0.323300,0.016946,0.413189,0.321522,0.013961,0.415635,0.319496,0.011678,0.419473,0.316746,0.009587,0.425214,0.314652,0.007989,0.430764,0.314294,0.007772,0.436738,0.315055,0.008974,0.440992,0.317452,0.010366,0.483904,0.315183,0.011896,0.485892,0.316096,0.011780,0.489488,0.316921,0.010132,0.495132,0.318170,0.009116,0.501152,0.318273,0.009422,0.507270,0.316863,0.011280,0.511231,0.315260,0.013740,0.513960,0.313907,0.015865,0.462565,0.303770,-0.006284,0.463107,0.314206,-0.012600,0.463706,0.323913,-0.019646,0.464249,0.333025,-0.027437,0.000000,0.000000,0.000000,0.000000,0.000000,0.000000,0.000000,0.000000,0.000000,0.000000,0.000000,0.000000,0.000000,0.000000,0.000000,0.000000,0.000000,0.000000,0.000000,0.000000,0.000000,0.000000,0.000000,0.000000,0.000000,0.000000,0.000000,0.000000,0.000000,0.000000,0.000000,0.000000,0.000000,0.000000,0.000000,0.000000,0.000000,0.000000,0.000000,0.000000,0.000000,0.000000,0.000000,0.000000,0.000000,0.000000,0.000000,0.000000,0.000000,0.000000,0.000000,0.000000,0.000000,0.000000,0.000000,0.000000,0.000000,0.000000,0.000000,0.000000,0.000000,0.000000,0.000000,0.734520,0.825543,0.000000,0.728362,0.789349,-0.025508,0.744292,0.744360,-0.043965,0.771395,0.737367,-0.061684,0.792789,0.763871,-0.079270,0.824767,0.742517,-0.030492,0.875422,0.736533,-0.058048,0.911866,0.735342,-0.077050,0.942268,0.738093,-0.089747,0.831170,0.784248,-0.032936,0.868480,0.773217,-0.069513,0.827640,0.777210,-0.077585,0.805788,0.780325,-0.074371,0.829062,0.827978,-0.038614,0.861240,0.827291,-0.073675,0.821390,0.824624,-0.067350,0.799606,0.821039,-0.053238,0.819482,0.873062,-0.046521,0.852379,0.879124,-0.070998,0.827991,0.870507,-0.064990,0.808303,0.860456,-0.053861
0.024401,-2.176118,-1.987213,0.065721,-2.287278,-1.826913,0.097899,-2.285992,-1.827811,0.121207,-2.282367,-1.826951,-0.033079,-2.277626,-1.876756,-0.067548,-2.266508,-1.876555,-0.100702,-2.255772,-1.877494,0.153900,-2.224203,-0.883510,-0.136829,-2.188519,-1.088522,0.096911,-2.051466,-1.636169,-0.036238,-2.038713,-1.698605,0.436450,-1.493359,-0.139518,-0.371586,-1.532947,-0.727310,0.475522,-0.761443,-0.821697,-0.533301,-0.768827,-1.084993,0.652940,-0.966696,-2.725051,-0.371905,-0.268287,-2.331128,0.804132,-1.039207,-3.112504,-0.335686,-0.066321,-2.602177,0.789240,-1.145087,-3.152551,-0.279186,-0.160351,-2.741507,0.718432,-1.126699,-2.809901,-0.285054,-0.237675,-2.425334,0.263390,-0.004014,0.161722,-0.263390,0.004014,-0.161722,0.241207,1.249262,0.123753,-0.261867,1.253741,-0.263053,0.203861,2.378898,1.067161,-0.297222,2.423334,0.334583,0.203912,2.548179,1.090776,-0.359000,2.609268,0.349409,0.186781,2.706138,0.020673,-0.119306,2.743582,-0.899959,0.442993,0.426003,-0.004785,0.444612,0.421884,-0.009669,0.448626,0.417251,-0.014968,0.454188,0.411137,-0.019731,0.462943,0.405827,-0.023513,0.471863,0.406088,-0.024536,0.480506,0.403398,-0.023262,0.489818,0.406199,-0.019262,0.496085,0.410573,-0.014359,0.500713,0.414044,-0.008840,0.502945,0.417563,-0.003835,0.500011,0.420904,-0.008840,0.495869,0.424168,-0.014658,0.489855,0.428539,-0.018892,0.482286,0.432047,-0.022315,0.473846,0.433638,-0.023054,0.465306,0.434272,-0.022491,0.457386,0.432922,-0.019360,0.450809,0.430328,-0.015316,0.446306,0.428436,-0.009599,0.414545,0.325455,0.016485,0.416494,0.323694,0.013545,0.418909,0.321675,0.011280,0.422701,0.318918,0.009220,0.428408,0.316864,0.007638,0.433945,0.316535,0.007442,0.439918,0.317381,0.008616,0.444154,0.319848,0.010019,0.486643,0.317951,0.011644,0.488584,0.318860,0.011535,0.492113,0.319707,0.009911,0.497677,0.321002,0.008927,0.503632,0.321165,0.009239,0.509702,0.319823,0.011093,0.513635,0.318243,0.013535,0.516346,0.316898,0.015654,0.465578,0.306430,-0.006243,0.466084,0.316915,-0.012461,0.466630,0.326536,-0.019416,0.467141,0.335597,-0.027117,0.000000,0.000000,0.000000,0.000000,0.000000,0.000000,0.000000,0.000000,0.000000,0.000000,0.000000,0.000000,0.000000,0.000000,0.000000,0.000000,0.000000,0.000000,0.000000,0.000000,0.000000,0.000000,0.000000,0.000000,0.000000,0.000000,0.000000,0.000000,0.000000,0.000000,0.000000,0.000000,0.000000,0.000000,0.000000,0.000000,0.000000,0.000000,0.000000,0.000000,0.000000,0.000000,0.000000,0.000000,0.000000,0.000000,0.000000,0.000000,0.000000,0.000000,0.000000,0.000000,0.000000,0.000000,0.000000,0.000000,0.000000,0.000000,0.000000,0.000000,0.000000,0.000000,0.000000,0.720095,0.853566,0.000000,0.717081,0.815093,-0.023051,0.737241,0.772794,-0.038859,0.766196,0.777487,-0.053929,0.787254,0.807940,-0.069132,0.801494,0.772366,-0.030670,0.847649,0.767455,-0.060520,0.881918,0.766257,-0.083580,0.912065,0.767695,-0.099433,0.808305,0.812152,-0.035530,0.846766,0.802294,-0.074403,0.810548,0.806225,-0.086936,0.787304,0.807346,-0.087272,0.805775,0.852269,-0.043440,0.839272,0.852587,-0.078840,0.804488,0.852549,-0.077424,0.783381,0.848468,-0.067360,0.795448,0.891984,-0.053568,0.828479,0.903445,-0.079312,0.806792,0.895799,-0.077100,0.786273,0.885193,-0.069363
0.008656,-2.147658,-1.801580,0.047910,-2.253316,-1.679824,0.077460,-2.251363,-1.680776,0.099030,-2.247397,-1.681811,-0.048058,-2.246305,-1.734635,-0.081245,-2.236498,-1.734719,-0.112390,-2.226627,-1.736140,0.131805,-2.192016,-0.860920,-0.152068,-2.163327,-1.077715,0.074949,-2.025948,-1.503587,-0.052250,-2.016344,-1.559757,0.398893,-1.490405,-0.197504,-0.378847,-1.531848,-0.824598,0.549062,-0.816631,-0.154552,-0.537294,-0.791912,-0.831365,0.688526,-0.343776,-1.057503,-0.514922,-0.004386,-1.624019,0.781567,-0.192916,-1.269319,-0.547012,0.222440,-1.858797,0.749808,-0.195624,-1.435109,-0.458693,0.227306,-2.044291,0.642494,-0.341268,-1.169569,-0.432182,0.137893,-1.724700,0.263344,-0.017945,0.102119,-0.263344,0.017945,-0.102119,0.278588,1.222776,0.078465,-0.217736,1.267855,-0.137427,0.295854,2.335169,1.179481,-0.181006,2.390709,0.577996,0.305214,2.515219,1.225974,-0.212012,2.578387,0.609426,0.270879,2.663558,0.208722,-0.022218,2.710896,-0.577352,0.444947,0.426727,-0.003235,0.446655,0.422855,-0.008273,0.450771,0.418544,-0.013763,0.456392,0.412772,-0.018706,0.465228,0.407830,-0.022654,0.474212,0.408267,-0.023681,0.482964,0.405581,-0.022493,0.492384,0.408243,-0.018434,0.498724,0.412417,-0.013417,0.503447,0.415660,-0.007758,0.505721,0.418973,-0.002605,0.502674,0.422290,-0.007575,0.498402,0.425513,-0.013443,0.492251,0.429860,-0.017730,0.484575,0.433337,-0.021171,0.476058,0.434850,-0.021884,0.467490,0.435420,-0.021265,0.459527,0.433966,-0.018019,0.452903,0.431235,-0.013882,0.448328,0.429239,-0.008049,0.417527,0.325347,0.015742,0.419455,0.323665,0.012742,0.421848,0.321690,0.010435,0.425628,0.318961,0.008319,0.431328,0.316884,0.006693,0.436885,0.316515,0.006472,0.442881,0.317322,0.007690,0.447132,0.319798,0.009130,0.489605,0.317822,0.010579,0.491515,0.318688,0.010465,0.495020,0.319510,0.008869,0.500597,0.320799,0.007877,0.506560,0.320969,0.008187,0.512658,0.319634,0.009998,0.516637,0.318069,0.012393,0.519403,0.316734,0.014473,0.468420,0.306724,-0.007562,0.468878,0.317452,-0.013585,0.469375,0.327398,-0.020365,0.469831,0.336762,-0.027858,0.000000,0.000000,0.000000,0.000000,0.000000,0.000000,0.000000,0.000000,0.000000,0.000000,0.000000,0.000000,0.000000,0.000000,0.000000,0.000000,0.000000,0.000000,0.000000,0.000000,0.000000,0.000000,0.000000,0.000000,0.000000,0.000000,0.000000,0.000000,0.000000,0.000000,0.000000,0.000000,0.000000,0.000000,0.000000,0.000000,0.000000,0.000000,0.000000,0.000000,0.000000,0.000000,0.000000,0.000000,0.000000,0.000000,0.000000,0.000000,0.000000,0.000000,0.000000,0.000000,0.000000,0.000000,0.000000,0.000000,0.000000,0.000000,0.000000,0.000000,0.000000,0.000000,0.000000,0.000000,0.000000,0.000000,0.000000,0.000000,0.000000,0.000000,0.000000,0.000000,0.000000,0.000000,0.000000,0.000000,0.000000,0.000000,0.000000,0.000000,0.000000,0.000000,0.000000,0.000000,0.000000,0.000000,0.000000,0.000000,0.000000,0.000000,0.000000,0.000000,0.000000,0.000000,0.000000,0.000000,0.000000,0.000000,0.000000,0.000000,0.000000,0.000000,0.000000,0.000000,0.000000,0.000000,0.000000,0.000000,0.000000,0.000000,0.000000,0.000000,0.000000,0.000000,0.000000,0.000000,0.000000,0.000000,0.000000,0.000000,0.000000,0.000000,0.000000,0.000000,0.000000,0.000000
-0.009407,-2.018834,-1.562829,0.028795,-2.116663,-1.441788,0.054217,-2.114145,-1.442239,0.074116,-2.109753,-1.442726,-0.062252,-2.111367,-1.498562,-0.093183,-2.103063,-1.498564,-0.120999,-2.093860,-1.499765,0.105019,-2.056878,-0.710784,-0.161265,-2.035217,-0.931331,0.051080,-1.904416,-1.285000,-0.067503,-1.897504,-1.347127,0.344045,-1.417631,-0.148410,-0.370841,-1.458391,-0.846461,0.515413,-0.775745,0.051836,-0.516198,-0.779647,-0.805075,0.660031,-0.110146,-0.550177,-0.492101,-0.031952,-1.424104,0.734893,0.066018,-0.693328,-0.512795,0.167735,-1.621108,0.684721,0.084503,-0.858910,-0.430403,0.174214,-1.774114,0.635808,0.026148,-0.653303,-0.411382,0.097665,-1.506977,0.247478,-0.021473,0.095896,-0.247478,0.021473,-0.095896,0.261483,1.152729,0.075987,-0.205792,1.198481,-0.115967,0.274320,2.200814,1.126447,-0.168971,2.237911,0.533420,0.279463,2.371888,1.169664,-0.198476,2.411799,0.558908,0.268980,2.495023,0.218713,-0.019657,2.523547,-0.520110,0.446627,0.428929,-0.002585,0.448316,0.424972,-0.007746,0.452380,0.420576,-0.013351,0.457957,0.414730,-0.018414,0.466775,0.409683,-0.022493,0.475785,0.410050,-0.023628,0.484606,0.407308,-0.022526,0.494125,0.409944,-0.018523,0.500563,0.414106,-0.013505,0.505332,0.417351,-0.007839,0.507611,0.420718,-0.002616,0.504566,0.424192,-0.007489,0.500282,0.427589,-0.013253,0.494091,0.432116,-0.017473,0.486356,0.435731,-0.020798,0.477732,0.437315,-0.021403,0.469102,0.437921,-0.020706,0.461115,0.436436,-0.017408,0.454510,0.433632,-0.013253,0.449980,0.431537,-0.007414,0.418519,0.326945,0.016048,0.420451,0.325237,0.012984,0.422862,0.323226,0.010627,0.426685,0.320465,0.008441,0.432456,0.318344,0.006737,0.438076,0.317969,0.006436,0.444120,0.318797,0.007613,0.448426,0.321311,0.009056,0.491335,0.318912,0.010050,0.493257,0.319766,0.009918,0.496801,0.320559,0.008295,0.502469,0.321831,0.007251,0.508518,0.321955,0.007517,0.514725,0.320544,0.009287,0.518786,0.318888,0.011662,0.521619,0.317461,0.013729,0.469799,0.308047,-0.008045,0.470241,0.318979,-0.014015,0.470719,0.329092,-0.020789,0.471151,0.338607,-0.028240,0.000000,0.000000,0.000000,0.000000,0.000000,0.000000,0.000000,0.000000,0.000000,0.000000,0.000000,0.000000,0.000000,0.000000,0.000000,0.000000,0.000000,0.000000,0.000000,0.000000,0.000000,0.000000,0.000000,0.000000,0.000000,0.000000,0.000000,0.000000,0.000000,0.000000,0.000000,0.000000,0.000000,0.000000,0.000000,0.000000,0.000000,0.000000,0.000000,0.000000,0.000000,0.000000,0.000000,0.000000,0.000000,0.000000,0.000000,0.000000,0.000000,0.000000,0.000000,0.000000,0.000000,0.000000,0.000000,0.000000,0.000000,0.000000,0.000000,0.000000,0.000000,0.000000,0.000000,0.000000,0.000000,0.000000,0.000000,0.000000,0.000000,0.000000,0.000000,0.000000,0.000000,0.000000,0.000000,0.000000,0.000000,0.000000,0.000000,0.000000,0.000000,0.000000,0.000000,0.000000,0.000000,0.000000,0.000000,0.000000,0.000000,0.000000,0.000000,0.000000,0.000000,0.000000,0.000000,0.000000,0.000000,0.000000,0.000000,0.000000,0.000000,0.000000,0.000000,0.000000,0.000000,0.000000,0.000000,0.000000,0.000000,0.000000,0.000000,0.000000,0.000000,0.000000,0.000000,0.000000,0.000000,0.000000,0.000000,0.000000,0.000000,0.000000,0.000000,0.000000,0.000000,0.000000
-0.008218,-2.075912,-1.592160,0.031728,-2.176404,-1.469157,0.056846,-2.173756,-1.469616,0.077681,-2.169110,-1.470109,-0.062884,-2.171089,-1.522918,-0.095132,-2.163045,-1.522828,-0.123503,-2.153548,-1.524043,0.110526,-2.114127,-0.720178,-0.166686,-2.092799,-0.928666,0.053720,-1.959070,-1.309135,-0.068854,-1.952341,-1.367778,0.355801,-1.456000,-0.157027,-0.381580,-1.507155,-0.830548,0.527592,-0.778704,0.016790,-0.532751,-0.804970,-0.782340,0.650333,-0.107788,-0.613241,-0.531689,-0.036623,-1.419599,0.713220,0.072612,-0.768557,-0.560002,0.168202,-1.619918,0.658109,0.087466,-0.933046,-0.478068,0.176194,-1.788678,0.611188,0.027172,-0.717089,-0.454246,0.097895,-1.511414,0.254977,-0.020243,0.092942,-0.254977,0.020243,-0.092942,0.259272,1.191284,0.036067,-0.232867,1.230115,-0.137753,0.263379,2.273040,1.083421,-0.192753,2.302336,0.510224,0.266441,2.447027,1.126245,-0.219764,2.480379,0.535862,0.252777,2.577677,0.144305,-0.057903,2.597968,-0.595242,0.445114,0.430340,-0.001383,0.446900,0.426452,-0.006672,0.451109,0.422233,-0.012463,0.456801,0.416559,-0.017711,0.465718,0.411717,-0.021880,0.474803,0.412134,-0.022974,0.483662,0.409300,-0.021920,0.493253,0.411738,-0.017832,0.499782,0.415692,-0.012653,0.504694,0.418733,-0.006825,0.507096,0.422010,-0.001480,0.503994,0.425653,-0.006285,0.499632,0.429220,-0.012114,0.493382,0.433912,-0.016441,0.485580,0.437682,-0.019940,0.476843,0.439335,-0.020605,0.468089,0.439921,-0.019878,0.459989,0.438340,-0.016380,0.453258,0.435378,-0.012105,0.448574,0.433095,-0.006176,0.417872,0.328504,0.015454,0.419760,0.326824,0.012417,0.422125,0.324824,0.010072,0.425899,0.322070,0.007881,0.431631,0.319960,0.006181,0.437218,0.319565,0.005878,0.443228,0.320359,0.007077,0.447505,0.322831,0.008489,0.489910,0.320294,0.009378,0.491801,0.321110,0.009235,0.495312,0.321856,0.007646,0.500944,0.323083,0.006618,0.506947,0.323181,0.006886,0.513103,0.321769,0.008617,0.517129,0.320117,0.010937,0.519947,0.318676,0.012953,0.468582,0.309975,-0.008845,0.469047,0.320684,-0.014668,0.469554,0.330770,-0.021264,0.470006,0.340244,-0.028543,0.000000,0.000000,0.000000,0.000000,0.000000,0.000000,0.000000,0.000000,0.000000,0.000000,0.000000,0.000000,0.000000,0.000000,0.000000,0.000000,0.000000,0.000000,0.000000,0.000000,0.000000,0.000000,0.000000,0.000000,0.000000,0.000000,0.000000,0.000000,0.000000,0.000000,0.000000,0.000000,0.000000,0.000000,0.000000,0.000000,0.000000,0.000000,0.000000,0.000000,0.000000,0.000000,0.000000,0.000000,0.000000,0.000000,0.000000,0.000000,0.000000,0.000000,0.000000,0.000000,0.000000,0.000000,0.000000,0.000000,0.000000,0.000000,0.000000,0.000000,0.000000,0.000000,0.000000,0.000000,0.000000,0.000000,0.000000,0.000000,0.000000,0.000000,0.000000,0.000000,0.000000,0.000000,0.000000,0.000000,0.000000,0.000000,0.000000,0.000000,0.000000,0.000000,0.000000,0.000000,0.000000,0.000000,0.000000,0.000000,0.000000,0.000000,0.000000,0.000000,0.000000,0.000000,0.000000,0.000000,0.000000,0.000000,0.000000,0.000000,0.000000,0.000000,0.000000,0.000000,0.000000,0.000000,0.000000,0.000000,0.000000,0.000000,0.000000,0.000000,0.000000,0.000000,0.000000,0.000000,0.000000,0.000000,0.000000,0.000000,0.000000,0.000000,0.000000,0.000000,0.000000,0.000000
-0.015493,-2.306340,-2.107991,0.031559,-2.418632,-1.964336,0.063607,-2.415826,-1.965280,0.086891,-2.410494,-1.965898,-0.073612,-2.412156,-2.010558,-0.107361,-2.403023,-2.010309,-0.140297,-2.392431,-2.011637,0.125623,-2.347952,-1.063266,-0.183991,-2.324496,-1.234650,0.060369,-2.176465,-1.767268,-0.079469,-2.169070,-1.816239,0.403672,-1.613170,-0.376777,-0.421583,-1.672765,-0.938365,0.576766,-0.856554,-0.078571,-0.592822,-0.892078,-0.826865,0.683983,-0.088631,-0.786748,-0.616017,-0.030407,-1.599484,0.753528,0.116075,-0.969880,-0.650936,0.198704,-1.846518,0.699136,0.133236,-1.186701,-0.563850,0.214617,-2.052174,0.649083,0.060166,-0.914119,-0.533772,0.126079,-1.713532,0.283364,-0.018170,0.037240,-0.283364,0.018170,-0.037240,0.283818,1.325066,0.090347,-0.256524,1.354722,0.005277,0.288632,2.517044,1.495292,-0.215317,2.545146,1.001303,0.293093,2.701045,1.564248,-0.231784,2.738790,1.057655,0.261238,2.869359,0.412507,-0.092231,2.877234,-0.249232,0.445458,0.427696,-0.003887,0.446831,0.423343,-0.008895,0.450539,0.418402,-0.014418,0.455734,0.411999,-0.019467,0.464205,0.406377,-0.023614,0.473076,0.406389,-0.025014,0.481883,0.403524,-0.024112,0.491611,0.406299,-0.020507,0.498300,0.410732,-0.015869,0.503293,0.414299,-0.010560,0.505765,0.417994,-0.005676,0.502761,0.421435,-0.010523,0.498461,0.424813,-0.016148,0.492209,0.429370,-0.020246,0.484433,0.433088,-0.023369,0.475782,0.434855,-0.023766,0.467276,0.435654,-0.022811,0.459443,0.434437,-0.019237,0.453021,0.431935,-0.014945,0.448668,0.430082,-0.009008,0.415956,0.326274,0.019235,0.417798,0.324355,0.016216,0.420119,0.322146,0.013879,0.423823,0.319170,0.011696,0.429533,0.316878,0.009914,0.435150,0.316471,0.009473,0.441149,0.317320,0.010449,0.445443,0.319880,0.011700,0.488276,0.316573,0.011303,0.490271,0.317421,0.011080,0.493874,0.318104,0.009329,0.499574,0.319217,0.008107,0.505644,0.319218,0.008177,0.511850,0.317723,0.009825,0.515892,0.316021,0.012128,0.518715,0.314544,0.014172,0.466090,0.306000,-0.005909,0.466455,0.316496,-0.012327,0.466850,0.326232,-0.019424,0.467196,0.335401,-0.027244,0.000000,0.000000,0.000000,0.000000,0.000000,0.000000,0.000000,0.000000,0.000000,0.000000,0.000000,0.000000,0.000000,0.000000,0.000000,0.000000,0.000000,0.000000,0.000000,0.000000,0.000000,0.000000,0.000000,0.000000,0.000000,0.000000,0.000000,0.000000,0.000000,0.000000,0.000000,0.000000,0.000000,0.000000,0.000000,0.000000,0.000000,0.000000,0.000000,0.000000,0.000000,0.000000,0.000000,0.000000,0.000000,0.000000,0.000000,0.000000,0.000000,0.000000,0.000000,0.000000,0.000000,0.000000,0.000000,0.000000,0.000000,0.000000,0.000000,0.000000,0.000000,0.000000,0.000000,0.000000,0.000000,0.000000,0.000000,0.000000,0.000000,0.000000,0.000000,0.000000,0.000000,0.000000,0.000000,0.000000,0.000000,0.000000,0.000000,0.000000,0.000000,0.000000,0.000000,0.000000,0.000000,0.000000,0.000000,0.000000,0.000000,0.000000,0.000000,0.000000,0.000000,0.000000,0.000000,0.000000,0.000000,0.000000,0.000000,0.000000,0.000000,0.000000,0.000000,0.000000,0.000000,0.000000,0.000000,0.000000,0.000000,0.000000,0.000000,0.000000,0.000000,0.000000,0.000000,0.000000,0.000000,0.000000,0.000000,0.000000,0.000000,0.000000,0.000000,0.000000,0.000000,0.000000
0.013515,-2.177433,-2.090016,0.058036,-2.287479,-1.941417,0.088140,-2.284992,-1.942214,0.110668,-2.280047,-1.941730,-0.042706,-2.280476,-1.986738,-0.075710,-2.271703,-1.986578,-0.106727,-2.261920,-1.987803,0.146945,-2.220970,-0.991638,-0.149445,-2.197530,-1.183106,0.085448,-2.051525,-1.742962,-0.047762,-2.042652,-1.796549,0.417492,-1.505276,-0.156298,-0.380819,-1.563249,-0.755502,0.469073,-0.773801,-0.738168,-0.544395,-0.776168,-1.065281,0.708088,-1.006289,-2.578378,-0.438436,-0.166998,-2.231061,0.857359,-1.075004,-2.936985,-0.425821,0.050114,-2.476325,0.826172,-1.191420,-2.977932,-0.355327,-0.022947,-2.636569,0.761911,-1.177945,-2.662442,-0.347308,-0.100342,-2.328889,0.274562,-0.009023,0.132790,-0.274562,0.009023,-0.132790,0.259871,1.259501,0.158099,-0.259148,1.267526,-0.352600,0.222732,2.385488,1.152450,-0.280652,2.413879,0.314574,0.221658,2.561549,1.174569,-0.338416,2.599315,0.339447,0.213167,2.712119,0.068025,-0.092870,2.728260,-0.976631,0.446510,0.427906,-0.003023,0.447949,0.423568,-0.008202,0.451722,0.418740,-0.013848,0.456988,0.412443,-0.019003,0.465528,0.406963,-0.023184,0.474445,0.407054,-0.024511,0.483267,0.404173,-0.023549,0.492984,0.406879,-0.019788,0.499648,0.411259,-0.014961,0.504637,0.414754,-0.009463,0.507126,0.418446,-0.004383,0.504168,0.422055,-0.009175,0.499915,0.425616,-0.014799,0.493705,0.430393,-0.018916,0.485909,0.434273,-0.022105,0.477174,0.436081,-0.022559,0.468513,0.436810,-0.021677,0.460593,0.435378,-0.018139,0.454127,0.432600,-0.013894,0.449741,0.430493,-0.008020,0.417159,0.326380,0.018124,0.419033,0.324539,0.015058,0.421386,0.322420,0.012690,0.425123,0.319532,0.010469,0.430836,0.317280,0.008676,0.436449,0.316840,0.008261,0.442464,0.317579,0.009318,0.446757,0.320024,0.010636,0.489485,0.316750,0.010570,0.491471,0.317584,0.010367,0.495059,0.318282,0.008659,0.500752,0.319421,0.007500,0.506811,0.319431,0.007627,0.513003,0.317931,0.009299,0.517038,0.316246,0.011609,0.519860,0.314800,0.013643,0.467448,0.306244,-0.006998,0.467853,0.316741,-0.013222,0.468288,0.326529,-0.020178,0.468672,0.335741,-0.027844,0.000000,0.000000,0.000000,0.000000,0.000000,0.000000,0.000000,0.000000,0.000000,0.000000,0.000000,0.000000,0.000000,0.000000,0.000000,0.000000,0.000000,0.000000,0.000000,0.000000,0.000000,0.000000,0.000000,0.000000,0.000000,0.000000,0.000000,0.000000,0.000000,0.000000,0.000000,0.000000,0.000000,0.000000,0.000000,0.000000,0.000000,0.000000,0.000000,0.000000,0.000000,0.000000,0.000000,0.000000,0.000000,0.000000,0.000000,0.000000,0.000000,0.000000,0.000000,0.000000,0.000000,0.000000,0.000000,0.000000,0.000000,0.000000,0.000000,0.000000,0.000000,0.000000,0.000000,0.766024,0.850634,0.000000,0.759371,0.807082,-0.026217,0.783909,0.756024,-0.040364,0.818797,0.759545,-0.052519,0.845744,0.788905,-0.064483,0.852159,0.754933,-0.027247,0.891388,0.742187,-0.056204,0.924250,0.735927,-0.079200,0.954109,0.734245,-0.095059,0.866467,0.797631,-0.029656,0.900880,0.776212,-0.067337,0.867723,0.774033,-0.080995,0.848920,0.775967,-0.081376,0.868164,0.842418,-0.035403,0.889404,0.835085,-0.070276,0.848050,0.832995,-0.066934,0.828167,0.833269,-0.054765,0.860282,0.888520,-0.043752,0.879369,0.884055,-0.068318,0.850159,0.874182,-0.063155,0.831958,0.867786,-0.052604
0.030691,-2.285246,-2.165094,0.077042,-2.399775,-2.003546,0.108217,-2.397588,-2.004396,0.132042,-2.392195,-2.003433,-0.028361,-2.392374,-2.044511,-0.063247,-2.383083,-2.044374,-0.095349,-2.371988,-2.045569,0.171285,-2.329762,-1.011264,-0.140447,-2.303663,-1.180162,0.105670,-2.151217,-1.797861,-0.033668,-2.142904,-1.850619,0.457395,-1.577200,-0.195944,-0.386481,-1.633803,-0.729459,0.529899,-0.798567,-0.699363,-0.560277,-0.800993,-1.067731,0.810813,-1.013318,-2.561166,-0.383497,-0.209827,-2.331812,1.013905,-1.053230,-2.929757,-0.338808,0.013730,-2.592626,0.979004,-1.189144,-3.016938,-0.270326,-0.092611,-2.749800,0.894117,-1.188676,-2.664553,-0.275113,-0.173397,-2.431990,0.287727,-0.005496,0.121272,-0.287727,0.005496,-0.121272,0.272263,1.336097,0.076830,-0.275921,1.327910,-0.431468,0.223707,2.532108,1.085298,-0.305180,2.557673,0.219414,0.221551,2.715010,1.107395,-0.364965,2.756673,0.239865,0.207551,2.869727,-0.042885,-0.107210,2.883295,-1.115812,0.448893,0.427324,-0.002176,0.450387,0.423107,-0.007428,0.454187,0.418455,-0.013126,0.459454,0.412361,-0.018330,0.467961,0.407058,-0.022567,0.476817,0.407273,-0.023902,0.485611,0.404421,-0.022985,0.495291,0.407074,-0.019224,0.501941,0.411332,-0.014375,0.506931,0.414702,-0.008868,0.509424,0.418278,-0.003731,0.506426,0.421918,-0.008439,0.502134,0.425547,-0.014005,0.495899,0.430371,-0.018069,0.488100,0.434261,-0.021190,0.479375,0.436015,-0.021593,0.470752,0.436650,-0.020708,0.462881,0.435095,-0.017205,0.456466,0.432180,-0.012971,0.452115,0.429965,-0.007114,0.419796,0.324603,0.017528,0.421668,0.322823,0.014436,0.424036,0.320743,0.012060,0.427791,0.317895,0.009820,0.433535,0.315704,0.008001,0.439174,0.315315,0.007577,0.445200,0.316117,0.008634,0.449483,0.318618,0.009973,0.492251,0.315753,0.009831,0.494207,0.316592,0.009630,0.497781,0.317318,0.007941,0.503472,0.318522,0.006788,0.509531,0.318595,0.006913,0.515745,0.317141,0.008565,0.519823,0.315489,0.010845,0.522685,0.314047,0.012863,0.470223,0.305206,-0.007740,0.470561,0.315993,-0.013803,0.470939,0.326020,-0.020626,0.471265,0.335452,-0.028132,0.000000,0.000000,0.000000,0.000000,0.000000,0.000000,0.000000,0.000000,0.000000,0.000000,0.000000,0.000000,0.000000,0.000000,0.000000,0.000000,0.000000,0.000000,0.000000,0.000000,0.000000,0.000000,0.000000,0.000000,0.000000,0.000000,0.000000,0.000000,0.000000,0.000000,0.000000,0.000000,0.000000,0.000000,0.000000,0.000000,0.000000,0.000000,0.000000,0.000000,0.000000,0.000000,0.000000,0.000000,0.000000,0.000000,0.000000,0.000000,0.000000,0.000000,0.000000,0.000000,0.000000,0.000000,0.000000,0.000000,0.000000,0.000000,0.000000,0.000000,0.000000,0.000000,0.000000,0.781962,0.896975,0.000000,0.787850,0.831651,-0.044334,0.826935,0.777429,-0.069512,0.871711,0.800277,-0.091886,0.903621,0.843714,-0.112085,0.918949,0.783307,-0.039098,0.977356,0.774584,-0.074063,1.012186,0.775176,-0.096347,1.039602,0.781468,-0.111255,0.923439,0.839338,-0.037870,0.962941,0.835169,-0.089058,0.919439,0.831163,-0.102246,0.896345,0.829142,-0.099176,0.917081,0.891484,-0.043300,0.934239,0.895090,-0.092949,0.888089,0.885299,-0.092305,0.872618,0.874309,-0.079542,0.904585,0.939189,-0.052985,0.920976,0.947011,-0.086689,0.888278,0.930744,-0.086068,0.873585,0.913842,-0.078290
0.040259,-1.999543,-1.832057,0.080074,-2.099281,-1.683269,0.106877,-2.097540,-1.684214,0.127580,-2.092957,-1.683243,-0.011303,-2.092818,-1.737942,-0.042225,-2.084748,-1.737872,-0.070199,-2.075022,-1.738854,0.162020,-2.038556,-0.778337,-0.110057,-2.014999,-1.011347,0.104584,-1.882664,-1.494478,-0.016918,-1.875173,-1.563215,0.412632,-1.378555,0.005187,-0.327777,-1.428192,-0.665132,0.457077,-0.690137,-0.506771,-0.480657,-0.696669,-0.979927,0.676673,-0.887707,-2.336851,-0.192196,-0.262961,-2.064167,0.819781,-0.933970,-2.690589,-0.101963,-0.069540,-2.301255,0.792568,-1.049473,-2.730819,-0.049456,-0.189051,-2.405967,0.733452,-1.047078,-2.421730,-0.079833,-0.265572,-2.140310,0.244432,-0.002316,0.193585,-0.244432,0.002316,-0.193585,0.230258,1.131006,0.143260,-0.231451,1.118360,-0.278400,0.187426,2.177592,0.942546,-0.265327,2.209468,0.296756,0.185835,2.331416,0.958198,-0.324782,2.379728,0.311112,0.177394,2.471715,-0.033630,-0.091405,2.501809,-0.842579,0.449791,0.428124,-0.002275,0.451365,0.423942,-0.007534,0.455293,0.419355,-0.013270,0.460705,0.413332,-0.018501,0.469422,0.408119,-0.022711,0.478425,0.408413,-0.023993,0.487350,0.405594,-0.023026,0.497125,0.408285,-0.019195,0.503789,0.412559,-0.014251,0.508803,0.415923,-0.008648,0.511287,0.419494,-0.003486,0.508224,0.423165,-0.008259,0.503878,0.426812,-0.013967,0.497572,0.431624,-0.018160,0.489685,0.435475,-0.021438,0.480868,0.437185,-0.021933,0.472130,0.437775,-0.021059,0.464135,0.436165,-0.017486,0.457588,0.433164,-0.013185,0.453104,0.430855,-0.007236,0.421377,0.325353,0.017425,0.423240,0.323549,0.014351,0.425602,0.321452,0.011979,0.429374,0.318595,0.009756,0.435152,0.316433,0.007968,0.440819,0.316101,0.007570,0.446877,0.316989,0.008642,0.451183,0.319562,0.009990,0.494137,0.316980,0.010066,0.496088,0.317840,0.009879,0.499658,0.318597,0.008199,0.505356,0.319841,0.007066,0.511428,0.319957,0.007213,0.517657,0.318548,0.008904,0.521729,0.316907,0.011215,0.524576,0.315451,0.013237,0.472144,0.306174,-0.007651,0.472489,0.316933,-0.013750,0.472868,0.326946,-0.020612,0.473200,0.336357,-0.028158,0.000000,0.000000,0.000000,0.000000,0.000000,0.000000,0.000000,0.000000,0.000000,0.000000,0.000000,0.000000,0.000000,0.000000,0.000000,0.000000,0.000000,0.000000,0.000000,0.000000,0.000000,0.000000,0.000000,0.000000,0.000000,0.000000,0.000000,0.000000,0.000000,0.000000,0.000000,0.000000,0.000000,0.000000,0.000000,0.000000,0.000000,0.000000,0.000000,0.000000,0.000000,0.000000,0.000000,0.000000,0.000000,0.000000,0.000000,0.000000,0.000000,0.000000,0.000000,0.000000,0.000000,0.000000,0.000000,0.000000,0.000000,0.000000,0.000000,0.000000,0.000000,0.000000,0.000000,0.754287,0.874592,0.000000,0.747025,0.819935,-0.044697,0.776764,0.762885,-0.071217,0.819729,0.778876,-0.093709,0.851021,0.829107,-0.115372,0.858973,0.762025,-0.055422,0.913187,0.761742,-0.106454,0.956153,0.758887,-0.143846,0.997354,0.761133,-0.168672,0.872018,0.817442,-0.057991,0.908312,0.812738,-0.118194,0.859128,0.814818,-0.135932,0.839411,0.810166,-0.136343,0.871217,0.870456,-0.067186,0.891449,0.881474,-0.119579,0.839672,0.875267,-0.115694,0.821360,0.859473,-0.101043,0.859137,0.920080,-0.081387,0.877787,0.931981,-0.117717,0.844284,0.919277,-0.113728,0.825074,0.902204,-0.102888
0.036670,-1.910783,-1.720691,0.075044,-2.006281,-1.576270,0.100712,-2.004666,-1.577023,0.120348,-2.000403,-1.576021,-0.011920,-1.999956,-1.630593,-0.041457,-1.992224,-1.630520,-0.068561,-1.983135,-1.631438,0.152842,-1.948729,-0.723290,-0.106357,-1.926186,-0.948947,0.098126,-1.799730,-1.400892,-0.018318,-1.791761,-1.470021,0.387224,-1.320890,0.029181,-0.314295,-1.363803,-0.682153,0.427898,-0.702894,-0.475823,-0.459013,-0.663868,-1.065535,0.617009,-0.873200,-2.148793,-0.140282,-0.260588,-2.081477,0.750127,-0.921129,-2.472333,-0.040335,-0.077127,-2.304385,0.726597,-1.013991,-2.498155,0.017577,-0.190328,-2.375348,0.668051,-1.009037,-2.219901,-0.015627,-0.257866,-2.130704,0.233780,-0.004680,0.191587,-0.233780,0.004680,-0.191587,0.227693,1.105867,0.182076,-0.211190,1.117440,-0.276993,0.188629,2.096879,0.992926,-0.238512,2.137800,0.282220,0.187725,2.246709,1.007635,-0.299686,2.299546,0.299044,0.185212,2.378843,0.045449,-0.053134,2.416588,-0.830531,0.447504,0.428804,-0.001306,0.449096,0.424620,-0.006712,0.453007,0.420084,-0.012591,0.458388,0.414119,-0.017953,0.467043,0.408981,-0.022334,0.476003,0.409281,-0.023743,0.484893,0.406467,-0.022919,0.494656,0.409104,-0.019180,0.501311,0.413318,-0.014269,0.506331,0.416632,-0.008675,0.508812,0.420197,-0.003433,0.505731,0.423921,-0.008067,0.501362,0.427687,-0.013595,0.495029,0.432622,-0.017675,0.487132,0.436535,-0.020779,0.478274,0.438278,-0.021133,0.469542,0.438822,-0.020172,0.461580,0.437119,-0.016530,0.455134,0.434002,-0.012225,0.450737,0.431574,-0.006284,0.419643,0.325997,0.017747,0.421504,0.324279,0.014592,0.423844,0.322255,0.012167,0.427602,0.319475,0.009866,0.433371,0.317330,0.007959,0.439053,0.316966,0.007482,0.445128,0.317765,0.008509,0.449434,0.320247,0.009846,0.492345,0.317435,0.009260,0.494299,0.318261,0.009051,0.497888,0.318961,0.007345,0.503629,0.320159,0.006150,0.509749,0.320231,0.006239,0.516033,0.318786,0.007855,0.520165,0.317124,0.010108,0.523044,0.315654,0.012120,0.470222,0.307066,-0.008378,0.470474,0.317899,-0.014393,0.470751,0.327985,-0.021188,0.470990,0.337491,-0.028653,0.000000,0.000000,0.000000,0.000000,0.000000,0.000000,0.000000,0.000000,0.000000,0.000000,0.000000,0.000000,0.000000,0.000000,0.000000,0.000000,0.000000,0.000000,0.000000,0.000000,0.000000,0.000000,0.000000,0.000000,0.000000,0.000000,0.000000,0.000000,0.000000,0.000000,0.000000,0.000000,0.000000,0.000000,0.000000,0.000000,0.000000,0.000000,0.000000,0.000000,0.000000,0.000000,0.000000,0.000000,0.000000,0.000000,0.000000,0.000000,0.000000,0.000000,0.000000,0.000000,0.000000,0.000000,0.000000,0.000000,0.000000,0.000000,0.000000,0.000000,0.000000,0.000000,0.000000,0.739586,0.879002,0.000000,0.731475,0.821109,-0.046035,0.757553,0.765188,-0.075143,0.799701,0.780748,-0.100478,0.829220,0.830913,-0.125047,0.842674,0.763721,-0.059196,0.895818,0.764461,-0.112866,0.938425,0.761586,-0.150997,0.980095,0.762708,-0.176007,0.856178,0.818868,-0.062439,0.886949,0.816642,-0.125883,0.836302,0.820784,-0.143712,0.815903,0.815410,-0.143863,0.855752,0.872451,-0.072615,0.872611,0.884815,-0.127515,0.822927,0.878515,-0.124383,0.805053,0.861707,-0.110043,0.843714,0.922045,-0.087916,0.858013,0.936434,-0.125865,0.825056,0.922406,-0.123396,0.806219,0.904316,-0.113464
0.003354,-2.062469,-1.750807,0.046454,-2.162898,-1.622264,0.074683,-2.160749,-1.623048,0.095380,-2.156156,-1.623845,-0.047765,-2.157291,-1.674337,-0.078554,-2.149444,-1.674157,-0.109883,-2.140661,-1.675486,0.130396,-2.101648,-0.835225,-0.144750,-2.081382,-1.023514,0.068194,-1.946877,-1.445728,-0.057492,-1.938868,-1.500231,0.375574,-1.445772,-0.157766,-0.358573,-1.502327,-0.834397,0.573693,-0.797373,0.066223,-0.510170,-0.823427,-0.764674,0.616360,-0.076400,-0.600896,-0.496321,-0.073380,-1.452230,0.676473,0.122745,-0.755092,-0.516311,0.131377,-1.678037,0.632755,0.143304,-0.934673,-0.437264,0.147053,-1.839770,0.586248,0.069048,-0.710389,-0.419749,0.064839,-1.542193,0.252518,-0.011241,0.083572,-0.252518,0.011241,-0.083572,0.257596,1.186523,0.056451,-0.222031,1.211528,-0.083899,0.264073,2.245253,1.275342,-0.189837,2.276803,0.712630,0.268480,2.418281,1.329445,-0.213347,2.458555,0.751858,0.241285,2.561149,0.297496,-0.065578,2.580613,-0.416541,0.441912,0.431736,-0.000355,0.443342,0.427495,-0.005951,0.447011,0.422827,-0.012019,0.452118,0.416694,-0.017596,0.460574,0.411433,-0.022242,0.469472,0.411646,-0.023896,0.478436,0.408824,-0.023268,0.488426,0.411605,-0.019700,0.495248,0.415974,-0.014955,0.500476,0.419370,-0.009460,0.503109,0.423012,-0.004146,0.500007,0.426576,-0.008725,0.495562,0.430188,-0.014037,0.489125,0.435047,-0.017950,0.481140,0.438983,-0.020713,0.472222,0.440761,-0.020782,0.463570,0.441375,-0.019676,0.455704,0.439738,-0.015907,0.449374,0.436702,-0.011546,0.445065,0.434383,-0.005526,0.412622,0.327630,0.019116,0.414415,0.325856,0.015859,0.416674,0.323768,0.013342,0.420405,0.320902,0.010882,0.426233,0.318637,0.008825,0.432027,0.318187,0.008181,0.438172,0.318893,0.009139,0.442546,0.321336,0.010425,0.486251,0.317430,0.008560,0.488248,0.318224,0.008289,0.491898,0.318802,0.006498,0.497746,0.319882,0.005156,0.503976,0.319830,0.005116,0.510392,0.318229,0.006626,0.514621,0.316438,0.008787,0.517598,0.314832,0.010741,0.463208,0.307994,-0.009005,0.463440,0.318840,-0.015044,0.463688,0.329080,-0.021862,0.463881,0.338759,-0.029361,0.000000,0.000000,0.000000,0.000000,0.000000,0.000000,0.000000,0.000000,0.000000,0.000000,0.000000,0.000000,0.000000,0.000000,0.000000,0.000000,0.000000,0.000000,0.000000,0.000000,0.000000,0.000000,0.000000,0.000000,0.000000,0.000000,0.000000,0.000000,0.000000,0.000000,0.000000,0.000000,0.000000,0.000000,0.000000,0.000000,0.000000,0.000000,0.000000,0.000000,0.000000,0.000000,0.000000,0.000000,0.000000,0.000000,0.000000,0.000000,0.000000,0.000000,0.000000,0.000000,0.000000,0.000000,0.000000,0.000000,0.000000,0.000000,0.000000,0.000000,0.000000,0.000000,0.000000,0.000000,0.000000,0.000000,0.000000,0.000000,0.000000,0.000000,0.000000,0.000000,0.000000,0.000000,0.000000,0.000000,0.000000,0.000000,0.000000,0.000000,0.000000,0.000000,0.000000,0.000000,0.000000,0.000000,0.000000,0.000000,0.000000,0.000000,0.000000,0.000000,0.000000,0.000000,0.000000,0.000000,0.000000,0.000000,0.000000,0.000000,0.000000,0.000000,0.000000,0.000000,0.000000,0.000000,0.000000,0.000000,0.000000,0.000000,0.000000,0.000000,0.000000,0.000000,0.000000,0.000000,0.000000,0.000000,0.000000,0.000000,0.000000,0.000000,0.000000,0.000000,0.000000,0.000000
-0.003664,-2.163735,-1.814509,0.042032,-2.269316,-1.684327,0.071765,-2.267026,-1.685139,0.093372,-2.262227,-1.685869,-0.057233,-2.263276,-1.730589,-0.089379,-2.255052,-1.730355,-0.122338,-2.246128,-1.731683,0.130903,-2.204824,-0.872352,-0.158170,-2.184269,-1.041967,0.064575,-2.043424,-1.503755,-0.067370,-2.034532,-1.552655,0.391789,-1.515159,-0.220283,-0.376771,-1.582910,-0.856460,0.590641,-0.813958,0.009988,-0.540349,-0.883023,-0.799330,0.670373,-0.067310,-0.664098,-0.544973,-0.094986,-1.571145,0.736196,0.137231,-0.829230,-0.568557,0.110647,-1.810899,0.676839,0.157113,-1.018277,-0.484833,0.128178,-1.983659,0.627858,0.081309,-0.779286,-0.464360,0.045610,-1.670164,0.265449,-0.012408,0.058920,-0.265449,0.012408,-0.058920,0.273825,1.244967,0.035962,-0.231741,1.269043,-0.102030,0.279195,2.354970,1.219071,-0.194334,2.382571,0.668641,0.284116,2.535650,1.268568,-0.218252,2.572427,0.703667,0.251918,2.682457,0.182713,-0.066742,2.696500,-0.518979,0.444096,0.432572,0.001455,0.445341,0.428403,-0.004218,0.448779,0.423847,-0.010391,0.453708,0.417904,-0.016110,0.462165,0.412679,-0.020917,0.471155,0.412933,-0.022579,0.480322,0.409866,-0.022028,0.490577,0.412303,-0.018417,0.497514,0.416368,-0.013555,0.502790,0.419570,-0.008024,0.505447,0.423112,-0.002673,0.502309,0.426874,-0.006968,0.497841,0.430898,-0.012137,0.491345,0.436148,-0.015882,0.483197,0.440370,-0.018396,0.474111,0.442319,-0.018371,0.465267,0.442855,-0.017207,0.457387,0.441095,-0.013616,0.451206,0.437788,-0.009316,0.447128,0.435285,-0.003485,0.415166,0.330037,0.017362,0.417126,0.329134,0.013990,0.419641,0.327824,0.011411,0.423501,0.325876,0.008973,0.429144,0.324125,0.006818,0.434617,0.323328,0.006117,0.440507,0.322689,0.007182,0.444498,0.323593,0.008634,0.488901,0.318838,0.006791,0.490712,0.319314,0.006581,0.494064,0.319948,0.004804,0.499614,0.321133,0.003543,0.505612,0.321255,0.003523,0.512098,0.319975,0.004961,0.516479,0.318549,0.006970,0.519717,0.317341,0.008906,0.465242,0.309680,-0.010382,0.465301,0.320914,-0.015959,0.465367,0.331177,-0.022453,0.465411,0.340840,-0.029557,0.000000,0.000000,0.000000,0.000000,0.000000,0.000000,0.000000,0.000000,0.000000,0.000000,0.000000,0.000000,0.000000,0.000000,0.000000,0.000000,0.000000,0.000000,0.000000,0.000000,0.000000,0.000000,0.000000,0.000000,0.000000,0.000000,0.000000,0.000000,0.000000,0.000000,0.000000,0.000000,0.000000,0.000000,0.000000,0.000000,0.000000,0.000000,0.000000,0.000000,0.000000,0.000000,0.000000,0.000000,0.000000,0.000000,0.000000,0.000000,0.000000,0.000000,0.000000,0.000000,0.000000,0.000000,0.000000,0.000000,0.000000,0.000000,0.000000,0.000000,0.000000,0.000000,0.000000,0.000000,0.000000,0.000000,0.000000,0.000000,0.000000,0.000000,0.000000,0.000000,0.000000,0.000000,0.000000,0.000000,0.000000,0.000000,0.000000,0.000000,0.000000,0.000000,0.000000,0.000000,0.000000,0.000000,0.000000,0.000000,0.000000,0.000000,0.000000,0.000000,0.000000,0.000000,0.000000,0.000000,0.000000,0.000000,0.000000,0.000000,0.000000,0.000000,0.000000,0.000000,0.000000,0.000000,0.000000,0.000000,0.000000,0.000000,0.000000,0.000000,0.000000,0.000000,0.000000,0.000000,0.000000,0.000000,0.000000,0.000000,0.000000,0.000000,0.000000,0.000000,0.000000,0.000000
-0.015229,-2.107423,-1.839493,0.029981,-2.209558,-1.705720,0.060347,-2.207082,-1.706640,0.081483,-2.202171,-1.707255,-0.066526,-2.204552,-1.757337,-0.097266,-2.196489,-1.757301,-0.129799,-2.187429,-1.758733,0.118939,-2.145007,-0.872922,-0.163115,-2.125433,-1.068780,0.052936,-1.990740,-1.521244,-0.076757,-1.983329,-1.577514,0.372537,-1.475822,-0.193837,-0.374312,-1.538660,-0.855855,0.545220,-0.814054,0.035144,-0.532618,-0.845718,-0.794048,0.614037,-0.091765,-0.669405,-0.540602,-0.033379,-1.529711,0.672756,0.094553,-0.837872,-0.569432,0.186161,-1.778850,0.628398,0.106997,-1.033213,-0.486978,0.202202,-1.949256,0.581731,0.041560,-0.786660,-0.461587,0.116180,-1.624903,0.258626,-0.013426,0.077206,-0.258626,0.013426,-0.077206,0.267677,1.203285,0.031850,-0.220483,1.218808,-0.262227,0.278045,2.276516,1.131039,-0.186357,2.298016,0.463609,0.284336,2.447255,1.171971,-0.207878,2.479698,0.492208,0.250652,2.596792,0.113080,-0.062948,2.597781,-0.705174,0.441052,0.426137,0.000319,0.442769,0.422222,-0.005304,0.446933,0.418014,-0.011617,0.452557,0.412403,-0.017415,0.461531,0.407640,-0.022172,0.470782,0.408092,-0.023734,0.480079,0.405270,-0.023128,0.490335,0.407736,-0.019381,0.497432,0.411680,-0.014337,0.502896,0.414691,-0.008555,0.505592,0.418048,-0.003218,0.502159,0.421872,-0.007892,0.497336,0.425689,-0.013713,0.490493,0.430609,-0.018013,0.482165,0.434487,-0.021259,0.472955,0.436176,-0.021525,0.463980,0.436631,-0.020309,0.455800,0.434860,-0.016154,0.449126,0.431622,-0.011403,0.444489,0.429073,-0.004933,0.414879,0.323204,0.018770,0.416726,0.321501,0.015489,0.419073,0.319462,0.012944,0.422874,0.316678,0.010535,0.428734,0.314536,0.008470,0.434506,0.314163,0.007874,0.440656,0.314916,0.008824,0.444991,0.317368,0.010160,0.488534,0.314573,0.008543,0.490515,0.315411,0.008313,0.494159,0.316146,0.006540,0.500007,0.317403,0.005223,0.506265,0.317526,0.005200,0.512714,0.316116,0.006745,0.516967,0.314477,0.008937,0.519943,0.312997,0.010927,0.465792,0.303707,-0.009006,0.465874,0.314776,-0.015078,0.465983,0.325060,-0.021944,0.466045,0.334701,-0.029485,0.000000,0.000000,0.000000,0.000000,0.000000,0.000000,0.000000,0.000000,0.000000,0.000000,0.000000,0.000000,0.000000,0.000000,0.000000,0.000000,0.000000,0.000000,0.000000,0.000000,0.000000,0.000000,0.000000,0.000000,0.000000,0.000000,0.000000,0.000000,0.000000,0.000000,0.000000,0.000000,0.000000,0.000000,0.000000,0.000000,0.000000,0.000000,0.000000,0.000000,0.000000,0.000000,0.000000,0.000000,0.000000,0.000000,0.000000,0.000000,0.000000,0.000000,0.000000,0.000000,0.000000,0.000000,0.000000,0.000000,0.000000,0.000000,0.000000,0.000000,0.000000,0.000000,0.000000,0.000000,0.000000,0.000000,0.000000,0.000000,0.000000,0.000000,0.000000,0.000000,0.000000,0.000000,0.000000,0.000000,0.000000,0.000000,0.000000,0.000000,0.000000,0.000000,0.000000,0.000000,0.000000,0.000000,0.000000,0.000000,0.000000,0.000000,0.000000,0.000000,0.000000,0.000000,0.000000,0.000000,0.000000,0.000000,0.000000,0.000000,0.000000,0.000000,0.000000,0.000000,0.000000,0.000000,0.000000,0.000000,0.000000,0.000000,0.000000,0.000000,0.000000,0.000000,0.000000,0.000000,0.000000,0.000000,0.000000,0.000000,0.000000,0.000000,0.000000,0.000000,0.000000,0.000000
0.004013,-2.143314,-1.807688,0.053046,-2.251220,-1.647125,0.085592,-2.248038,-1.647847,0.108690,-2.242721,-1.646660,-0.047970,-2.246436,-1.694111,-0.080711,-2.237799,-1.693981,-0.114270,-2.228537,-1.695037,0.148384,-2.183639,-0.729710,-0.148794,-2.163659,-0.937720,0.077675,-2.018495,-1.471895,-0.059013,-2.011409,-1.533333,0.398766,-1.504361,-0.009939,-0.371498,-1.531455,-0.646904,0.486059,-0.900420,-0.807621,-0.539383,-0.771680,-1.151467,0.604863,-1.111901,-2.627994,-0.367859,-0.226760,-2.412393,0.735533,-1.195262,-2.997892,-0.328075,-0.002525,-2.689661,0.707352,-1.293814,-2.998804,-0.241075,-0.090432,-2.800054,0.634372,-1.258050,-2.697615,-0.246982,-0.171399,-2.490864,0.260676,-0.010263,0.170544,-0.260676,0.010263,-0.170544,0.258366,1.233922,-0.060022,-0.236229,1.244412,-0.414788,0.230052,2.369836,0.816590,-0.247964,2.394426,0.079210,0.231431,2.545879,0.831165,-0.301053,2.579455,0.088403,0.256494,2.680007,-0.248245,-0.019068,2.700710,-1.158086,0.444076,0.420702,-0.003253,0.445737,0.416755,-0.008409,0.449917,0.412283,-0.014183,0.455640,0.406372,-0.019436,0.464636,0.401302,-0.023683,0.473809,0.401700,-0.024980,0.482937,0.399077,-0.024046,0.492905,0.401939,-0.020224,0.499743,0.406292,-0.015290,0.504926,0.409686,-0.009682,0.507411,0.413103,-0.004632,0.504022,0.416439,-0.009686,0.499315,0.419586,-0.015771,0.492639,0.423816,-0.020233,0.484535,0.427175,-0.023742,0.475679,0.428599,-0.024291,0.466980,0.429158,-0.023330,0.458907,0.427772,-0.019455,0.452213,0.425133,-0.014871,0.447533,0.423197,-0.008532,0.417672,0.318826,0.018920,0.419571,0.316902,0.015843,0.421940,0.314710,0.013466,0.425759,0.311791,0.011248,0.431605,0.309647,0.009450,0.437313,0.309447,0.009079,0.443406,0.310532,0.010102,0.447731,0.313309,0.011403,0.491120,0.311524,0.011343,0.493126,0.312467,0.011137,0.496752,0.313275,0.009402,0.502510,0.314576,0.008202,0.508661,0.314782,0.008320,0.514954,0.313470,0.010030,0.519058,0.311913,0.012392,0.521901,0.310543,0.014473,0.469028,0.299839,-0.006506,0.469178,0.310335,-0.012976,0.469391,0.320195,-0.020127,0.469565,0.329486,-0.028030,0.000000,0.000000,0.000000,0.000000,0.000000,0.000000,0.000000,0.000000,0.000000,0.000000,0.000000,0.000000,0.000000,0.000000,0.000000,0.000000,0.000000,0.000000,0.000000,0.000000,0.000000,0.000000,0.000000,0.000000,0.000000,0.000000,0.000000,0.000000,0.000000,0.000000,0.000000,0.000000,0.000000,0.000000,0.000000,0.000000,0.000000,0.000000,0.000000,0.000000,0.000000,0.000000,0.000000,0.000000,0.000000,0.000000,0.000000,0.000000,0.000000,0.000000,0.000000,0.000000,0.000000,0.000000,0.000000,0.000000,0.000000,0.000000,0.000000,0.000000,0.000000,0.000000,0.000000,0.693267,0.809522,0.000000,0.680608,0.756165,-0.029327,0.693070,0.695556,-0.053354,0.725189,0.680582,-0.076813,0.757435,0.712242,-0.100820,0.784951,0.678661,-0.044020,0.845910,0.662043,-0.087925,0.889027,0.647345,-0.120747,0.927724,0.637804,-0.143135,0.800902,0.732195,-0.052055,0.832825,0.705569,-0.104366,0.780974,0.721247,-0.118229,0.757362,0.727021,-0.117319,0.802831,0.789519,-0.064389,0.820050,0.778239,-0.111139,0.769546,0.784620,-0.104107,0.749942,0.781179,-0.087813,0.794478,0.844576,-0.079835,0.815118,0.834427,-0.112778,0.779468,0.829259,-0.104986,0.758781,0.822620,-0.091287
0.020658,-2.002319,-1.648422,0.066163,-2.102178,-1.485224,0.096220,-2.098867,-1.485841,0.117711,-2.093747,-1.484772,-0.027911,-2.097602,-1.543433,-0.058633,-2.089386,-1.543330,-0.089172,-2.080702,-1.544283,0.154737,-2.038365,-0.601656,-0.122557,-2.020014,-0.840676,0.088995,-1.882909,-1.319001,-0.038251,-1.876470,-1.392222,0.380286,-1.406537,0.052339,-0.331607,-1.429602,-0.649570,0.442183,-0.869061,-0.868774,-0.488603,-0.720286,-1.359907,0.526970,-1.016309,-2.716238,-0.137117,-0.456449,-2.531084,0.648253,-1.046006,-3.098532,-0.025236,-0.304737,-2.808635,0.620093,-1.140864,-3.109894,0.033758,-0.420135,-2.835438,0.563153,-1.127250,-2.792056,-0.003625,-0.469436,-2.569632,0.244330,-0.007076,0.182472,-0.244330,0.007076,-0.182472,0.244801,1.123351,0.050434,-0.229780,1.120870,-0.293887,0.227826,2.172330,0.854443,-0.231796,2.192054,0.181816,0.228059,2.339703,0.865700,-0.289258,2.365452,0.190951,0.236785,2.452007,-0.138612,-0.040100,2.474357,-0.958447,0.443800,0.424104,-0.001145,0.445463,0.420157,-0.006520,0.449564,0.415870,-0.012500,0.455165,0.410152,-0.017979,0.463989,0.405295,-0.022452,0.473048,0.405754,-0.023876,0.482115,0.403105,-0.023104,0.492065,0.405862,-0.019340,0.498929,0.410036,-0.014408,0.504152,0.413244,-0.008767,0.506674,0.416659,-0.003552,0.503380,0.420244,-0.008333,0.498741,0.423750,-0.014120,0.492125,0.428407,-0.018368,0.484023,0.432080,-0.021605,0.475084,0.433620,-0.021988,0.466354,0.434062,-0.020939,0.458329,0.432345,-0.017083,0.451737,0.429263,-0.012548,0.447179,0.426897,-0.006287,0.417225,0.321386,0.018280,0.419109,0.319573,0.015093,0.421472,0.317461,0.012631,0.425278,0.314603,0.010312,0.431099,0.312442,0.008379,0.436806,0.312132,0.007876,0.442900,0.313076,0.008864,0.447208,0.315736,0.010198,0.490426,0.313423,0.009383,0.492423,0.314335,0.009172,0.496074,0.315137,0.007438,0.501877,0.316426,0.006203,0.508065,0.316579,0.006261,0.514401,0.315166,0.007866,0.518553,0.313507,0.010131,0.521445,0.312029,0.012135,0.468127,0.302111,-0.008193,0.468293,0.313125,-0.014303,0.468493,0.323313,-0.021176,0.468643,0.332843,-0.028736,0.000000,0.000000,0.000000,0.000000,0.000000,0.000000,0.000000,0.000000,0.000000,0.000000,0.000000,0.000000,0.000000,0.000000,0.000000,0.000000,0.000000,0.000000,0.000000,0.000000,0.000000,0.000000,0.000000,0.000000,0.000000,0.000000,0.000000,0.000000,0.000000,0.000000,0.000000,0.000000,0.000000,0.000000,0.000000,0.000000,0.000000,0.000000,0.000000,0.000000,0.000000,0.000000,0.000000,0.000000,0.000000,0.000000,0.000000,0.000000,0.000000,0.000000,0.000000,0.000000,0.000000,0.000000,0.000000,0.000000,0.000000,0.000000,0.000000,0.000000,0.000000,0.000000,0.000000,0.678449,0.828875,0.000001,0.661182,0.778946,-0.064626,0.677417,0.723083,-0.108732,0.709804,0.727312,-0.146393,0.742412,0.771283,-0.183097,0.771959,0.711759,-0.089465,0.821549,0.696881,-0.157711,0.860478,0.686876,-0.199834,0.899798,0.686260,-0.225226,0.790466,0.767800,-0.085301,0.819080,0.757842,-0.162001,0.759222,0.770087,-0.175232,0.742445,0.775677,-0.168296,0.794510,0.826141,-0.089801,0.799634,0.834134,-0.157903,0.742012,0.831018,-0.146969,0.731416,0.820132,-0.124073,0.787395,0.878575,-0.100529,0.789227,0.893491,-0.146952,0.751385,0.882739,-0.141394,0.740062,0.868393,-0.127346
0.030139,-2.087679,-1.781579,0.075658,-2.190961,-1.619237,0.106317,-2.187434,-1.619992,0.128520,-2.182115,-1.619079,-0.021355,-2.186228,-1.670616,-0.053415,-2.177652,-1.670524,-0.084425,-2.168552,-1.671718,0.166439,-2.124789,-0.702857,-0.120769,-2.105449,-0.933675,0.099283,-1.963655,-1.444485,-0.031867,-1.956080,-1.512079,0.401501,-1.465462,-0.015688,-0.337849,-1.494285,-0.688352,0.469119,-0.868547,-0.759973,-0.501984,-0.755199,-1.212350,0.558151,-1.061353,-2.561994,-0.257546,-0.280501,-2.500425,0.675654,-1.103066,-2.930758,-0.196664,-0.075088,-2.798189,0.648120,-1.207625,-2.943461,-0.115685,-0.173122,-2.880960,0.592403,-1.189172,-2.635482,-0.133230,-0.243745,-2.569029,0.252127,-0.005725,0.153293,-0.252127,0.005725,-0.153293,0.252962,1.167025,-0.006424,-0.236016,1.163649,-0.409317,0.240295,2.257460,0.863714,-0.244743,2.275898,0.105746,0.240049,2.431094,0.879936,-0.301960,2.457521,0.115472,0.238798,2.560389,-0.151176,-0.054664,2.571167,-1.088487,0.443652,0.424559,-0.001599,0.445317,0.420308,-0.006991,0.449373,0.415727,-0.012967,0.454932,0.409722,-0.018451,0.463809,0.404579,-0.022915,0.472915,0.404959,-0.024341,0.481988,0.402244,-0.023525,0.491945,0.405104,-0.019730,0.498753,0.409490,-0.014745,0.503933,0.412940,-0.009065,0.506489,0.416628,-0.003845,0.503308,0.420375,-0.008589,0.498778,0.424028,-0.014341,0.492229,0.428849,-0.018581,0.484108,0.432663,-0.021851,0.475047,0.434280,-0.022249,0.466132,0.434763,-0.021212,0.458019,0.432997,-0.017361,0.451447,0.429857,-0.012865,0.446950,0.427419,-0.006706,0.416805,0.321700,0.018432,0.418709,0.319941,0.015256,0.421094,0.317887,0.012824,0.424917,0.315106,0.010520,0.430729,0.312984,0.008607,0.436426,0.312670,0.008116,0.442517,0.313512,0.009119,0.446808,0.316034,0.010451,0.490003,0.313471,0.009756,0.492001,0.314356,0.009538,0.495630,0.315126,0.007802,0.501402,0.316375,0.006584,0.507554,0.316497,0.006644,0.513864,0.315096,0.008257,0.517998,0.313475,0.010527,0.520894,0.312048,0.012544,0.467789,0.302302,-0.007813,0.467981,0.313179,-0.013999,0.468199,0.323189,-0.020947,0.468376,0.332545,-0.028616,0.000000,0.000000,0.000000,0.000000,0.000000,0.000000,0.000000,0.000000,0.000000,0.000000,0.000000,0.000000,0.000000,0.000000,0.000000,0.000000,0.000000,0.000000,0.000000,0.000000,0.000000,0.000000,0.000000,0.000000,0.000000,0.000000,0.000000,0.000000,0.000000,0.000000,0.000000,0.000000,0.000000,0.000000,0.000000,0.000000,0.000000,0.000000,0.000000,0.000000,0.000000,0.000000,0.000000,0.000000,0.000000,0.000000,0.000000,0.000000,0.000000,0.000000,0.000000,0.000000,0.000000,0.000000,0.000000,0.000000,0.000000,0.000000,0.000000,0.000000,0.000000,0.000000,0.000000,0.670736,0.811666,0.000000,0.658178,0.767951,-0.052696,0.678337,0.716776,-0.087781,0.711228,0.718051,-0.117237,0.742793,0.759185,-0.146429,0.765475,0.705759,-0.068310,0.807616,0.689646,-0.123432,0.844680,0.675830,-0.160642,0.878659,0.670511,-0.184228,0.787860,0.760322,-0.065327,0.821821,0.743462,-0.125148,0.768539,0.755391,-0.136297,0.751016,0.760614,-0.130938,0.792870,0.817445,-0.069212,0.802788,0.822456,-0.123794,0.747023,0.820473,-0.111254,0.731403,0.814168,-0.089497,0.784216,0.871021,-0.078320,0.793327,0.881119,-0.115437,0.757242,0.872531,-0.105967,0.742686,0.862370,-0.090431
0.026528,-2.160296,-2.010552,0.072786,-2.265718,-1.867599,0.104088,-2.262657,-1.868621,0.126578,-2.257404,-1.869076,-0.025589,-2.260540,-1.917967,-0.058047,-2.252000,-1.917898,-0.089530,-2.242915,-1.919401,0.165732,-2.198302,-0.976421,-0.127066,-2.179172,-1.165438,0.096983,-2.035914,-1.671399,-0.036530,-2.029037,-1.725902,0.418259,-1.509895,-0.238593,-0.352612,-1.560914,-0.871197,0.570791,-0.825569,-0.072726,-0.515261,-0.817382,-0.813743,0.703489,-0.105934,-0.918283,-0.538680,-0.032025,-1.647460,0.780873,0.083241,-1.128478,-0.566981,0.198648,-1.910362,0.756362,0.086854,-1.336205,-0.490150,0.196680,-2.110019,0.690914,0.020738,-1.046503,-0.462232,0.111565,-1.757983,0.259166,-0.005652,0.089562,-0.259166,0.005652,-0.089562,0.253975,1.236488,-0.093569,-0.232291,1.241692,-0.291510,0.253787,2.356625,1.121303,-0.225985,2.384580,0.503317,0.255603,2.532044,1.165996,-0.267226,2.571928,0.535607,0.241640,2.681487,0.043482,-0.083287,2.694727,-0.739154,0.440548,0.424744,-0.001471,0.442097,0.420580,-0.006920,0.446001,0.416020,-0.012942,0.451390,0.410029,-0.018464,0.460146,0.404919,-0.023081,0.469181,0.405323,-0.024684,0.478315,0.402627,-0.024002,0.488359,0.405526,-0.020386,0.495182,0.409953,-0.015562,0.500352,0.413404,-0.010024,0.502884,0.417032,-0.004825,0.499656,0.420606,-0.009545,0.495090,0.424192,-0.015165,0.488500,0.428954,-0.019282,0.480350,0.432731,-0.022273,0.471288,0.434355,-0.022475,0.462486,0.434783,-0.021334,0.454494,0.433026,-0.017458,0.448086,0.429867,-0.012930,0.443730,0.427475,-0.006729,0.413652,0.322249,0.019636,0.415549,0.320652,0.016366,0.417951,0.318754,0.013843,0.421785,0.316150,0.011449,0.427605,0.314111,0.009405,0.433298,0.313717,0.008801,0.439363,0.314217,0.009753,0.443602,0.316339,0.011080,0.487640,0.313431,0.009570,0.489645,0.314264,0.009331,0.493259,0.315030,0.007517,0.499034,0.316304,0.006195,0.505228,0.316460,0.006172,0.511641,0.315143,0.007748,0.515879,0.313603,0.009973,0.518856,0.312248,0.012000,0.464690,0.302498,-0.007875,0.464721,0.313363,-0.014163,0.464778,0.323389,-0.021214,0.464812,0.332834,-0.028977,0.000000,0.000000,0.000000,0.000000,0.000000,0.000000,0.000000,0.000000,0.000000,0.000000,0.000000,0.000000,0.000000,0.000000,0.000000,0.000000,0.000000,0.000000,0.000000,0.000000,0.000000,0.000000,0.000000,0.000000,0.000000,0.000000,0.000000,0.000000,0.000000,0.000000,0.000000,0.000000,0.000000,0.000000,0.000000,0.000000,0.000000,0.000000,0.000000,0.000000,0.000000,0.000000,0.000000,0.000000,0.000000,0.000000,0.000000,0.000000,0.000000,0.000000,0.000000,0.000000,0.000000,0.000000,0.000000,0.000000,0.000000,0.000000,0.000000,0.000000,0.000000,0.000000,0.000000,0.000000,0.000000,0.000000,0.000000,0.000000,0.000000,0.000000,0.000000,0.000000,0.000000,0.000000,0.000000,0.000000,0.000000,0.000000,0.000000,0.000000,0.000000,0.000000,0.000000,0.000000,0.000000,0.000000,0.000000,0.000000,0.000000,0.000000,0.000000,0.000000,0.000000,0.000000,0.000000,0.000000,0.000000,0.000000,0.000000,0.000000,0.000000,0.000000,0.000000,0.000000,0.000000,0.000000,0.000000,0.000000,0.000000,0.000000,0.000000,0.000000,0.000000,0.000000,0.000000,0.000000,0.000000,0.000000,0.000000,0.000000,0.000000,0.000000,0.000000,0.000000,0.000000,0.000000
-0.019431,-2.172604,-1.817368,0.032953,-2.277728,-1.688240,0.067458,-2.274315,-1.689201,0.093061,-2.268899,-1.690083,-0.065434,-2.272714,-1.728389,-0.096628,-2.264485,-1.728010,-0.129731,-2.256452,-1.729565,0.136597,-2.208828,-0.875804,-0.154756,-2.193406,-1.016953,0.056018,-2.053088,-1.503327,-0.081747,-2.044136,-1.543304,0.403730,-1.514612,-0.206091,-0.372262,-1.591480,-0.832008,0.587446,-0.805081,0.037713,-0.536361,-0.881716,-0.719737,0.671366,-0.030347,-0.674408,-0.558106,-0.105929,-1.458009,0.733841,0.181658,-0.849118,-0.580284,0.114621,-1.690620,0.669134,0.195444,-1.042600,-0.501779,0.120023,-1.855977,0.626136,0.114661,-0.792249,-0.481645,0.035976,-1.555156,0.268328,-0.007718,0.060977,-0.268328,0.007718,-0.060977,0.277324,1.254853,0.024757,-0.238089,1.270416,-0.091318,0.280210,2.370470,1.260517,-0.206016,2.394871,0.753520,0.284877,2.550081,1.315605,-0.233326,2.585625,0.796713,0.254264,2.702305,0.206316,-0.090762,2.707642,-0.447793,0.437400,0.432514,0.001921,0.438685,0.428538,-0.003804,0.442189,0.424143,-0.010189,0.447131,0.418322,-0.016110,0.455408,0.413321,-0.021198,0.464248,0.413622,-0.023206,0.473368,0.410824,-0.023022,0.483714,0.413500,-0.019849,0.490887,0.417613,-0.015349,0.496445,0.420745,-0.010038,0.499212,0.424161,-0.004828,0.495882,0.427810,-0.009125,0.491127,0.431503,-0.014256,0.484379,0.436390,-0.017989,0.476169,0.440299,-0.020419,0.467157,0.442027,-0.020113,0.458629,0.442573,-0.018619,0.450909,0.440900,-0.014438,0.444741,0.437747,-0.009785,0.440543,0.435291,-0.003410,0.409541,0.329154,0.020929,0.411256,0.327448,0.017528,0.413462,0.325411,0.014895,0.417139,0.322616,0.012296,0.422908,0.320383,0.009950,0.428663,0.319910,0.009025,0.434712,0.320512,0.009752,0.438998,0.322870,0.010938,0.482569,0.318464,0.006807,0.484556,0.319235,0.006466,0.488200,0.319820,0.004585,0.494090,0.320842,0.003043,0.500353,0.320730,0.002734,0.506863,0.319017,0.004002,0.511193,0.317117,0.005966,0.514288,0.315378,0.007804,0.458698,0.309117,-0.009551,0.458701,0.320473,-0.015434,0.458706,0.331040,-0.022108,0.458657,0.340999,-0.029427,0.000000,0.000000,0.000000,0.000000,0.000000,0.000000,0.000000,0.000000,0.000000,0.000000,0.000000,0.000000,0.000000,0.000000,0.000000,0.000000,0.000000,0.000000,0.000000,0.000000,0.000000,0.000000,0.000000,0.000000,0.000000,0.000000,0.000000,0.000000,0.000000,0.000000,0.000000,0.000000,0.000000,0.000000,0.000000,0.000000,0.000000,0.000000,0.000000,0.000000,0.000000,0.000000,0.000000,0.000000,0.000000,0.000000,0.000000,0.000000,0.000000,0.000000,0.000000,0.000000,0.000000,0.000000,0.000000,0.000000,0.000000,0.000000,0.000000,0.000000,0.000000,0.000000,0.000000,0.000000,0.000000,0.000000,0.000000,0.000000,0.000000,0.000000,0.000000,0.000000,0.000000,0.000000,0.000000,0.000000,0.000000,0.000000,0.000000,0.000000,0.000000,0.000000,0.000000,0.000000,0.000000,0.000000,0.000000,0.000000,0.000000,0.000000,0.000000,0.000000,0.000000,0.000000,0.000000,0.000000,0.000000,0.000000,0.000000,0.000000,0.000000,0.000000,0.000000,0.000000,0.000000,0.000000,0.000000,0.000000,0.000000,0.000000,0.000000,0.000000,0.000000,0.000000,0.000000,0.000000,0.000000,0.000000,0.000000,0.000000,0.000000,0.000000,0.000000,0.000000,0.000000,0.000000
-0.020704,-2.069840,-1.735231,0.028529,-2.167387,-1.600887,0.060651,-2.163546,-1.601733,0.083679,-2.157772,-1.602362,-0.066360,-2.164399,-1.651435,-0.095940,-2.156729,-1.651183,-0.127729,-2.148680,-1.652529,0.125389,-2.099208,-0.792181,-0.152579,-2.087435,-0.976288,0.049483,-1.954415,-1.429258,-0.081538,-1.948289,-1.483038,0.377423,-1.437880,-0.135721,-0.357559,-1.513962,-0.809524,0.550572,-0.771396,0.117385,-0.513251,-0.842013,-0.733936,0.634636,-0.048744,-0.524861,-0.531170,-0.104695,-1.448121,0.698749,0.149064,-0.673374,-0.555400,0.099596,-1.676718,0.644625,0.169404,-0.863362,-0.475866,0.115220,-1.838614,0.599113,0.095140,-0.639397,-0.456114,0.035273,-1.540855,0.254851,-0.009890,0.073230,-0.254851,0.009890,-0.073230,0.263883,1.191217,0.049731,-0.224808,1.217276,-0.062160,0.275808,2.257930,1.237221,-0.180656,2.284060,0.740750,0.281231,2.431983,1.289890,-0.202353,2.464262,0.781205,0.256964,2.568360,0.248633,-0.049286,2.581151,-0.391795,0.437053,0.423785,-0.000828,0.438576,0.419977,-0.006213,0.442528,0.415586,-0.012472,0.447950,0.409831,-0.018247,0.456708,0.404916,-0.023119,0.465808,0.405258,-0.024994,0.475258,0.402609,-0.024667,0.485834,0.405270,-0.021450,0.493206,0.409385,-0.016861,0.498863,0.412530,-0.011516,0.501537,0.415811,-0.006589,0.497842,0.419304,-0.011345,0.492679,0.422662,-0.017174,0.485530,0.427045,-0.021446,0.477051,0.430465,-0.024520,0.467936,0.432002,-0.024515,0.459343,0.432553,-0.022978,0.451414,0.431183,-0.018444,0.444964,0.428490,-0.013388,0.440437,0.426409,-0.006496,0.412248,0.323046,0.022593,0.413991,0.321078,0.019314,0.416229,0.318824,0.016752,0.419962,0.315818,0.014280,0.425778,0.313529,0.012122,0.431531,0.313216,0.011334,0.437634,0.314147,0.012061,0.441992,0.316818,0.013184,0.485418,0.313848,0.009834,0.487462,0.314784,0.009495,0.491168,0.315508,0.007578,0.497082,0.316711,0.006034,0.503413,0.316807,0.005764,0.509939,0.315398,0.007182,0.514248,0.313744,0.009311,0.517252,0.312188,0.011271,0.461910,0.302556,-0.006674,0.461707,0.313306,-0.013236,0.461525,0.323423,-0.020484,0.461303,0.332949,-0.028415,0.000000,0.000000,0.000000,0.000000,0.000000,0.000000,0.000000,0.000000,0.000000,0.000000,0.000000,0.000000,0.000000,0.000000,0.000000,0.000000,0.000000,0.000000,0.000000,0.000000,0.000000,0.000000,0.000000,0.000000,0.000000,0.000000,0.000000,0.000000,0.000000,0.000000,0.000000,0.000000,0.000000,0.000000,0.000000,0.000000,0.000000,0.000000,0.000000,0.000000,0.000000,0.000000,0.000000,0.000000,0.000000,0.000000,0.000000,0.000000,0.000000,0.000000,0.000000,0.000000,0.000000,0.000000,0.000000,0.000000,0.000000,0.000000,0.000000,0.000000,0.000000,0.000000,0.000000,0.000000,0.000000,0.000000,0.000000,0.000000,0.000000,0.000000,0.000000,0.000000,0.000000,0.000000,0.000000,0.000000,0.000000,0.000000,0.000000,0.000000,0.000000,0.000000,0.000000,0.000000,0.000000,0.000000,0.000000,0.000000,0.000000,0.000000,0.000000,0.000000,0.000000,0.000000,0.000000,0.000000,0.000000,0.000000,0.000000,0.000000,0.000000,0.000000,0.000000,0.000000,0.000000,0.000000,0.000000,0.000000,0.000000,0.000000,0.000000,0.000000,0.000000,0.000000,0.000000,0.000000,0.000000,0.000000,0.000000,0.000000,0.000000,0.000000,0.000000,0.000000,0.000000,0.000000
-0.018609,-2.146595,-1.800699,0.028481,-2.243474,-1.661904,0.060615,-2.239631,-1.662815,0.083035,-2.233284,-1.663360,-0.069369,-2.241132,-1.712374,-0.099674,-2.232853,-1.712140,-0.132791,-2.222541,-1.713526,0.124803,-2.169662,-0.834224,-0.161530,-2.154555,-1.027184,0.051873,-2.026634,-1.488322,-0.082839,-2.020252,-1.543497,0.385331,-1.486634,-0.191667,-0.370963,-1.561085,-0.841461,0.564278,-0.806439,-0.004682,-0.529720,-0.861935,-0.764156,0.654728,-0.055859,-0.736371,-0.547000,-0.083000,-1.495501,0.719159,0.148969,-0.919418,-0.572194,0.130498,-1.734474,0.661644,0.171891,-1.115312,-0.490671,0.146577,-1.917128,0.614722,0.096032,-0.855314,-0.469953,0.062908,-1.597280,0.261981,-0.013077,0.085168,-0.261981,0.013077,-0.085168,0.274097,1.225096,-0.003044,-0.224648,1.252474,-0.202280,0.282565,2.322596,1.121455,-0.187128,2.350418,0.528456,0.287634,2.500560,1.165187,-0.211219,2.536489,0.557807,0.258867,2.642046,0.094090,-0.058807,2.655213,-0.644923,0.437257,0.424191,-0.001222,0.438739,0.420294,-0.006620,0.442615,0.415816,-0.012765,0.447953,0.409902,-0.018419,0.456518,0.404851,-0.023204,0.465462,0.405096,-0.025003,0.474634,0.402404,-0.024556,0.484918,0.405063,-0.021219,0.492156,0.409233,-0.016637,0.497723,0.412397,-0.011282,0.500410,0.415710,-0.006297,0.496896,0.419099,-0.011067,0.491928,0.422378,-0.016788,0.484985,0.426768,-0.020965,0.476693,0.430270,-0.023939,0.467722,0.431878,-0.023957,0.459190,0.432492,-0.022550,0.451337,0.431163,-0.018279,0.444967,0.428564,-0.013433,0.440543,0.426633,-0.006790,0.410603,0.323261,0.021725,0.412371,0.321272,0.018462,0.414611,0.319035,0.015901,0.418337,0.316028,0.013453,0.424158,0.313727,0.011318,0.429938,0.313392,0.010607,0.436079,0.314304,0.011388,0.440466,0.316969,0.012567,0.483872,0.313975,0.009810,0.485958,0.314920,0.009505,0.489697,0.315639,0.007617,0.495624,0.316826,0.006136,0.501950,0.316892,0.005947,0.508406,0.315395,0.007422,0.512656,0.313682,0.009592,0.515584,0.312147,0.011579,0.460649,0.302711,-0.006973,0.460589,0.313366,-0.013454,0.460547,0.323309,-0.020634,0.460456,0.332652,-0.028531,0.000000,0.000000,0.000000,0.000000,0.000000,0.000000,0.000000,0.000000,0.000000,0.000000,0.000000,0.000000,0.000000,0.000000,0.000000,0.000000,0.000000,0.000000,0.000000,0.000000,0.000000,0.000000,0.000000,0.000000,0.000000,0.000000,0.000000,0.000000,0.000000,0.000000,0.000000,0.000000,0.000000,0.000000,0.000000,0.000000,0.000000,0.000000,0.000000,0.000000,0.000000,0.000000,0.000000,0.000000,0.000000,0.000000,0.000000,0.000000,0.000000,0.000000,0.000000,0.000000,0.000000,0.000000,0.000000,0.000000,0.000000,0.000000,0.000000,0.000000,0.000000,0.000000,0.000000,0.000000,0.000000,0.000000,0.000000,0.000000,0.000000,0.000000,0.000000,0.000000,0.000000,0.000000,0.000000,0.000000,0.000000,0.000000,0.000000,0.000000,0.000000,0.000000,0.000000,0.000000,0.000000,0.000000,0.000000,0.000000,0.000000,0.000000,0.000000,0.000000,0.000000,0.000000,0.000000,0.000000,0.000000,0.000000,0.000000,0.000000,0.000000,0.000000,0.000000,0.000000,0.000000,0.000000,0.000000,0.000000,0.000000,0.000000,0.000000,0.000000,0.000000,0.000000,0.000000,0.000000,0.000000,0.000000,0.000000,0.000000,0.000000,0.000000,0.000000,0.000000,0.000000,0.000000
0.026906,-2.295829,-2.047639,0.079316,-2.402925,-1.884950,0.113148,-2.398908,-1.885681,0.138300,-2.392415,-1.884701,-0.026592,-2.399591,-1.919274,-0.061202,-2.390209,-1.918962,-0.095569,-2.379475,-1.920053,0.182629,-2.325296,-0.943480,-0.130248,-2.307048,-1.086687,0.103041,-2.162561,-1.698422,-0.041186,-2.155667,-1.744905,0.464603,-1.572027,-0.143290,-0.365160,-1.640421,-0.696573,0.554119,-0.885410,-0.965871,-0.538304,-0.820817,-0.997118,0.773789,-1.174951,-2.823444,-0.410683,-0.122524,-2.128321,0.957693,-1.273091,-3.205405,-0.408676,0.132618,-2.348249,0.912711,-1.408792,-3.212440,-0.321153,0.068121,-2.527843,0.837946,-1.379321,-2.895171,-0.305493,-0.019170,-2.237621,0.280248,-0.000794,0.124063,-0.280248,0.000794,-0.124063,0.261420,1.309256,-0.098253,-0.267243,1.294356,-0.541757,0.218589,2.514754,0.872845,-0.314051,2.544926,0.025509,0.215351,2.701872,0.891096,-0.377764,2.751274,0.040569,0.197922,2.861253,-0.238169,-0.117662,2.871033,-1.279150,0.439238,0.420051,-0.002712,0.440675,0.416185,-0.007846,0.444540,0.411626,-0.013742,0.449889,0.405650,-0.019155,0.458451,0.400541,-0.023717,0.467324,0.400838,-0.025440,0.476480,0.398361,-0.024928,0.486691,0.401364,-0.021678,0.493832,0.405806,-0.017229,0.499294,0.409222,-0.012050,0.501863,0.412600,-0.007288,0.498344,0.415722,-0.012194,0.493383,0.418622,-0.017981,0.486470,0.422552,-0.022191,0.478263,0.425680,-0.025211,0.469466,0.427051,-0.025310,0.461123,0.427638,-0.023960,0.453370,0.426440,-0.019769,0.447009,0.424087,-0.014969,0.442551,0.422362,-0.008329,0.413282,0.319153,0.022260,0.415080,0.317124,0.019086,0.417343,0.314847,0.016616,0.421083,0.311831,0.014267,0.426875,0.309586,0.012241,0.432581,0.309351,0.011589,0.438646,0.310392,0.012363,0.442977,0.313163,0.013488,0.486122,0.310829,0.011033,0.488186,0.311829,0.010723,0.491898,0.312611,0.008828,0.497755,0.313874,0.007363,0.504016,0.314029,0.007188,0.510425,0.312673,0.008694,0.514628,0.311065,0.010889,0.517534,0.309584,0.012879,0.463192,0.299070,-0.005553,0.463099,0.309587,-0.012237,0.463029,0.319469,-0.019560,0.462909,0.328785,-0.027596,0.000000,0.000000,0.000000,0.000000,0.000000,0.000000,0.000000,0.000000,0.000000,0.000000,0.000000,0.000000,0.000000,0.000000,0.000000,0.000000,0.000000,0.000000,0.000000,0.000000,0.000000,0.000000,0.000000,0.000000,0.000000,0.000000,0.000000,0.000000,0.000000,0.000000,0.000000,0.000000,0.000000,0.000000,0.000000,0.000000,0.000000,0.000000,0.000000,0.000000,0.000000,0.000000,0.000000,0.000000,0.000000,0.000000,0.000000,0.000000,0.000000,0.000000,0.000000,0.000000,0.000000,0.000000,0.000000,0.000000,0.000000,0.000000,0.000000,0.000000,0.000000,0.000000,0.000000,0.751896,0.786522,0.000000,0.741437,0.730298,-0.048997,0.768683,0.661164,-0.084358,0.811265,0.648328,-0.117192,0.851588,0.686814,-0.149227,0.870939,0.673041,-0.056236,0.925530,0.649853,-0.110925,0.962210,0.631381,-0.144329,0.995517,0.629461,-0.164382,0.882597,0.730643,-0.059468,0.928829,0.688664,-0.128018,0.868065,0.691028,-0.140898,0.845640,0.706724,-0.132437,0.882753,0.789460,-0.070325,0.914663,0.758778,-0.132360,0.854738,0.759771,-0.117509,0.834944,0.771215,-0.090326,0.875283,0.847884,-0.086210,0.899309,0.825117,-0.126941,0.855428,0.812498,-0.115531,0.833181,0.812146,-0.096289
0.026187,-2.297819,-1.960519,0.080889,-2.404932,-1.814690,0.116179,-2.400894,-1.815453,0.143306,-2.395081,-1.814127,-0.024280,-2.400328,-1.837788,-0.058679,-2.389764,-1.837588,-0.092957,-2.378780,-1.838797,0.188704,-2.327688,-0.918690,-0.122915,-2.306602,-1.027941,0.107333,-2.165402,-1.642779,-0.038983,-2.157913,-1.669822,0.462999,-1.577679,-0.171333,-0.358187,-1.637787,-0.738583,0.529162,-0.971191,-0.937202,-0.527736,-0.824909,-1.198216,0.748790,-1.069347,-2.700258,-0.334471,-0.106634,-2.427377,0.939907,-1.119903,-3.069717,-0.277675,0.156093,-2.691929,0.896857,-1.241655,-3.106125,-0.183441,0.047786,-2.807736,0.821176,-1.228342,-2.790653,-0.194071,-0.041633,-2.505959,0.281931,-0.003513,0.103036,-0.281931,0.003513,-0.103036,0.272321,1.297781,0.045852,-0.252237,1.311012,-0.276768,0.248405,2.489053,1.107923,-0.256646,2.514338,0.354693,0.246790,2.677484,1.126108,-0.311409,2.714638,0.373075,0.249313,2.827227,0.017263,-0.047122,2.848805,-0.901845,0.434737,0.420072,-0.001763,0.436060,0.415989,-0.007023,0.439756,0.411253,-0.013106,0.444920,0.405081,-0.018746,0.453378,0.399760,-0.023543,0.462252,0.399908,-0.025492,0.471443,0.397207,-0.025164,0.481831,0.400065,-0.022122,0.489095,0.404463,-0.017743,0.494651,0.407894,-0.012629,0.497330,0.411436,-0.007881,0.493854,0.414830,-0.012558,0.488937,0.418096,-0.018139,0.482055,0.422468,-0.022215,0.473791,0.425951,-0.025033,0.464848,0.427601,-0.024955,0.456381,0.428258,-0.023428,0.448607,0.426994,-0.019038,0.442345,0.424445,-0.014124,0.437995,0.422524,-0.007440,0.408879,0.320124,0.023484,0.410640,0.318262,0.020235,0.412899,0.316131,0.017717,0.416594,0.313273,0.015268,0.422266,0.311025,0.013092,0.427873,0.310592,0.012266,0.433858,0.311137,0.012949,0.438102,0.313384,0.014022,0.481062,0.309726,0.010263,0.483117,0.310606,0.009909,0.486772,0.311291,0.007955,0.492592,0.312432,0.006383,0.498817,0.312455,0.006058,0.505231,0.311010,0.007419,0.509462,0.309387,0.009494,0.512418,0.307932,0.011421,0.457639,0.298593,-0.005674,0.457501,0.308997,-0.012315,0.457367,0.318739,-0.019615,0.457205,0.327923,-0.027635,0.000000,0.000000,0.000000,0.000000,0.000000,0.000000,0.000000,0.000000,0.000000,0.000000,0.000000,0.000000,0.000000,0.000000,0.000000,0.000000,0.000000,0.000000,0.000000,0.000000,0.000000,0.000000,0.000000,0.000000,0.000000,0.000000,0.000000,0.000000,0.000000,0.000000,0.000000,0.000000,0.000000,0.000000,0.000000,0.000000,0.000000,0.000000,0.000000,0.000000,0.000000,0.000000,0.000000,0.000000,0.000000,0.000000,0.000000,0.000000,0.000000,0.000000,0.000000,0.000000,0.000000,0.000000,0.000000,0.000000,0.000000,0.000000,0.000000,0.000000,0.000000,0.000000,0.000000,0.731501,0.864394,0.000001,0.722536,0.795086,-0.081951,0.745357,0.736305,-0.137254,0.784878,0.754957,-0.186600,0.821991,0.801231,-0.234453,0.861887,0.731005,-0.097867,0.920633,0.720634,-0.173210,0.971247,0.710286,-0.219880,1.020960,0.710654,-0.248660,0.867136,0.799911,-0.096611,0.902069,0.790139,-0.193483,0.836147,0.794102,-0.216187,0.811317,0.793913,-0.211223,0.863023,0.867617,-0.107204,0.881887,0.868390,-0.194827,0.822218,0.863749,-0.193987,0.806568,0.847003,-0.173779,0.852689,0.925973,-0.125800,0.865905,0.937599,-0.187946,0.824626,0.919626,-0.191448,0.807165,0.896823,-0.181555
0.026894,-2.438271,-2.111281,0.086154,-2.551975,-1.957248,0.123653,-2.547733,-1.957982,0.152553,-2.541582,-1.956792,-0.025607,-2.547171,-1.972625,-0.062548,-2.535739,-1.972342,-0.098744,-2.523876,-1.973592,0.200920,-2.469637,-1.024102,-0.129999,-2.447048,-1.095812,0.113449,-2.297268,-1.772339,-0.041557,-2.289578,-1.789945,0.497984,-1.676093,-0.286391,-0.378689,-1.737617,-0.763439,0.581013,-1.016901,-0.884548,-0.558763,-0.877392,-1.275298,0.771096,-1.128819,-2.549282,-0.306707,-0.258893,-2.661592,0.939382,-1.191304,-2.915434,-0.239840,-0.010721,-2.968269,0.909968,-1.323677,-2.961342,-0.139724,-0.136542,-3.073363,0.828214,-1.312178,-2.636179,-0.153148,-0.221194,-2.742083,0.298738,-0.003938,0.072054,-0.298738,0.003938,-0.072054,0.291076,1.375191,0.029601,-0.263590,1.376656,-0.299540,0.259416,2.638440,1.164114,-0.281383,2.661854,0.402926,0.256931,2.840065,1.197853,-0.341953,2.876796,0.434796,0.245294,2.994951,0.016254,-0.074687,3.005899,-0.936742,0.437739,0.421702,-0.001259,0.438963,0.417543,-0.006600,0.442480,0.412747,-0.012674,0.447457,0.406493,-0.018308,0.455761,0.401067,-0.023115,0.464561,0.401139,-0.025060,0.473671,0.398336,-0.024719,0.484027,0.401129,-0.021652,0.491230,0.405515,-0.017271,0.496770,0.408947,-0.012137,0.499493,0.412520,-0.007310,0.496131,0.415980,-0.011897,0.491331,0.419378,-0.017326,0.484566,0.423920,-0.021279,0.476383,0.427586,-0.023959,0.467467,0.429352,-0.023819,0.459014,0.430056,-0.022329,0.451309,0.428761,-0.018081,0.445152,0.426133,-0.013313,0.440914,0.424159,-0.006814,0.410794,0.321383,0.022745,0.412560,0.319600,0.019483,0.414816,0.317536,0.016943,0.418490,0.314728,0.014476,0.424141,0.312484,0.012277,0.429729,0.311966,0.011455,0.435702,0.312363,0.012170,0.439924,0.314464,0.013281,0.482780,0.310251,0.009617,0.484811,0.311079,0.009275,0.488434,0.311709,0.007342,0.494224,0.312775,0.005800,0.500407,0.312733,0.005501,0.506809,0.311201,0.006851,0.511044,0.309543,0.008892,0.514031,0.308084,0.010797,0.459350,0.299636,-0.006339,0.459260,0.310165,-0.012802,0.459182,0.319984,-0.019970,0.459061,0.329265,-0.027848,0.000000,0.000000,0.000000,0.000000,0.000000,0.000000,0.000000,0.000000,0.000000,0.000000,0.000000,0.000000,0.000000,0.000000,0.000000,0.000000,0.000000,0.000000,0.000000,0.000000,0.000000,0.000000,0.000000,0.000000,0.000000,0.000000,0.000000,0.000000,0.000000,0.000000,0.000000,0.000000,0.000000,0.000000,0.000000,0.000000,0.000000,0.000000,0.000000,0.000000,0.000000,0.000000,0.000000,0.000000,0.000000,0.000000,0.000000,0.000000,0.000000,0.000000,0.000000,0.000000,0.000000,0.000000,0.000000,0.000000,0.000000,0.000000,0.000000,0.000000,0.000000,0.000000,0.000000,0.712173,0.856000,0.000001,0.699683,0.791237,-0.079249,0.722759,0.730979,-0.136504,0.758935,0.740242,-0.188291,0.789841,0.791327,-0.238589,0.830070,0.721070,-0.094654,0.881943,0.712972,-0.174994,0.927746,0.706665,-0.222643,0.976945,0.711510,-0.250185,0.842030,0.788212,-0.092991,0.874725,0.777113,-0.189987,0.807454,0.787461,-0.207537,0.788248,0.789555,-0.197525,0.840755,0.855545,-0.103656,0.859235,0.858502,-0.189955,0.794595,0.857005,-0.181763,0.780034,0.843546,-0.155276,0.830990,0.914068,-0.122196,0.843675,0.927980,-0.180695,0.800098,0.912211,-0.179443,0.782720,0.893333,-0.165422
0.013470,-2.343918,-2.039267,0.068692,-2.454149,-1.901157,0.104148,-2.450238,-1.902524,0.131068,-2.444725,-1.902448,-0.039022,-2.450458,-1.936230,-0.074108,-2.440576,-1.936097,-0.109377,-2.430055,-1.937597,0.176581,-2.378346,-0.992079,-0.140799,-2.357608,-1.112238,0.094479,-2.211171,-1.690218,-0.053500,-2.204250,-1.728240,0.461641,-1.626105,-0.195311,-0.382361,-1.677986,-0.728169,0.547561,-0.928354,-0.634184,-0.553192,-0.853777,-0.869816,0.745833,-0.711985,-2.533857,-0.434093,-0.121081,-1.826303,0.860825,-0.685862,-2.998808,-0.426605,0.128316,-2.088329,0.836749,-0.793562,-2.992985,-0.345169,0.078367,-2.256541,0.767637,-0.821826,-2.708279,-0.331203,-0.012917,-1.922427,0.284979,-0.004133,0.072649,-0.284979,0.004133,-0.072649,0.280073,1.305087,-0.304413,-0.232613,1.307142,-0.518298,0.272877,2.548805,0.656523,-0.248258,2.577906,-0.012114,0.275364,2.740840,0.677104,-0.297686,2.788315,-0.004239,0.236733,2.909084,-0.493303,-0.078660,2.917867,-1.324923,0.432208,0.423229,0.000082,0.433462,0.419274,-0.005478,0.437053,0.414611,-0.011834,0.442110,0.408526,-0.017725,0.450588,0.403234,-0.022827,0.459573,0.403350,-0.024943,0.468920,0.400478,-0.024788,0.479557,0.403076,-0.021768,0.486957,0.407247,-0.017349,0.492614,0.410483,-0.012137,0.495349,0.413852,-0.007174,0.491817,0.417354,-0.011710,0.486813,0.420816,-0.017144,0.479814,0.425433,-0.021082,0.471444,0.429084,-0.023706,0.462393,0.430848,-0.023410,0.453868,0.431541,-0.021772,0.446066,0.430253,-0.017309,0.439804,0.427628,-0.012348,0.435484,0.425664,-0.005625,0.405352,0.321707,0.023472,0.407106,0.320031,0.020065,0.409396,0.318036,0.017434,0.413144,0.315265,0.014836,0.418896,0.313004,0.012488,0.424591,0.312437,0.011536,0.430622,0.312740,0.012236,0.434869,0.314735,0.013338,0.479005,0.310184,0.008809,0.481018,0.310929,0.008435,0.484663,0.311485,0.006453,0.490538,0.312521,0.004792,0.496859,0.312461,0.004403,0.503456,0.310945,0.005702,0.507873,0.309255,0.007700,0.511013,0.307712,0.009607,0.454664,0.300437,-0.007448,0.454472,0.311211,-0.013898,0.454299,0.321443,-0.021049,0.454104,0.331107,-0.028885,0.000000,0.000000,0.000000,0.000000,0.000000,0.000000,0.000000,0.000000,0.000000,0.000000,0.000000,0.000000,0.000000,0.000000,0.000000,0.000000,0.000000,0.000000,0.000000,0.000000,0.000000,0.000000,0.000000,0.000000,0.000000,0.000000,0.000000,0.000000,0.000000,0.000000,0.000000,0.000000,0.000000,0.000000,0.000000,0.000000,0.000000,0.000000,0.000000,0.000000,0.000000,0.000000,0.000000,0.000000,0.000000,0.000000,0.000000,0.000000,0.000000,0.000000,0.000000,0.000000,0.000000,0.000000,0.000000,0.000000,0.000000,0.000000,0.000000,0.000000,0.000000,0.000000,0.000000,0.000000,0.000000,0.000000,0.000000,0.000000,0.000000,0.000000,0.000000,0.000000,0.000000,0.000000,0.000000,0.000000,0.000000,0.000000,0.000000,0.000000,0.000000,0.000000,0.000000,0.000000,0.000000,0.000000,0.000000,0.000000,0.000000,0.000000,0.000000,0.000000,0.000000,0.000000,0.000000,0.000000,0.000000,0.000000,0.000000,0.000000,0.000000,0.000000,0.000000,0.000000,0.000000,0.000000,0.000000,0.000000,0.000000,0.000000,0.000000,0.000000,0.000000,0.000000,0.000000,0.000000,0.000000,0.000000,0.000000,0.000000,0.000000,0.000000,0.000000,0.000000,0.000000,0.000000
-0.037132,-2.300231,-2.150242,0.014378,-2.416064,-2.004020,0.050475,-2.414420,-2.005238,0.078865,-2.411102,-2.006226,-0.090813,-2.404308,-2.047924,-0.124659,-2.396116,-2.047358,-0.157542,-2.388927,-2.048904,0.122916,-2.350601,-1.078457,-0.181294,-2.327886,-1.214525,0.043186,-2.179300,-1.797171,-0.100531,-2.163096,-1.841268,0.414177,-1.610337,-0.336765,-0.405416,-1.685075,-0.904815,0.598129,-0.869525,-0.071849,-0.576629,-0.957688,-0.848629,0.715829,-0.030075,-0.850182,-0.587859,-0.126928,-1.752070,0.785150,0.188233,-1.049517,-0.610622,0.107295,-2.038444,0.711469,0.205801,-1.273788,-0.528620,0.096522,-2.236976,0.666132,0.125316,-0.985411,-0.506032,0.009904,-1.868750,0.282974,-0.011075,0.039372,-0.282974,0.011075,-0.039372,0.290345,1.317754,-0.003019,-0.238570,1.335513,-0.210596,0.297232,2.494574,1.332029,-0.210644,2.525713,0.713931,0.302930,2.683004,1.384029,-0.233153,2.725127,0.758817,0.270937,2.848426,0.147035,-0.082748,2.862341,-0.619328,0.432421,0.435501,0.002485,0.433441,0.431201,-0.003386,0.436713,0.426491,-0.010019,0.441455,0.420399,-0.016269,0.449947,0.414970,-0.021668,0.459186,0.414975,-0.023861,0.468862,0.411752,-0.023858,0.479976,0.414123,-0.020747,0.487510,0.418105,-0.016169,0.493300,0.421229,-0.010791,0.496216,0.424889,-0.005566,0.492894,0.429039,-0.009759,0.488082,0.433469,-0.014890,0.481141,0.439211,-0.018608,0.472548,0.443842,-0.020947,0.462926,0.446145,-0.020505,0.453861,0.446784,-0.018782,0.445852,0.444955,-0.014368,0.439616,0.441406,-0.009523,0.435511,0.438552,-0.002969,0.404240,0.333608,0.022194,0.406094,0.332472,0.018619,0.408498,0.330912,0.015894,0.412331,0.328660,0.013246,0.418025,0.326619,0.010719,0.423593,0.325734,0.009636,0.429474,0.325074,0.010328,0.433487,0.326016,0.011600,0.478760,0.319198,0.006528,0.480706,0.319700,0.006178,0.484246,0.320200,0.004185,0.490053,0.321117,0.002521,0.496326,0.320949,0.002141,0.503053,0.319342,0.003298,0.507634,0.317639,0.005165,0.511014,0.316105,0.007007,0.453212,0.310438,-0.009394,0.453133,0.322224,-0.015442,0.452993,0.332752,-0.022343,0.452815,0.342560,-0.029875,0.000000,0.000000,0.000000,0.000000,0.000000,0.000000,0.000000,0.000000,0.000000,0.000000,0.000000,0.000000,0.000000,0.000000,0.000000,0.000000,0.000000,0.000000,0.000000,0.000000,0.000000,0.000000,0.000000,0.000000,0.000000,0.000000,0.000000,0.000000,0.000000,0.000000,0.000000,0.000000,0.000000,0.000000,0.000000,0.000000,0.000000,0.000000,0.000000,0.000000,0.000000,0.000000,0.000000,0.000000,0.000000,0.000000,0.000000,0.000000,0.000000,0.000000,0.000000,0.000000,0.000000,0.000000,0.000000,0.000000,0.000000,0.000000,0.000000,0.000000,0.000000,0.000000,0.000000,0.000000,0.000000,0.000000,0.000000,0.000000,0.000000,0.000000,0.000000,0.000000,0.000000,0.000000,0.000000,0.000000,0.000000,0.000000,0.000000,0.000000,0.000000,0.000000,0.000000,0.000000,0.000000,0.000000,0.000000,0.000000,0.000000,0.000000,0.000000,0.000000,0.000000,0.000000,0.000000,0.000000,0.000000,0.000000,0.000000,0.000000,0.000000,0.000000,0.000000,0.000000,0.000000,0.000000,0.000000,0.000000,0.000000,0.000000,0.000000,0.000000,0.000000,0.000000,0.000000,0.000000,0.000000,0.000000,0.000000,0.000000,0.000000,0.000000,0.000000,0.000000,0.000000,0.000000
-0.039776,-2.314367,-2.030950,0.016172,-2.442912,-1.893312,0.053263,-2.442679,-1.894259,0.080271,-2.440700,-1.894940,-0.091863,-2.431006,-1.931688,-0.124736,-2.426282,-1.931229,-0.158401,-2.421969,-1.932655,0.130475,-2.385211,-1.006312,-0.183473,-2.366340,-1.133001,0.042647,-2.186885,-1.688982,-0.101720,-2.174051,-1.727528,0.424036,-1.641239,-0.307974,-0.402791,-1.722803,-0.864484,0.610623,-0.877266,-0.045851,-0.584734,-0.973745,-0.789186,0.723027,-0.032508,-0.757711,-0.610268,-0.127293,-1.648228,0.794362,0.201574,-0.940760,-0.640021,0.100351,-1.923182,0.729362,0.223527,-1.147581,-0.552692,0.111426,-2.117844,0.677605,0.136863,-0.881789,-0.527929,0.025530,-1.759122,0.287996,-0.010852,0.017286,-0.287996,0.010852,-0.017286,0.292645,1.351801,0.017270,-0.250662,1.369733,-0.064631,0.296888,2.555647,1.369285,-0.220973,2.585935,0.831425,0.304481,2.748523,1.427587,-0.241275,2.791939,0.877351,0.249834,2.919233,0.220857,-0.097115,2.929507,-0.477481,0.445089,0.439866,0.003301,0.446594,0.436016,-0.002847,0.450288,0.431999,-0.009531,0.455420,0.426628,-0.015688,0.464040,0.422210,-0.020994,0.473169,0.422988,-0.023001,0.482637,0.420347,-0.022783,0.493122,0.423097,-0.019378,0.500286,0.427187,-0.014577,0.505814,0.430248,-0.008906,0.508596,0.433646,-0.003263,0.505206,0.437559,-0.007571,0.500341,0.441558,-0.012749,0.493439,0.446741,-0.016535,0.484976,0.450767,-0.019055,0.475561,0.452375,-0.018742,0.466675,0.452505,-0.017269,0.458725,0.450167,-0.013069,0.452457,0.446265,-0.008387,0.448206,0.443160,-0.001994,0.417986,0.331909,0.019994,0.419673,0.330054,0.016459,0.421870,0.327863,0.013682,0.425673,0.324893,0.010941,0.431811,0.322697,0.008508,0.437961,0.322576,0.007584,0.444317,0.323964,0.008348,0.448842,0.327107,0.009636,0.493899,0.324526,0.005759,0.495911,0.325441,0.005453,0.499702,0.326173,0.003597,0.505835,0.327478,0.002050,0.512393,0.327595,0.001797,0.519183,0.325992,0.003154,0.523724,0.323998,0.005217,0.526912,0.322053,0.007134,0.469584,0.314650,-0.011560,0.469398,0.326722,-0.017313,0.469218,0.337982,-0.023984,0.468987,0.348629,-0.031259,0.000000,0.000000,0.000000,0.000000,0.000000,0.000000,0.000000,0.000000,0.000000,0.000000,0.000000,0.000000,0.000000,0.000000,0.000000,0.000000,0.000000,0.000000,0.000000,0.000000,0.000000,0.000000,0.000000,0.000000,0.000000,0.000000,0.000000,0.000000,0.000000,0.000000,0.000000,0.000000,0.000000,0.000000,0.000000,0.000000,0.000000,0.000000,0.000000,0.000000,0.000000,0.000000,0.000000,0.000000,0.000000,0.000000,0.000000,0.000000,0.000000,0.000000,0.000000,0.000000,0.000000,0.000000,0.000000,0.000000,0.000000,0.000000,0.000000,0.000000,0.000000,0.000000,0.000000,0.000000,0.000000,0.000000,0.000000,0.000000,0.000000,0.000000,0.000000,0.000000,0.000000,0.000000,0.000000,0.000000,0.000000,0.000000,0.000000,0.000000,0.000000,0.000000,0.000000,0.000000,0.000000,0.000000,0.000000,0.000000,0.000000,0.000000,0.000000,0.000000,0.000000,0.000000,0.000000,0.000000,0.000000,0.000000,0.000000,0.000000,0.000000,0.000000,0.000000,0.000000,0.000000,0.000000,0.000000,0.000000,0.000000,0.000000,0.000000,0.000000,0.000000,0.000000,0.000000,0.000000,0.000000,0.000000,0.000000,0.000000,0.000000,0.000000,0.000000,0.000000,0.000000,0.000000
