-0.037051,-2.551860,-1.891487,0.018534,-2.675707,-1.775083,0.057781,-2.675915,-1.774725,0.086306,-2.674902,-1.775430,-0.103028,-2.665562,-1.788107,-0.141709,-2.660059,-1.787098,-0.177257,-2.650359,-1.787927,0.148208,-2.613095,-1.010000,-0.207771,-2.569852,-1.025425,0.048980,-2.402824,-1.606185,-0.096329,-2.369607,-1.607688,0.476173,-1.764829,-0.485588,-0.439405,-1.805636,-0.885653,0.676049,-0.914712,-0.298185,-0.622333,-0.956314,-0.900748,0.859707,-0.119862,-0.924395,-0.680180,-0.023594,-1.733155,0.956068,0.113066,-1.094333,-0.735060,0.225351,-1.947347,0.872996,0.145025,-1.246710,-0.638642,0.245033,-2.148071,0.818979,0.053217,-1.023261,-0.605090,0.149290,-1.843819,0.314126,0.000680,-0.033022,-0.314126,-0.000680,0.033022,0.287744,1.388325,0.126041,-0.294584,1.407205,0.210563,0.265899,2.621608,1.615983,-0.290612,2.638539,1.233858,0.281911,2.825504,1.693864,-0.308506,2.844547,1.296558,0.183824,3.012929,0.547010,-0.192341,3.036499,-0.033869,0.428067,0.362161,-0.003490,0.429409,0.357390,-0.009018,0.433213,0.351940,-0.015086,0.438595,0.344925,-0.020649,0.447481,0.338823,-0.025207,0.456827,0.338871,-0.026833,0.466277,0.336138,-0.026010,0.476757,0.339606,-0.022257,0.483942,0.344733,-0.017452,0.489417,0.348823,-0.011862,0.492025,0.353022,-0.006582,0.488924,0.356750,-0.011664,0.484333,0.360348,-0.017479,0.477583,0.365353,-0.021708,0.469208,0.369409,-0.024758,0.459897,0.371142,-0.024937,0.450767,0.371858,-0.023830,0.442452,0.370191,-0.020047,0.435783,0.367178,-0.015497,0.431325,0.364937,-0.009065,0.396062,0.253415,0.021523,0.398113,0.251181,0.018114,0.400588,0.248760,0.015526,0.404642,0.245592,0.013057,0.410841,0.243178,0.010992,0.416910,0.242859,0.010370,0.423299,0.243855,0.011282,0.427877,0.246684,0.012635,0.473777,0.243412,0.011388,0.476095,0.244577,0.011090,0.480178,0.245536,0.009172,0.486512,0.246934,0.007813,0.493140,0.246987,0.007783,0.499814,0.245332,0.009488,0.504076,0.243392,0.011951,0.507017,0.241714,0.014094,0.449843,0.230423,-0.006654,0.450169,0.242229,-0.013507,0.450517,0.252826,-0.021163,0.450774,0.262701,-0.029530,0.000000,0.000000,0.000000,0.000000,0.000000,0.000000,0.000000,0.000000,0.000000,0.000000,0.000000,0.000000,0.000000,0.000000,0.000000,0.000000,0.000000,0.000000,0.000000,0.000000,0.000000,0.000000,0.000000,0.000000,0.000000,0.000000,0.000000,0.000000,0.000000,0.000000,0.000000,0.000000,0.000000,0.000000,0.000000,0.000000,0.000000,0.000000,0.000000,0.000000,0.000000,0.000000,0.000000,0.000000,0.000000,0.000000,0.000000,0.000000,0.000000,0.000000,0.000000,0.000000,0.000000,0.000000,0.000000,0.000000,0.000000,0.000000,0.000000,0.000000,0.000000,0.000000,0.000000,0.000000,0.000000,0.000000,0.000000,0.000000,0.000000,0.000000,0.000000,0.000000,0.000000,0.000000,0.000000,0.000000,0.000000,0.000000,0.000000,0.000000,0.000000,0.000000,0.000000,0.000000,0.000000,0.000000,0.000000,0.000000,0.000000,0.000000,0.000000,0.000000,0.000000,0.000000,0.000000,0.000000,0.000000,0.000000,0.000000,0.000000,0.000000,0.000000,0.000000,0.000000,0.000000,0.000000,0.000000,0.000000,0.000000,0.000000,0.000000,0.000000,0.000000,0.000000,0.000000,0.000000,0.000000,0.000000,0.000000,0.000000,0.000000,0.000000,0.000000,0.000000,0.000000,0.000000
-0.039568,-2.171961,-1.931555,0.009249,-2.281216,-1.787132,0.045753,-2.280262,-1.787914,0.070763,-2.278432,-1.788247,-0.095044,-2.272031,-1.840091,-0.129266,-2.265557,-1.840032,-0.158804,-2.255862,-1.841536,0.117480,-2.217427,-0.969244,-0.190117,-2.178126,-1.158546,0.031842,-2.045005,-1.618688,-0.096491,-2.024814,-1.673785,0.385279,-1.505349,-0.275142,-0.391136,-1.512531,-0.905291,0.543599,-0.789130,-0.027522,-0.533398,-0.761778,-0.867287,0.666592,-0.112197,-0.774696,-0.536613,-0.015681,-1.668322,0.744101,0.091072,-0.941980,-0.561160,0.195293,-1.934544,0.689676,0.122545,-1.122454,-0.491532,0.210196,-2.113060,0.638504,0.039859,-0.886920,-0.470264,0.120537,-1.760909,0.264481,-0.003507,0.029639,-0.264481,0.003507,-0.029639,0.237405,1.197512,-0.010744,-0.248031,1.224379,-0.032954,0.224516,2.284230,1.193232,-0.249144,2.318499,0.757148,0.231221,2.466057,1.246396,-0.271226,2.502984,0.792419,0.175113,2.601411,0.187576,-0.145351,2.633106,-0.403251,0.428093,0.364430,-0.001704,0.429494,0.359965,-0.007408,0.433396,0.354945,-0.013655,0.438821,0.348407,-0.019426,0.447539,0.342706,-0.024180,0.456688,0.342869,-0.025911,0.465992,0.340193,-0.025277,0.476420,0.343458,-0.021659,0.483684,0.348239,-0.016875,0.489299,0.352003,-0.011274,0.492024,0.355907,-0.005935,0.488848,0.359734,-0.010758,0.484182,0.363466,-0.016432,0.477351,0.368510,-0.020569,0.468954,0.372521,-0.023572,0.459643,0.374183,-0.023639,0.450607,0.374778,-0.022369,0.442421,0.372963,-0.018318,0.435826,0.369773,-0.013663,0.431369,0.367331,-0.007203,0.398197,0.257740,0.021552,0.400102,0.255470,0.018184,0.402456,0.253001,0.015578,0.406372,0.249777,0.013022,0.412522,0.247423,0.010881,0.418605,0.247304,0.010162,0.424915,0.248744,0.010992,0.429431,0.251950,0.012249,0.474894,0.249343,0.010097,0.477135,0.250442,0.009759,0.481140,0.251304,0.007851,0.487355,0.252592,0.006452,0.493874,0.252626,0.006345,0.500459,0.251026,0.007934,0.504719,0.249128,0.010270,0.507663,0.247430,0.012328,0.450868,0.237327,-0.007756,0.450980,0.248682,-0.014370,0.451113,0.258986,-0.021711,0.451184,0.268564,-0.029791,0.000000,0.000000,0.000000,0.000000,0.000000,0.000000,0.000000,0.000000,0.000000,0.000000,0.000000,0.000000,0.000000,0.000000,0.000000,0.000000,0.000000,0.000000,0.000000,0.000000,0.000000,0.000000,0.000000,0.000000,0.000000,0.000000,0.000000,0.000000,0.000000,0.000000,0.000000,0.000000,0.000000,0.000000,0.000000,0.000000,0.000000,0.000000,0.000000,0.000000,0.000000,0.000000,0.000000,0.000000,0.000000,0.000000,0.000000,0.000000,0.000000,0.000000,0.000000,0.000000,0.000000,0.000000,0.000000,0.000000,0.000000,0.000000,0.000000,0.000000,0.000000,0.000000,0.000000,0.000000,0.000000,0.000000,0.000000,0.000000,0.000000,0.000000,0.000000,0.000000,0.000000,0.000000,0.000000,0.000000,0.000000,0.000000,0.000000,0.000000,0.000000,0.000000,0.000000,0.000000,0.000000,0.000000,0.000000,0.000000,0.000000,0.000000,0.000000,0.000000,0.000000,0.000000,0.000000,0.000000,0.000000,0.000000,0.000000,0.000000,0.000000,0.000000,0.000000,0.000000,0.000000,0.000000,0.000000,0.000000,0.000000,0.000000,0.000000,0.000000,0.000000,0.000000,0.000000,0.000000,0.000000,0.000000,0.000000,0.000000,0.000000,0.000000,0.000000,0.000000,0.000000,0.000000
-0.066397,-2.556010,-2.294593,-0.006660,-2.678976,-2.144162,0.035972,-2.679218,-2.144665,0.065670,-2.676911,-2.144700,-0.127483,-2.667778,-2.170018,-0.167706,-2.658802,-2.169284,-0.203415,-2.645524,-2.170419,0.122089,-2.597831,-1.208426,-0.239482,-2.553997,-1.292121,0.017664,-2.409507,-1.947290,-0.134463,-2.390810,-1.970360,0.442222,-1.765766,-0.536219,-0.478289,-1.747207,-0.926411,0.643253,-0.946060,-0.369296,-0.649595,-0.894653,-1.062773,0.751424,-0.157111,-1.343823,-0.595744,-0.151981,-2.443145,0.831423,0.080547,-1.595421,-0.617743,0.073826,-2.786571,0.751287,0.095744,-1.803349,-0.532971,0.060748,-2.990253,0.700085,-0.003224,-1.473514,-0.509156,-0.038008,-2.566041,0.319200,-0.002868,-0.060989,-0.319200,0.002868,0.060989,0.265987,1.401161,0.016895,-0.348288,1.416708,0.121593,0.240771,2.682672,1.434122,-0.344835,2.677192,1.082527,0.255018,2.892379,1.497699,-0.347443,2.879004,1.132116,0.134086,3.071330,0.194355,-0.260742,3.073239,-0.276926,0.430933,0.368953,0.000075,0.432424,0.364924,-0.005610,0.436333,0.360400,-0.011970,0.441704,0.354476,-0.017848,0.450299,0.349579,-0.022786,0.459117,0.350335,-0.024651,0.468321,0.348216,-0.024282,0.478566,0.351881,-0.020910,0.485694,0.356823,-0.016320,0.491311,0.360624,-0.010915,0.494002,0.364395,-0.005758,0.490570,0.367735,-0.010329,0.485595,0.370894,-0.015875,0.478505,0.375256,-0.019905,0.470022,0.378532,-0.022721,0.460891,0.379518,-0.022609,0.452133,0.379633,-0.021158,0.444301,0.377459,-0.016829,0.438139,0.374139,-0.012039,0.433961,0.371756,-0.005463,0.406325,0.263876,0.021685,0.408156,0.261896,0.018323,0.410470,0.259761,0.015714,0.414353,0.256998,0.013122,0.420341,0.255115,0.010893,0.426237,0.255266,0.010050,0.432311,0.256742,0.010781,0.436567,0.259825,0.011983,0.480694,0.259357,0.008706,0.482818,0.260480,0.008340,0.486608,0.261495,0.006441,0.492537,0.263063,0.004986,0.498847,0.263468,0.004755,0.505315,0.262304,0.006165,0.509571,0.260714,0.008318,0.512549,0.259234,0.010224,0.457430,0.246540,-0.008223,0.457003,0.257567,-0.014534,0.456623,0.267625,-0.021541,0.456237,0.276961,-0.029264,0.000000,0.000000,0.000000,0.000000,0.000000,0.000000,0.000000,0.000000,0.000000,0.000000,0.000000,0.000000,0.000000,0.000000,0.000000,0.000000,0.000000,0.000000,0.000000,0.000000,0.000000,0.000000,0.000000,0.000000,0.000000,0.000000,0.000000,0.000000,0.000000,0.000000,0.000000,0.000000,0.000000,0.000000,0.000000,0.000000,0.000000,0.000000,0.000000,0.000000,0.000000,0.000000,0.000000,0.000000,0.000000,0.000000,0.000000,0.000000,0.000000,0.000000,0.000000,0.000000,0.000000,0.000000,0.000000,0.000000,0.000000,0.000000,0.000000,0.000000,0.000000,0.000000,0.000000,0.000000,0.000000,0.000000,0.000000,0.000000,0.000000,0.000000,0.000000,0.000000,0.000000,0.000000,0.000000,0.000000,0.000000,0.000000,0.000000,0.000000,0.000000,0.000000,0.000000,0.000000,0.000000,0.000000,0.000000,0.000000,0.000000,0.000000,0.000000,0.000000,0.000000,0.000000,0.000000,0.000000,0.000000,0.000000,0.000000,0.000000,0.000000,0.000000,0.000000,0.000000,0.000000,0.000000,0.000000,0.000000,0.000000,0.000000,0.000000,0.000000,0.000000,0.000000,0.000000,0.000000,0.000000,0.000000,0.000000,0.000000,0.000000,0.000000,0.000000,0.000000,0.000000,0.000000
-0.071671,-2.593439,-2.380251,-0.010083,-2.708428,-2.231354,0.031782,-2.706884,-2.231513,0.063111,-2.701597,-2.231465,-0.128342,-2.703051,-2.260987,-0.167823,-2.694393,-2.260192,-0.205253,-2.684430,-2.261559,0.119161,-2.620299,-1.242809,-0.238686,-2.604481,-1.346920,0.010228,-2.450258,-2.007192,-0.142832,-2.439474,-2.035838,0.448103,-1.810560,-0.533410,-0.492636,-1.779902,-0.870972,0.698296,-1.014025,-0.489261,-0.722082,-0.993472,-0.897001,0.686227,-0.329742,-1.674262,-0.721693,-0.268089,-2.300223,0.710769,-0.097982,-1.962218,-0.731910,-0.025166,-2.657472,0.621543,-0.123754,-2.146007,-0.634596,-0.069305,-2.835305,0.591906,-0.208849,-1.801571,-0.619845,-0.162091,-2.410340,0.320052,-0.010539,-0.067612,-0.320052,0.010539,0.067612,0.275437,1.404160,-0.212367,-0.339034,1.441543,-0.236480,0.258283,2.711035,0.983280,-0.335611,2.744479,0.424486,0.271026,2.921470,1.022317,-0.339499,2.956942,0.436284,0.150245,3.114419,-0.306939,-0.260877,3.135938,-1.032828,0.428757,0.376314,0.000704,0.430122,0.372598,-0.004703,0.433768,0.368364,-0.010770,0.438796,0.362814,-0.016362,0.446905,0.358154,-0.021101,0.455254,0.358813,-0.022940,0.463981,0.356747,-0.022687,0.473737,0.360116,-0.019614,0.480496,0.364664,-0.015344,0.485841,0.368160,-0.010287,0.488404,0.371618,-0.005428,0.485097,0.374849,-0.009636,0.480366,0.377946,-0.014754,0.473642,0.382126,-0.018457,0.465627,0.385236,-0.020950,0.457046,0.386204,-0.020732,0.448844,0.386378,-0.019302,0.441470,0.384400,-0.015240,0.435644,0.381285,-0.010711,0.431679,0.378989,-0.004522,0.405079,0.275661,0.020670,0.406777,0.273829,0.017469,0.408940,0.271803,0.014987,0.412586,0.269171,0.012503,0.418259,0.267372,0.010343,0.423879,0.267495,0.009486,0.429661,0.268917,0.010138,0.433731,0.271898,0.011267,0.475734,0.271153,0.007685,0.477712,0.272162,0.007319,0.481286,0.273034,0.005506,0.486916,0.274421,0.004076,0.492888,0.274719,0.003796,0.499051,0.273551,0.005081,0.503124,0.272000,0.007056,0.506005,0.270524,0.008848,0.453451,0.259523,-0.008146,0.453072,0.270327,-0.014028,0.452709,0.280169,-0.020586,0.452346,0.289317,-0.027793,0.000000,0.000000,0.000000,0.000000,0.000000,0.000000,0.000000,0.000000,0.000000,0.000000,0.000000,0.000000,0.000000,0.000000,0.000000,0.000000,0.000000,0.000000,0.000000,0.000000,0.000000,0.000000,0.000000,0.000000,0.000000,0.000000,0.000000,0.000000,0.000000,0.000000,0.000000,0.000000,0.000000,0.000000,0.000000,0.000000,0.000000,0.000000,0.000000,0.000000,0.000000,0.000000,0.000000,0.000000,0.000000,0.000000,0.000000,0.000000,0.000000,0.000000,0.000000,0.000000,0.000000,0.000000,0.000000,0.000000,0.000000,0.000000,0.000000,0.000000,0.000000,0.000000,0.000000,0.000000,0.000000,0.000000,0.000000,0.000000,0.000000,0.000000,0.000000,0.000000,0.000000,0.000000,0.000000,0.000000,0.000000,0.000000,0.000000,0.000000,0.000000,0.000000,0.000000,0.000000,0.000000,0.000000,0.000000,0.000000,0.000000,0.000000,0.000000,0.000000,0.000000,0.000000,0.000000,0.000000,0.000000,0.000000,0.000000,0.000000,0.000000,0.000000,0.000000,0.000000,0.000000,0.000000,0.000000,0.000000,0.000000,0.000000,0.000000,0.000000,0.000000,0.000000,0.000000,0.000000,0.000000,0.000000,0.000000,0.000000,0.000000,0.000000,0.000000,0.000000,0.000000,0.000000
0.032756,-2.585623,-2.519450,0.103481,-2.720202,-2.325107,0.146743,-2.719136,-2.324835,0.178141,-2.715628,-2.323355,-0.025218,-2.711530,-2.331056,-0.065079,-2.707305,-2.330501,-0.105951,-2.701746,-2.331652,0.237862,-2.636695,-1.126881,-0.144177,-2.625256,-1.141390,0.119517,-2.441036,-2.084573,-0.043456,-2.431679,-2.089852,0.552626,-1.871612,-0.530541,-0.443427,-1.872538,-0.617963,1.177784,-1.113106,-1.899896,-1.017523,-0.988286,-1.987726,0.443635,-1.217756,-3.912802,-0.280676,-1.105680,-4.193265,0.261635,-1.209107,-4.361820,-0.094288,-1.037757,-4.647087,0.221375,-1.337563,-4.112260,-0.042332,-1.152900,-4.484557,0.236399,-1.336617,-3.853872,-0.081032,-1.168612,-4.162885,0.364448,0.009117,-0.039366,-0.364448,-0.009117,0.039366,0.301570,1.526932,0.146247,-0.386579,1.475527,0.088462,0.271790,2.864590,1.515972,-0.390011,2.815811,0.942009,0.281218,3.046789,1.564262,-0.404658,2.998030,0.978269,0.165465,3.312065,0.085176,-0.303730,3.279153,-0.602729,0.432604,0.376451,0.000298,0.433956,0.372600,-0.004978,0.437564,0.368336,-0.010888,0.442530,0.362757,-0.016374,0.450520,0.358119,-0.020945,0.458746,0.358755,-0.022656,0.467348,0.356628,-0.022282,0.476973,0.359901,-0.019134,0.483650,0.364425,-0.014779,0.488863,0.367906,-0.009694,0.491378,0.371461,-0.004864,0.488200,0.374768,-0.009057,0.483647,0.377969,-0.014153,0.477143,0.382273,-0.017897,0.469261,0.385571,-0.020574,0.460682,0.386701,-0.020489,0.452467,0.386874,-0.019137,0.445140,0.384855,-0.015144,0.439389,0.381636,-0.010721,0.435478,0.379222,-0.004702,0.409730,0.279772,0.019507,0.411484,0.278182,0.016409,0.413695,0.276409,0.014007,0.417291,0.274064,0.011642,0.422731,0.272390,0.009602,0.428048,0.272324,0.008847,0.433600,0.273192,0.009591,0.437463,0.275528,0.010743,0.478417,0.274322,0.007925,0.480331,0.275244,0.007601,0.483744,0.276096,0.005870,0.489137,0.277482,0.004554,0.494875,0.277805,0.004385,0.500857,0.276730,0.005691,0.504784,0.275355,0.007642,0.507563,0.274071,0.009414,0.456648,0.262953,-0.007797,0.456325,0.272959,-0.013543,0.456020,0.282128,-0.019954,0.455700,0.290667,-0.027049,0.350629,0.843606,-0.000000,0.372609,0.822208,-0.035100,0.405892,0.824152,-0.047657,0.439599,0.831212,-0.051768,0.462258,0.834252,-0.051409,0.429166,0.891058,-0.040934,0.477772,0.888421,-0.050884,0.484436,0.855381,-0.052250,0.478784,0.828839,-0.050437,0.433850,0.895394,-0.023323,0.483244,0.890469,-0.033113,0.489628,0.857268,-0.033735,0.482833,0.831313,-0.031990,0.437123,0.889456,-0.007693,0.480046,0.881193,-0.016492,0.484810,0.853112,-0.018657,0.480089,0.829830,-0.018010,0.439286,0.878898,0.005659,0.469599,0.870978,-0.001394,0.476473,0.850466,-0.004965,0.475554,0.831313,-0.005754,0.602670,0.794714,-0.000000,0.552545,0.811154,0.007504,0.516964,0.794143,0.007425,0.492991,0.784709,0.002873,0.477864,0.780156,-0.001416,0.522770,0.714354,0.009079,0.479539,0.721245,-0.001896,0.467321,0.755320,-0.011019,0.468293,0.782639,-0.015565,0.528181,0.711861,-0.000549,0.475946,0.723932,-0.009631,0.464273,0.764614,-0.016179,0.467195,0.792453,-0.019536,0.532789,0.720415,-0.011074,0.481066,0.729372,-0.019909,0.468313,0.767537,-0.022447,0.470189,0.795114,-0.022323,0.534553,0.739645,-0.021276,0.493729,0.738421,-0.026944,0.477473,0.757532,-0.027062,0.473223,0.777856,-0.025768
0.038716,-2.534752,-2.228051,0.106351,-2.674903,-2.024762,0.140598,-2.674149,-2.024630,0.167369,-2.671685,-2.023265,-0.019346,-2.670324,-2.049668,-0.060511,-2.669219,-2.049245,-0.098786,-2.665035,-2.050557,0.230360,-2.601218,-0.846216,-0.155093,-2.589380,-0.936411,0.119702,-2.400191,-1.795602,-0.024633,-2.394422,-1.824378,0.524078,-1.877377,-0.323008,-0.460456,-1.862426,-0.496033,1.181838,-1.204888,-1.885546,-1.027073,-1.029636,-2.103666,0.430682,-1.317264,-3.872685,-0.293569,-1.280156,-4.218966,0.205040,-1.302944,-4.301404,-0.088226,-1.269118,-4.661580,0.153132,-1.402076,-4.038158,-0.036246,-1.386528,-4.456762,0.173095,-1.408959,-3.808482,-0.075023,-1.391317,-4.168977,0.380101,0.012208,-0.042328,-0.380101,-0.012208,0.042328,0.301885,1.534040,0.209506,-0.408861,1.474803,0.076466,0.274576,2.863127,1.534120,-0.419436,2.814963,0.896018,0.286211,3.048095,1.579123,-0.434644,2.997154,0.923314,0.174195,3.319222,0.120906,-0.336704,3.292253,-0.643851,0.435307,0.372559,-0.001824,0.436632,0.368650,-0.006799,0.440269,0.364228,-0.012460,0.445316,0.358567,-0.017725,0.453474,0.353884,-0.022094,0.461769,0.354497,-0.023776,0.470456,0.352572,-0.023344,0.480071,0.356049,-0.020340,0.486619,0.360805,-0.016138,0.491683,0.364550,-0.011246,0.494042,0.368218,-0.006699,0.490824,0.371330,-0.011071,0.486248,0.374282,-0.016325,0.479692,0.378235,-0.020167,0.471810,0.381206,-0.022933,0.463307,0.382187,-0.022928,0.455168,0.382299,-0.021592,0.447860,0.380421,-0.017577,0.442096,0.377414,-0.013087,0.438162,0.375191,-0.006983,0.413954,0.278131,0.021037,0.415706,0.276480,0.018006,0.417918,0.274676,0.015672,0.421513,0.272330,0.013387,0.426908,0.270693,0.011420,0.432171,0.270690,0.010702,0.437688,0.271587,0.011402,0.441545,0.273905,0.012483,0.482247,0.273362,0.009749,0.484181,0.274359,0.009417,0.487595,0.275286,0.007631,0.492932,0.276724,0.006285,0.498640,0.277149,0.006067,0.504543,0.276270,0.007408,0.508415,0.275060,0.009408,0.511134,0.273911,0.011231,0.460779,0.261166,-0.005639,0.460338,0.270809,-0.011808,0.459928,0.279650,-0.018558,0.459515,0.287896,-0.026014,0.363486,0.775409,-0.000000,0.386317,0.726768,-0.032951,0.420413,0.718689,-0.046727,0.456669,0.732719,-0.051593,0.484592,0.743879,-0.052349,0.434913,0.795381,-0.054107,0.493040,0.785264,-0.062040,0.498350,0.752396,-0.057422,0.489929,0.732762,-0.052043,0.438192,0.823225,-0.037165,0.498660,0.807819,-0.049493,0.500643,0.767323,-0.045965,0.489283,0.745728,-0.041022,0.440438,0.833297,-0.020134,0.494701,0.816893,-0.031220,0.494894,0.780387,-0.027851,0.482855,0.761158,-0.023233,0.441679,0.831311,-0.004747,0.480289,0.814905,-0.014394,0.483544,0.787304,-0.015464,0.475026,0.771972,-0.014017,0.588128,0.757933,-0.000000,0.537518,0.780458,0.006729,0.504107,0.767495,0.006995,0.485002,0.758052,0.002277,0.471262,0.746105,-0.002446,0.506173,0.680236,0.014267,0.462788,0.687396,0.005715,0.460898,0.717773,-0.002596,0.475001,0.735495,-0.007059,0.509312,0.672648,0.004738,0.460875,0.681476,-0.003033,0.461561,0.717353,-0.008514,0.479322,0.731992,-0.010554,0.513160,0.676293,-0.005953,0.463466,0.679885,-0.015006,0.462802,0.714963,-0.015167,0.480622,0.730153,-0.012734,0.513846,0.691711,-0.016474,0.470961,0.691967,-0.023019,0.469082,0.715264,-0.019998,0.485974,0.729083,-0.015521
0.055599,-2.469450,-2.006277,0.119807,-2.604666,-1.835497,0.149740,-2.602959,-1.835025,0.178406,-2.599445,-1.833681,-0.001092,-2.602963,-1.860742,-0.042914,-2.602040,-1.859959,-0.079780,-2.597773,-1.861132,0.240370,-2.525534,-0.836744,-0.141424,-2.517388,-0.931871,0.131334,-2.333584,-1.639898,-0.010273,-2.329827,-1.667315,0.524885,-1.803076,-0.324827,-0.444436,-1.806119,-0.567630,1.134504,-1.078816,-1.417024,-0.970931,-0.957785,-1.792329,0.399890,-1.163687,-3.091161,-0.260145,-1.076708,-3.539790,0.206723,-1.159808,-3.476340,-0.075368,-1.055789,-3.916377,0.163157,-1.274182,-3.248934,-0.023899,-1.170820,-3.779015,0.180477,-1.279616,-3.035168,-0.060772,-1.181212,-3.511319,0.365196,0.010894,0.014246,-0.365196,-0.010894,-0.014246,0.275232,1.472394,0.183715,-0.402827,1.426848,-0.084129,0.247882,2.779693,1.370473,-0.411916,2.744563,0.605206,0.259321,2.958482,1.412411,-0.429099,2.926921,0.623081,0.156223,3.217517,0.087828,-0.333849,3.179112,-0.778349,0.435528,0.371420,-0.001911,0.436902,0.367621,-0.006877,0.440618,0.363254,-0.012525,0.445754,0.357619,-0.017765,0.453973,0.352949,-0.022102,0.462283,0.353595,-0.023738,0.470959,0.351696,-0.023271,0.480553,0.355214,-0.020205,0.487109,0.359957,-0.015968,0.492184,0.363667,-0.011035,0.494529,0.367221,-0.006475,0.491274,0.370258,-0.010917,0.486658,0.373067,-0.016250,0.480082,0.376874,-0.020146,0.472207,0.379730,-0.022970,0.463749,0.380624,-0.023011,0.455636,0.380782,-0.021710,0.448300,0.378963,-0.017724,0.442465,0.376077,-0.013230,0.438453,0.373981,-0.007084,0.414049,0.276408,0.020767,0.415821,0.274727,0.017745,0.418047,0.272908,0.015411,0.421670,0.270549,0.013129,0.427103,0.268927,0.011187,0.432374,0.268969,0.010496,0.437917,0.269965,0.011224,0.441793,0.272395,0.012321,0.482621,0.272123,0.009846,0.484560,0.273143,0.009524,0.487989,0.274088,0.007752,0.493355,0.275560,0.006424,0.499090,0.276000,0.006244,0.505015,0.275098,0.007620,0.508890,0.273848,0.009648,0.511602,0.272678,0.011483,0.461259,0.259681,-0.005720,0.460850,0.269426,-0.011878,0.460481,0.278387,-0.018626,0.460104,0.286756,-0.026083,0.000000,0.000000,0.000000,0.000000,0.000000,0.000000,0.000000,0.000000,0.000000,0.000000,0.000000,0.000000,0.000000,0.000000,0.000000,0.000000,0.000000,0.000000,0.000000,0.000000,0.000000,0.000000,0.000000,0.000000,0.000000,0.000000,0.000000,0.000000,0.000000,0.000000,0.000000,0.000000,0.000000,0.000000,0.000000,0.000000,0.000000,0.000000,0.000000,0.000000,0.000000,0.000000,0.000000,0.000000,0.000000,0.000000,0.000000,0.000000,0.000000,0.000000,0.000000,0.000000,0.000000,0.000000,0.000000,0.000000,0.000000,0.000000,0.000000,0.000000,0.000000,0.000000,0.000000,0.595365,0.817646,-0.000000,0.547166,0.829195,0.006167,0.517363,0.812149,0.004343,0.499405,0.800472,-0.001431,0.490255,0.790695,-0.007401,0.519530,0.729321,0.004547,0.472799,0.747566,-0.006928,0.466777,0.783860,-0.016760,0.474777,0.806423,-0.022042,0.523241,0.728359,-0.004434,0.470407,0.748104,-0.014719,0.465556,0.787600,-0.022121,0.474443,0.810816,-0.026463,0.525723,0.739859,-0.013842,0.473835,0.751295,-0.023511,0.466639,0.787962,-0.026474,0.474372,0.811487,-0.026878,0.525391,0.761535,-0.022861,0.486049,0.758453,-0.029928,0.473285,0.774284,-0.030880,0.472575,0.789481,-0.030217
-0.072771,-2.434579,-2.181924,-0.021245,-2.556076,-2.037448,0.017152,-2.555887,-2.038068,0.048331,-2.553190,-2.038115,-0.123935,-2.546647,-2.064150,-0.154664,-2.543335,-2.063643,-0.188341,-2.536648,-2.064869,0.105315,-2.481845,-1.137211,-0.220933,-2.454094,-1.215641,0.009711,-2.300823,-1.847341,-0.125492,-2.295685,-1.868688,0.424120,-1.695114,-0.448739,-0.466948,-1.684220,-0.902434,0.574536,-0.866603,-0.258427,-0.573444,-0.875865,-0.780795,0.628139,-0.108883,-1.153004,-0.532760,-0.116734,-1.787156,0.680222,0.134538,-1.384699,-0.556595,0.118832,-2.085475,0.607662,0.139927,-1.585963,-0.479978,0.105113,-2.298197,0.565085,0.039357,-1.277701,-0.456230,0.004069,-1.903160,0.300335,-0.003611,-0.045304,-0.300335,0.003611,0.045304,0.257263,1.365169,-0.071126,-0.314264,1.385674,0.068667,0.236076,2.605326,1.376374,-0.313257,2.632757,0.978328,0.249345,2.799989,1.442300,-0.315978,2.832990,1.023604,0.139318,2.993391,0.209585,-0.236429,3.011041,-0.349302,0.434361,0.371059,-0.001181,0.435587,0.367186,-0.006275,0.439106,0.362667,-0.012088,0.444029,0.356748,-0.017514,0.451952,0.351760,-0.022121,0.460109,0.352181,-0.024016,0.468667,0.350078,-0.023762,0.478349,0.353520,-0.020905,0.485101,0.358263,-0.016850,0.490390,0.361939,-0.012030,0.492907,0.365498,-0.007490,0.489642,0.368500,-0.011804,0.484976,0.371270,-0.016953,0.478371,0.375119,-0.020688,0.470504,0.378075,-0.023223,0.462096,0.379122,-0.023019,0.454095,0.379499,-0.021532,0.446871,0.377905,-0.017370,0.441165,0.375272,-0.012776,0.437256,0.373428,-0.006497,0.411490,0.275771,0.022348,0.413214,0.274032,0.019220,0.415391,0.272148,0.016798,0.418955,0.269685,0.014390,0.424368,0.267906,0.012255,0.429684,0.267812,0.011400,0.435277,0.268648,0.012012,0.439205,0.270982,0.013044,0.480133,0.269439,0.009182,0.482128,0.270401,0.008812,0.485625,0.271200,0.006958,0.491089,0.272481,0.005489,0.496916,0.272732,0.005169,0.502920,0.271595,0.006418,0.506854,0.270208,0.008363,0.509612,0.268955,0.010158,0.458140,0.257566,-0.005911,0.457742,0.267390,-0.012079,0.457370,0.276406,-0.018860,0.456991,0.284836,-0.026356,0.000000,0.000000,0.000000,0.000000,0.000000,0.000000,0.000000,0.000000,0.000000,0.000000,0.000000,0.000000,0.000000,0.000000,0.000000,0.000000,0.000000,0.000000,0.000000,0.000000,0.000000,0.000000,0.000000,0.000000,0.000000,0.000000,0.000000,0.000000,0.000000,0.000000,0.000000,0.000000,0.000000,0.000000,0.000000,0.000000,0.000000,0.000000,0.000000,0.000000,0.000000,0.000000,0.000000,0.000000,0.000000,0.000000,0.000000,0.000000,0.000000,0.000000,0.000000,0.000000,0.000000,0.000000,0.000000,0.000000,0.000000,0.000000,0.000000,0.000000,0.000000,0.000000,0.000000,0.000000,0.000000,0.000000,0.000000,0.000000,0.000000,0.000000,0.000000,0.000000,0.000000,0.000000,0.000000,0.000000,0.000000,0.000000,0.000000,0.000000,0.000000,0.000000,0.000000,0.000000,0.000000,0.000000,0.000000,0.000000,0.000000,0.000000,0.000000,0.000000,0.000000,0.000000,0.000000,0.000000,0.000000,0.000000,0.000000,0.000000,0.000000,0.000000,0.000000,0.000000,0.000000,0.000000,0.000000,0.000000,0.000000,0.000000,0.000000,0.000000,0.000000,0.000000,0.000000,0.000000,0.000000,0.000000,0.000000,0.000000,0.000000,0.000000,0.000000,0.000000,0.000000,0.000000
-0.065394,-2.509171,-2.453338,-0.011413,-2.633396,-2.301488,0.028447,-2.634501,-2.302054,0.062063,-2.631844,-2.302073,-0.117185,-2.622175,-2.329965,-0.149009,-2.618695,-2.329468,-0.183838,-2.611183,-2.330782,0.122440,-2.561215,-1.307383,-0.213943,-2.531244,-1.407174,0.021973,-2.369610,-2.079265,-0.118305,-2.364262,-2.106823,0.456258,-1.744267,-0.538441,-0.458323,-1.742442,-0.942758,0.638011,-0.906584,-0.327677,-0.619212,-0.912748,-0.876291,0.653215,-0.181347,-1.377096,-0.489299,-0.262372,-2.073628,0.697355,0.058443,-1.642236,-0.476197,-0.043866,-2.398217,0.621174,0.046435,-1.844146,-0.407012,-0.092949,-2.601424,0.579534,-0.051501,-1.473840,-0.398842,-0.183784,-2.174197,0.312073,-0.002880,-0.055090,-0.312073,0.002880,0.055090,0.257715,1.414847,-0.218526,-0.332528,1.420431,-0.276590,0.221543,2.710671,0.981263,-0.348296,2.726804,0.433775,0.231001,2.908163,1.018250,-0.351506,2.929704,0.448986,0.107573,3.113189,-0.354831,-0.290092,3.123522,-1.053502,0.435754,0.372747,-0.000640,0.437048,0.368880,-0.005865,0.440643,0.364446,-0.011801,0.445625,0.358673,-0.017326,0.453742,0.353803,-0.022038,0.462102,0.354324,-0.023954,0.470860,0.352229,-0.023739,0.480701,0.355644,-0.020839,0.487487,0.360307,-0.016697,0.492811,0.363928,-0.011782,0.495350,0.367504,-0.007116,0.492065,0.370723,-0.011422,0.487361,0.373782,-0.016618,0.480653,0.377904,-0.020383,0.472641,0.381023,-0.022966,0.463992,0.382109,-0.022745,0.455777,0.382373,-0.021224,0.448393,0.380554,-0.016984,0.442590,0.377580,-0.012328,0.438643,0.375388,-0.005982,0.412980,0.275631,0.022310,0.414667,0.273843,0.019136,0.416822,0.271885,0.016678,0.420414,0.269340,0.014235,0.425945,0.267554,0.012061,0.431409,0.267554,0.011187,0.437078,0.268652,0.011764,0.441078,0.271250,0.012827,0.482638,0.269851,0.008840,0.484656,0.270844,0.008474,0.488219,0.271662,0.006606,0.493781,0.272938,0.005115,0.499694,0.273159,0.004760,0.505767,0.271986,0.006019,0.509763,0.270495,0.007978,0.512566,0.269099,0.009775,0.460290,0.258021,-0.006391,0.459887,0.268391,-0.012581,0.459493,0.277744,-0.019399,0.459099,0.286449,-0.026914,0.000000,0.000000,0.000000,0.000000,0.000000,0.000000,0.000000,0.000000,0.000000,0.000000,0.000000,0.000000,0.000000,0.000000,0.000000,0.000000,0.000000,0.000000,0.000000,0.000000,0.000000,0.000000,0.000000,0.000000,0.000000,0.000000,0.000000,0.000000,0.000000,0.000000,0.000000,0.000000,0.000000,0.000000,0.000000,0.000000,0.000000,0.000000,0.000000,0.000000,0.000000,0.000000,0.000000,0.000000,0.000000,0.000000,0.000000,0.000000,0.000000,0.000000,0.000000,0.000000,0.000000,0.000000,0.000000,0.000000,0.000000,0.000000,0.000000,0.000000,0.000000,0.000000,0.000000,0.000000,0.000000,0.000000,0.000000,0.000000,0.000000,0.000000,0.000000,0.000000,0.000000,0.000000,0.000000,0.000000,0.000000,0.000000,0.000000,0.000000,0.000000,0.000000,0.000000,0.000000,0.000000,0.000000,0.000000,0.000000,0.000000,0.000000,0.000000,0.000000,0.000000,0.000000,0.000000,0.000000,0.000000,0.000000,0.000000,0.000000,0.000000,0.000000,0.000000,0.000000,0.000000,0.000000,0.000000,0.000000,0.000000,0.000000,0.000000,0.000000,0.000000,0.000000,0.000000,0.000000,0.000000,0.000000,0.000000,0.000000,0.000000,0.000000,0.000000,0.000000,0.000000,0.000000
-0.062154,-2.577462,-2.414348,-0.006469,-2.705490,-2.259593,0.034217,-2.706673,-2.260273,0.069101,-2.703814,-2.260628,-0.114363,-2.694535,-2.282323,-0.146938,-2.691270,-2.281675,-0.182527,-2.683764,-2.283161,0.131084,-2.632325,-1.257128,-0.213317,-2.602683,-1.334400,0.026612,-2.433825,-2.033340,-0.117070,-2.427233,-2.053593,0.479943,-1.794860,-0.482981,-0.461241,-1.818712,-0.820024,0.693596,-0.970586,-0.361760,-0.700034,-0.996522,-0.777290,0.692003,-0.253361,-1.608393,-0.713446,-0.285047,-1.932424,0.721389,-0.018368,-1.919049,-0.728429,-0.027976,-2.300549,0.641618,-0.060469,-2.115217,-0.631982,-0.061472,-2.508333,0.607250,-0.143341,-1.736423,-0.612550,-0.150934,-2.059144,0.317001,-0.002667,-0.070470,-0.317001,0.002667,0.070470,0.255650,1.463382,-0.220719,-0.352502,1.468301,-0.184129,0.212587,2.798047,1.071747,-0.379060,2.816198,0.567889,0.219837,3.004568,1.114068,-0.382814,3.029363,0.588157,0.103655,3.204984,-0.294999,-0.318265,3.214042,-0.964480,0.435210,0.376172,0.001110,0.436549,0.372453,-0.004374,0.440152,0.368295,-0.010532,0.445127,0.362810,-0.016236,0.453181,0.358246,-0.021074,0.461497,0.358974,-0.022964,0.470220,0.356895,-0.022757,0.480041,0.360253,-0.019682,0.486886,0.364775,-0.015379,0.492307,0.368238,-0.010276,0.494935,0.371717,-0.005379,0.491646,0.375020,-0.009543,0.486880,0.378187,-0.014666,0.480119,0.382485,-0.018375,0.472045,0.385681,-0.020901,0.463355,0.386676,-0.020660,0.455081,0.386782,-0.019169,0.447712,0.384652,-0.014974,0.441954,0.381363,-0.010384,0.438070,0.378941,-0.004123,0.412043,0.276852,0.020884,0.413742,0.275090,0.017647,0.415896,0.273140,0.015141,0.419538,0.270588,0.012622,0.425172,0.268816,0.010404,0.430742,0.268901,0.009503,0.436446,0.270175,0.010142,0.440429,0.272955,0.011264,0.482194,0.272078,0.007357,0.484179,0.273043,0.006988,0.487731,0.273912,0.005181,0.493320,0.275290,0.003732,0.499257,0.275587,0.003443,0.505396,0.274430,0.004685,0.509471,0.272923,0.006634,0.512357,0.271501,0.008399,0.459766,0.260503,-0.008355,0.459323,0.271147,-0.014213,0.458910,0.280834,-0.020740,0.458502,0.289832,-0.027935,0.000000,0.000000,0.000000,0.000000,0.000000,0.000000,0.000000,0.000000,0.000000,0.000000,0.000000,0.000000,0.000000,0.000000,0.000000,0.000000,0.000000,0.000000,0.000000,0.000000,0.000000,0.000000,0.000000,0.000000,0.000000,0.000000,0.000000,0.000000,0.000000,0.000000,0.000000,0.000000,0.000000,0.000000,0.000000,0.000000,0.000000,0.000000,0.000000,0.000000,0.000000,0.000000,0.000000,0.000000,0.000000,0.000000,0.000000,0.000000,0.000000,0.000000,0.000000,0.000000,0.000000,0.000000,0.000000,0.000000,0.000000,0.000000,0.000000,0.000000,0.000000,0.000000,0.000000,0.000000,0.000000,0.000000,0.000000,0.000000,0.000000,0.000000,0.000000,0.000000,0.000000,0.000000,0.000000,0.000000,0.000000,0.000000,0.000000,0.000000,0.000000,0.000000,0.000000,0.000000,0.000000,0.000000,0.000000,0.000000,0.000000,0.000000,0.000000,0.000000,0.000000,0.000000,0.000000,0.000000,0.000000,0.000000,0.000000,0.000000,0.000000,0.000000,0.000000,0.000000,0.000000,0.000000,0.000000,0.000000,0.000000,0.000000,0.000000,0.000000,0.000000,0.000000,0.000000,0.000000,0.000000,0.000000,0.000000,0.000000,0.000000,0.000000,0.000000,0.000000,0.000000,0.000000
0.060022,-2.539029,-2.634447,0.127100,-2.679744,-2.440046,0.169411,-2.680898,-2.439624,0.196334,-2.680657,-2.438293,-0.001067,-2.672480,-2.462303,-0.038585,-2.671316,-2.461808,-0.078620,-2.665043,-2.462908,0.257109,-2.608494,-1.228071,-0.121543,-2.579562,-1.306682,0.146752,-2.393816,-2.184019,-0.006809,-2.388216,-2.210299,0.567702,-1.838198,-0.550919,-0.427764,-1.834786,-0.644953,1.185255,-1.099750,-1.908953,-1.018300,-0.965963,-2.068189,0.487868,-1.157020,-3.968449,-0.299095,-1.089638,-4.226856,0.273390,-1.139456,-4.422120,-0.100434,-1.036689,-4.672633,0.232241,-1.270293,-4.172157,-0.046720,-1.156776,-4.520514,0.249871,-1.272052,-3.910143,-0.096514,-1.168673,-4.198310,0.358852,0.006033,-0.006131,-0.358852,-0.006033,0.006131,0.282041,1.507646,0.076604,-0.395861,1.460920,-0.029819,0.257405,2.871618,1.392774,-0.409039,2.826401,0.753928,0.264303,3.058823,1.438312,-0.425288,3.019801,0.777771,0.167986,3.312876,-0.012503,-0.330519,3.263671,-0.783557,0.436149,0.378593,0.001501,0.437642,0.374593,-0.004111,0.441333,0.370337,-0.010255,0.446401,0.364811,-0.015919,0.454670,0.360294,-0.020607,0.463156,0.361100,-0.022298,0.471945,0.358977,-0.021888,0.481674,0.362276,-0.018552,0.488286,0.366846,-0.013940,0.493430,0.370402,-0.008596,0.495927,0.374136,-0.003426,0.492772,0.377774,-0.007535,0.488266,0.381414,-0.012567,0.481731,0.386192,-0.016292,0.473718,0.389783,-0.018998,0.464879,0.390961,-0.018920,0.456355,0.390929,-0.017640,0.448818,0.388486,-0.013691,0.442969,0.384682,-0.009337,0.439023,0.381740,-0.003415,0.412945,0.278411,0.018543,0.414697,0.276811,0.015350,0.416917,0.275011,0.012885,0.420589,0.272608,0.010420,0.426200,0.270914,0.008329,0.431706,0.270904,0.007581,0.437393,0.271943,0.008410,0.441362,0.274456,0.009639,0.483387,0.273558,0.007034,0.485297,0.274478,0.006720,0.488769,0.275332,0.005001,0.494282,0.276768,0.003711,0.500141,0.277119,0.003583,0.506231,0.276064,0.004932,0.510272,0.274643,0.006922,0.513116,0.273284,0.008718,0.461302,0.262592,-0.009519,0.460983,0.272882,-0.015138,0.460693,0.282493,-0.021461,0.460395,0.291488,-0.028435,0.336861,0.846217,-0.000000,0.351597,0.808406,-0.041612,0.379221,0.797729,-0.062842,0.412042,0.810510,-0.074882,0.441620,0.821693,-0.082808,0.398973,0.881397,-0.065150,0.457854,0.884971,-0.084606,0.477635,0.853257,-0.089773,0.480759,0.826514,-0.089694,0.406261,0.902705,-0.048154,0.468923,0.905739,-0.068553,0.486930,0.868196,-0.069641,0.485864,0.835197,-0.066852,0.412821,0.907561,-0.032766,0.468998,0.909378,-0.049951,0.484951,0.875828,-0.050827,0.487704,0.846156,-0.048279,0.417805,0.902384,-0.019869,0.459764,0.901784,-0.032962,0.475482,0.877506,-0.036329,0.480971,0.852725,-0.036433,0.601131,0.814577,-0.000000,0.556580,0.832017,0.006254,0.519818,0.809984,0.006834,0.494852,0.798502,0.003113,0.473566,0.794290,0.000035,0.521632,0.737286,0.013390,0.482552,0.735624,0.002244,0.464163,0.767401,-0.007964,0.460284,0.798638,-0.012867,0.526631,0.730692,0.004294,0.478600,0.734821,-0.004310,0.459492,0.772480,-0.012100,0.457505,0.803718,-0.015998,0.531241,0.733819,-0.006256,0.482397,0.734655,-0.014161,0.462842,0.770594,-0.017994,0.459797,0.800607,-0.018824,0.533203,0.747292,-0.016726,0.493726,0.741086,-0.020494,0.475592,0.761011,-0.020179,0.470573,0.784122,-0.018830
0.052640,-2.512785,-2.465472,0.118958,-2.655765,-2.275410,0.156002,-2.655441,-2.275095,0.181558,-2.653430,-2.273813,-0.011351,-2.651478,-2.296711,-0.052890,-2.650508,-2.296186,-0.093281,-2.644996,-2.297389,0.242087,-2.584190,-1.119414,-0.144012,-2.569643,-1.189806,0.133595,-2.373968,-2.037652,-0.016347,-2.368057,-2.061146,0.528755,-1.845910,-0.547413,-0.464001,-1.848082,-0.667501,1.180538,-1.159483,-2.039031,-1.052237,-0.977505,-2.269169,0.393613,-1.275633,-3.912318,-0.314578,-1.255503,-4.387572,0.192604,-1.291147,-4.322328,-0.101439,-1.242631,-4.809844,0.140176,-1.381383,-4.022497,-0.049814,-1.364596,-4.582170,0.159061,-1.375265,-3.829726,-0.088419,-1.365088,-4.329056,0.381497,0.009117,-0.054778,-0.381497,-0.009117,0.054778,0.294743,1.543340,0.300357,-0.413696,1.504587,0.197566,0.260482,2.884558,1.797146,-0.431209,2.865762,1.155786,0.269621,3.064269,1.861786,-0.448617,3.051672,1.201874,0.176092,3.346928,0.408934,-0.347413,3.322656,-0.397541,0.435331,0.375939,0.000239,0.436789,0.372060,-0.005131,0.440516,0.367760,-0.011119,0.445605,0.362155,-0.016658,0.453794,0.357538,-0.021273,0.462173,0.358248,-0.023016,0.470885,0.356240,-0.022642,0.480541,0.359699,-0.019457,0.487173,0.364350,-0.015043,0.492373,0.367951,-0.009885,0.494868,0.371563,-0.004983,0.491646,0.374857,-0.009250,0.487019,0.377992,-0.014419,0.480395,0.382225,-0.018200,0.472419,0.385414,-0.020887,0.463749,0.386410,-0.020800,0.455436,0.386508,-0.019458,0.448008,0.384398,-0.015447,0.442172,0.381154,-0.010991,0.438212,0.378737,-0.004879,0.412955,0.276726,0.019973,0.414659,0.274934,0.016844,0.416839,0.272996,0.014416,0.420467,0.270478,0.012001,0.426063,0.268768,0.009943,0.431558,0.268884,0.009174,0.437227,0.270194,0.009893,0.441198,0.273012,0.011036,0.482599,0.272512,0.008097,0.484563,0.273547,0.007765,0.488087,0.274463,0.006005,0.493616,0.275922,0.004657,0.499499,0.276280,0.004455,0.505547,0.275193,0.005780,0.509518,0.273719,0.007787,0.512295,0.272316,0.009571,0.460809,0.260604,-0.007839,0.460424,0.270881,-0.013716,0.460061,0.280287,-0.020258,0.459699,0.289035,-0.027489,0.345819,0.788873,-0.000000,0.368469,0.733574,-0.032751,0.405761,0.718638,-0.047331,0.446070,0.732779,-0.052989,0.474977,0.746485,-0.054448,0.419823,0.796210,-0.056880,0.481208,0.793403,-0.064410,0.491989,0.764556,-0.057715,0.486469,0.747248,-0.050791,0.423080,0.830040,-0.040628,0.489574,0.821061,-0.054052,0.496350,0.781009,-0.049089,0.486122,0.757436,-0.042425,0.426131,0.844083,-0.024182,0.486578,0.833492,-0.035924,0.491610,0.797108,-0.032366,0.482013,0.775496,-0.027253,0.427718,0.844348,-0.009262,0.470792,0.829841,-0.019114,0.477074,0.802380,-0.020618,0.470810,0.785091,-0.019524,0.593972,0.771724,-0.000000,0.539893,0.793760,0.007950,0.503485,0.778983,0.009177,0.482826,0.768144,0.005151,0.469192,0.756849,0.001576,0.508799,0.689687,0.016898,0.466530,0.678675,0.007942,0.452527,0.709404,-0.000587,0.459117,0.734624,-0.005120,0.514132,0.682500,0.006389,0.464818,0.674346,0.000369,0.452243,0.711334,-0.004661,0.461580,0.734066,-0.007452,0.519351,0.688441,-0.005838,0.469515,0.677249,-0.013598,0.456096,0.712560,-0.015564,0.465375,0.736607,-0.015397,0.520906,0.707124,-0.017909,0.479313,0.696421,-0.023417,0.466701,0.716734,-0.022214,0.473236,0.737042,-0.020004
0.045662,-2.462619,-2.628094,0.113223,-2.597223,-2.440272,0.148191,-2.596401,-2.440118,0.173816,-2.595923,-2.438870,-0.015536,-2.598704,-2.460629,-0.057527,-2.598487,-2.460294,-0.096419,-2.598514,-2.461599,0.234203,-2.545991,-1.234560,-0.148663,-2.541498,-1.305044,0.125381,-2.328931,-2.179325,-0.023251,-2.313553,-2.201526,0.516080,-1.829527,-0.609784,-0.471158,-1.837129,-0.765133,1.154155,-1.141558,-2.081861,-1.032130,-0.978470,-2.301729,0.364803,-1.265891,-4.058230,-0.299462,-1.249965,-4.368227,0.171523,-1.282061,-4.484798,-0.102203,-1.237941,-4.799656,0.115930,-1.375193,-4.208224,-0.054113,-1.366948,-4.590327,0.134625,-1.366347,-3.987850,-0.092162,-1.368458,-4.316702,0.377903,0.008816,-0.023838,-0.377903,-0.008816,0.023838,0.295751,1.532255,0.327454,-0.410267,1.489962,0.144918,0.262214,2.855816,1.800418,-0.420131,2.831486,1.119350,0.272420,3.033787,1.861388,-0.435399,3.011639,1.166897,0.171859,3.320649,0.395610,-0.335905,3.298986,-0.447296,0.436070,0.375017,-0.000017,0.437532,0.371171,-0.005369,0.441307,0.366892,-0.011303,0.446481,0.361306,-0.016774,0.454738,0.356744,-0.021312,0.463121,0.357528,-0.022966,0.471840,0.355593,-0.022505,0.481458,0.359144,-0.019225,0.488048,0.363882,-0.014738,0.493159,0.367539,-0.009529,0.495561,0.371137,-0.004569,0.492338,0.374349,-0.008908,0.487747,0.377379,-0.014123,0.481177,0.381520,-0.017942,0.473235,0.384637,-0.020694,0.464611,0.385545,-0.020675,0.456324,0.385611,-0.019416,0.448879,0.383469,-0.015518,0.443002,0.380207,-0.011121,0.438996,0.377797,-0.005075,0.413643,0.275875,0.019314,0.415427,0.274226,0.016181,0.417687,0.272425,0.013755,0.421380,0.270062,0.011361,0.426979,0.268446,0.009347,0.432414,0.268516,0.008634,0.438060,0.269607,0.009452,0.441987,0.272163,0.010643,0.483799,0.271905,0.008291,0.485740,0.272909,0.007981,0.489223,0.273852,0.006246,0.494712,0.275385,0.004959,0.500573,0.275832,0.004839,0.506632,0.274854,0.006231,0.510619,0.273496,0.008275,0.513403,0.272206,0.010099,0.462005,0.259957,-0.008077,0.461638,0.270115,-0.013925,0.461307,0.279547,-0.020440,0.460966,0.288358,-0.027637,0.348304,0.789271,-0.000000,0.372129,0.736130,-0.029384,0.408186,0.722872,-0.043140,0.446908,0.738874,-0.049201,0.474857,0.753737,-0.051472,0.420222,0.803675,-0.050724,0.480911,0.803880,-0.060155,0.492799,0.774006,-0.056627,0.488211,0.754661,-0.051583,0.422562,0.835066,-0.036869,0.488258,0.829613,-0.050096,0.495370,0.789925,-0.046143,0.485794,0.765849,-0.040067,0.425137,0.847871,-0.023140,0.483903,0.838688,-0.034139,0.488699,0.802597,-0.030209,0.479786,0.780591,-0.024825,0.426351,0.847924,-0.010932,0.468192,0.834904,-0.019728,0.474778,0.807713,-0.020181,0.469691,0.789487,-0.018273,0.591728,0.781240,-0.000000,0.537650,0.802217,0.006934,0.503071,0.785216,0.007846,0.483351,0.773248,0.003978,0.470856,0.760928,0.000651,0.510447,0.696672,0.015262,0.467444,0.684148,0.006580,0.453733,0.712687,-0.001706,0.460536,0.737052,-0.006076,0.515787,0.690446,0.005914,0.466367,0.682166,-0.000611,0.454431,0.716659,-0.006175,0.463634,0.738543,-0.009204,0.519942,0.697028,-0.004930,0.470426,0.685397,-0.012727,0.457103,0.718295,-0.014956,0.466111,0.741650,-0.014836,0.519676,0.715980,-0.015610,0.479271,0.706028,-0.020979,0.466157,0.724061,-0.020098,0.471721,0.742379,-0.018015
-0.028794,-2.566812,-2.272447,0.030019,-2.701443,-2.115618,0.070314,-2.699610,-2.116595,0.099394,-2.696142,-2.117003,-0.082302,-2.695559,-2.153119,-0.117957,-2.690082,-2.152244,-0.154770,-2.682300,-2.153605,0.158333,-2.621062,-1.072658,-0.198828,-2.604224,-1.227485,0.052501,-2.428394,-1.891627,-0.093456,-2.421134,-1.933478,0.462711,-1.852251,-0.384669,-0.474007,-1.840500,-0.731977,0.749549,-1.030714,-0.261850,-0.709328,-0.997323,-0.779195,0.617820,-0.290722,-1.347925,-0.634124,-0.346528,-2.097136,0.638943,-0.032558,-1.630720,-0.655152,-0.102282,-2.448868,0.547956,-0.055521,-1.827699,-0.563466,-0.135087,-2.669610,0.519924,-0.146879,-1.473067,-0.544240,-0.225004,-2.224740,0.320294,-0.011802,-0.073416,-0.320294,0.011802,0.073416,0.277310,1.503158,-0.308477,-0.344590,1.531006,-0.228363,0.238723,2.881671,0.971864,-0.366565,2.916706,0.475933,0.245967,3.088147,1.009966,-0.371065,3.129054,0.490707,0.134038,3.293599,-0.429553,-0.299775,3.318524,-1.089486,0.436084,0.376380,0.000527,0.437499,0.372589,-0.004856,0.441216,0.368335,-0.010870,0.446317,0.362746,-0.016450,0.454611,0.358093,-0.021152,0.463072,0.358847,-0.022882,0.471885,0.356708,-0.022529,0.481665,0.360045,-0.019297,0.488341,0.364629,-0.014808,0.493527,0.368143,-0.009638,0.495968,0.371655,-0.004726,0.492711,0.374888,-0.009030,0.488059,0.378005,-0.014261,0.481426,0.382239,-0.018072,0.473406,0.385473,-0.020739,0.464690,0.386488,-0.020636,0.456322,0.386645,-0.019287,0.448831,0.384589,-0.015279,0.442954,0.381386,-0.010777,0.438990,0.379071,-0.004614,0.413581,0.277693,0.019596,0.415399,0.276431,0.016401,0.417723,0.274945,0.013947,0.421426,0.272941,0.011558,0.426913,0.271467,0.009462,0.432197,0.271294,0.008693,0.437755,0.271675,0.009499,0.441556,0.273463,0.010728,0.483575,0.272232,0.007898,0.485470,0.273075,0.007599,0.488838,0.273946,0.005832,0.494211,0.275398,0.004497,0.499952,0.275786,0.004329,0.506001,0.274832,0.005658,0.510015,0.273608,0.007607,0.512865,0.272491,0.009422,0.461447,0.260683,-0.008085,0.461088,0.271075,-0.013914,0.460754,0.280574,-0.020445,0.460406,0.289459,-0.027651,0.000000,0.000000,0.000000,0.000000,0.000000,0.000000,0.000000,0.000000,0.000000,0.000000,0.000000,0.000000,0.000000,0.000000,0.000000,0.000000,0.000000,0.000000,0.000000,0.000000,0.000000,0.000000,0.000000,0.000000,0.000000,0.000000,0.000000,0.000000,0.000000,0.000000,0.000000,0.000000,0.000000,0.000000,0.000000,0.000000,0.000000,0.000000,0.000000,0.000000,0.000000,0.000000,0.000000,0.000000,0.000000,0.000000,0.000000,0.000000,0.000000,0.000000,0.000000,0.000000,0.000000,0.000000,0.000000,0.000000,0.000000,0.000000,0.000000,0.000000,0.000000,0.000000,0.000000,0.000000,0.000000,0.000000,0.000000,0.000000,0.000000,0.000000,0.000000,0.000000,0.000000,0.000000,0.000000,0.000000,0.000000,0.000000,0.000000,0.000000,0.000000,0.000000,0.000000,0.000000,0.000000,0.000000,0.000000,0.000000,0.000000,0.000000,0.000000,0.000000,0.000000,0.000000,0.000000,0.000000,0.000000,0.000000,0.000000,0.000000,0.000000,0.000000,0.000000,0.000000,0.000000,0.000000,0.000000,0.000000,0.000000,0.000000,0.000000,0.000000,0.000000,0.000000,0.000000,0.000000,0.000000,0.000000,0.000000,0.000000,0.000000,0.000000,0.000000,0.000000,0.000000,0.000000
-0.063152,-2.346975,-1.909703,-0.012478,-2.467565,-1.764969,0.024110,-2.466139,-1.765207,0.050157,-2.463068,-1.765860,-0.112111,-2.461344,-1.806186,-0.143298,-2.457691,-1.805919,-0.176477,-2.450349,-1.807152,0.103061,-2.392088,-0.914278,-0.214829,-2.371103,-1.032311,0.010438,-2.221330,-1.599656,-0.120974,-2.215648,-1.633636,0.402196,-1.642824,-0.288043,-0.452578,-1.639213,-0.806622,0.576617,-0.862544,-0.064117,-0.590834,-0.871154,-0.784697,0.654846,-0.131098,-0.854624,-0.581114,-0.120221,-1.807521,0.714791,0.105902,-1.044929,-0.620234,0.101494,-2.088080,0.645775,0.121855,-1.237512,-0.536618,0.100334,-2.281703,0.602919,0.029836,-0.971341,-0.508813,0.008158,-1.914517,0.291484,-0.004772,-0.031342,-0.291484,0.004772,0.031342,0.251129,1.351899,-0.072018,-0.302650,1.378238,-0.014005,0.227617,2.584303,1.187298,-0.302204,2.610284,0.745614,0.238997,2.777711,1.239034,-0.309730,2.803118,0.775929,0.144809,2.955220,0.070776,-0.219870,2.986391,-0.569392,0.437010,0.376613,0.000474,0.438419,0.372718,-0.005002,0.442116,0.368359,-0.011085,0.447210,0.362701,-0.016703,0.455502,0.358044,-0.021413,0.463971,0.358812,-0.023184,0.472817,0.356810,-0.022839,0.482633,0.360380,-0.019621,0.489322,0.365148,-0.015170,0.494557,0.368854,-0.009965,0.497067,0.372500,-0.004968,0.493815,0.375766,-0.009254,0.489151,0.378864,-0.014442,0.482460,0.383114,-0.018228,0.474391,0.386293,-0.020890,0.465642,0.387225,-0.020749,0.457268,0.387319,-0.019390,0.449773,0.385159,-0.015348,0.443892,0.381845,-0.010849,0.439911,0.379409,-0.004688,0.414078,0.276260,0.020208,0.415838,0.274553,0.016992,0.418058,0.272684,0.014506,0.421746,0.270224,0.012034,0.427413,0.268513,0.009902,0.432966,0.268582,0.009104,0.438705,0.269771,0.009853,0.442710,0.272459,0.011033,0.484839,0.271919,0.007954,0.486809,0.272918,0.007619,0.490351,0.273812,0.005835,0.495940,0.275283,0.004462,0.501882,0.275654,0.004251,0.508018,0.274589,0.005598,0.512068,0.273154,0.007618,0.514909,0.271797,0.009432,0.462662,0.260128,-0.008294,0.462266,0.270608,-0.014209,0.461904,0.280321,-0.020803,0.461543,0.289390,-0.028065,0.000000,0.000000,0.000000,0.000000,0.000000,0.000000,0.000000,0.000000,0.000000,0.000000,0.000000,0.000000,0.000000,0.000000,0.000000,0.000000,0.000000,0.000000,0.000000,0.000000,0.000000,0.000000,0.000000,0.000000,0.000000,0.000000,0.000000,0.000000,0.000000,0.000000,0.000000,0.000000,0.000000,0.000000,0.000000,0.000000,0.000000,0.000000,0.000000,0.000000,0.000000,0.000000,0.000000,0.000000,0.000000,0.000000,0.000000,0.000000,0.000000,0.000000,0.000000,0.000000,0.000000,0.000000,0.000000,0.000000,0.000000,0.000000,0.000000,0.000000,0.000000,0.000000,0.000000,0.000000,0.000000,0.000000,0.000000,0.000000,0.000000,0.000000,0.000000,0.000000,0.000000,0.000000,0.000000,0.000000,0.000000,0.000000,0.000000,0.000000,0.000000,0.000000,0.000000,0.000000,0.000000,0.000000,0.000000,0.000000,0.000000,0.000000,0.000000,0.000000,0.000000,0.000000,0.000000,0.000000,0.000000,0.000000,0.000000,0.000000,0.000000,0.000000,0.000000,0.000000,0.000000,0.000000,0.000000,0.000000,0.000000,0.000000,0.000000,0.000000,0.000000,0.000000,0.000000,0.000000,0.000000,0.000000,0.000000,0.000000,0.000000,0.000000,0.000000,0.000000,0.000000,0.000000
-0.059548,-2.404829,-2.247679,-0.006803,-2.531065,-2.091868,0.031869,-2.530872,-2.092465,0.059601,-2.528935,-2.092451,-0.110659,-2.524763,-2.127980,-0.142100,-2.522687,-2.127465,-0.176633,-2.516433,-2.128671,0.114517,-2.460692,-1.140080,-0.213106,-2.437745,-1.271428,0.018413,-2.272835,-1.892437,-0.117437,-2.270810,-1.929002,0.427525,-1.677175,-0.425984,-0.457682,-1.673580,-0.891155,0.602316,-0.896991,-0.260640,-0.613021,-0.880266,-0.859657,0.653265,-0.181192,-1.388449,-0.520429,-0.212937,-2.093928,0.710922,0.048790,-1.659486,-0.523049,0.015957,-2.434841,0.633547,0.036579,-1.876722,-0.446191,-0.023743,-2.626403,0.587917,-0.054475,-1.523638,-0.430310,-0.117347,-2.205390,0.297168,-0.004093,-0.034345,-0.297168,0.004093,0.034345,0.245223,1.364160,-0.238749,-0.325964,1.368909,-0.271849,0.221631,2.623354,0.878401,-0.339400,2.641043,0.352830,0.232896,2.817974,0.913449,-0.344422,2.844835,0.363056,0.117137,3.009128,-0.357685,-0.271711,3.009167,-1.036595,0.436471,0.376892,0.001559,0.437998,0.373107,-0.004081,0.441848,0.368955,-0.010383,0.447078,0.363519,-0.016209,0.455464,0.359075,-0.021044,0.464022,0.359950,-0.022794,0.472957,0.357923,-0.022467,0.482918,0.361367,-0.019113,0.489819,0.365970,-0.014481,0.495280,0.369498,-0.009076,0.497943,0.373049,-0.003934,0.494583,0.376459,-0.008206,0.489749,0.379687,-0.013537,0.482861,0.384043,-0.017461,0.474613,0.387268,-0.020295,0.465705,0.388153,-0.020207,0.457161,0.388197,-0.018800,0.449539,0.385908,-0.014557,0.443533,0.382428,-0.009916,0.439446,0.379841,-0.003616,0.413983,0.275223,0.019662,0.415719,0.273422,0.016427,0.417911,0.271463,0.013935,0.421609,0.268900,0.011433,0.427343,0.267163,0.009288,0.432994,0.267343,0.008490,0.438777,0.268823,0.009254,0.442822,0.271840,0.010441,0.484850,0.271641,0.007384,0.486827,0.272646,0.007045,0.490400,0.273546,0.005284,0.496044,0.275015,0.003930,0.502023,0.275377,0.003735,0.508188,0.274274,0.005072,0.512266,0.272777,0.007088,0.515129,0.271359,0.008885,0.462664,0.259918,-0.009169,0.462241,0.270551,-0.014986,0.461859,0.280411,-0.021474,0.461472,0.289580,-0.028643,0.000000,0.000000,0.000000,0.000000,0.000000,0.000000,0.000000,0.000000,0.000000,0.000000,0.000000,0.000000,0.000000,0.000000,0.000000,0.000000,0.000000,0.000000,0.000000,0.000000,0.000000,0.000000,0.000000,0.000000,0.000000,0.000000,0.000000,0.000000,0.000000,0.000000,0.000000,0.000000,0.000000,0.000000,0.000000,0.000000,0.000000,0.000000,0.000000,0.000000,0.000000,0.000000,0.000000,0.000000,0.000000,0.000000,0.000000,0.000000,0.000000,0.000000,0.000000,0.000000,0.000000,0.000000,0.000000,0.000000,0.000000,0.000000,0.000000,0.000000,0.000000,0.000000,0.000000,0.000000,0.000000,0.000000,0.000000,0.000000,0.000000,0.000000,0.000000,0.000000,0.000000,0.000000,0.000000,0.000000,0.000000,0.000000,0.000000,0.000000,0.000000,0.000000,0.000000,0.000000,0.000000,0.000000,0.000000,0.000000,0.000000,0.000000,0.000000,0.000000,0.000000,0.000000,0.000000,0.000000,0.000000,0.000000,0.000000,0.000000,0.000000,0.000000,0.000000,0.000000,0.000000,0.000000,0.000000,0.000000,0.000000,0.000000,0.000000,0.000000,0.000000,0.000000,0.000000,0.000000,0.000000,0.000000,0.000000,0.000000,0.000000,0.000000,0.000000,0.000000,0.000000,0.000000
-0.008587,-2.661582,-2.440683,0.051702,-2.802580,-2.265029,0.095846,-2.802032,-2.265476,0.127662,-2.799889,-2.265085,-0.066206,-2.796957,-2.295344,-0.101012,-2.795129,-2.294737,-0.140025,-2.788189,-2.296047,0.189609,-2.723586,-1.123872,-0.181087,-2.696811,-1.242125,0.079993,-2.513556,-2.015318,-0.073247,-2.510463,-2.049311,0.531131,-1.918324,-0.433183,-0.456788,-1.885979,-0.581358,0.934045,-1.132514,-1.068096,-0.849677,-1.077874,-0.969948,0.456958,-0.959548,-2.952201,-0.449598,-0.729254,-2.797421,0.327584,-0.893242,-3.410615,-0.372636,-0.519137,-3.223083,0.272053,-0.987627,-3.349929,-0.289181,-0.705380,-3.347417,0.287173,-1.025943,-2.975092,-0.308536,-0.782629,-2.876529,0.340831,-0.004446,-0.101777,-0.340831,0.004446,0.101777,0.284986,1.528555,-0.243779,-0.370938,1.509922,-0.385828,0.242224,2.931031,0.943716,-0.387475,2.927756,0.247331,0.249128,3.123224,0.975438,-0.394088,3.135925,0.258242,0.129646,3.384430,-0.507611,-0.317239,3.356825,-1.334575,0.434546,0.379371,0.003551,0.436232,0.374699,-0.002566,0.440079,0.370400,-0.009275,0.445212,0.365021,-0.015553,0.453772,0.360591,-0.020538,0.462664,0.361376,-0.022306,0.471838,0.359235,-0.021947,0.481882,0.362448,-0.018420,0.488659,0.366912,-0.013311,0.494064,0.370538,-0.007467,0.496931,0.374946,-0.001902,0.493943,0.380073,-0.005564,0.489505,0.385221,-0.010355,0.482862,0.391391,-0.013979,0.474448,0.395936,-0.016720,0.464817,0.397444,-0.016655,0.455419,0.397056,-0.015267,0.447442,0.393601,-0.011129,0.441408,0.388448,-0.006784,0.437416,0.383973,-0.001054,0.411942,0.276628,0.018100,0.413658,0.274917,0.014855,0.415877,0.273018,0.012350,0.419553,0.270501,0.009860,0.425275,0.268730,0.007722,0.430961,0.268830,0.006891,0.436748,0.270290,0.007664,0.440756,0.273266,0.008895,0.482156,0.272494,0.005812,0.484095,0.273472,0.005493,0.487673,0.274328,0.003762,0.493289,0.275677,0.002438,0.499222,0.275891,0.002248,0.505309,0.274679,0.003538,0.509328,0.273109,0.005495,0.512186,0.271603,0.007232,0.460357,0.261326,-0.010563,0.460127,0.272432,-0.016171,0.459872,0.282333,-0.022506,0.459621,0.291390,-0.029505,0.000000,0.000000,0.000000,0.000000,0.000000,0.000000,0.000000,0.000000,0.000000,0.000000,0.000000,0.000000,0.000000,0.000000,0.000000,0.000000,0.000000,0.000000,0.000000,0.000000,0.000000,0.000000,0.000000,0.000000,0.000000,0.000000,0.000000,0.000000,0.000000,0.000000,0.000000,0.000000,0.000000,0.000000,0.000000,0.000000,0.000000,0.000000,0.000000,0.000000,0.000000,0.000000,0.000000,0.000000,0.000000,0.000000,0.000000,0.000000,0.000000,0.000000,0.000000,0.000000,0.000000,0.000000,0.000000,0.000000,0.000000,0.000000,0.000000,0.000000,0.000000,0.000000,0.000000,0.657565,0.936046,-0.000000,0.621337,0.932073,0.009594,0.586578,0.918952,0.008913,0.559626,0.913675,0.005020,0.539279,0.916253,0.000455,0.570737,0.885414,0.002847,0.526655,0.895915,-0.006056,0.504332,0.915227,-0.013434,0.492148,0.933235,-0.017790,0.572036,0.894023,-0.007676,0.526142,0.907064,-0.014033,0.503780,0.926617,-0.019068,0.490768,0.945985,-0.023323,0.576968,0.909604,-0.018081,0.533107,0.920020,-0.021598,0.511767,0.937278,-0.022507,0.499248,0.953288,-0.024475,0.583384,0.931384,-0.027892,0.551917,0.937893,-0.029640,0.534314,0.945356,-0.028559,0.521892,0.954249,-0.028413
0.042379,-2.522924,-2.334579,0.108889,-2.667548,-2.140369,0.148735,-2.667539,-2.139968,0.174116,-2.665940,-2.138468,-0.021010,-2.663390,-2.160935,-0.060345,-2.662358,-2.160434,-0.101537,-2.657326,-2.161626,0.234871,-2.593287,-0.994407,-0.149819,-2.571656,-1.069233,0.123608,-2.381223,-1.912780,-0.029048,-2.375853,-1.936333,0.531517,-1.858298,-0.462423,-0.459270,-1.847803,-0.597353,1.167170,-1.149722,-1.881627,-1.043327,-0.966932,-2.125049,0.438325,-1.252147,-3.828639,-0.307076,-1.175103,-4.234804,0.239640,-1.246799,-4.254340,-0.104109,-1.142298,-4.665564,0.188429,-1.352633,-3.983197,-0.049517,-1.281500,-4.466787,0.203389,-1.352618,-3.758389,-0.091033,-1.286895,-4.188138,0.369527,0.007828,-0.027327,-0.369527,-0.007828,0.027327,0.289586,1.551854,0.139841,-0.397369,1.504545,0.009216,0.255372,2.915046,1.428203,-0.408619,2.880848,0.754798,0.264906,3.099590,1.472174,-0.426554,3.068323,0.777618,0.166815,3.371455,0.026620,-0.324811,3.345329,-0.787850,0.435282,0.375685,0.000282,0.436716,0.371710,-0.005119,0.440400,0.367365,-0.011139,0.445446,0.361740,-0.016718,0.453643,0.357066,-0.021352,0.462076,0.357701,-0.023106,0.470864,0.355578,-0.022743,0.480629,0.358895,-0.019568,0.487338,0.363458,-0.015131,0.492591,0.367014,-0.009963,0.495130,0.370678,-0.005047,0.491950,0.374150,-0.009284,0.487383,0.377552,-0.014437,0.480781,0.382077,-0.018213,0.472772,0.385500,-0.020909,0.463998,0.386678,-0.020825,0.455592,0.386797,-0.019462,0.448085,0.384636,-0.015417,0.442198,0.381213,-0.010944,0.438201,0.378601,-0.004837,0.412025,0.276638,0.020142,0.413732,0.274826,0.016994,0.415902,0.272848,0.014549,0.419525,0.270245,0.012121,0.425124,0.268421,0.010041,0.430644,0.268440,0.009258,0.436362,0.269669,0.009971,0.440386,0.272427,0.011118,0.481888,0.271336,0.008086,0.483868,0.272342,0.007745,0.487434,0.273207,0.005972,0.493027,0.274588,0.004605,0.498940,0.274871,0.004388,0.505008,0.273721,0.005722,0.508990,0.272213,0.007727,0.511776,0.270771,0.009520,0.459893,0.259812,-0.007902,0.459588,0.270169,-0.013824,0.459300,0.279646,-0.020402,0.459002,0.288457,-0.027657,0.349713,0.805639,-0.000000,0.369803,0.756849,-0.033769,0.405062,0.743010,-0.048424,0.442663,0.755015,-0.054218,0.468172,0.767941,-0.055973,0.420963,0.822104,-0.056905,0.481441,0.817106,-0.068901,0.493344,0.783473,-0.067115,0.489613,0.758341,-0.062845,0.426364,0.849804,-0.040459,0.490555,0.838884,-0.055881,0.499574,0.797778,-0.053297,0.491515,0.770218,-0.048036,0.430711,0.859479,-0.024280,0.487489,0.845321,-0.037867,0.492954,0.809350,-0.036174,0.485510,0.785174,-0.031731,0.432376,0.857381,-0.009758,0.473153,0.841252,-0.020826,0.481013,0.814543,-0.022975,0.477953,0.794053,-0.021783,0.595420,0.775721,-0.000000,0.547606,0.797762,0.005214,0.509262,0.782634,0.005545,0.488254,0.770905,0.001418,0.475960,0.759362,-0.001772,0.508922,0.696366,0.013562,0.467935,0.693612,0.002729,0.456857,0.726992,-0.006659,0.464591,0.752616,-0.011501,0.513417,0.688980,0.004341,0.464441,0.688457,-0.003726,0.454907,0.728880,-0.008693,0.465595,0.752351,-0.010638,0.518624,0.691828,-0.006846,0.469238,0.688567,-0.015659,0.457999,0.726947,-0.017435,0.467760,0.751330,-0.016774,0.521476,0.706069,-0.018202,0.482269,0.703232,-0.024233,0.470195,0.727075,-0.023791,0.475004,0.747335,-0.021977
0.035574,-2.480336,-2.296433,0.105603,-2.616243,-2.110056,0.145336,-2.614063,-2.109728,0.170511,-2.612154,-2.108438,-0.023910,-2.618384,-2.124952,-0.063847,-2.618233,-2.124471,-0.104314,-2.617079,-2.125676,0.232561,-2.560057,-0.982372,-0.153187,-2.553473,-1.036946,0.120254,-2.343852,-1.880707,-0.033830,-2.328547,-1.894575,0.517778,-1.837513,-0.452783,-0.476500,-1.834899,-0.559538,1.157554,-1.145517,-1.972027,-1.026562,-0.960973,-2.183320,0.370247,-1.264313,-3.900886,-0.295549,-1.251143,-4.305119,0.180113,-1.281099,-4.319358,-0.096381,-1.252134,-4.731831,0.121191,-1.378693,-4.014400,-0.049384,-1.378303,-4.518178,0.138277,-1.368198,-3.818121,-0.086188,-1.376060,-4.252231,0.373942,0.010241,-0.034946,-0.373942,-0.010241,0.034946,0.285152,1.541432,0.163783,-0.409164,1.493302,0.108359,0.252120,2.894155,1.498268,-0.424052,2.861620,0.913412,0.261899,3.078991,1.548054,-0.441565,3.048456,0.943508,0.158222,3.349316,0.100396,-0.346515,3.332378,-0.628580,0.437028,0.375362,0.000444,0.438290,0.371626,-0.004802,0.441847,0.367423,-0.010655,0.446820,0.361933,-0.016107,0.454956,0.357281,-0.020665,0.463326,0.357862,-0.022325,0.472051,0.355693,-0.021958,0.481740,0.358830,-0.018783,0.488347,0.363211,-0.014401,0.493431,0.366593,-0.009355,0.495775,0.370036,-0.004558,0.492629,0.373375,-0.008766,0.488136,0.376671,-0.013862,0.481672,0.381080,-0.017535,0.473797,0.384468,-0.020037,0.465232,0.385610,-0.019941,0.456983,0.385788,-0.018645,0.449594,0.383749,-0.014868,0.443800,0.380482,-0.010542,0.439915,0.378085,-0.004567,0.413660,0.278073,0.019043,0.415546,0.276939,0.015852,0.417913,0.275544,0.013430,0.421621,0.273645,0.011089,0.427005,0.272193,0.009003,0.432157,0.271909,0.008234,0.437597,0.272001,0.009048,0.441303,0.273467,0.010307,0.483144,0.271677,0.007600,0.485011,0.272465,0.007317,0.488329,0.273363,0.005550,0.493633,0.274787,0.004234,0.499291,0.275151,0.004090,0.505294,0.274209,0.005396,0.509281,0.273044,0.007318,0.512169,0.272054,0.009113,0.461011,0.260206,-0.008088,0.460716,0.270807,-0.013812,0.460446,0.280353,-0.020238,0.460154,0.289206,-0.027302,0.356190,0.786246,-0.000000,0.375757,0.731895,-0.031028,0.409326,0.716905,-0.046090,0.446629,0.731621,-0.053057,0.473478,0.746254,-0.056146,0.421717,0.793650,-0.057027,0.482010,0.789958,-0.066676,0.491506,0.760873,-0.061566,0.485233,0.744357,-0.055641,0.427326,0.826288,-0.042843,0.491912,0.816088,-0.058330,0.497612,0.774812,-0.054369,0.486972,0.752568,-0.048230,0.432102,0.840404,-0.028458,0.490929,0.829676,-0.041688,0.494901,0.792309,-0.038084,0.484606,0.772032,-0.032721,0.435178,0.840523,-0.015519,0.477538,0.826881,-0.026111,0.483332,0.798502,-0.027289,0.476239,0.781411,-0.025837,0.593305,0.776097,-0.000000,0.540604,0.799332,0.006104,0.505019,0.782963,0.007178,0.484733,0.769822,0.003392,0.471388,0.755743,0.000251,0.509614,0.694499,0.016758,0.468870,0.687010,0.008018,0.456947,0.716070,-0.000596,0.464733,0.739664,-0.005269,0.514097,0.685856,0.007381,0.466794,0.680512,0.001082,0.457148,0.715062,-0.004252,0.467716,0.735713,-0.007017,0.518678,0.689021,-0.003856,0.470241,0.680946,-0.012201,0.459560,0.715195,-0.014140,0.470500,0.737687,-0.013618,0.519245,0.704742,-0.015119,0.478317,0.699637,-0.021125,0.467842,0.721104,-0.020119,0.476093,0.740393,-0.017809
0.032402,-2.496808,-2.484025,0.104440,-2.632109,-2.295636,0.142391,-2.630061,-2.295507,0.167995,-2.628159,-2.294151,-0.023444,-2.635481,-2.313042,-0.064896,-2.635905,-2.312720,-0.105616,-2.635884,-2.314045,0.232617,-2.576873,-1.124871,-0.154901,-2.576862,-1.177664,0.116653,-2.357782,-2.048327,-0.038709,-2.341067,-2.066600,0.515525,-1.863658,-0.529397,-0.477581,-1.868580,-0.642530,1.138692,-1.161089,-2.031010,-1.019473,-0.984616,-2.156976,0.365302,-1.293224,-4.039023,-0.297451,-1.251993,-4.313193,0.177310,-1.289372,-4.467877,-0.105959,-1.235551,-4.753027,0.121140,-1.393308,-4.196105,-0.053859,-1.361414,-4.556347,0.137859,-1.391832,-3.970295,-0.091718,-1.365970,-4.266587,0.376491,0.010136,-0.043501,-0.376491,-0.010136,0.043501,0.292652,1.532505,0.213872,-0.409516,1.480532,0.059168,0.260401,2.860240,1.603506,-0.422679,2.813475,0.927225,0.271229,3.042274,1.648934,-0.439762,2.990826,0.961827,0.164224,3.325794,0.128089,-0.339639,3.298812,-0.669034,0.438033,0.379489,0.001697,0.439572,0.375389,-0.003978,0.443302,0.371216,-0.010131,0.448407,0.365861,-0.015811,0.456747,0.361508,-0.020458,0.465259,0.362470,-0.022079,0.474024,0.360477,-0.021601,0.483640,0.363921,-0.018175,0.490108,0.368559,-0.013450,0.495140,0.372194,-0.008000,0.497640,0.376084,-0.002762,0.494664,0.380033,-0.006779,0.490341,0.383967,-0.011771,0.483943,0.389033,-0.015485,0.475972,0.392775,-0.018233,0.467033,0.393902,-0.018254,0.458325,0.393657,-0.017026,0.450721,0.390788,-0.013139,0.444824,0.386491,-0.008863,0.440879,0.383045,-0.003071,0.414969,0.277358,0.017811,0.416738,0.275780,0.014631,0.418985,0.273987,0.012182,0.422684,0.271606,0.009754,0.428344,0.269972,0.007699,0.433880,0.270096,0.006973,0.439562,0.271365,0.007821,0.443509,0.274067,0.009087,0.485270,0.273767,0.006758,0.487172,0.274721,0.006471,0.490655,0.275614,0.004785,0.496154,0.277086,0.003519,0.501977,0.277448,0.003420,0.508004,0.276416,0.004783,0.512009,0.275007,0.006787,0.514828,0.273653,0.008566,0.463567,0.262566,-0.009798,0.463331,0.273454,-0.015367,0.463103,0.283388,-0.021669,0.462864,0.292602,-0.028595,0.338818,0.824015,-0.000000,0.363856,0.765271,-0.020278,0.401172,0.746254,-0.031547,0.442005,0.753424,-0.036671,0.469325,0.769224,-0.038210,0.419556,0.820371,-0.043090,0.479049,0.823208,-0.055495,0.488140,0.786925,-0.056013,0.483605,0.761773,-0.052631,0.424253,0.852231,-0.033372,0.489829,0.842699,-0.046002,0.496245,0.800203,-0.040652,0.487226,0.775414,-0.033736,0.429153,0.864386,-0.023661,0.487876,0.855248,-0.031692,0.495681,0.814925,-0.024662,0.490102,0.789149,-0.016697,0.432003,0.863824,-0.015107,0.478154,0.857086,-0.017246,0.490223,0.827283,-0.012275,0.487614,0.805330,-0.006764,0.594655,0.798288,-0.000000,0.545568,0.814690,0.006812,0.509479,0.796527,0.007393,0.489191,0.783900,0.003730,0.484128,0.776105,0.000073,0.517945,0.708382,0.010087,0.472261,0.704846,0.000238,0.459614,0.737121,-0.008784,0.464851,0.764427,-0.013674,0.522574,0.703610,0.001255,0.470719,0.704821,-0.006175,0.458844,0.741355,-0.012380,0.464532,0.767156,-0.016031,0.526318,0.710545,-0.008560,0.474052,0.706588,-0.016770,0.460632,0.740867,-0.019763,0.465143,0.767625,-0.020381,0.526526,0.729042,-0.018060,0.485634,0.721185,-0.024458,0.471664,0.740053,-0.024936,0.472120,0.761447,-0.023979
-0.049383,-2.553525,-2.441417,0.010638,-2.689557,-2.270842,0.050654,-2.687995,-2.271894,0.078106,-2.684040,-2.272019,-0.102235,-2.685641,-2.304325,-0.136287,-2.682866,-2.304004,-0.172048,-2.676830,-2.305480,0.134440,-2.608699,-1.237541,-0.212783,-2.594176,-1.361111,0.030709,-2.418922,-2.058987,-0.111770,-2.414555,-2.093362,0.450504,-1.821177,-0.507898,-0.478402,-1.807367,-0.877919,0.683796,-0.985588,-0.495063,-0.628409,-0.953318,-0.918307,0.662793,-0.194285,-1.723676,-0.602737,-0.195235,-2.349817,0.706805,0.066623,-2.035923,-0.615147,0.041233,-2.729403,0.619049,0.052986,-2.253947,-0.538868,0.004894,-2.952716,0.577421,-0.047486,-1.861654,-0.514791,-0.093111,-2.482182,0.311677,-0.010264,-0.075735,-0.311677,0.010264,0.075735,0.263321,1.439429,-0.319220,-0.338345,1.447052,-0.392431,0.225157,2.778196,0.865924,-0.367440,2.798599,0.291144,0.231185,2.987494,0.898013,-0.373360,3.020028,0.303308,0.123254,3.184281,-0.480453,-0.295407,3.182015,-1.213287,0.435619,0.378565,0.002966,0.437067,0.374867,-0.002768,0.440684,0.370982,-0.009080,0.445655,0.365878,-0.014915,0.453847,0.361792,-0.019818,0.462337,0.362800,-0.021612,0.471263,0.360710,-0.021371,0.481137,0.363836,-0.018118,0.487911,0.368133,-0.013532,0.493199,0.371410,-0.008186,0.495781,0.374889,-0.002986,0.492502,0.378530,-0.007004,0.487823,0.382226,-0.011999,0.481135,0.387011,-0.015677,0.473007,0.390539,-0.018246,0.464104,0.391666,-0.018033,0.455640,0.391471,-0.016604,0.448179,0.388892,-0.012536,0.442396,0.384908,-0.008062,0.438493,0.381813,-0.001998,0.412793,0.276585,0.018554,0.414496,0.275066,0.015281,0.416684,0.273307,0.012744,0.420347,0.270945,0.010215,0.425995,0.269287,0.008013,0.431556,0.269317,0.007174,0.437266,0.270418,0.007961,0.441244,0.273010,0.009199,0.483395,0.272491,0.005912,0.485282,0.273393,0.005604,0.488749,0.274268,0.003855,0.494296,0.275764,0.002488,0.500200,0.276169,0.002280,0.506383,0.275175,0.003565,0.510517,0.273769,0.005487,0.513451,0.272393,0.007254,0.460987,0.261563,-0.010448,0.460544,0.272503,-0.015947,0.460119,0.282623,-0.022179,0.459692,0.292070,-0.029014,0.000000,0.000000,0.000000,0.000000,0.000000,0.000000,0.000000,0.000000,0.000000,0.000000,0.000000,0.000000,0.000000,0.000000,0.000000,0.000000,0.000000,0.000000,0.000000,0.000000,0.000000,0.000000,0.000000,0.000000,0.000000,0.000000,0.000000,0.000000,0.000000,0.000000,0.000000,0.000000,0.000000,0.000000,0.000000,0.000000,0.000000,0.000000,0.000000,0.000000,0.000000,0.000000,0.000000,0.000000,0.000000,0.000000,0.000000,0.000000,0.000000,0.000000,0.000000,0.000000,0.000000,0.000000,0.000000,0.000000,0.000000,0.000000,0.000000,0.000000,0.000000,0.000000,0.000000,0.000000,0.000000,0.000000,0.000000,0.000000,0.000000,0.000000,0.000000,0.000000,0.000000,0.000000,0.000000,0.000000,0.000000,0.000000,0.000000,0.000000,0.000000,0.000000,0.000000,0.000000,0.000000,0.000000,0.000000,0.000000,0.000000,0.000000,0.000000,0.000000,0.000000,0.000000,0.000000,0.000000,0.000000,0.000000,0.000000,0.000000,0.000000,0.000000,0.000000,0.000000,0.000000,0.000000,0.000000,0.000000,0.000000,0.000000,0.000000,0.000000,0.000000,0.000000,0.000000,0.000000,0.000000,0.000000,0.000000,0.000000,0.000000,0.000000,0.000000,0.000000,0.000000,0.000000
-0.057955,-2.345799,-2.027535,-0.005397,-2.467756,-1.881845,0.032387,-2.465759,-1.882364,0.059199,-2.462292,-1.882698,-0.107456,-2.464213,-1.914499,-0.138068,-2.462882,-1.913903,-0.171662,-2.457037,-1.914976,0.111234,-2.393495,-1.004445,-0.208124,-2.379427,-1.123557,0.016998,-2.215886,-1.698869,-0.115925,-2.214778,-1.729836,0.405678,-1.648126,-0.337300,-0.444156,-1.637925,-0.864236,0.572680,-0.856095,-0.114767,-0.568379,-0.868336,-0.885427,0.652730,-0.084693,-0.896048,-0.562355,-0.102573,-1.988588,0.717986,0.158432,-1.093719,-0.606225,0.117445,-2.285508,0.645392,0.180968,-1.304304,-0.524484,0.126380,-2.483272,0.600956,0.082723,-1.019952,-0.494405,0.030572,-2.101518,0.288770,-0.003844,-0.038760,-0.288770,0.003844,0.038760,0.241715,1.334670,-0.046845,-0.301138,1.357344,0.014632,0.213751,2.556792,1.246225,-0.310602,2.579813,0.810445,0.223114,2.748305,1.301386,-0.316357,2.776897,0.843484,0.124721,2.930938,0.110206,-0.243184,2.942888,-0.499912,0.435525,0.379440,0.001656,0.436994,0.375384,-0.004033,0.440680,0.371076,-0.010300,0.445727,0.365500,-0.016090,0.454022,0.360901,-0.020912,0.462558,0.361781,-0.022709,0.471434,0.359644,-0.022381,0.481302,0.363077,-0.019121,0.488040,0.367742,-0.014540,0.493329,0.371366,-0.009210,0.495959,0.375166,-0.004076,0.492803,0.378939,-0.008145,0.488240,0.382745,-0.013187,0.481604,0.387644,-0.016910,0.473474,0.391273,-0.019558,0.464490,0.392443,-0.019423,0.455846,0.392334,-0.018031,0.448249,0.389763,-0.013937,0.442365,0.385800,-0.009441,0.438408,0.382701,-0.003382,0.411903,0.276534,0.019542,0.413626,0.274865,0.016312,0.415831,0.272996,0.013816,0.419527,0.270532,0.011316,0.425243,0.268863,0.009142,0.430875,0.268994,0.008319,0.436641,0.270289,0.009053,0.440664,0.273055,0.010253,0.482949,0.272647,0.006990,0.484897,0.273617,0.006657,0.488433,0.274505,0.004885,0.494031,0.275973,0.003507,0.499970,0.276329,0.003290,0.506127,0.275271,0.004604,0.510215,0.273805,0.006575,0.513093,0.272382,0.008365,0.460630,0.261143,-0.009258,0.460276,0.271971,-0.015002,0.459941,0.281829,-0.021466,0.459605,0.290994,-0.028577,0.000000,0.000000,0.000000,0.000000,0.000000,0.000000,0.000000,0.000000,0.000000,0.000000,0.000000,0.000000,0.000000,0.000000,0.000000,0.000000,0.000000,0.000000,0.000000,0.000000,0.000000,0.000000,0.000000,0.000000,0.000000,0.000000,0.000000,0.000000,0.000000,0.000000,0.000000,0.000000,0.000000,0.000000,0.000000,0.000000,0.000000,0.000000,0.000000,0.000000,0.000000,0.000000,0.000000,0.000000,0.000000,0.000000,0.000000,0.000000,0.000000,0.000000,0.000000,0.000000,0.000000,0.000000,0.000000,0.000000,0.000000,0.000000,0.000000,0.000000,0.000000,0.000000,0.000000,0.000000,0.000000,0.000000,0.000000,0.000000,0.000000,0.000000,0.000000,0.000000,0.000000,0.000000,0.000000,0.000000,0.000000,0.000000,0.000000,0.000000,0.000000,0.000000,0.000000,0.000000,0.000000,0.000000,0.000000,0.000000,0.000000,0.000000,0.000000,0.000000,0.000000,0.000000,0.000000,0.000000,0.000000,0.000000,0.000000,0.000000,0.000000,0.000000,0.000000,0.000000,0.000000,0.000000,0.000000,0.000000,0.000000,0.000000,0.000000,0.000000,0.000000,0.000000,0.000000,0.000000,0.000000,0.000000,0.000000,0.000000,0.000000,0.000000,0.000000,0.000000,0.000000,0.000000
-0.046655,-2.347510,-1.934716,0.005130,-2.471709,-1.802058,0.043294,-2.470791,-1.802501,0.073130,-2.467866,-1.802981,-0.096702,-2.466947,-1.837263,-0.127904,-2.465716,-1.836850,-0.161926,-2.459506,-1.838170,0.125738,-2.400293,-0.965805,-0.195411,-2.383636,-1.090329,0.029960,-2.215830,-1.625101,-0.104003,-2.214113,-1.658371,0.422880,-1.655701,-0.331279,-0.434720,-1.642221,-0.845275,0.605596,-0.908611,-0.129433,-0.600219,-0.867039,-0.807116,0.689671,-0.184930,-1.015710,-0.649290,-0.071111,-1.751121,0.763121,0.053049,-1.226333,-0.703416,0.158953,-2.026878,0.688306,0.068699,-1.431975,-0.614759,0.172364,-2.237753,0.641624,-0.025918,-1.142952,-0.579694,0.074684,-1.866156,0.293752,-0.003919,-0.018727,-0.293752,0.003919,0.018727,0.244954,1.344720,-0.111052,-0.313208,1.366504,-0.074659,0.215455,2.587456,1.043225,-0.327007,2.606242,0.583360,0.226570,2.786813,1.087888,-0.335669,2.806175,0.601780,0.118615,2.963788,-0.087555,-0.251304,2.978996,-0.713587,0.435748,0.378007,0.000432,0.437252,0.374095,-0.005051,0.441037,0.369830,-0.011051,0.446189,0.364257,-0.016581,0.454479,0.359729,-0.021194,0.462933,0.360602,-0.022859,0.471695,0.358566,-0.022392,0.481312,0.362043,-0.019074,0.487861,0.366786,-0.014522,0.492960,0.370453,-0.009242,0.495419,0.374111,-0.004157,0.492230,0.377429,-0.008477,0.487696,0.380684,-0.013640,0.481163,0.385090,-0.017419,0.473206,0.388408,-0.020119,0.464504,0.389418,-0.020071,0.456116,0.389399,-0.018830,0.448591,0.387083,-0.014963,0.442689,0.383530,-0.010601,0.438670,0.380899,-0.004606,0.412504,0.275787,0.019043,0.414279,0.274079,0.015860,0.416517,0.272192,0.013395,0.420217,0.269688,0.010959,0.425899,0.267961,0.008895,0.431466,0.268015,0.008188,0.437236,0.269229,0.009027,0.441270,0.271989,0.010246,0.483330,0.271762,0.007874,0.485284,0.272778,0.007562,0.488817,0.273730,0.005830,0.494406,0.275285,0.004537,0.500329,0.275728,0.004415,0.506441,0.274688,0.005823,0.510467,0.273256,0.007874,0.513260,0.271897,0.009717,0.461435,0.259955,-0.008774,0.461129,0.270468,-0.014593,0.460855,0.280265,-0.021096,0.460572,0.289449,-0.028273,0.000000,0.000000,0.000000,0.000000,0.000000,0.000000,0.000000,0.000000,0.000000,0.000000,0.000000,0.000000,0.000000,0.000000,0.000000,0.000000,0.000000,0.000000,0.000000,0.000000,0.000000,0.000000,0.000000,0.000000,0.000000,0.000000,0.000000,0.000000,0.000000,0.000000,0.000000,0.000000,0.000000,0.000000,0.000000,0.000000,0.000000,0.000000,0.000000,0.000000,0.000000,0.000000,0.000000,0.000000,0.000000,0.000000,0.000000,0.000000,0.000000,0.000000,0.000000,0.000000,0.000000,0.000000,0.000000,0.000000,0.000000,0.000000,0.000000,0.000000,0.000000,0.000000,0.000000,0.000000,0.000000,0.000000,0.000000,0.000000,0.000000,0.000000,0.000000,0.000000,0.000000,0.000000,0.000000,0.000000,0.000000,0.000000,0.000000,0.000000,0.000000,0.000000,0.000000,0.000000,0.000000,0.000000,0.000000,0.000000,0.000000,0.000000,0.000000,0.000000,0.000000,0.000000,0.000000,0.000000,0.000000,0.000000,0.000000,0.000000,0.000000,0.000000,0.000000,0.000000,0.000000,0.000000,0.000000,0.000000,0.000000,0.000000,0.000000,0.000000,0.000000,0.000000,0.000000,0.000000,0.000000,0.000000,0.000000,0.000000,0.000000,0.000000,0.000000,0.000000,0.000000,0.000000
0.037466,-2.581402,-2.140986,0.100385,-2.726047,-1.964536,0.144248,-2.725723,-1.964253,0.174729,-2.723870,-1.962739,-0.021910,-2.720084,-1.992323,-0.058646,-2.718773,-1.991612,-0.098070,-2.711946,-1.992510,0.234776,-2.645436,-0.867030,-0.142775,-2.617743,-0.986807,0.123834,-2.427682,-1.738061,-0.030808,-2.424428,-1.773558,0.559848,-1.846774,-0.296870,-0.429374,-1.847975,-0.439673,1.129160,-1.087592,-1.448697,-0.950533,-0.983595,-1.687855,0.475560,-1.120129,-3.419853,-0.284309,-0.977076,-3.644221,0.284498,-1.098087,-3.871994,-0.128623,-0.931315,-4.069254,0.239854,-1.220516,-3.672455,-0.083226,-1.028843,-3.980258,0.256358,-1.229366,-3.381043,-0.122068,-1.048728,-3.638228,0.355872,0.000928,-0.011221,-0.355872,-0.000928,0.011221,0.277437,1.512690,-0.040445,-0.403007,1.454724,-0.335968,0.244187,2.898458,0.966285,-0.393833,2.836723,0.186868,0.253042,3.085500,0.984078,-0.409483,3.028888,0.188812,0.144867,3.341583,-0.411040,-0.306765,3.275831,-1.274656,0.436486,0.377954,0.000613,0.437960,0.374012,-0.004832,0.441694,0.369662,-0.010862,0.446790,0.363998,-0.016423,0.455038,0.359346,-0.021066,0.463476,0.360122,-0.022773,0.472235,0.358001,-0.022365,0.481928,0.361411,-0.019118,0.488546,0.366094,-0.014617,0.493721,0.369726,-0.009392,0.496229,0.373385,-0.004397,0.493035,0.376736,-0.008655,0.488467,0.379996,-0.013802,0.481907,0.384403,-0.017572,0.473927,0.387751,-0.020253,0.465206,0.388824,-0.020173,0.456805,0.388919,-0.018874,0.449291,0.386719,-0.014930,0.443404,0.383319,-0.010516,0.439404,0.380788,-0.004457,0.413530,0.277037,0.019387,0.415265,0.275359,0.016225,0.417476,0.273511,0.013776,0.421126,0.271060,0.011350,0.426721,0.269339,0.009276,0.432209,0.269332,0.008535,0.437926,0.270390,0.009321,0.441916,0.272972,0.010504,0.483592,0.272240,0.007776,0.485532,0.273229,0.007455,0.489026,0.274141,0.005709,0.494561,0.275644,0.004392,0.500442,0.276045,0.004225,0.506520,0.274981,0.005575,0.510522,0.273547,0.007576,0.513311,0.272189,0.009375,0.461692,0.260520,-0.008434,0.461371,0.270881,-0.014225,0.461076,0.280501,-0.020708,0.460776,0.289512,-0.027858,0.345803,0.900203,-0.000000,0.366271,0.879427,-0.031789,0.394073,0.879066,-0.046271,0.421761,0.883928,-0.053922,0.440115,0.890775,-0.058316,0.423319,0.949727,-0.038435,0.465442,0.947804,-0.052590,0.481277,0.919814,-0.060154,0.483517,0.891557,-0.063100,0.430461,0.956362,-0.024958,0.473500,0.955795,-0.037780,0.488329,0.926938,-0.042112,0.488374,0.898421,-0.043454,0.435664,0.954773,-0.013617,0.475265,0.954512,-0.024544,0.489030,0.929107,-0.028315,0.490873,0.903059,-0.028766,0.439304,0.947015,-0.004526,0.469902,0.945069,-0.012242,0.483690,0.928067,-0.015758,0.487333,0.907510,-0.016677,0.618736,0.855811,-0.000000,0.568359,0.867475,0.004891,0.534317,0.848701,0.004148,0.510652,0.837140,0.000271,0.492532,0.833006,-0.003543,0.540419,0.777364,0.008639,0.503776,0.787373,-0.001248,0.482621,0.809997,-0.011916,0.470732,0.833207,-0.018195,0.546520,0.774534,0.000615,0.503334,0.785496,-0.005245,0.481441,0.810778,-0.011877,0.470655,0.834653,-0.016722,0.551161,0.782957,-0.008498,0.508515,0.790484,-0.013563,0.487972,0.812198,-0.015484,0.477529,0.832914,-0.016673,0.554078,0.802065,-0.017784,0.521547,0.802062,-0.020325,0.506783,0.812623,-0.018999,0.498824,0.825690,-0.017705
0.062711,-2.527730,-2.632939,0.126588,-2.673022,-2.426193,0.163161,-2.672011,-2.426234,0.188567,-2.668365,-2.424849,-0.000644,-2.668615,-2.451539,-0.041922,-2.666640,-2.451170,-0.082345,-2.661102,-2.452417,0.245504,-2.596461,-1.189789,-0.137265,-2.579123,-1.274129,0.140253,-2.388815,-2.178044,-0.006115,-2.381712,-2.207453,0.534325,-1.857726,-0.621311,-0.458436,-1.851889,-0.740825,1.193552,-1.207959,-2.227051,-1.038241,-0.995216,-2.403555,0.439562,-1.295671,-4.264462,-0.295216,-1.289880,-4.639110,0.230167,-1.293754,-4.697431,-0.095234,-1.288712,-5.085413,0.176487,-1.393509,-4.398030,-0.044313,-1.402169,-4.856101,0.192860,-1.395666,-4.185695,-0.083325,-1.408774,-4.583905,0.374579,0.006321,-0.053244,-0.374579,-0.006321,0.053244,0.296638,1.547696,0.230689,-0.396035,1.505016,0.196718,0.266645,2.906663,1.696499,-0.402960,2.868165,1.147903,0.275972,3.090267,1.752978,-0.418847,3.049720,1.192151,0.176608,3.366054,0.237766,-0.316575,3.340280,-0.443130,0.436716,0.374195,-0.000913,0.438097,0.370351,-0.006089,0.441738,0.365974,-0.011875,0.446757,0.360286,-0.017203,0.454889,0.355594,-0.021691,0.463197,0.356315,-0.023402,0.471863,0.354338,-0.022982,0.481440,0.357893,-0.019893,0.487971,0.362673,-0.015624,0.493058,0.366395,-0.010646,0.495462,0.369980,-0.005902,0.492261,0.373029,-0.010289,0.487704,0.375906,-0.015471,0.481179,0.379872,-0.019239,0.473323,0.382876,-0.021868,0.464837,0.383798,-0.021781,0.456715,0.383951,-0.020478,0.449371,0.382010,-0.016581,0.443569,0.378973,-0.012174,0.439609,0.376779,-0.006092,0.413683,0.274757,0.020408,0.415414,0.273008,0.017311,0.417602,0.271101,0.014911,0.421227,0.268601,0.012547,0.426788,0.266890,0.010533,0.432234,0.266950,0.009814,0.437901,0.268127,0.010545,0.441875,0.270812,0.011670,0.483427,0.270336,0.008950,0.485381,0.271363,0.008623,0.488878,0.272283,0.006839,0.494373,0.273756,0.005495,0.500214,0.274152,0.005297,0.506233,0.273134,0.006665,0.510191,0.271738,0.008691,0.512943,0.270410,0.010516,0.461635,0.258346,-0.006958,0.461304,0.268642,-0.012997,0.460995,0.278140,-0.019668,0.460677,0.287040,-0.027016,0.353544,0.778506,-0.000000,0.372227,0.722244,-0.029660,0.406834,0.704132,-0.043621,0.444073,0.716866,-0.049744,0.470606,0.729492,-0.051886,0.422063,0.779769,-0.055217,0.482298,0.774787,-0.064468,0.491141,0.743012,-0.058957,0.483780,0.725176,-0.052583,0.426553,0.813100,-0.041477,0.491643,0.803223,-0.057440,0.496429,0.759971,-0.053146,0.485102,0.737416,-0.046218,0.430440,0.827506,-0.027435,0.490915,0.818426,-0.041231,0.494010,0.780518,-0.037324,0.482976,0.760535,-0.031121,0.432131,0.828393,-0.014596,0.477794,0.816045,-0.024434,0.483778,0.787939,-0.024401,0.476085,0.771260,-0.021903,0.594540,0.764316,-0.000000,0.545227,0.786372,0.006132,0.509156,0.774022,0.007291,0.488766,0.762310,0.003081,0.477916,0.748665,-0.000107,0.510091,0.691157,0.018655,0.470725,0.675464,0.007802,0.456189,0.703671,-0.002037,0.463530,0.729946,-0.006984,0.514429,0.680982,0.008295,0.469273,0.666811,0.000331,0.455421,0.701822,-0.005675,0.464644,0.726909,-0.008352,0.519208,0.680996,-0.004533,0.473379,0.665582,-0.013380,0.458245,0.699930,-0.016646,0.467085,0.725857,-0.016848,0.521070,0.693017,-0.017623,0.482491,0.682191,-0.024166,0.467593,0.703606,-0.024635,0.472667,0.726121,-0.023358
0.064298,-2.424873,-2.488803,0.132280,-2.557538,-2.278531,0.162141,-2.554610,-2.278521,0.188476,-2.552307,-2.277282,0.004982,-2.566101,-2.311770,-0.039044,-2.567048,-2.311510,-0.077734,-2.570113,-2.312793,0.245288,-2.505037,-1.050370,-0.137477,-2.519348,-1.167070,0.138120,-2.284768,-2.027855,-0.004868,-2.276262,-2.069484,0.513530,-1.811696,-0.456601,-0.461254,-1.814891,-0.679626,1.175590,-1.183048,-2.071231,-1.006666,-0.972241,-2.298496,0.428530,-1.278909,-4.083497,-0.292232,-1.271954,-4.400881,0.222182,-1.296401,-4.508498,-0.087361,-1.285110,-4.847409,0.168868,-1.379058,-4.209045,-0.042438,-1.390220,-4.609423,0.186553,-1.372183,-4.004808,-0.082649,-1.390911,-4.359149,0.370346,0.009823,-0.012019,-0.370346,-0.009823,0.012019,0.293892,1.532149,0.224272,-0.391060,1.474206,0.034955,0.256871,2.861393,1.568075,-0.403297,2.822679,0.890211,0.263265,3.037401,1.614712,-0.420845,3.001144,0.926226,0.168304,3.325818,0.137294,-0.322565,3.292116,-0.682152,0.437139,0.374581,-0.001152,0.438705,0.370642,-0.006365,0.442545,0.366304,-0.012150,0.447749,0.360641,-0.017473,0.455994,0.356033,-0.021889,0.464306,0.356880,-0.023481,0.472886,0.354977,-0.022913,0.482292,0.358651,-0.019603,0.488723,0.363550,-0.015132,0.493749,0.367340,-0.009977,0.496162,0.371051,-0.005115,0.493023,0.374167,-0.009566,0.488534,0.377058,-0.014855,0.482072,0.381068,-0.018727,0.474223,0.384103,-0.021565,0.465659,0.384943,-0.021651,0.457381,0.384998,-0.020457,0.449936,0.382855,-0.016611,0.444051,0.379636,-0.012250,0.440038,0.377298,-0.006237,0.414890,0.274352,0.019430,0.416667,0.272604,0.016378,0.418900,0.270704,0.014018,0.422557,0.268220,0.011707,0.428138,0.266535,0.009782,0.433567,0.266654,0.009152,0.439223,0.267921,0.009968,0.443168,0.270689,0.011129,0.484380,0.270797,0.009162,0.486339,0.271866,0.008861,0.489831,0.272830,0.007140,0.495306,0.274388,0.005877,0.501113,0.274837,0.005791,0.507078,0.273872,0.007212,0.510990,0.272543,0.009282,0.513704,0.271292,0.011119,0.463101,0.258534,-0.007108,0.462802,0.268684,-0.013120,0.462534,0.278057,-0.019775,0.462252,0.286819,-0.027135,0.353005,0.773844,-0.000000,0.372962,0.716526,-0.026979,0.407981,0.698393,-0.040005,0.446044,0.710790,-0.046366,0.472578,0.724435,-0.048941,0.425066,0.773331,-0.048039,0.483282,0.767564,-0.057366,0.491962,0.737548,-0.053312,0.485010,0.721012,-0.048058,0.429656,0.806784,-0.036406,0.493294,0.795986,-0.051561,0.497551,0.754453,-0.048505,0.487142,0.732784,-0.042735,0.433145,0.821928,-0.024809,0.492637,0.813566,-0.037867,0.496145,0.776087,-0.034687,0.486337,0.755236,-0.029258,0.434048,0.822971,-0.014447,0.478433,0.811780,-0.023633,0.485477,0.784474,-0.023933,0.479564,0.766988,-0.021878,0.596341,0.762455,-0.000000,0.546456,0.782881,0.008247,0.511013,0.771568,0.010201,0.490896,0.759349,0.006158,0.480030,0.744206,0.002884,0.508826,0.694840,0.021974,0.470171,0.678476,0.011122,0.455152,0.704655,0.000772,0.462225,0.730185,-0.004450,0.513434,0.682630,0.010246,0.469908,0.666349,0.002389,0.454895,0.699019,-0.004214,0.462898,0.725170,-0.007528,0.518967,0.680056,-0.003993,0.474846,0.660770,-0.012316,0.458042,0.693663,-0.016320,0.465326,0.721496,-0.017373,0.522020,0.688935,-0.018420,0.483996,0.674764,-0.024731,0.467681,0.695555,-0.025714,0.470690,0.720399,-0.025077
0.048280,-2.419527,-2.242396,0.118428,-2.542758,-2.060742,0.148527,-2.539438,-2.060606,0.175367,-2.537274,-2.059271,-0.005558,-2.550546,-2.086654,-0.049246,-2.551174,-2.086125,-0.087160,-2.553039,-2.087413,0.234561,-2.484157,-0.976825,-0.146051,-2.501194,-1.073861,0.122583,-2.282166,-1.842734,-0.022349,-2.272315,-1.872354,0.507989,-1.787185,-0.430811,-0.459900,-1.789071,-0.679470,1.106372,-1.085975,-1.768209,-0.948857,-0.921288,-2.111726,0.366955,-1.185696,-3.665711,-0.282289,-1.134621,-4.114804,0.176717,-1.188452,-4.093216,-0.101113,-1.114664,-4.549273,0.117472,-1.283583,-3.851265,-0.048883,-1.212233,-4.399442,0.139504,-1.284328,-3.612632,-0.084291,-1.221386,-4.089109,0.362851,0.006913,-0.010261,-0.362851,-0.006913,0.010261,0.287158,1.496675,0.256688,-0.389610,1.444168,-0.003326,0.262522,2.808608,1.487891,-0.390770,2.773125,0.741085,0.273505,2.983522,1.528326,-0.407234,2.949566,0.764126,0.171354,3.263291,0.162998,-0.303347,3.231841,-0.712918,0.437699,0.375631,-0.000223,0.439091,0.371464,-0.005395,0.442754,0.366937,-0.011189,0.447843,0.361159,-0.016620,0.456184,0.356247,-0.021122,0.464638,0.356933,-0.022722,0.473365,0.354789,-0.022259,0.482999,0.358288,-0.018995,0.489463,0.363090,-0.014490,0.494400,0.366915,-0.009368,0.496740,0.370843,-0.004635,0.493747,0.374448,-0.008785,0.489416,0.377984,-0.013908,0.483029,0.382562,-0.017644,0.475105,0.386016,-0.020307,0.466340,0.387130,-0.020365,0.457743,0.387164,-0.019093,0.450195,0.384862,-0.015277,0.444363,0.381302,-0.010959,0.440508,0.378608,-0.005114,0.415288,0.277737,0.018710,0.417227,0.276842,0.015585,0.419688,0.275665,0.013240,0.423448,0.274033,0.010997,0.428754,0.272734,0.008998,0.433779,0.272389,0.008281,0.439146,0.272164,0.009139,0.442737,0.273208,0.010431,0.484390,0.271562,0.008157,0.486189,0.272283,0.007891,0.489370,0.273179,0.006154,0.494486,0.274649,0.004890,0.499979,0.275069,0.004788,0.505889,0.274310,0.006093,0.509836,0.273354,0.008001,0.512719,0.272547,0.009791,0.462680,0.259823,-0.007310,0.462421,0.270333,-0.013090,0.462169,0.279627,-0.019581,0.461926,0.288193,-0.026722,0.355760,0.842338,-0.000000,0.379536,0.826169,-0.022065,0.414194,0.822137,-0.030044,0.448574,0.821641,-0.032265,0.468411,0.814649,-0.032127,0.430924,0.868302,-0.033725,0.477734,0.848981,-0.041399,0.487770,0.821188,-0.042882,0.488120,0.802936,-0.042216,0.433366,0.873418,-0.022568,0.479843,0.855739,-0.029462,0.485414,0.828276,-0.030242,0.480828,0.810745,-0.029872,0.434438,0.869883,-0.011660,0.475592,0.854487,-0.017274,0.478449,0.830881,-0.017349,0.472782,0.815979,-0.016581,0.433503,0.861446,-0.001933,0.465444,0.849106,-0.006757,0.470538,0.831057,-0.007448,0.467988,0.817533,-0.006638,0.600616,0.826633,-0.000000,0.552516,0.842620,0.007217,0.522628,0.826241,0.006821,0.503305,0.816422,0.001812,0.491471,0.808418,-0.002973,0.523022,0.744586,0.008962,0.477235,0.747520,-0.003973,0.466114,0.786220,-0.014690,0.472095,0.815783,-0.019950,0.527007,0.739229,-0.000775,0.473308,0.746496,-0.012145,0.463380,0.788868,-0.019984,0.469177,0.816750,-0.024065,0.529161,0.745538,-0.011430,0.475425,0.747600,-0.022179,0.464687,0.787751,-0.025026,0.470606,0.816626,-0.024751,0.527435,0.763084,-0.021742,0.486040,0.753767,-0.028934,0.471096,0.772501,-0.029281,0.469641,0.792977,-0.027993
-0.033657,-2.301432,-2.041153,0.018357,-2.422894,-1.901571,0.054159,-2.421122,-1.902163,0.079513,-2.417493,-1.902695,-0.079961,-2.417580,-1.942004,-0.110697,-2.413949,-1.941293,-0.142430,-2.407379,-1.942485,0.131471,-2.346136,-1.008273,-0.183943,-2.333576,-1.133099,0.036770,-2.179448,-1.735131,-0.091664,-2.173776,-1.774073,0.426845,-1.604084,-0.316632,-0.423579,-1.621303,-0.842414,0.576741,-0.820412,-0.012395,-0.556084,-0.853145,-0.762013,0.619995,-0.098934,-0.840077,-0.575197,-0.207843,-1.758634,0.672171,0.133250,-1.037943,-0.611395,0.007760,-2.043448,0.604943,0.136041,-1.249684,-0.536648,0.000964,-2.233550,0.564189,0.040329,-0.967394,-0.508340,-0.088960,-1.865196,0.289231,-0.001258,-0.017326,-0.289231,0.001258,0.017326,0.243564,1.329892,-0.136467,-0.306750,1.336249,-0.160825,0.216636,2.542925,0.997883,-0.315678,2.554001,0.559698,0.226545,2.729987,1.013893,-0.321365,2.745544,0.579101,0.118232,2.913122,-0.166543,-0.248204,2.913484,-0.773851,0.438301,0.377067,0.000309,0.439736,0.373025,-0.005191,0.443442,0.368577,-0.011271,0.448550,0.362807,-0.016901,0.456854,0.358046,-0.021602,0.465358,0.358868,-0.023335,0.474234,0.356822,-0.022914,0.484081,0.360465,-0.019598,0.490819,0.365359,-0.015072,0.496058,0.369158,-0.009816,0.498585,0.372940,-0.004781,0.495390,0.376307,-0.009106,0.490776,0.379550,-0.014299,0.484099,0.383962,-0.018091,0.475970,0.387288,-0.020758,0.467097,0.388269,-0.020678,0.458572,0.388303,-0.019363,0.451007,0.386005,-0.015401,0.445107,0.382504,-0.010952,0.441158,0.379944,-0.004843,0.414801,0.274431,0.019787,0.416627,0.272890,0.016558,0.418934,0.271154,0.014079,0.422695,0.268847,0.011635,0.428363,0.267214,0.009527,0.433877,0.267230,0.008758,0.439600,0.268180,0.009573,0.443550,0.270603,0.010803,0.486216,0.270063,0.008067,0.488173,0.271020,0.007747,0.491678,0.271952,0.005960,0.497235,0.273489,0.004619,0.503148,0.273909,0.004462,0.509331,0.272922,0.005833,0.513422,0.271571,0.007856,0.516323,0.270310,0.009694,0.463768,0.258201,-0.008384,0.463404,0.268905,-0.014310,0.463061,0.278719,-0.020935,0.462711,0.287860,-0.028243,0.000000,0.000000,0.000000,0.000000,0.000000,0.000000,0.000000,0.000000,0.000000,0.000000,0.000000,0.000000,0.000000,0.000000,0.000000,0.000000,0.000000,0.000000,0.000000,0.000000,0.000000,0.000000,0.000000,0.000000,0.000000,0.000000,0.000000,0.000000,0.000000,0.000000,0.000000,0.000000,0.000000,0.000000,0.000000,0.000000,0.000000,0.000000,0.000000,0.000000,0.000000,0.000000,0.000000,0.000000,0.000000,0.000000,0.000000,0.000000,0.000000,0.000000,0.000000,0.000000,0.000000,0.000000,0.000000,0.000000,0.000000,0.000000,0.000000,0.000000,0.000000,0.000000,0.000000,0.000000,0.000000,0.000000,0.000000,0.000000,0.000000,0.000000,0.000000,0.000000,0.000000,0.000000,0.000000,0.000000,0.000000,0.000000,0.000000,0.000000,0.000000,0.000000,0.000000,0.000000,0.000000,0.000000,0.000000,0.000000,0.000000,0.000000,0.000000,0.000000,0.000000,0.000000,0.000000,0.000000,0.000000,0.000000,0.000000,0.000000,0.000000,0.000000,0.000000,0.000000,0.000000,0.000000,0.000000,0.000000,0.000000,0.000000,0.000000,0.000000,0.000000,0.000000,0.000000,0.000000,0.000000,0.000000,0.000000,0.000000,0.000000,0.000000,0.000000,0.000000,0.000000,0.000000
-0.026429,-2.335513,-1.878697,0.023694,-2.458236,-1.747310,0.061500,-2.457169,-1.747192,0.088262,-2.454054,-1.747631,-0.076589,-2.451802,-1.770409,-0.106761,-2.449000,-1.769695,-0.139931,-2.442065,-1.770595,0.140515,-2.383044,-0.938052,-0.177834,-2.365593,-1.004189,0.048901,-2.210042,-1.580262,-0.084345,-2.204113,-1.597746,0.441059,-1.611970,-0.334329,-0.412268,-1.640203,-0.854939,0.588817,-0.814661,-0.098647,-0.575987,-0.860096,-0.789556,0.710752,0.019353,-0.714597,-0.695641,-0.109470,-1.713687,0.788050,0.262352,-0.858896,-0.780489,0.101142,-1.959225,0.718561,0.299057,-1.053963,-0.691261,0.136997,-2.159956,0.670280,0.201120,-0.829349,-0.646259,0.051663,-1.828393,0.292544,0.006491,-0.024385,-0.292544,-0.006491,0.024385,0.229321,1.370617,-0.043396,-0.316678,1.369193,-0.018959,0.194413,2.605775,1.247333,-0.331182,2.601178,0.775247,0.206484,2.802244,1.304019,-0.341452,2.796188,0.809777,0.098931,2.970263,0.142314,-0.256143,2.971532,-0.523463,0.437052,0.383049,0.003554,0.438510,0.379280,-0.002499,0.442199,0.375309,-0.009034,0.447313,0.370038,-0.015045,0.455728,0.365742,-0.020159,0.464380,0.366777,-0.021997,0.473456,0.364773,-0.021734,0.483501,0.368229,-0.018278,0.490350,0.372811,-0.013537,0.495694,0.376286,-0.008008,0.498283,0.379884,-0.002534,0.495027,0.383463,-0.006586,0.490309,0.387111,-0.011565,0.483466,0.391930,-0.015178,0.475113,0.395486,-0.017522,0.465973,0.396439,-0.017246,0.457197,0.396182,-0.015881,0.449553,0.393365,-0.011953,0.443685,0.389255,-0.007547,0.439833,0.386193,-0.001519,0.413185,0.278877,0.018464,0.415015,0.277598,0.014974,0.417387,0.276084,0.012311,0.421277,0.274032,0.009638,0.427156,0.272588,0.007293,0.432889,0.272619,0.006386,0.438744,0.273456,0.007226,0.442730,0.275710,0.008599,0.486987,0.275272,0.005270,0.488916,0.276132,0.004968,0.492445,0.277096,0.003177,0.498103,0.278730,0.001801,0.504177,0.279253,0.001637,0.510598,0.278306,0.002961,0.514919,0.276918,0.004937,0.518013,0.275595,0.006768,0.463681,0.264024,-0.011745,0.463164,0.275433,-0.017194,0.462660,0.285794,-0.023482,0.462163,0.295403,-0.030387,0.000000,0.000000,0.000000,0.000000,0.000000,0.000000,0.000000,0.000000,0.000000,0.000000,0.000000,0.000000,0.000000,0.000000,0.000000,0.000000,0.000000,0.000000,0.000000,0.000000,0.000000,0.000000,0.000000,0.000000,0.000000,0.000000,0.000000,0.000000,0.000000,0.000000,0.000000,0.000000,0.000000,0.000000,0.000000,0.000000,0.000000,0.000000,0.000000,0.000000,0.000000,0.000000,0.000000,0.000000,0.000000,0.000000,0.000000,0.000000,0.000000,0.000000,0.000000,0.000000,0.000000,0.000000,0.000000,0.000000,0.000000,0.000000,0.000000,0.000000,0.000000,0.000000,0.000000,0.000000,0.000000,0.000000,0.000000,0.000000,0.000000,0.000000,0.000000,0.000000,0.000000,0.000000,0.000000,0.000000,0.000000,0.000000,0.000000,0.000000,0.000000,0.000000,0.000000,0.000000,0.000000,0.000000,0.000000,0.000000,0.000000,0.000000,0.000000,0.000000,0.000000,0.000000,0.000000,0.000000,0.000000,0.000000,0.000000,0.000000,0.000000,0.000000,0.000000,0.000000,0.000000,0.000000,0.000000,0.000000,0.000000,0.000000,0.000000,0.000000,0.000000,0.000000,0.000000,0.000000,0.000000,0.000000,0.000000,0.000000,0.000000,0.000000,0.000000,0.000000,0.000000,0.000000
-0.015534,-2.228686,-1.943182,0.029824,-2.346608,-1.806237,0.065214,-2.346910,-1.806481,0.093082,-2.345131,-1.806902,-0.066009,-2.340301,-1.842541,-0.094918,-2.338203,-1.841753,-0.127322,-2.331304,-1.842708,0.138539,-2.283131,-0.940029,-0.162130,-2.259149,-1.071334,0.055350,-2.106958,-1.620828,-0.070750,-2.102922,-1.655867,0.418076,-1.553392,-0.253077,-0.384378,-1.586484,-0.848873,0.552469,-0.781827,0.041815,-0.553329,-0.868121,-0.764627,0.668860,-0.018784,-0.585234,-0.654641,-0.099765,-1.553995,0.734648,0.214236,-0.746953,-0.716735,0.117586,-1.792571,0.676043,0.249531,-0.961195,-0.629367,0.157272,-1.978113,0.632631,0.156364,-0.714867,-0.594773,0.067665,-1.655390,0.277401,0.003661,0.007610,-0.277401,-0.003661,-0.007610,0.229507,1.309931,-0.134082,-0.288611,1.317736,-0.049367,0.208717,2.494642,1.050787,-0.291307,2.501390,0.689395,0.218621,2.680414,1.101393,-0.304641,2.689877,0.719554,0.137471,2.838964,-0.054846,-0.213325,2.850465,-0.617230,0.434977,0.376249,0.000451,0.436364,0.372272,-0.005277,0.440161,0.367717,-0.011576,0.445465,0.361768,-0.017370,0.454092,0.356741,-0.022224,0.463014,0.357281,-0.023973,0.472224,0.354863,-0.023504,0.482472,0.358082,-0.020019,0.489534,0.362722,-0.015279,0.494953,0.366287,-0.009791,0.497514,0.369877,-0.004492,0.494191,0.373396,-0.009049,0.489455,0.376835,-0.014506,0.482635,0.381490,-0.018468,0.474340,0.385123,-0.021214,0.465289,0.386459,-0.021130,0.456553,0.386775,-0.019823,0.448655,0.384785,-0.015803,0.442389,0.381469,-0.011213,0.438124,0.379042,-0.004892,0.408109,0.272048,0.020012,0.410011,0.270467,0.016619,0.412435,0.268658,0.014020,0.416354,0.266211,0.011455,0.422239,0.264398,0.009255,0.427964,0.264174,0.008504,0.433924,0.264761,0.009415,0.438088,0.266911,0.010733,0.482933,0.264833,0.008241,0.484984,0.265744,0.007944,0.488639,0.266622,0.006084,0.494444,0.268076,0.004721,0.500620,0.268369,0.004593,0.507047,0.267173,0.006071,0.511291,0.265689,0.008210,0.514270,0.264345,0.010165,0.459301,0.253327,-0.009228,0.459177,0.264264,-0.015320,0.459064,0.274458,-0.022144,0.458925,0.283988,-0.029669,0.000000,0.000000,0.000000,0.000000,0.000000,0.000000,0.000000,0.000000,0.000000,0.000000,0.000000,0.000000,0.000000,0.000000,0.000000,0.000000,0.000000,0.000000,0.000000,0.000000,0.000000,0.000000,0.000000,0.000000,0.000000,0.000000,0.000000,0.000000,0.000000,0.000000,0.000000,0.000000,0.000000,0.000000,0.000000,0.000000,0.000000,0.000000,0.000000,0.000000,0.000000,0.000000,0.000000,0.000000,0.000000,0.000000,0.000000,0.000000,0.000000,0.000000,0.000000,0.000000,0.000000,0.000000,0.000000,0.000000,0.000000,0.000000,0.000000,0.000000,0.000000,0.000000,0.000000,0.000000,0.000000,0.000000,0.000000,0.000000,0.000000,0.000000,0.000000,0.000000,0.000000,0.000000,0.000000,0.000000,0.000000,0.000000,0.000000,0.000000,0.000000,0.000000,0.000000,0.000000,0.000000,0.000000,0.000000,0.000000,0.000000,0.000000,0.000000,0.000000,0.000000,0.000000,0.000000,0.000000,0.000000,0.000000,0.000000,0.000000,0.000000,0.000000,0.000000,0.000000,0.000000,0.000000,0.000000,0.000000,0.000000,0.000000,0.000000,0.000000,0.000000,0.000000,0.000000,0.000000,0.000000,0.000000,0.000000,0.000000,0.000000,0.000000,0.000000,0.000000,0.000000,0.000000
