-0.148630,-1.646865,-1.086111,-0.098161,-1.741947,-1.049983,-0.065397,-1.745393,-1.050377,-0.037766,-1.748053,-1.051073,-0.183347,-1.730266,-0.978938,-0.204234,-1.727070,-0.978144,-0.225074,-1.723706,-0.978438,0.011763,-1.717122,-0.729438,-0.217711,-1.681335,-0.368512,-0.078132,-1.552659,-0.968132,-0.175592,-1.541688,-0.865924,0.279096,-1.171660,-0.815746,-0.289577,-1.113732,0.004776,0.470097,-0.519940,-0.899402,-0.340206,-0.514160,-0.084953,0.500175,0.067677,-0.983002,-0.434179,-0.191898,-1.044471,0.549239,0.250672,-1.126686,-0.479673,-0.074865,-1.176383,0.461544,0.265112,-1.171355,-0.450670,-0.121737,-1.310625,0.429890,0.198242,-1.006996,-0.419352,-0.160802,-1.139113,0.190003,0.006654,-0.361582,-0.190003,-0.006654,0.361582,0.151384,0.889686,-0.398837,-0.209064,0.873589,0.787181,0.140501,1.668962,0.479476,-0.222232,1.615217,1.542227,0.183310,1.803087,0.518624,-0.217339,1.742751,1.600950,-0.007318,1.895753,-0.237678,-0.250729,1.880615,0.874157,0.442954,0.357326,0.003899,0.443158,0.353429,-0.001557,0.445202,0.348551,-0.008575,0.448542,0.342256,-0.015175,0.455097,0.336752,-0.021829,0.462968,0.336392,-0.025720,0.471994,0.333094,-0.027332,0.483397,0.335393,-0.026537,0.491905,0.339172,-0.024007,0.498850,0.342034,-0.020486,0.502529,0.345216,-0.016661,0.498742,0.348798,-0.020185,0.493004,0.352573,-0.024362,0.485350,0.357707,-0.027052,0.476819,0.361735,-0.028046,0.467963,0.363881,-0.025912,0.460429,0.364716,-0.022605,0.453799,0.363506,-0.016613,0.448818,0.361118,-0.010675,0.445544,0.359461,-0.002934,0.416662,0.254591,0.036181,0.417828,0.252535,0.032626,0.419433,0.250018,0.029741,0.422474,0.246634,0.026668,0.427777,0.243820,0.023386,0.433431,0.243106,0.021347,0.439172,0.243797,0.020715,0.443175,0.246259,0.020911,0.483940,0.239187,0.005688,0.485941,0.239941,0.004944,0.489596,0.240293,0.002355,0.495361,0.240889,-0.000266,0.501634,0.240405,-0.001910,0.508316,0.238453,-0.001871,0.512994,0.236126,-0.000729,0.516407,0.233902,0.000600,0.457008,0.231104,-0.003848,0.456162,0.242757,-0.010589,0.455143,0.253236,-0.017912,0.454102,0.263027,-0.025921,0.000000,0.000000,0.000000,0.000000,0.000000,0.000000,0.000000,0.000000,0.000000,0.000000,0.000000,0.000000,0.000000,0.000000,0.000000,0.000000,0.000000,0.000000,0.000000,0.000000,0.000000,0.000000,0.000000,0.000000,0.000000,0.000000,0.000000,0.000000,0.000000,0.000000,0.000000,0.000000,0.000000,0.000000,0.000000,0.000000,0.000000,0.000000,0.000000,0.000000,0.000000,0.000000,0.000000,0.000000,0.000000,0.000000,0.000000,0.000000,0.000000,0.000000,0.000000,0.000000,0.000000,0.000000,0.000000,0.000000,0.000000,0.000000,0.000000,0.000000,0.000000,0.000000,0.000000,0.000000,0.000000,0.000000,0.000000,0.000000,0.000000,0.000000,0.000000,0.000000,0.000000,0.000000,0.000000,0.000000,0.000000,0.000000,0.000000,0.000000,0.000000,0.000000,0.000000,0.000000,0.000000,0.000000,0.000000,0.000000,0.000000,0.000000,0.000000,0.000000,0.000000,0.000000,0.000000,0.000000,0.000000,0.000000,0.000000,0.000000,0.000000,0.000000,0.000000,0.000000,0.000000,0.000000,0.000000,0.000000,0.000000,0.000000,0.000000,0.000000,0.000000,0.000000,0.000000,0.000000,0.000000,0.000000,0.000000,0.000000,0.000000,0.000000,0.000000,0.000000,0.000000,0.000000
-0.136714,-1.435494,-1.106837,-0.103309,-1.513513,-1.084525,-0.080244,-1.515714,-1.085451,-0.052899,-1.517081,-1.085874,-0.152749,-1.506936,-0.999178,-0.168938,-1.504753,-0.998859,-0.185205,-1.502426,-0.999404,0.008789,-1.487668,-0.796220,-0.172104,-1.468291,-0.386982,-0.092547,-1.351773,-0.994575,-0.150101,-1.348463,-0.878343,0.223263,-1.043912,-0.777783,-0.237144,-1.006590,0.109139,0.392336,-0.513651,-0.911455,-0.274945,-0.489446,0.015346,0.427301,-0.043114,-1.161586,-0.398165,-0.343542,-1.085942,0.467773,0.108579,-1.311995,-0.441864,-0.282048,-1.235915,0.401932,0.101239,-1.376301,-0.428686,-0.320485,-1.355918,0.375792,0.041771,-1.195276,-0.399345,-0.347469,-1.173662,0.161304,0.007833,-0.327805,-0.161304,-0.007833,0.327805,0.129858,0.764919,-0.525687,-0.175379,0.749422,0.355422,0.140138,1.482348,0.135557,-0.169481,1.446664,0.714808,0.173295,1.614290,0.154779,-0.159922,1.570894,0.726366,0.034926,1.662092,-0.561738,-0.195546,1.654074,0.053468,0.441010,0.356634,0.003893,0.441031,0.352667,-0.001691,0.442828,0.347649,-0.008852,0.445953,0.341157,-0.015723,0.452300,0.335236,-0.022623,0.460075,0.334673,-0.026822,0.469150,0.331362,-0.028677,0.480781,0.333824,-0.028244,0.489410,0.337704,-0.026003,0.496408,0.340766,-0.022767,0.500147,0.344142,-0.019074,0.496406,0.347905,-0.022334,0.490662,0.351877,-0.026271,0.482814,0.357146,-0.028732,0.474120,0.361257,-0.029275,0.465089,0.363613,-0.026978,0.457454,0.364501,-0.023376,0.451014,0.363410,-0.017163,0.446291,0.360913,-0.011072,0.443340,0.358980,-0.003124,0.415693,0.257348,0.039203,0.416775,0.255290,0.035448,0.418367,0.252789,0.032457,0.421354,0.249456,0.029252,0.426617,0.246729,0.025679,0.432272,0.245926,0.023365,0.437974,0.246412,0.022562,0.441965,0.248524,0.022693,0.484228,0.239371,0.005510,0.486293,0.239980,0.004703,0.489936,0.240126,0.001921,0.495605,0.240345,-0.000925,0.501836,0.239514,-0.002827,0.508619,0.237362,-0.002897,0.513420,0.234995,-0.001845,0.516974,0.232699,-0.000571,0.455914,0.232421,-0.003111,0.454862,0.244478,-0.010165,0.453566,0.254800,-0.017768,0.452255,0.264387,-0.026042,0.000000,0.000000,0.000000,0.000000,0.000000,0.000000,0.000000,0.000000,0.000000,0.000000,0.000000,0.000000,0.000000,0.000000,0.000000,0.000000,0.000000,0.000000,0.000000,0.000000,0.000000,0.000000,0.000000,0.000000,0.000000,0.000000,0.000000,0.000000,0.000000,0.000000,0.000000,0.000000,0.000000,0.000000,0.000000,0.000000,0.000000,0.000000,0.000000,0.000000,0.000000,0.000000,0.000000,0.000000,0.000000,0.000000,0.000000,0.000000,0.000000,0.000000,0.000000,0.000000,0.000000,0.000000,0.000000,0.000000,0.000000,0.000000,0.000000,0.000000,0.000000,0.000000,0.000000,0.000000,0.000000,0.000000,0.000000,0.000000,0.000000,0.000000,0.000000,0.000000,0.000000,0.000000,0.000000,0.000000,0.000000,0.000000,0.000000,0.000000,0.000000,0.000000,0.000000,0.000000,0.000000,0.000000,0.000000,0.000000,0.000000,0.000000,0.000000,0.000000,0.000000,0.000000,0.000000,0.000000,0.000000,0.000000,0.000000,0.000000,0.000000,0.000000,0.000000,0.000000,0.000000,0.000000,0.000000,0.000000,0.000000,0.000000,0.000000,0.000000,0.000000,0.000000,0.000000,0.000000,0.000000,0.000000,0.000000,0.000000,0.000000,0.000000,0.000000,0.000000,0.000000,0.000000
-0.181796,-1.758094,-1.752529,-0.142045,-1.855194,-1.702188,-0.110744,-1.858238,-1.702909,-0.078570,-1.859854,-1.702392,-0.204536,-1.845258,-1.617587,-0.223955,-1.842003,-1.617366,-0.240806,-1.838422,-1.618179,-0.006747,-1.822113,-1.195220,-0.224584,-1.795024,-0.782994,-0.119799,-1.656210,-1.559242,-0.199138,-1.650739,-1.444403,0.275032,-1.287480,-1.026066,-0.301161,-1.224503,-0.211811,0.476421,-0.611057,-1.826856,-0.345367,-0.580266,-0.560877,-0.068655,-0.734290,-2.716217,-0.351423,-0.716683,-2.170964,-0.239488,-0.800267,-2.940550,-0.366822,-0.782596,-2.415777,-0.236193,-0.927551,-2.798883,-0.366355,-0.879560,-2.423961,-0.201179,-0.915952,-2.662572,-0.344621,-0.873062,-2.227568,0.222167,0.002378,-0.235666,-0.222167,-0.002378,0.235666,0.184741,0.889228,-0.207252,-0.233105,0.853353,0.381605,0.212398,1.736866,0.782935,-0.211678,1.704857,1.166194,0.242996,1.886626,0.821428,-0.201007,1.847131,1.214018,0.116960,2.001321,-0.141026,-0.208384,2.005415,0.312446,0.444923,0.358744,0.004471,0.444897,0.354625,-0.001114,0.446655,0.349602,-0.008279,0.449698,0.343102,-0.015209,0.455964,0.337072,-0.022058,0.463704,0.336388,-0.026209,0.472700,0.332826,-0.028026,0.484331,0.334909,-0.027500,0.493013,0.338494,-0.025087,0.500079,0.341297,-0.021715,0.503925,0.344651,-0.017964,0.500281,0.348759,-0.021128,0.494685,0.353187,-0.025066,0.487004,0.358932,-0.027588,0.478392,0.363412,-0.028274,0.469316,0.366036,-0.026056,0.461587,0.367086,-0.022454,0.455092,0.366009,-0.016202,0.450309,0.363382,-0.010149,0.447328,0.361260,-0.002334,0.418756,0.260407,0.037975,0.419839,0.258449,0.034289,0.421444,0.256030,0.031345,0.424392,0.252764,0.028216,0.429545,0.250034,0.024719,0.435081,0.249132,0.022437,0.440629,0.249416,0.021689,0.444512,0.251336,0.021847,0.486024,0.241419,0.005100,0.488037,0.241910,0.004328,0.491600,0.241958,0.001620,0.497172,0.242058,-0.001160,0.503264,0.241131,-0.002993,0.509925,0.238899,-0.003068,0.514640,0.236513,-0.002059,0.518158,0.234200,-0.000817,0.458046,0.235282,-0.003564,0.457151,0.247222,-0.010403,0.455994,0.257403,-0.017812,0.454805,0.266838,-0.025863,0.512740,0.884033,-0.000000,0.478082,0.829505,-0.004427,0.429638,0.783375,-0.015234,0.390249,0.760780,-0.027143,0.357986,0.763688,-0.041906,0.440101,0.772901,-0.036564,0.395846,0.739719,-0.062570,0.357631,0.736825,-0.075338,0.331124,0.746064,-0.082004,0.445739,0.806012,-0.047065,0.370893,0.815593,-0.071884,0.355810,0.849804,-0.072701,0.362096,0.869242,-0.070929,0.450908,0.850236,-0.058019,0.374418,0.856749,-0.083370,0.366097,0.885833,-0.073774,0.379547,0.903720,-0.062782,0.453764,0.896622,-0.068775,0.390535,0.903215,-0.090382,0.379932,0.918090,-0.085832,0.388316,0.928042,-0.078231,0.550600,0.912214,-0.000000,0.503187,0.860410,0.002277,0.438225,0.834660,-0.008425,0.381223,0.844012,-0.019777,0.344350,0.868288,-0.032371,0.449257,0.773490,-0.041188,0.396016,0.704990,-0.071818,0.353680,0.717492,-0.084804,0.324550,0.747211,-0.089663,0.462942,0.798607,-0.053532,0.363644,0.806976,-0.082729,0.343014,0.869834,-0.082284,0.349105,0.907478,-0.077645,0.472989,0.845770,-0.064945,0.377363,0.856885,-0.092648,0.363773,0.899424,-0.085335,0.375896,0.918873,-0.073727,0.476910,0.901047,-0.074534,0.400265,0.902505,-0.095582,0.378843,0.923284,-0.092017,0.379588,0.936112,-0.084121
-0.143537,-1.313942,-1.213684,-0.111265,-1.392211,-1.190990,-0.086273,-1.396133,-1.191366,-0.059707,-1.399760,-1.190993,-0.158852,-1.383523,-1.108486,-0.172724,-1.380699,-1.107985,-0.183811,-1.377949,-1.108565,-0.001244,-1.376840,-0.869165,-0.162164,-1.355770,-0.473699,-0.093576,-1.242805,-1.089609,-0.149793,-1.237265,-0.978658,0.197122,-1.001241,-0.840820,-0.208136,-0.946154,0.071703,0.315043,-0.470362,-1.607481,-0.230989,-0.489627,0.009965,-0.124924,-0.894091,-2.255677,-0.316864,-0.395064,-1.035121,-0.196345,-1.008420,-2.444916,-0.355217,-0.223366,-1.177070,-0.189401,-1.059867,-2.302768,-0.347303,-0.283218,-1.249743,-0.171283,-1.019396,-2.208535,-0.340556,-0.424288,-1.104675,0.169465,0.004525,-0.258697,-0.169465,-0.004525,0.258697,0.144080,0.759997,-0.111119,-0.184138,0.719162,0.246506,0.158840,1.419188,0.626401,-0.169897,1.398130,0.810365,0.184494,1.524201,0.659644,-0.166899,1.509275,0.848399,0.072861,1.631349,-0.096192,-0.144373,1.613766,0.109340,0.448725,0.358491,0.003341,0.448621,0.354452,-0.002077,0.450190,0.349251,-0.009047,0.453055,0.342568,-0.015763,0.459141,0.336440,-0.022545,0.466683,0.335686,-0.026745,0.475489,0.332324,-0.028591,0.486903,0.334702,-0.028265,0.495337,0.338607,-0.026147,0.502196,0.341699,-0.023071,0.505871,0.345081,-0.019530,0.502262,0.348735,-0.022690,0.496729,0.352626,-0.026432,0.489141,0.357864,-0.028752,0.480704,0.361981,-0.029181,0.471926,0.364394,-0.026837,0.464494,0.365434,-0.023293,0.458241,0.364530,-0.017233,0.453700,0.362285,-0.011305,0.450930,0.360611,-0.003578,0.423285,0.261914,0.039189,0.424358,0.260024,0.035492,0.425953,0.257726,0.032566,0.428865,0.254609,0.029440,0.433930,0.251962,0.025899,0.439333,0.251007,0.023603,0.444777,0.251061,0.022799,0.448547,0.252696,0.022896,0.489930,0.242808,0.005704,0.491934,0.243316,0.004901,0.495456,0.243377,0.002143,0.500926,0.243531,-0.000673,0.506949,0.242684,-0.002573,0.513571,0.240572,-0.002677,0.518273,0.238307,-0.001693,0.521781,0.236146,-0.000462,0.461924,0.236589,-0.002507,0.460927,0.248121,-0.009496,0.459689,0.258044,-0.017018,0.458421,0.267293,-0.025220,0.000000,0.000000,0.000000,0.000000,0.000000,0.000000,0.000000,0.000000,0.000000,0.000000,0.000000,0.000000,0.000000,0.000000,0.000000,0.000000,0.000000,0.000000,0.000000,0.000000,0.000000,0.000000,0.000000,0.000000,0.000000,0.000000,0.000000,0.000000,0.000000,0.000000,0.000000,0.000000,0.000000,0.000000,0.000000,0.000000,0.000000,0.000000,0.000000,0.000000,0.000000,0.000000,0.000000,0.000000,0.000000,0.000000,0.000000,0.000000,0.000000,0.000000,0.000000,0.000000,0.000000,0.000000,0.000000,0.000000,0.000000,0.000000,0.000000,0.000000,0.000000,0.000000,0.000000,0.485119,0.666124,-0.000000,0.437410,0.641719,0.013383,0.414358,0.604910,0.010612,0.393201,0.576549,0.003698,0.378135,0.557908,-0.001771,0.446092,0.510360,0.000431,0.435582,0.438812,-0.012375,0.406032,0.432622,-0.016377,0.387070,0.450638,-0.016750,0.447331,0.515473,-0.010782,0.374305,0.510464,-0.020745,0.374432,0.549474,-0.013094,0.394572,0.562285,-0.006872,0.440871,0.535048,-0.021993,0.370443,0.550263,-0.027128,0.378305,0.582832,-0.012704,0.397589,0.585264,-0.004164,0.430019,0.560306,-0.033020,0.378278,0.580358,-0.034507,0.385040,0.608409,-0.024881,0.401326,0.611746,-0.017503
-0.160953,-1.376820,-1.329339,-0.122359,-1.460272,-1.306452,-0.097424,-1.464139,-1.306709,-0.069451,-1.467177,-1.306284,-0.169334,-1.452437,-1.220548,-0.181011,-1.450332,-1.219968,-0.191002,-1.448181,-1.220449,-0.001381,-1.443151,-0.964956,-0.167839,-1.428468,-0.552241,-0.109817,-1.305818,-1.197613,-0.164979,-1.300992,-1.081557,0.204859,-1.059391,-0.910729,-0.218133,-0.987299,-0.007468,0.323844,-0.496210,-1.695236,-0.269619,-0.496448,-0.144723,-0.114704,-0.958529,-2.360334,-0.332384,-0.379142,-1.311392,-0.187987,-1.083056,-2.562501,-0.368905,-0.173045,-1.469424,-0.179864,-1.133625,-2.408342,-0.366082,-0.281464,-1.538391,-0.162481,-1.092680,-2.309555,-0.331675,-0.409154,-1.381288,0.178374,0.001064,-0.257466,-0.178374,-0.001064,0.257466,0.153593,0.796950,-0.102491,-0.188597,0.760167,0.352203,0.168672,1.493017,0.685611,-0.170779,1.468868,0.993861,0.194390,1.605700,0.720447,-0.168389,1.585914,1.039459,0.082300,1.712891,-0.084099,-0.139889,1.692719,0.259705,0.447722,0.359511,0.003342,0.447589,0.355541,-0.002089,0.449126,0.350481,-0.009041,0.451958,0.343978,-0.015747,0.458009,0.337994,-0.022493,0.465580,0.337250,-0.026679,0.474421,0.333827,-0.028498,0.485893,0.336020,-0.028163,0.494360,0.339719,-0.026055,0.501229,0.342632,-0.022988,0.504902,0.345904,-0.019431,0.501341,0.349594,-0.022621,0.495854,0.353617,-0.026372,0.488324,0.359036,-0.028677,0.479906,0.363314,-0.029092,0.471096,0.365868,-0.026806,0.463638,0.366896,-0.023285,0.457341,0.365921,-0.017267,0.452752,0.363518,-0.011341,0.449954,0.361674,-0.003598,0.421407,0.262865,0.039090,0.422483,0.260969,0.035377,0.424075,0.258658,0.032418,0.427008,0.255494,0.029280,0.432105,0.252794,0.025735,0.437579,0.251821,0.023415,0.443079,0.251890,0.022615,0.446896,0.253564,0.022748,0.488492,0.243460,0.005611,0.490509,0.243957,0.004820,0.494084,0.244035,0.002049,0.499633,0.244163,-0.000773,0.505723,0.243272,-0.002668,0.512410,0.241087,-0.002758,0.517144,0.238724,-0.001760,0.520667,0.236458,-0.000518,0.460210,0.237499,-0.002700,0.459300,0.249392,-0.009698,0.458111,0.259515,-0.017252,0.456904,0.268918,-0.025455,0.000000,0.000000,0.000000,0.000000,0.000000,0.000000,0.000000,0.000000,0.000000,0.000000,0.000000,0.000000,0.000000,0.000000,0.000000,0.000000,0.000000,0.000000,0.000000,0.000000,0.000000,0.000000,0.000000,0.000000,0.000000,0.000000,0.000000,0.000000,0.000000,0.000000,0.000000,0.000000,0.000000,0.000000,0.000000,0.000000,0.000000,0.000000,0.000000,0.000000,0.000000,0.000000,0.000000,0.000000,0.000000,0.000000,0.000000,0.000000,0.000000,0.000000,0.000000,0.000000,0.000000,0.000000,0.000000,0.000000,0.000000,0.000000,0.000000,0.000000,0.000000,0.000000,0.000000,0.491393,0.657708,-0.000000,0.444714,0.636082,0.011954,0.422477,0.600896,0.008747,0.402089,0.574120,0.001324,0.387315,0.554903,-0.004744,0.454140,0.500363,0.001875,0.444670,0.431291,-0.011976,0.415010,0.423614,-0.018419,0.395337,0.440458,-0.020597,0.456429,0.506256,-0.008850,0.385266,0.501443,-0.019071,0.385270,0.540335,-0.013274,0.405002,0.552750,-0.008528,0.451135,0.525550,-0.019923,0.381388,0.538764,-0.026035,0.388809,0.571994,-0.012810,0.408376,0.574942,-0.004906,0.440509,0.550013,-0.030949,0.388482,0.568038,-0.033787,0.394619,0.596242,-0.024970,0.411205,0.599958,-0.017905
-0.177326,-1.740307,-1.211220,-0.131829,-1.839934,-1.190431,-0.102256,-1.845001,-1.190869,-0.069490,-1.850025,-1.190566,-0.189557,-1.829684,-1.094934,-0.204434,-1.826186,-1.093822,-0.216864,-1.823331,-1.094460,0.015170,-1.816724,-0.834122,-0.187556,-1.791197,-0.367191,-0.115758,-1.650272,-1.074156,-0.185974,-1.643866,-0.941259,0.291540,-1.308976,-0.788128,-0.273911,-1.235968,0.033362,0.441427,-0.587986,-1.397352,-0.334798,-0.574938,-0.513897,-0.116924,-0.635762,-1.900681,-0.338813,-0.688788,-2.065367,-0.253929,-0.639400,-2.080157,-0.365112,-0.694968,-2.303552,-0.259550,-0.736786,-1.922705,-0.358490,-0.767214,-2.303382,-0.214267,-0.750715,-1.839565,-0.339141,-0.768056,-2.120549,0.225862,0.000657,-0.292997,-0.225862,-0.000657,0.292997,0.181049,0.954088,-0.439902,-0.223603,0.950881,0.383789,0.203996,1.837316,0.285848,-0.200669,1.826143,0.826759,0.246983,1.971835,0.300300,-0.196070,1.959032,0.844422,0.065079,2.096236,-0.677870,-0.208940,2.111795,-0.069182,0.447166,0.359898,0.004548,0.446943,0.355827,-0.001004,0.448344,0.350733,-0.008109,0.451040,0.344182,-0.014979,0.456998,0.338166,-0.021896,0.464530,0.337472,-0.026189,0.473412,0.334021,-0.028150,0.484998,0.336260,-0.027897,0.493613,0.340008,-0.025803,0.500633,0.342967,-0.022725,0.504441,0.346335,-0.019115,0.500803,0.350183,-0.022150,0.495202,0.354362,-0.025766,0.487562,0.359929,-0.028010,0.479063,0.364277,-0.028346,0.470188,0.366817,-0.025910,0.462753,0.367780,-0.022227,0.456526,0.366714,-0.016080,0.452062,0.364173,-0.010101,0.449353,0.362196,-0.002345,0.420739,0.262257,0.039098,0.421774,0.260382,0.035362,0.423325,0.258064,0.032387,0.426200,0.254901,0.029203,0.431270,0.252231,0.025598,0.436721,0.251276,0.023218,0.442175,0.251363,0.022396,0.445935,0.253042,0.022474,0.487421,0.243096,0.004789,0.489418,0.243582,0.003978,0.492947,0.243660,0.001198,0.498461,0.243807,-0.001651,0.504517,0.242955,-0.003601,0.511198,0.240820,-0.003759,0.515967,0.238511,-0.002829,0.519531,0.236279,-0.001634,0.459071,0.237132,-0.003333,0.458068,0.248925,-0.010184,0.456810,0.259083,-0.017583,0.455529,0.268547,-0.025622,0.344692,0.782884,-0.000000,0.318720,0.775474,-0.008962,0.293748,0.763861,-0.017708,0.275577,0.762053,-0.026373,0.263673,0.766035,-0.035333,0.298378,0.713167,-0.013836,0.277939,0.735860,-0.025901,0.268871,0.763374,-0.036166,0.267025,0.784563,-0.041894,0.316800,0.707916,-0.014418,0.295806,0.740141,-0.023804,0.287825,0.770593,-0.029409,0.287411,0.792594,-0.032303,0.335735,0.710159,-0.015484,0.316302,0.739543,-0.023124,0.310125,0.765368,-0.023590,0.309289,0.785408,-0.022702,0.353867,0.716445,-0.017493,0.338685,0.738036,-0.022505,0.333299,0.758550,-0.019877,0.332037,0.772905,-0.016175,0.000000,0.000000,0.000000,0.000000,0.000000,0.000000,0.000000,0.000000,0.000000,0.000000,0.000000,0.000000,0.000000,0.000000,0.000000,0.000000,0.000000,0.000000,0.000000,0.000000,0.000000,0.000000,0.000000,0.000000,0.000000,0.000000,0.000000,0.000000,0.000000,0.000000,0.000000,0.000000,0.000000,0.000000,0.000000,0.000000,0.000000,0.000000,0.000000,0.000000,0.000000,0.000000,0.000000,0.000000,0.000000,0.000000,0.000000,0.000000,0.000000,0.000000,0.000000,0.000000,0.000000,0.000000,0.000000,0.000000,0.000000,0.000000,0.000000,0.000000,0.000000,0.000000,0.000000
-0.135791,-1.918755,-1.340746,-0.089872,-2.034752,-1.326656,-0.056495,-2.039725,-1.327017,-0.020161,-2.043414,-1.327678,-0.156946,-2.021700,-1.224970,-0.176311,-2.017077,-1.223801,-0.191482,-2.012155,-1.224284,0.069453,-2.004457,-0.951019,-0.165082,-1.973213,-0.442558,-0.068473,-1.824562,-1.189747,-0.153603,-1.818960,-1.044621,0.378391,-1.393131,-0.799024,-0.284593,-1.380293,-0.050520,0.539304,-0.669960,-0.928938,-0.339999,-0.721213,-0.175673,0.447798,-0.064375,-1.246188,-0.408272,-0.425499,-1.473590,0.447577,0.131534,-1.440835,-0.471576,-0.254767,-1.694466,0.346638,0.092441,-1.479820,-0.416850,-0.302432,-1.826665,0.333821,0.006667,-1.275616,-0.368519,-0.545579,-1.577458,0.231983,0.020170,-0.318976,-0.231983,-0.020170,0.318976,0.163714,1.109654,-0.605833,-0.268809,1.067795,0.487925,0.152171,2.106112,0.216170,-0.266434,2.045329,1.035955,0.188654,2.268818,0.236953,-0.262757,2.205215,1.065305,-0.006229,2.386563,-0.852520,-0.282821,2.345217,0.119140,0.452319,0.363843,0.005826,0.452072,0.359779,0.000079,0.453391,0.354845,-0.007120,0.456001,0.348431,-0.014102,0.461803,0.342654,-0.021131,0.469264,0.342063,-0.025492,0.478017,0.338625,-0.027500,0.489470,0.340803,-0.027218,0.498016,0.344483,-0.025083,0.505026,0.347353,-0.021919,0.508905,0.350722,-0.018103,0.505379,0.354659,-0.020977,0.499906,0.359041,-0.024390,0.492379,0.364802,-0.026473,0.483962,0.369264,-0.026620,0.475130,0.371789,-0.024071,0.467687,0.372656,-0.020411,0.461521,0.371363,-0.014362,0.457100,0.368518,-0.008499,0.454458,0.366301,-0.000923,0.424953,0.264556,0.038353,0.425958,0.262726,0.034567,0.427489,0.260437,0.031550,0.430348,0.257283,0.028275,0.435472,0.254620,0.024578,0.441029,0.253674,0.022148,0.446548,0.253869,0.021317,0.450375,0.255698,0.021427,0.491686,0.245767,0.003472,0.493666,0.246219,0.002663,0.497228,0.246255,-0.000080,0.502787,0.246374,-0.002926,0.508884,0.245477,-0.004898,0.515597,0.243210,-0.005092,0.520367,0.240734,-0.004197,0.523948,0.238340,-0.003032,0.463440,0.240558,-0.004842,0.462494,0.252569,-0.011408,0.461294,0.262977,-0.018560,0.460075,0.272707,-0.026338,0.000000,0.000000,0.000000,0.000000,0.000000,0.000000,0.000000,0.000000,0.000000,0.000000,0.000000,0.000000,0.000000,0.000000,0.000000,0.000000,0.000000,0.000000,0.000000,0.000000,0.000000,0.000000,0.000000,0.000000,0.000000,0.000000,0.000000,0.000000,0.000000,0.000000,0.000000,0.000000,0.000000,0.000000,0.000000,0.000000,0.000000,0.000000,0.000000,0.000000,0.000000,0.000000,0.000000,0.000000,0.000000,0.000000,0.000000,0.000000,0.000000,0.000000,0.000000,0.000000,0.000000,0.000000,0.000000,0.000000,0.000000,0.000000,0.000000,0.000000,0.000000,0.000000,0.000000,0.000000,0.000000,0.000000,0.000000,0.000000,0.000000,0.000000,0.000000,0.000000,0.000000,0.000000,0.000000,0.000000,0.000000,0.000000,0.000000,0.000000,0.000000,0.000000,0.000000,0.000000,0.000000,0.000000,0.000000,0.000000,0.000000,0.000000,0.000000,0.000000,0.000000,0.000000,0.000000,0.000000,0.000000,0.000000,0.000000,0.000000,0.000000,0.000000,0.000000,0.000000,0.000000,0.000000,0.000000,0.000000,0.000000,0.000000,0.000000,0.000000,0.000000,0.000000,0.000000,0.000000,0.000000,0.000000,0.000000,0.000000,0.000000,0.000000,0.000000,0.000000,0.000000,0.000000
-0.149140,-2.067148,-1.366671,-0.099798,-2.191372,-1.357648,-0.064439,-2.196547,-1.357931,-0.025286,-2.200144,-1.358369,-0.171758,-2.177390,-1.250557,-0.192441,-2.172508,-1.249511,-0.208400,-2.167239,-1.250134,0.072044,-2.157300,-0.986258,-0.177303,-2.125675,-0.451338,-0.075514,-1.966774,-1.217740,-0.167221,-1.961210,-1.064962,0.405670,-1.496668,-0.810261,-0.306441,-1.492812,-0.108218,0.577880,-0.733355,-0.935191,-0.369529,-0.808008,-0.178143,0.470504,-0.061765,-1.302616,-0.439900,-0.392550,-1.437074,0.470950,0.150951,-1.513780,-0.496961,-0.246337,-1.661833,0.364582,0.108745,-1.561183,-0.443264,-0.291403,-1.815578,0.350601,0.013900,-1.339806,-0.387402,-0.557710,-1.550619,0.250605,0.026387,-0.313913,-0.250605,-0.026387,0.313913,0.186466,1.197356,-0.529762,-0.279895,1.149625,0.443722,0.181470,2.259034,0.353675,-0.268150,2.196193,0.968632,0.219484,2.429517,0.383836,-0.263115,2.365728,0.994417,0.012946,2.567340,-0.650349,-0.283464,2.530207,-0.009174,0.453370,0.362393,0.005340,0.453002,0.358394,-0.000259,0.454136,0.353327,-0.007436,0.456582,0.346774,-0.014371,0.462180,0.340826,-0.021498,0.469458,0.340196,-0.026029,0.478127,0.336839,-0.028220,0.489650,0.339261,-0.028264,0.498322,0.343146,-0.026489,0.505473,0.346188,-0.023694,0.509418,0.349545,-0.020202,0.505759,0.353233,-0.023042,0.500078,0.357290,-0.026334,0.492369,0.362706,-0.028284,0.483927,0.366898,-0.028226,0.475242,0.369270,-0.025479,0.468046,0.370156,-0.021634,0.462079,0.369032,-0.015429,0.457885,0.366495,-0.009428,0.455383,0.364573,-0.001665,0.426636,0.263778,0.040578,0.427581,0.261909,0.036824,0.429032,0.259604,0.033808,0.431819,0.256462,0.030520,0.436847,0.253809,0.026755,0.442310,0.252874,0.024203,0.447728,0.252997,0.023232,0.451463,0.254727,0.023162,0.492473,0.244812,0.003920,0.494449,0.245297,0.003042,0.497929,0.245376,0.000199,0.503389,0.245560,-0.002754,0.509392,0.244699,-0.004874,0.516099,0.242513,-0.005214,0.520923,0.240101,-0.004423,0.524535,0.237748,-0.003316,0.463974,0.239457,-0.003393,0.462894,0.251147,-0.010141,0.461535,0.261354,-0.017421,0.460165,0.270943,-0.025352,0.000000,0.000000,0.000000,0.000000,0.000000,0.000000,0.000000,0.000000,0.000000,0.000000,0.000000,0.000000,0.000000,0.000000,0.000000,0.000000,0.000000,0.000000,0.000000,0.000000,0.000000,0.000000,0.000000,0.000000,0.000000,0.000000,0.000000,0.000000,0.000000,0.000000,0.000000,0.000000,0.000000,0.000000,0.000000,0.000000,0.000000,0.000000,0.000000,0.000000,0.000000,0.000000,0.000000,0.000000,0.000000,0.000000,0.000000,0.000000,0.000000,0.000000,0.000000,0.000000,0.000000,0.000000,0.000000,0.000000,0.000000,0.000000,0.000000,0.000000,0.000000,0.000000,0.000000,0.000000,0.000000,0.000000,0.000000,0.000000,0.000000,0.000000,0.000000,0.000000,0.000000,0.000000,0.000000,0.000000,0.000000,0.000000,0.000000,0.000000,0.000000,0.000000,0.000000,0.000000,0.000000,0.000000,0.000000,0.000000,0.000000,0.000000,0.000000,0.000000,0.000000,0.000000,0.000000,0.000000,0.000000,0.000000,0.000000,0.000000,0.000000,0.000000,0.000000,0.000000,0.000000,0.000000,0.000000,0.000000,0.000000,0.000000,0.000000,0.000000,0.000000,0.000000,0.000000,0.000000,0.000000,0.000000,0.000000,0.000000,0.000000,0.000000,0.000000,0.000000,0.000000,0.000000
-0.135322,-1.430705,-1.311238,-0.102060,-1.516804,-1.292417,-0.078004,-1.520507,-1.292957,-0.051627,-1.523062,-1.292636,-0.149929,-1.506512,-1.206054,-0.164258,-1.502684,-1.205601,-0.175340,-1.498578,-1.206151,0.015462,-1.493739,-0.944562,-0.153183,-1.469070,-0.532195,-0.084777,-1.359746,-1.175592,-0.147064,-1.353719,-1.057728,0.251880,-1.062628,-0.864825,-0.216599,-1.028030,0.017745,0.410748,-0.498162,-1.576697,-0.260742,-0.503045,-0.231680,-0.079549,-0.715669,-2.265700,-0.272599,-0.555487,-1.488609,-0.195269,-0.771537,-2.454949,-0.290984,-0.583302,-1.666972,-0.188354,-0.858984,-2.314304,-0.287907,-0.662648,-1.707794,-0.162530,-0.844175,-2.213455,-0.260279,-0.672907,-1.549577,0.184794,0.007873,-0.267429,-0.184794,-0.007873,0.267429,0.143256,0.770493,-0.227932,-0.201090,0.752270,0.426269,0.148173,1.501111,0.471806,-0.195900,1.459680,0.949743,0.180883,1.618355,0.501365,-0.192794,1.568188,0.980862,0.045503,1.716334,-0.365572,-0.201994,1.704144,0.238195,0.452397,0.364651,0.006593,0.451914,0.360699,0.000963,0.452866,0.355769,-0.006259,0.455092,0.349410,-0.013245,0.460470,0.343638,-0.020421,0.467615,0.342945,-0.024990,0.476207,0.339531,-0.027283,0.487695,0.341669,-0.027391,0.496384,0.345242,-0.025635,0.503578,0.348026,-0.022833,0.507606,0.351271,-0.019341,0.504011,0.355154,-0.021959,0.498382,0.359453,-0.025064,0.490773,0.365122,-0.026875,0.482406,0.369527,-0.026681,0.473756,0.372021,-0.023822,0.466681,0.372900,-0.019914,0.460850,0.371677,-0.013739,0.456781,0.369018,-0.007852,0.454372,0.366973,-0.000231,0.425197,0.266996,0.039729,0.426094,0.265226,0.035998,0.427502,0.262996,0.033007,0.430213,0.259952,0.029722,0.435119,0.257307,0.025947,0.440478,0.256324,0.023367,0.445777,0.256367,0.022366,0.449414,0.258014,0.022291,0.489248,0.247901,0.002825,0.491167,0.248356,0.001956,0.494592,0.248414,-0.000835,0.499981,0.248562,-0.003769,0.505914,0.247636,-0.005911,0.512525,0.245323,-0.006324,0.517275,0.242803,-0.005617,0.520845,0.240359,-0.004585,0.461257,0.242981,-0.004104,0.460248,0.254728,-0.010545,0.458937,0.264969,-0.017552,0.457619,0.274556,-0.025179,0.340830,0.597345,-0.000000,0.321685,0.568125,-0.004183,0.299143,0.542988,-0.014179,0.283157,0.527104,-0.023396,0.278774,0.516995,-0.032321,0.304582,0.533657,-0.033538,0.260311,0.549807,-0.049138,0.267912,0.561971,-0.052966,0.279400,0.560059,-0.054134,0.311851,0.554716,-0.038034,0.261087,0.578410,-0.051538,0.270755,0.584388,-0.048281,0.282609,0.580385,-0.046693,0.315501,0.579553,-0.042262,0.268625,0.598763,-0.053237,0.279231,0.600905,-0.044824,0.293121,0.595697,-0.039359,0.316376,0.604341,-0.046514,0.277890,0.614753,-0.055559,0.284510,0.615260,-0.052123,0.296323,0.611141,-0.048987,0.506972,0.841107,-0.000000,0.475169,0.798656,0.012103,0.434445,0.766415,0.007406,0.397811,0.765360,-0.000867,0.373978,0.773431,-0.009644,0.429723,0.713129,-0.010516,0.398576,0.654626,-0.028978,0.366604,0.650746,-0.036959,0.343802,0.659528,-0.041141,0.434579,0.733475,-0.025462,0.358560,0.751243,-0.043382,0.371215,0.780360,-0.037464,0.392827,0.779505,-0.030865,0.438073,0.769984,-0.040075,0.366721,0.792218,-0.056885,0.381773,0.810980,-0.042371,0.401202,0.803173,-0.029626,0.438982,0.809352,-0.053455,0.385778,0.823898,-0.065728,0.395036,0.835044,-0.056625,0.411047,0.831060,-0.047321
-0.145857,-1.293291,-1.266178,-0.111407,-1.375878,-1.252609,-0.089998,-1.380094,-1.253036,-0.065903,-1.382661,-1.252553,-0.154635,-1.365611,-1.159420,-0.166317,-1.362970,-1.159091,-0.175676,-1.359989,-1.159678,-0.001417,-1.356931,-0.961788,-0.150770,-1.336362,-0.522688,-0.099750,-1.224482,-1.153171,-0.151075,-1.219876,-1.029026,0.193667,-0.990473,-0.893189,-0.198164,-0.929464,0.024809,0.331706,-0.482951,-1.659988,-0.225309,-0.493025,0.077365,-0.094694,-0.905180,-2.316007,-0.300229,-0.407044,-0.866443,-0.168861,-1.018869,-2.510277,-0.361338,-0.249527,-1.010718,-0.166887,-1.063137,-2.379347,-0.356175,-0.351248,-1.101602,-0.152388,-1.023267,-2.274093,-0.328206,-0.419555,-0.942688,0.163102,0.011245,-0.255274,-0.163102,-0.011245,0.255274,0.133240,0.742177,-0.163338,-0.172287,0.687412,0.153478,0.140829,1.394027,0.532425,-0.168600,1.360973,0.664413,0.163439,1.497938,0.558398,-0.164883,1.471974,0.694965,0.054749,1.594543,-0.209878,-0.157604,1.570209,-0.047392,0.454288,0.363468,0.005740,0.453731,0.359539,0.000218,0.454563,0.354520,-0.006829,0.456668,0.348067,-0.013666,0.461857,0.342188,-0.020744,0.468821,0.341520,-0.025323,0.477230,0.338217,-0.027598,0.488572,0.340575,-0.027798,0.497140,0.344322,-0.026213,0.504222,0.347268,-0.023595,0.508174,0.350545,-0.020234,0.504693,0.354226,-0.022838,0.499207,0.358332,-0.025851,0.491726,0.363795,-0.027555,0.483501,0.368042,-0.027235,0.474990,0.370434,-0.024376,0.468025,0.371315,-0.020518,0.462327,0.370131,-0.014457,0.458392,0.367580,-0.008638,0.456132,0.365639,-0.001108,0.427168,0.267156,0.040291,0.428053,0.265347,0.036583,0.429454,0.263112,0.033616,0.432159,0.260076,0.030337,0.437043,0.257471,0.026566,0.442378,0.256541,0.023962,0.447623,0.256645,0.022925,0.451223,0.258309,0.022817,0.491100,0.248195,0.003211,0.493020,0.248657,0.002330,0.496444,0.248713,-0.000473,0.501795,0.248855,-0.003437,0.507692,0.247950,-0.005600,0.514291,0.245697,-0.006025,0.519036,0.243211,-0.005321,0.522605,0.240776,-0.004292,0.463033,0.243362,-0.003439,0.461971,0.254971,-0.009940,0.460604,0.265027,-0.017004,0.459226,0.274427,-0.024684,0.000000,0.000000,0.000000,0.000000,0.000000,0.000000,0.000000,0.000000,0.000000,0.000000,0.000000,0.000000,0.000000,0.000000,0.000000,0.000000,0.000000,0.000000,0.000000,0.000000,0.000000,0.000000,0.000000,0.000000,0.000000,0.000000,0.000000,0.000000,0.000000,0.000000,0.000000,0.000000,0.000000,0.000000,0.000000,0.000000,0.000000,0.000000,0.000000,0.000000,0.000000,0.000000,0.000000,0.000000,0.000000,0.000000,0.000000,0.000000,0.000000,0.000000,0.000000,0.000000,0.000000,0.000000,0.000000,0.000000,0.000000,0.000000,0.000000,0.000000,0.000000,0.000000,0.000000,0.495545,0.646165,-0.000000,0.446397,0.623321,0.005564,0.421815,0.582611,0.000074,0.401725,0.547674,-0.008411,0.390077,0.524411,-0.014989,0.458078,0.492144,-0.003069,0.445452,0.425728,-0.017551,0.415064,0.420092,-0.022133,0.396165,0.435871,-0.023009,0.460323,0.496612,-0.011831,0.388857,0.492753,-0.025582,0.387728,0.530516,-0.018968,0.406331,0.541755,-0.012139,0.454510,0.515529,-0.021636,0.387094,0.534867,-0.031343,0.394988,0.565735,-0.018368,0.413798,0.566202,-0.009212,0.443937,0.540365,-0.031984,0.395510,0.562919,-0.037884,0.402077,0.589452,-0.030890,0.417591,0.591413,-0.024457
-0.142857,-1.231636,-1.309392,-0.106322,-1.312656,-1.299655,-0.086323,-1.316740,-1.299999,-0.063169,-1.319090,-1.299594,-0.147004,-1.303880,-1.206776,-0.157334,-1.302484,-1.206424,-0.165964,-1.300744,-1.206899,-0.000601,-1.294830,-1.012734,-0.141009,-1.280187,-0.575435,-0.098634,-1.165209,-1.196119,-0.144966,-1.161940,-1.072243,0.183997,-0.954156,-0.937221,-0.184835,-0.883063,-0.010453,0.312118,-0.465491,-1.664337,-0.221727,-0.467430,0.061465,-0.085574,-0.868282,-2.279648,-0.273693,-0.374301,-0.879170,-0.146958,-0.983843,-2.475060,-0.332130,-0.180058,-1.010321,-0.134549,-1.024763,-2.342537,-0.331482,-0.296093,-1.105720,-0.126427,-0.985242,-2.237373,-0.288096,-0.398115,-0.954696,0.156136,0.009350,-0.279785,-0.156136,-0.009350,0.279785,0.125725,0.717510,-0.166995,-0.164730,0.658238,0.260012,0.130199,1.352525,0.557147,-0.166210,1.310286,0.796879,0.153118,1.454716,0.586227,-0.163422,1.419016,0.833169,0.043643,1.543687,-0.159421,-0.162792,1.513325,0.117350,0.455034,0.362929,0.005011,0.454561,0.359112,-0.000387,0.455479,0.354197,-0.007290,0.457621,0.347849,-0.013975,0.462781,0.342127,-0.020923,0.469701,0.341464,-0.025428,0.478015,0.338154,-0.027611,0.489196,0.340367,-0.027781,0.497593,0.344009,-0.026210,0.504528,0.346804,-0.023642,0.508369,0.349919,-0.020337,0.504918,0.353353,-0.023072,0.499519,0.357269,-0.026143,0.492187,0.362610,-0.027871,0.484107,0.366840,-0.027581,0.475725,0.369255,-0.024843,0.468861,0.370179,-0.021108,0.463160,0.369068,-0.015176,0.459190,0.366657,-0.009407,0.456888,0.364877,-0.001883,0.427903,0.266877,0.040160,0.428786,0.265089,0.036482,0.430206,0.262897,0.033518,0.432895,0.259870,0.030272,0.437747,0.257233,0.026554,0.443048,0.256211,0.023999,0.448281,0.256180,0.022997,0.451872,0.257765,0.022900,0.491550,0.247553,0.003659,0.493467,0.248006,0.002790,0.496898,0.248088,-0.000008,0.502262,0.248241,-0.002932,0.508158,0.247382,-0.005051,0.514745,0.245145,-0.005437,0.519465,0.242671,-0.004707,0.523000,0.240254,-0.003665,0.463515,0.242924,-0.003090,0.462520,0.254540,-0.009678,0.461230,0.264600,-0.016805,0.459921,0.274039,-0.024546,0.000000,0.000000,0.000000,0.000000,0.000000,0.000000,0.000000,0.000000,0.000000,0.000000,0.000000,0.000000,0.000000,0.000000,0.000000,0.000000,0.000000,0.000000,0.000000,0.000000,0.000000,0.000000,0.000000,0.000000,0.000000,0.000000,0.000000,0.000000,0.000000,0.000000,0.000000,0.000000,0.000000,0.000000,0.000000,0.000000,0.000000,0.000000,0.000000,0.000000,0.000000,0.000000,0.000000,0.000000,0.000000,0.000000,0.000000,0.000000,0.000000,0.000000,0.000000,0.000000,0.000000,0.000000,0.000000,0.000000,0.000000,0.000000,0.000000,0.000000,0.000000,0.000000,0.000000,0.499288,0.647245,-0.000000,0.446195,0.625162,0.007065,0.423071,0.588270,0.000646,0.403382,0.557313,-0.009847,0.393153,0.536570,-0.018904,0.461831,0.488938,0.000689,0.450341,0.423460,-0.014192,0.419684,0.414702,-0.021149,0.399881,0.430326,-0.023762,0.465814,0.495266,-0.009491,0.394274,0.492262,-0.021943,0.394938,0.530187,-0.016437,0.414881,0.542491,-0.011158,0.461728,0.515446,-0.020802,0.392592,0.534265,-0.028908,0.400849,0.565085,-0.015509,0.420236,0.566683,-0.006890,0.451835,0.541207,-0.032735,0.400660,0.561822,-0.036645,0.407091,0.588575,-0.027953,0.423325,0.592152,-0.020826
-0.160165,-1.571417,-1.235682,-0.119374,-1.665239,-1.215508,-0.094706,-1.669936,-1.216275,-0.066626,-1.672894,-1.216356,-0.169752,-1.653898,-1.125603,-0.183124,-1.650264,-1.124872,-0.193917,-1.646743,-1.125666,0.010460,-1.638343,-0.843035,-0.164568,-1.616924,-0.412000,-0.105442,-1.490789,-1.093800,-0.167764,-1.485444,-0.971240,0.271183,-1.178039,-0.827349,-0.253171,-1.123368,0.022365,0.401081,-0.547349,-1.423857,-0.290675,-0.558340,-0.396391,-0.099742,-0.552219,-1.882996,-0.315157,-0.630258,-1.827419,-0.228086,-0.545822,-2.058254,-0.349210,-0.600039,-2.059983,-0.239566,-0.636437,-1.929363,-0.331447,-0.699475,-2.100459,-0.203009,-0.653405,-1.832296,-0.303104,-0.718100,-1.898866,0.201809,0.005516,-0.273784,-0.201809,-0.005516,0.273784,0.164072,0.836998,-0.401750,-0.202737,0.824325,0.101470,0.185581,1.659728,0.252323,-0.185421,1.641750,0.489788,0.223181,1.785741,0.264602,-0.178439,1.772808,0.502443,0.068401,1.899273,-0.647399,-0.195627,1.888604,-0.358660,0.450229,0.363812,0.005558,0.449746,0.359831,0.000061,0.450633,0.354747,-0.007052,0.452769,0.348221,-0.013911,0.458034,0.342215,-0.021027,0.465047,0.341405,-0.025622,0.473545,0.337942,-0.027925,0.484962,0.340098,-0.028160,0.493568,0.343731,-0.026580,0.500698,0.346586,-0.023972,0.504653,0.349846,-0.020650,0.501075,0.353661,-0.023262,0.495460,0.357906,-0.026319,0.487878,0.363476,-0.028113,0.479584,0.367825,-0.027888,0.471027,0.370405,-0.025022,0.464075,0.371376,-0.021076,0.458373,0.370328,-0.014896,0.454428,0.367905,-0.008998,0.452116,0.365986,-0.001351,0.423252,0.267691,0.040746,0.424094,0.265796,0.037080,0.425439,0.263446,0.034109,0.428063,0.260279,0.030863,0.432923,0.257555,0.027110,0.438265,0.256548,0.024532,0.443547,0.256643,0.023462,0.447184,0.258330,0.023307,0.486969,0.247908,0.003641,0.488881,0.248372,0.002744,0.492274,0.248398,-0.000088,0.497603,0.248458,-0.003063,0.503492,0.247461,-0.005225,0.510099,0.245150,-0.005649,0.514856,0.242662,-0.004936,0.518433,0.240238,-0.003881,0.458916,0.243109,-0.002930,0.457883,0.254595,-0.009575,0.456532,0.264551,-0.016740,0.455175,0.273924,-0.024542,0.000000,0.000000,0.000000,0.000000,0.000000,0.000000,0.000000,0.000000,0.000000,0.000000,0.000000,0.000000,0.000000,0.000000,0.000000,0.000000,0.000000,0.000000,0.000000,0.000000,0.000000,0.000000,0.000000,0.000000,0.000000,0.000000,0.000000,0.000000,0.000000,0.000000,0.000000,0.000000,0.000000,0.000000,0.000000,0.000000,0.000000,0.000000,0.000000,0.000000,0.000000,0.000000,0.000000,0.000000,0.000000,0.000000,0.000000,0.000000,0.000000,0.000000,0.000000,0.000000,0.000000,0.000000,0.000000,0.000000,0.000000,0.000000,0.000000,0.000000,0.000000,0.000000,0.000000,0.000000,0.000000,0.000000,0.000000,0.000000,0.000000,0.000000,0.000000,0.000000,0.000000,0.000000,0.000000,0.000000,0.000000,0.000000,0.000000,0.000000,0.000000,0.000000,0.000000,0.000000,0.000000,0.000000,0.000000,0.000000,0.000000,0.000000,0.000000,0.000000,0.000000,0.000000,0.000000,0.000000,0.000000,0.000000,0.000000,0.000000,0.000000,0.000000,0.000000,0.000000,0.000000,0.000000,0.000000,0.000000,0.000000,0.000000,0.000000,0.000000,0.000000,0.000000,0.000000,0.000000,0.000000,0.000000,0.000000,0.000000,0.000000,0.000000,0.000000,0.000000,0.000000,0.000000
-0.162312,-2.267345,-1.613347,-0.113993,-2.403181,-1.585017,-0.076243,-2.409994,-1.585547,-0.034275,-2.414237,-1.586185,-0.192235,-2.383337,-1.480830,-0.215120,-2.375466,-1.479887,-0.232502,-2.367527,-1.480701,0.067647,-2.363610,-1.089896,-0.206980,-2.327100,-0.564053,-0.081163,-2.153900,-1.416889,-0.185871,-2.146949,-1.266737,0.441027,-1.645919,-0.828022,-0.348280,-1.643111,-0.214104,0.629711,-0.813991,-0.875656,-0.427548,-0.877447,-0.379738,0.590292,-0.025430,-1.292940,-0.482229,-0.452645,-1.869571,0.613465,0.221058,-1.513857,-0.554705,-0.253990,-2.149086,0.501671,0.194113,-1.609732,-0.472932,-0.435307,-2.319828,0.475283,0.087238,-1.352005,-0.439079,-0.529330,-1.997799,0.277164,0.024419,-0.313386,-0.277164,-0.024419,0.313386,0.196759,1.313005,-0.585808,-0.318022,1.258935,0.489158,0.179561,2.509930,0.391733,-0.320657,2.435462,1.135231,0.216089,2.705487,0.427077,-0.316421,2.629540,1.171021,0.000154,2.847111,-0.709330,-0.317288,2.794209,0.024943,0.451602,0.362768,0.008095,0.451508,0.359206,0.002196,0.453139,0.354810,-0.005601,0.456034,0.348974,-0.013207,0.462141,0.343407,-0.020591,0.469985,0.342401,-0.025007,0.479252,0.338187,-0.027284,0.491540,0.338741,-0.026928,0.501029,0.340745,-0.024455,0.508938,0.342038,-0.020934,0.513290,0.344424,-0.017151,0.509260,0.349364,-0.020039,0.502999,0.354735,-0.024131,0.494712,0.361274,-0.026811,0.485664,0.366423,-0.027592,0.476322,0.369627,-0.025072,0.468623,0.370986,-0.020898,0.462183,0.370188,-0.013897,0.457392,0.367688,-0.007312,0.454264,0.365496,0.001139,0.424647,0.268859,0.038613,0.425511,0.266903,0.034862,0.426897,0.264464,0.031834,0.429596,0.261138,0.028618,0.434544,0.258245,0.024922,0.439964,0.257122,0.022455,0.445404,0.257133,0.021530,0.449247,0.258828,0.021583,0.489431,0.247384,0.003151,0.491391,0.247758,0.002341,0.494897,0.247646,-0.000414,0.500411,0.247489,-0.003306,0.506451,0.246265,-0.005316,0.513126,0.243695,-0.005609,0.517878,0.241063,-0.004778,0.521425,0.238580,-0.003672,0.461175,0.242362,-0.004663,0.460413,0.254418,-0.011282,0.459285,0.264750,-0.018461,0.458098,0.274286,-0.026277,0.000000,0.000000,0.000000,0.000000,0.000000,0.000000,0.000000,0.000000,0.000000,0.000000,0.000000,0.000000,0.000000,0.000000,0.000000,0.000000,0.000000,0.000000,0.000000,0.000000,0.000000,0.000000,0.000000,0.000000,0.000000,0.000000,0.000000,0.000000,0.000000,0.000000,0.000000,0.000000,0.000000,0.000000,0.000000,0.000000,0.000000,0.000000,0.000000,0.000000,0.000000,0.000000,0.000000,0.000000,0.000000,0.000000,0.000000,0.000000,0.000000,0.000000,0.000000,0.000000,0.000000,0.000000,0.000000,0.000000,0.000000,0.000000,0.000000,0.000000,0.000000,0.000000,0.000000,0.000000,0.000000,0.000000,0.000000,0.000000,0.000000,0.000000,0.000000,0.000000,0.000000,0.000000,0.000000,0.000000,0.000000,0.000000,0.000000,0.000000,0.000000,0.000000,0.000000,0.000000,0.000000,0.000000,0.000000,0.000000,0.000000,0.000000,0.000000,0.000000,0.000000,0.000000,0.000000,0.000000,0.000000,0.000000,0.000000,0.000000,0.000000,0.000000,0.000000,0.000000,0.000000,0.000000,0.000000,0.000000,0.000000,0.000000,0.000000,0.000000,0.000000,0.000000,0.000000,0.000000,0.000000,0.000000,0.000000,0.000000,0.000000,0.000000,0.000000,0.000000,0.000000,0.000000
-0.153311,-2.148292,-1.452187,-0.106798,-2.276644,-1.433086,-0.070873,-2.283323,-1.433555,-0.031184,-2.287486,-1.434125,-0.180722,-2.255857,-1.327160,-0.203544,-2.247432,-1.326158,-0.220565,-2.239556,-1.326936,0.065706,-2.239201,-1.002265,-0.197614,-2.202930,-0.472290,-0.077779,-2.041368,-1.279840,-0.176324,-2.034375,-1.128678,0.418619,-1.560253,-0.793253,-0.326205,-1.550180,-0.126068,0.596450,-0.771400,-0.893411,-0.406531,-0.833053,-0.321520,0.537731,-0.027344,-1.293634,-0.473079,-0.545913,-1.751955,0.553996,0.203732,-1.503675,-0.561466,-0.295166,-2.015839,0.447751,0.172240,-1.586123,-0.490855,-0.496894,-2.177399,0.424791,0.073416,-1.346208,-0.442848,-0.642637,-1.875665,0.263557,0.024877,-0.312454,-0.263557,-0.024877,0.312454,0.183670,1.254262,-0.566322,-0.306285,1.199558,0.408605,0.157366,2.385106,0.347713,-0.311167,2.310463,0.922307,0.191010,2.566656,0.375201,-0.308712,2.490431,0.942994,-0.013659,2.710649,-0.729539,-0.317811,2.656035,-0.124472,0.452839,0.360584,0.007503,0.452746,0.356976,0.001671,0.454399,0.352495,-0.006030,0.457356,0.346562,-0.013510,0.463485,0.340976,-0.020784,0.471314,0.340101,-0.025130,0.480541,0.336074,-0.027313,0.492721,0.336988,-0.026912,0.502144,0.339337,-0.024439,0.509964,0.340930,-0.020935,0.514236,0.343460,-0.017177,0.510199,0.348182,-0.020144,0.503965,0.353234,-0.024240,0.495740,0.359460,-0.026923,0.486725,0.364343,-0.027720,0.477458,0.367317,-0.025251,0.469780,0.368569,-0.021184,0.463341,0.367732,-0.014318,0.458576,0.365279,-0.007807,0.455475,0.363209,0.000552,0.426196,0.266035,0.038414,0.427130,0.264097,0.034667,0.428585,0.261699,0.031662,0.431368,0.258445,0.028459,0.436356,0.255661,0.024800,0.441756,0.254636,0.022383,0.447184,0.254669,0.021501,0.450986,0.256353,0.021566,0.491317,0.245730,0.003485,0.493293,0.246166,0.002684,0.496804,0.246176,-0.000058,0.502331,0.246205,-0.002911,0.508399,0.245156,-0.004873,0.515090,0.242746,-0.005122,0.519842,0.240241,-0.004258,0.523379,0.237881,-0.003132,0.463164,0.239900,-0.004455,0.462290,0.251658,-0.011076,0.461108,0.261852,-0.018266,0.459873,0.271295,-0.026090,0.000000,0.000000,0.000000,0.000000,0.000000,0.000000,0.000000,0.000000,0.000000,0.000000,0.000000,0.000000,0.000000,0.000000,0.000000,0.000000,0.000000,0.000000,0.000000,0.000000,0.000000,0.000000,0.000000,0.000000,0.000000,0.000000,0.000000,0.000000,0.000000,0.000000,0.000000,0.000000,0.000000,0.000000,0.000000,0.000000,0.000000,0.000000,0.000000,0.000000,0.000000,0.000000,0.000000,0.000000,0.000000,0.000000,0.000000,0.000000,0.000000,0.000000,0.000000,0.000000,0.000000,0.000000,0.000000,0.000000,0.000000,0.000000,0.000000,0.000000,0.000000,0.000000,0.000000,0.000000,0.000000,0.000000,0.000000,0.000000,0.000000,0.000000,0.000000,0.000000,0.000000,0.000000,0.000000,0.000000,0.000000,0.000000,0.000000,0.000000,0.000000,0.000000,0.000000,0.000000,0.000000,0.000000,0.000000,0.000000,0.000000,0.000000,0.000000,0.000000,0.000000,0.000000,0.000000,0.000000,0.000000,0.000000,0.000000,0.000000,0.000000,0.000000,0.000000,0.000000,0.000000,0.000000,0.000000,0.000000,0.000000,0.000000,0.000000,0.000000,0.000000,0.000000,0.000000,0.000000,0.000000,0.000000,0.000000,0.000000,0.000000,0.000000,0.000000,0.000000,0.000000,0.000000
-0.166755,-1.852191,-1.668529,-0.126940,-1.960171,-1.632185,-0.096987,-1.965575,-1.632580,-0.063904,-1.968851,-1.632648,-0.189638,-1.942737,-1.544637,-0.208462,-1.935572,-1.543615,-0.222722,-1.928698,-1.544280,0.018095,-1.928044,-1.129197,-0.202373,-1.895888,-0.686079,-0.103288,-1.764320,-1.471543,-0.185962,-1.758562,-1.347352,0.320316,-1.360595,-0.924886,-0.305496,-1.320046,-0.146441,0.494111,-0.653256,-1.452377,-0.376524,-0.701139,-0.501481,-0.057252,-0.553079,-2.019239,-0.417352,-0.524687,-2.062387,-0.181148,-0.474196,-2.237072,-0.501099,-0.342233,-2.328599,-0.239212,-0.639190,-2.101308,-0.435146,-0.548539,-2.407919,-0.190846,-0.666388,-1.974340,-0.392452,-0.615392,-2.152522,0.229162,0.005054,-0.336711,-0.229162,-0.005054,0.336711,0.184581,1.070516,-0.393552,-0.232593,1.062700,0.448381,0.211083,2.026554,0.529228,-0.181865,1.992910,1.079910,0.254589,2.178035,0.560337,-0.167405,2.140151,1.107581,0.061105,2.301421,-0.508395,-0.183723,2.290649,0.065358,0.450543,0.361324,0.007337,0.450354,0.357774,0.001623,0.451861,0.353236,-0.005967,0.454652,0.347268,-0.013301,0.460554,0.341636,-0.020577,0.468129,0.340656,-0.025002,0.477171,0.336711,-0.027297,0.489159,0.337682,-0.027135,0.498410,0.340071,-0.024918,0.506072,0.341739,-0.021685,0.510206,0.344257,-0.018094,0.506196,0.348871,-0.020898,0.500038,0.353835,-0.024742,0.491911,0.359980,-0.027209,0.483096,0.364778,-0.027769,0.474051,0.367723,-0.025148,0.466685,0.368972,-0.021037,0.460511,0.368193,-0.014244,0.455973,0.365848,-0.007827,0.453039,0.363846,0.000415,0.424570,0.268136,0.039157,0.425456,0.266246,0.035450,0.426864,0.263872,0.032469,0.429556,0.260671,0.029277,0.434438,0.257908,0.025587,0.439726,0.256853,0.023115,0.445012,0.256814,0.022155,0.448702,0.258387,0.022126,0.488638,0.247392,0.003425,0.490556,0.247775,0.002588,0.493961,0.247717,-0.000173,0.499334,0.247671,-0.003068,0.505262,0.246576,-0.005125,0.511878,0.244185,-0.005453,0.516626,0.241698,-0.004670,0.520184,0.239332,-0.003589,0.460660,0.242274,-0.003966,0.459735,0.253907,-0.010577,0.458474,0.264001,-0.017702,0.457173,0.273364,-0.025469,0.000000,0.000000,0.000000,0.000000,0.000000,0.000000,0.000000,0.000000,0.000000,0.000000,0.000000,0.000000,0.000000,0.000000,0.000000,0.000000,0.000000,0.000000,0.000000,0.000000,0.000000,0.000000,0.000000,0.000000,0.000000,0.000000,0.000000,0.000000,0.000000,0.000000,0.000000,0.000000,0.000000,0.000000,0.000000,0.000000,0.000000,0.000000,0.000000,0.000000,0.000000,0.000000,0.000000,0.000000,0.000000,0.000000,0.000000,0.000000,0.000000,0.000000,0.000000,0.000000,0.000000,0.000000,0.000000,0.000000,0.000000,0.000000,0.000000,0.000000,0.000000,0.000000,0.000000,0.000000,0.000000,0.000000,0.000000,0.000000,0.000000,0.000000,0.000000,0.000000,0.000000,0.000000,0.000000,0.000000,0.000000,0.000000,0.000000,0.000000,0.000000,0.000000,0.000000,0.000000,0.000000,0.000000,0.000000,0.000000,0.000000,0.000000,0.000000,0.000000,0.000000,0.000000,0.000000,0.000000,0.000000,0.000000,0.000000,0.000000,0.000000,0.000000,0.000000,0.000000,0.000000,0.000000,0.000000,0.000000,0.000000,0.000000,0.000000,0.000000,0.000000,0.000000,0.000000,0.000000,0.000000,0.000000,0.000000,0.000000,0.000000,0.000000,0.000000,0.000000,0.000000,0.000000
-0.136678,-1.284249,-0.898081,-0.103951,-1.366180,-0.888972,-0.085063,-1.370499,-0.889486,-0.062767,-1.374094,-0.889458,-0.145150,-1.354730,-0.804746,-0.155156,-1.351120,-0.804386,-0.164131,-1.347161,-0.804945,0.002962,-1.349699,-0.677672,-0.140688,-1.323999,-0.229495,-0.089843,-1.217815,-0.807448,-0.140109,-1.210626,-0.688379,0.183123,-0.991085,-0.688352,-0.171950,-0.913289,0.243236,0.373295,-0.497263,-1.519590,-0.183176,-0.545711,0.255778,-0.068734,-0.835631,-2.055779,-0.274220,-0.485234,-0.622630,-0.149892,-0.916038,-2.241617,-0.316746,-0.427193,-0.755995,-0.147745,-0.971959,-2.085284,-0.315556,-0.450526,-0.848175,-0.129887,-0.944698,-2.003757,-0.295784,-0.510732,-0.701049,0.152536,0.012036,-0.258552,-0.152536,-0.012036,0.258552,0.104194,0.738460,-0.386363,-0.179886,0.656382,-0.036393,0.109804,1.409602,0.054960,-0.187740,1.354239,0.186755,0.134409,1.519614,0.060123,-0.180096,1.470069,0.187874,0.014356,1.589979,-0.650780,-0.199913,1.546937,-0.492936,0.449524,0.362586,0.007360,0.449170,0.358885,0.001700,0.450352,0.354229,-0.005787,0.452781,0.348110,-0.013079,0.458275,0.342458,-0.020453,0.465562,0.341569,-0.025089,0.474354,0.337718,-0.027537,0.486189,0.338982,-0.027676,0.495335,0.341682,-0.025805,0.502997,0.343641,-0.022879,0.507275,0.346371,-0.019476,0.503438,0.350819,-0.022070,0.497443,0.355719,-0.025516,0.489472,0.361794,-0.027652,0.480796,0.366539,-0.027771,0.471874,0.369431,-0.024906,0.464633,0.370546,-0.020693,0.458691,0.369572,-0.013974,0.454460,0.367100,-0.007670,0.451792,0.365045,0.000414,0.423357,0.269103,0.040456,0.424173,0.267234,0.036749,0.425528,0.264900,0.033748,0.428123,0.261742,0.030491,0.432901,0.259009,0.026688,0.438137,0.257903,0.024079,0.443373,0.257764,0.022991,0.447001,0.259239,0.022849,0.486305,0.248248,0.002912,0.488195,0.248639,0.002026,0.491572,0.248614,-0.000792,0.496914,0.248613,-0.003774,0.502821,0.247559,-0.005971,0.509440,0.245184,-0.006444,0.514200,0.242678,-0.005783,0.517763,0.240299,-0.004775,0.458298,0.243148,-0.003464,0.457276,0.254626,-0.010027,0.455918,0.264544,-0.017112,0.454530,0.273821,-0.024841,0.000000,0.000000,0.000000,0.000000,0.000000,0.000000,0.000000,0.000000,0.000000,0.000000,0.000000,0.000000,0.000000,0.000000,0.000000,0.000000,0.000000,0.000000,0.000000,0.000000,0.000000,0.000000,0.000000,0.000000,0.000000,0.000000,0.000000,0.000000,0.000000,0.000000,0.000000,0.000000,0.000000,0.000000,0.000000,0.000000,0.000000,0.000000,0.000000,0.000000,0.000000,0.000000,0.000000,0.000000,0.000000,0.000000,0.000000,0.000000,0.000000,0.000000,0.000000,0.000000,0.000000,0.000000,0.000000,0.000000,0.000000,0.000000,0.000000,0.000000,0.000000,0.000000,0.000000,0.506069,0.705442,-0.000000,0.453385,0.685494,0.011970,0.424224,0.653643,0.014781,0.393611,0.637016,0.012430,0.368505,0.617592,0.011034,0.446826,0.562011,0.023210,0.407688,0.544850,0.002149,0.379960,0.571591,-0.020073,0.367466,0.599781,-0.030966,0.453642,0.552829,0.009286,0.424762,0.488425,0.004011,0.397190,0.456504,-0.002230,0.373836,0.429557,-0.006734,0.462866,0.552904,-0.008130,0.444358,0.479629,-0.011776,0.430662,0.437698,-0.012759,0.419016,0.401397,-0.013353,0.470307,0.562721,-0.026027,0.467165,0.507795,-0.026926,0.463196,0.470447,-0.022560,0.457974,0.437589,-0.018770
-0.142566,-1.163248,-0.942396,-0.109110,-1.240265,-0.929541,-0.092685,-1.244123,-0.930046,-0.072401,-1.247298,-0.929788,-0.146132,-1.230449,-0.839728,-0.153540,-1.228682,-0.839306,-0.160978,-1.226525,-0.839748,-0.010759,-1.224963,-0.680174,-0.136134,-1.207288,-0.254452,-0.099403,-1.103830,-0.845930,-0.142574,-1.097257,-0.726495,0.152978,-0.915467,-0.694457,-0.160418,-0.823109,0.250663,0.330496,-0.460824,-1.464370,-0.183841,-0.484457,0.372187,-0.068370,-0.766807,-2.034652,-0.257409,-0.405973,-0.345505,-0.136779,-0.831192,-2.217681,-0.295574,-0.344144,-0.444313,-0.136862,-0.882484,-2.082994,-0.302583,-0.377366,-0.538952,-0.121597,-0.861320,-1.990486,-0.281749,-0.429634,-0.417047,0.134724,0.009541,-0.278499,-0.134724,-0.009541,0.278499,0.100762,0.650349,-0.298039,-0.155142,0.595653,0.181232,0.116953,1.245987,0.253784,-0.144464,1.203956,0.532112,0.143537,1.345472,0.270780,-0.135352,1.304499,0.548818,0.030427,1.406382,-0.384344,-0.157825,1.384694,-0.070118,0.450964,0.362301,0.008637,0.450589,0.358731,0.002856,0.451700,0.354273,-0.004817,0.454038,0.348427,-0.012271,0.459432,0.343045,-0.019814,0.466679,0.342270,-0.024526,0.475576,0.338451,-0.027123,0.487577,0.339587,-0.027337,0.496897,0.342081,-0.025472,0.504749,0.343795,-0.022561,0.509151,0.346358,-0.019129,0.505221,0.350931,-0.021575,0.499073,0.355977,-0.024927,0.490935,0.362159,-0.026970,0.482135,0.366959,-0.026955,0.473102,0.369845,-0.023972,0.465903,0.370868,-0.019646,0.460010,0.369763,-0.012849,0.455847,0.367132,-0.006495,0.453208,0.364896,0.001676,0.425201,0.268094,0.040564,0.425966,0.266299,0.036819,0.427258,0.264030,0.033776,0.429802,0.260955,0.030478,0.434560,0.258288,0.026602,0.439811,0.257234,0.023906,0.445016,0.257142,0.022761,0.448605,0.258650,0.022575,0.487737,0.248010,0.001983,0.489593,0.248412,0.001093,0.492963,0.248442,-0.001746,0.498319,0.248521,-0.004773,0.504249,0.247506,-0.007026,0.510941,0.245148,-0.007577,0.515781,0.242605,-0.006994,0.519412,0.240146,-0.006025,0.459461,0.242918,-0.004103,0.458359,0.254646,-0.010530,0.456889,0.264766,-0.017507,0.455378,0.274239,-0.025074,0.000000,0.000000,0.000000,0.000000,0.000000,0.000000,0.000000,0.000000,0.000000,0.000000,0.000000,0.000000,0.000000,0.000000,0.000000,0.000000,0.000000,0.000000,0.000000,0.000000,0.000000,0.000000,0.000000,0.000000,0.000000,0.000000,0.000000,0.000000,0.000000,0.000000,0.000000,0.000000,0.000000,0.000000,0.000000,0.000000,0.000000,0.000000,0.000000,0.000000,0.000000,0.000000,0.000000,0.000000,0.000000,0.000000,0.000000,0.000000,0.000000,0.000000,0.000000,0.000000,0.000000,0.000000,0.000000,0.000000,0.000000,0.000000,0.000000,0.000000,0.000000,0.000000,0.000000,0.506688,0.695389,-0.000000,0.455366,0.673128,0.025784,0.429058,0.642969,0.033544,0.400059,0.626556,0.033363,0.376100,0.607647,0.033803,0.455639,0.551252,0.037300,0.416255,0.533590,0.021546,0.387642,0.561188,0.002986,0.374975,0.589412,-0.005433,0.461606,0.544299,0.018037,0.435942,0.477391,0.017876,0.411816,0.442660,0.015894,0.392483,0.414254,0.014400,0.469090,0.545285,-0.003819,0.453823,0.469902,-0.001502,0.442221,0.424688,0.002623,0.434035,0.389379,0.005097,0.472271,0.551254,-0.025330,0.470054,0.493520,-0.021783,0.466986,0.455321,-0.014320,0.464181,0.422019,-0.008156
-0.152848,-1.251898,-1.011142,-0.117012,-1.335063,-0.999059,-0.099419,-1.339253,-0.999561,-0.077475,-1.342739,-0.999250,-0.156889,-1.324945,-0.901026,-0.164811,-1.323321,-0.900600,-0.172656,-1.321399,-0.901089,-0.010918,-1.319610,-0.729650,-0.144504,-1.301084,-0.292036,-0.106656,-1.188508,-0.909870,-0.152921,-1.181369,-0.783665,0.169252,-0.986443,-0.729600,-0.179094,-0.885777,0.202311,0.345329,-0.488548,-1.501757,-0.215263,-0.505574,0.209922,-0.075618,-0.834244,-2.070352,-0.279071,-0.431733,-0.709868,-0.148438,-0.915486,-2.262009,-0.320070,-0.362816,-0.853858,-0.147214,-0.968839,-2.122029,-0.332579,-0.384956,-0.948447,-0.131194,-0.940941,-2.025408,-0.306413,-0.460477,-0.789550,0.149843,0.009173,-0.265296,-0.149843,-0.009173,0.265296,0.121337,0.722652,-0.319796,-0.163765,0.664577,0.020104,0.138106,1.364559,0.204930,-0.155187,1.320657,0.338115,0.164394,1.469415,0.215993,-0.148856,1.429616,0.349401,0.046077,1.543930,-0.517906,-0.159844,1.512037,-0.351625,0.450633,0.361911,0.007961,0.450348,0.358205,0.002194,0.451601,0.353603,-0.005443,0.454111,0.347588,-0.012849,0.459714,0.342057,-0.020287,0.467078,0.341258,-0.024925,0.475991,0.337461,-0.027397,0.487941,0.338712,-0.027485,0.497183,0.341365,-0.025518,0.504933,0.343245,-0.022500,0.509229,0.345966,-0.018992,0.505303,0.350553,-0.021547,0.499177,0.355578,-0.025027,0.491078,0.361762,-0.027208,0.482277,0.366535,-0.027394,0.473239,0.369417,-0.024543,0.465919,0.370462,-0.020294,0.459906,0.369392,-0.013508,0.455638,0.366765,-0.007148,0.452929,0.364534,0.001021,0.424769,0.267695,0.040218,0.425603,0.265862,0.036483,0.426960,0.263556,0.033452,0.429585,0.260453,0.030179,0.434409,0.257778,0.026358,0.439713,0.256746,0.023732,0.444983,0.256682,0.022650,0.448615,0.258199,0.022526,0.488128,0.247677,0.002589,0.490032,0.248089,0.001724,0.493441,0.248110,-0.001108,0.498837,0.248160,-0.004083,0.504789,0.247126,-0.006268,0.511473,0.244771,-0.006735,0.516281,0.242267,-0.006063,0.519888,0.239862,-0.005043,0.459985,0.242300,-0.003978,0.458949,0.253950,-0.010495,0.457552,0.263950,-0.017561,0.456120,0.273305,-0.025248,0.000000,0.000000,0.000000,0.000000,0.000000,0.000000,0.000000,0.000000,0.000000,0.000000,0.000000,0.000000,0.000000,0.000000,0.000000,0.000000,0.000000,0.000000,0.000000,0.000000,0.000000,0.000000,0.000000,0.000000,0.000000,0.000000,0.000000,0.000000,0.000000,0.000000,0.000000,0.000000,0.000000,0.000000,0.000000,0.000000,0.000000,0.000000,0.000000,0.000000,0.000000,0.000000,0.000000,0.000000,0.000000,0.000000,0.000000,0.000000,0.000000,0.000000,0.000000,0.000000,0.000000,0.000000,0.000000,0.000000,0.000000,0.000000,0.000000,0.000000,0.000000,0.000000,0.000000,0.515760,0.717044,-0.000000,0.459285,0.684651,0.046544,0.431299,0.653136,0.061244,0.402533,0.635876,0.062959,0.375289,0.615797,0.063344,0.467263,0.562537,0.056646,0.421085,0.540249,0.046448,0.392023,0.568361,0.029781,0.378610,0.596986,0.020487,0.474355,0.559563,0.024998,0.435061,0.495326,0.029021,0.406411,0.460426,0.024254,0.387192,0.432753,0.017877,0.478484,0.567072,-0.007722,0.448320,0.490832,-0.003452,0.428765,0.446501,-0.001720,0.417113,0.412118,-0.003616,0.472469,0.575318,-0.038198,0.458842,0.518027,-0.037345,0.448593,0.481571,-0.033301,0.440009,0.447890,-0.031324
-0.168750,-1.960138,-1.196748,-0.117938,-2.077412,-1.203328,-0.091110,-2.083582,-1.203796,-0.058600,-2.090214,-1.204338,-0.180712,-2.057414,-1.087791,-0.194029,-2.051490,-1.086871,-0.208021,-2.046118,-1.087722,0.037993,-2.053566,-0.904284,-0.174457,-2.012290,-0.337980,-0.098863,-1.869086,-1.070802,-0.175097,-1.862270,-0.909572,0.368245,-1.457291,-0.767806,-0.293554,-1.421388,-0.019042,0.527334,-0.685945,-0.927769,-0.364970,-0.740055,-0.131599,0.423129,-0.031694,-1.230228,-0.522928,-0.333734,-1.283015,0.425221,0.174487,-1.418874,-0.610955,-0.197233,-1.510001,0.331252,0.143317,-1.483503,-0.566853,-0.226836,-1.671249,0.314459,0.057558,-1.271856,-0.513413,-0.277240,-1.405515,0.236550,0.023488,-0.306218,-0.236550,-0.023488,0.306218,0.171733,1.149849,-0.595115,-0.267265,1.099172,0.273903,0.167055,2.204145,0.135198,-0.259290,2.130661,0.605496,0.202325,2.371764,0.150166,-0.255217,2.295640,0.613020,0.006303,2.493181,-0.851360,-0.276654,2.447998,-0.352053,0.451527,0.365531,0.008861,0.451047,0.361776,0.002973,0.452061,0.357213,-0.004710,0.454356,0.351210,-0.012235,0.459747,0.345622,-0.019727,0.467037,0.344710,-0.024426,0.475881,0.340757,-0.026947,0.487886,0.341806,-0.027041,0.497227,0.344301,-0.025055,0.505041,0.346066,-0.021987,0.509447,0.348795,-0.018362,0.505639,0.353585,-0.020817,0.499657,0.358888,-0.024173,0.491686,0.365412,-0.026266,0.482970,0.370483,-0.026369,0.473955,0.373542,-0.023444,0.466654,0.374684,-0.019145,0.460684,0.373571,-0.012322,0.456447,0.370752,-0.006002,0.453810,0.368319,0.002037,0.423994,0.271194,0.039751,0.424810,0.269376,0.035984,0.426148,0.267064,0.032957,0.428745,0.263906,0.029627,0.433548,0.261157,0.025769,0.438825,0.260049,0.023107,0.444031,0.259942,0.022053,0.447643,0.261467,0.021942,0.487071,0.249972,0.001847,0.488965,0.250301,0.000967,0.492344,0.250198,-0.001831,0.497690,0.250096,-0.004825,0.503577,0.248956,-0.007021,0.510206,0.246460,-0.007522,0.514971,0.243858,-0.006904,0.518581,0.241366,-0.005921,0.458738,0.245877,-0.004889,0.457781,0.257575,-0.011239,0.456483,0.267781,-0.018125,0.455139,0.277296,-0.025630,0.000000,0.000000,0.000000,0.000000,0.000000,0.000000,0.000000,0.000000,0.000000,0.000000,0.000000,0.000000,0.000000,0.000000,0.000000,0.000000,0.000000,0.000000,0.000000,0.000000,0.000000,0.000000,0.000000,0.000000,0.000000,0.000000,0.000000,0.000000,0.000000,0.000000,0.000000,0.000000,0.000000,0.000000,0.000000,0.000000,0.000000,0.000000,0.000000,0.000000,0.000000,0.000000,0.000000,0.000000,0.000000,0.000000,0.000000,0.000000,0.000000,0.000000,0.000000,0.000000,0.000000,0.000000,0.000000,0.000000,0.000000,0.000000,0.000000,0.000000,0.000000,0.000000,0.000000,0.000000,0.000000,0.000000,0.000000,0.000000,0.000000,0.000000,0.000000,0.000000,0.000000,0.000000,0.000000,0.000000,0.000000,0.000000,0.000000,0.000000,0.000000,0.000000,0.000000,0.000000,0.000000,0.000000,0.000000,0.000000,0.000000,0.000000,0.000000,0.000000,0.000000,0.000000,0.000000,0.000000,0.000000,0.000000,0.000000,0.000000,0.000000,0.000000,0.000000,0.000000,0.000000,0.000000,0.000000,0.000000,0.000000,0.000000,0.000000,0.000000,0.000000,0.000000,0.000000,0.000000,0.000000,0.000000,0.000000,0.000000,0.000000,0.000000,0.000000,0.000000,0.000000,0.000000
-0.177899,-2.077274,-1.324068,-0.127011,-2.199336,-1.328829,-0.097743,-2.205469,-1.329335,-0.062616,-2.211126,-1.329888,-0.194391,-2.177839,-1.204204,-0.209950,-2.170405,-1.203308,-0.224447,-2.163688,-1.204234,0.039393,-2.170346,-0.996019,-0.189232,-2.128233,-0.390782,-0.103397,-1.980235,-1.186199,-0.188548,-1.973494,-1.012769,0.391250,-1.526223,-0.812561,-0.312036,-1.500042,-0.102139,0.555938,-0.733414,-0.934370,-0.390421,-0.787837,-0.224457,0.470228,-0.036312,-1.300264,-0.551936,-0.339423,-1.450804,0.473105,0.177776,-1.501504,-0.632794,-0.193726,-1.695272,0.375173,0.149022,-1.577386,-0.567573,-0.226436,-1.871645,0.358420,0.056557,-1.348643,-0.527679,-0.284900,-1.579239,0.249933,0.026366,-0.323620,-0.249933,-0.026366,0.323620,0.172506,1.224859,-0.563887,-0.285698,1.163337,0.340312,0.165815,2.325468,0.336705,-0.278973,2.244915,0.811571,0.201932,2.502994,0.366642,-0.275695,2.416950,0.829496,0.001692,2.625431,-0.705454,-0.293765,2.574000,-0.211222,0.454370,0.365067,0.008049,0.454025,0.361407,0.002217,0.455206,0.356826,-0.005353,0.457635,0.350796,-0.012721,0.463189,0.345245,-0.020152,0.470535,0.344451,-0.024796,0.479346,0.340667,-0.027246,0.491179,0.342012,-0.027316,0.500288,0.344758,-0.025381,0.507894,0.346740,-0.022372,0.512125,0.349475,-0.018785,0.508274,0.353815,-0.021394,0.502280,0.358659,-0.024800,0.494295,0.364750,-0.026878,0.485634,0.369476,-0.026941,0.476734,0.372284,-0.024079,0.469473,0.373334,-0.019926,0.463484,0.372264,-0.013268,0.459217,0.369650,-0.006985,0.456574,0.367519,0.001087,0.427511,0.269207,0.040059,0.428320,0.267346,0.036285,0.429649,0.265017,0.033221,0.432281,0.261839,0.029891,0.437186,0.259103,0.026036,0.442592,0.258061,0.023402,0.447928,0.258115,0.022340,0.451636,0.259798,0.022250,0.491579,0.249048,0.002289,0.493500,0.249442,0.001416,0.496939,0.249410,-0.001404,0.502363,0.249430,-0.004396,0.508344,0.248388,-0.006583,0.515035,0.245966,-0.007042,0.519838,0.243366,-0.006358,0.523440,0.240852,-0.005338,0.463241,0.244459,-0.004633,0.462246,0.256278,-0.011103,0.460915,0.266548,-0.018121,0.459562,0.276144,-0.025750,0.000000,0.000000,0.000000,0.000000,0.000000,0.000000,0.000000,0.000000,0.000000,0.000000,0.000000,0.000000,0.000000,0.000000,0.000000,0.000000,0.000000,0.000000,0.000000,0.000000,0.000000,0.000000,0.000000,0.000000,0.000000,0.000000,0.000000,0.000000,0.000000,0.000000,0.000000,0.000000,0.000000,0.000000,0.000000,0.000000,0.000000,0.000000,0.000000,0.000000,0.000000,0.000000,0.000000,0.000000,0.000000,0.000000,0.000000,0.000000,0.000000,0.000000,0.000000,0.000000,0.000000,0.000000,0.000000,0.000000,0.000000,0.000000,0.000000,0.000000,0.000000,0.000000,0.000000,0.000000,0.000000,0.000000,0.000000,0.000000,0.000000,0.000000,0.000000,0.000000,0.000000,0.000000,0.000000,0.000000,0.000000,0.000000,0.000000,0.000000,0.000000,0.000000,0.000000,0.000000,0.000000,0.000000,0.000000,0.000000,0.000000,0.000000,0.000000,0.000000,0.000000,0.000000,0.000000,0.000000,0.000000,0.000000,0.000000,0.000000,0.000000,0.000000,0.000000,0.000000,0.000000,0.000000,0.000000,0.000000,0.000000,0.000000,0.000000,0.000000,0.000000,0.000000,0.000000,0.000000,0.000000,0.000000,0.000000,0.000000,0.000000,0.000000,0.000000,0.000000,0.000000,0.000000
-0.153706,-1.663681,-1.402388,-0.114126,-1.760201,-1.398149,-0.090618,-1.765118,-1.398621,-0.062550,-1.769409,-1.398579,-0.167334,-1.742855,-1.297670,-0.180215,-1.736630,-1.296937,-0.191270,-1.731091,-1.297710,0.017737,-1.735608,-1.068652,-0.162783,-1.703800,-0.571020,-0.095168,-1.586908,-1.268649,-0.162875,-1.581452,-1.128679,0.298321,-1.228713,-0.937323,-0.258740,-1.190698,-0.107753,0.472739,-0.596639,-1.484786,-0.319166,-0.609567,-0.469971,-0.027004,-0.527144,-1.963883,-0.371991,-0.487660,-1.877569,-0.188766,-0.517485,-2.159541,-0.417633,-0.341503,-2.114623,-0.199917,-0.609863,-2.018369,-0.390091,-0.448027,-2.168200,-0.159173,-0.627108,-1.912548,-0.355248,-0.560350,-1.953670,0.211032,0.012486,-0.316005,-0.211032,-0.012486,0.316005,0.152125,0.972341,-0.380009,-0.232798,0.947673,0.394273,0.168009,1.832796,0.512712,-0.209420,1.796154,1.057773,0.208177,1.974187,0.558848,-0.197644,1.937125,1.106256,0.024126,2.079061,-0.517731,-0.228561,2.066400,0.043339,0.452741,0.364266,0.007927,0.452264,0.360496,0.002183,0.453247,0.355774,-0.005374,0.455480,0.349608,-0.012710,0.460827,0.343919,-0.020171,0.468038,0.343092,-0.024898,0.476820,0.339305,-0.027410,0.488733,0.340740,-0.027617,0.497909,0.343614,-0.025827,0.505563,0.345706,-0.022966,0.509830,0.348536,-0.019507,0.505965,0.352852,-0.022014,0.499954,0.357674,-0.025284,0.491970,0.363779,-0.027274,0.483315,0.368526,-0.027237,0.474429,0.371362,-0.024276,0.467304,0.372419,-0.020042,0.461452,0.371362,-0.013356,0.457350,0.368789,-0.007086,0.454850,0.366679,0.000968,0.425757,0.268813,0.040653,0.426574,0.267013,0.036904,0.427917,0.264738,0.033851,0.430530,0.261633,0.030528,0.435366,0.258937,0.026656,0.440685,0.257872,0.023966,0.445935,0.257805,0.022855,0.449534,0.259356,0.022704,0.489273,0.248383,0.002333,0.491162,0.248750,0.001441,0.494546,0.248719,-0.001398,0.499911,0.248728,-0.004415,0.505842,0.247688,-0.006640,0.512545,0.245270,-0.007163,0.517393,0.242683,-0.006538,0.521044,0.240159,-0.005542,0.460720,0.243954,-0.004158,0.459663,0.255682,-0.010610,0.458255,0.265838,-0.017611,0.456822,0.275346,-0.025240,0.000000,0.000000,0.000000,0.000000,0.000000,0.000000,0.000000,0.000000,0.000000,0.000000,0.000000,0.000000,0.000000,0.000000,0.000000,0.000000,0.000000,0.000000,0.000000,0.000000,0.000000,0.000000,0.000000,0.000000,0.000000,0.000000,0.000000,0.000000,0.000000,0.000000,0.000000,0.000000,0.000000,0.000000,0.000000,0.000000,0.000000,0.000000,0.000000,0.000000,0.000000,0.000000,0.000000,0.000000,0.000000,0.000000,0.000000,0.000000,0.000000,0.000000,0.000000,0.000000,0.000000,0.000000,0.000000,0.000000,0.000000,0.000000,0.000000,0.000000,0.000000,0.000000,0.000000,0.000000,0.000000,0.000000,0.000000,0.000000,0.000000,0.000000,0.000000,0.000000,0.000000,0.000000,0.000000,0.000000,0.000000,0.000000,0.000000,0.000000,0.000000,0.000000,0.000000,0.000000,0.000000,0.000000,0.000000,0.000000,0.000000,0.000000,0.000000,0.000000,0.000000,0.000000,0.000000,0.000000,0.000000,0.000000,0.000000,0.000000,0.000000,0.000000,0.000000,0.000000,0.000000,0.000000,0.000000,0.000000,0.000000,0.000000,0.000000,0.000000,0.000000,0.000000,0.000000,0.000000,0.000000,0.000000,0.000000,0.000000,0.000000,0.000000,0.000000,0.000000,0.000000,0.000000
-0.139223,-1.297079,-0.864006,-0.108996,-1.375583,-0.859035,-0.090740,-1.380036,-0.859563,-0.068835,-1.384769,-0.859362,-0.150155,-1.362177,-0.763343,-0.160076,-1.357456,-0.762893,-0.168536,-1.352886,-0.763451,-0.003271,-1.360869,-0.643088,-0.141992,-1.329681,-0.189742,-0.092167,-1.234710,-0.779480,-0.144273,-1.226807,-0.650898,0.199593,-0.991655,-0.665332,-0.189141,-0.934622,0.254133,0.384643,-0.503565,-1.459526,-0.187224,-0.527846,0.258243,-0.055163,-0.769800,-2.007673,-0.276864,-0.484708,-0.619510,-0.153592,-0.834983,-2.182884,-0.310426,-0.481938,-0.743452,-0.152107,-0.899338,-2.024389,-0.306022,-0.531822,-0.829172,-0.133226,-0.888232,-1.951672,-0.289828,-0.549634,-0.695130,0.161338,0.011917,-0.262058,-0.161338,-0.011917,0.262058,0.112295,0.739631,-0.350308,-0.195051,0.664010,0.103654,0.120447,1.409094,0.136319,-0.191409,1.349412,0.372532,0.148688,1.510863,0.146783,-0.187440,1.447980,0.379258,0.025602,1.596347,-0.556242,-0.195158,1.558569,-0.294965,0.452780,0.364218,0.007892,0.452348,0.360455,0.002122,0.453390,0.355734,-0.005418,0.455687,0.349571,-0.012756,0.461110,0.343884,-0.020203,0.468357,0.343076,-0.024905,0.477141,0.339364,-0.027397,0.489036,0.340914,-0.027587,0.498169,0.343879,-0.025769,0.505783,0.346053,-0.022877,0.510001,0.348923,-0.019381,0.506144,0.353242,-0.021919,0.500149,0.358013,-0.025198,0.492174,0.364053,-0.027178,0.483532,0.368737,-0.027138,0.474671,0.371503,-0.024201,0.467508,0.372541,-0.019995,0.461613,0.371459,-0.013336,0.457467,0.368844,-0.007079,0.454922,0.366687,0.000948,0.426009,0.268818,0.040549,0.426842,0.267036,0.036791,0.428207,0.264789,0.033736,0.430840,0.261716,0.030408,0.435673,0.259025,0.026550,0.440975,0.257937,0.023865,0.446218,0.257801,0.022780,0.449815,0.259269,0.022642,0.489661,0.248087,0.002360,0.491546,0.248452,0.001471,0.494929,0.248395,-0.001372,0.500271,0.248374,-0.004380,0.506175,0.247315,-0.006598,0.512853,0.244904,-0.007107,0.517677,0.242352,-0.006479,0.521315,0.239865,-0.005476,0.461184,0.243705,-0.004218,0.460177,0.255445,-0.010684,0.458823,0.265651,-0.017701,0.457433,0.275190,-0.025336,0.000000,0.000000,0.000000,0.000000,0.000000,0.000000,0.000000,0.000000,0.000000,0.000000,0.000000,0.000000,0.000000,0.000000,0.000000,0.000000,0.000000,0.000000,0.000000,0.000000,0.000000,0.000000,0.000000,0.000000,0.000000,0.000000,0.000000,0.000000,0.000000,0.000000,0.000000,0.000000,0.000000,0.000000,0.000000,0.000000,0.000000,0.000000,0.000000,0.000000,0.000000,0.000000,0.000000,0.000000,0.000000,0.000000,0.000000,0.000000,0.000000,0.000000,0.000000,0.000000,0.000000,0.000000,0.000000,0.000000,0.000000,0.000000,0.000000,0.000000,0.000000,0.000000,0.000000,0.524999,0.748254,-0.000000,0.458451,0.723751,0.030395,0.427791,0.696106,0.034563,0.394658,0.687891,0.029476,0.366252,0.673231,0.023196,0.443280,0.602380,0.023313,0.393379,0.583352,0.001943,0.370193,0.620272,-0.021221,0.360898,0.657978,-0.035212,0.455575,0.600708,-0.003215,0.413663,0.534628,-0.013077,0.379781,0.506620,-0.027688,0.352769,0.486589,-0.041583,0.466588,0.612545,-0.030187,0.438142,0.534082,-0.035622,0.416547,0.493388,-0.042080,0.400314,0.456666,-0.050924,0.471724,0.630396,-0.055279,0.464243,0.578833,-0.062942,0.458565,0.542091,-0.065304,0.452838,0.505285,-0.068976
-0.159584,-1.311812,-0.917673,-0.126511,-1.399025,-0.918660,-0.107666,-1.404334,-0.919018,-0.084839,-1.408731,-0.918796,-0.168521,-1.386731,-0.816709,-0.178304,-1.384344,-0.816427,-0.186674,-1.381748,-0.817002,-0.014475,-1.388017,-0.717741,-0.156706,-1.363327,-0.241513,-0.109729,-1.245045,-0.835477,-0.161737,-1.238005,-0.701320,0.182189,-1.021816,-0.733609,-0.192729,-0.944302,0.190203,0.377102,-0.525591,-1.537976,-0.232923,-0.560232,0.096240,-0.075590,-0.847612,-2.040243,-0.298187,-0.488750,-0.881043,-0.162514,-0.913077,-2.227069,-0.361680,-0.416363,-1.037473,-0.163965,-0.980352,-2.066581,-0.357590,-0.426507,-1.118041,-0.144435,-0.957071,-1.985821,-0.330123,-0.486042,-0.958709,0.162884,0.012484,-0.252959,-0.162884,-0.012484,0.252959,0.121755,0.785171,-0.396238,-0.181262,0.704764,-0.069383,0.130107,1.483487,0.072267,-0.177959,1.424333,0.167349,0.159359,1.595101,0.080134,-0.171092,1.543923,0.169550,0.028982,1.674328,-0.657568,-0.191018,1.624345,-0.534146,0.452800,0.363245,0.007981,0.452366,0.359429,0.002229,0.453354,0.354712,-0.005312,0.455585,0.348561,-0.012646,0.460874,0.342955,-0.020104,0.468024,0.342181,-0.024850,0.476739,0.338482,-0.027388,0.488572,0.339990,-0.027635,0.497698,0.342911,-0.025886,0.505335,0.345043,-0.023073,0.509611,0.347922,-0.019647,0.505789,0.352309,-0.022080,0.499828,0.357204,-0.025237,0.491875,0.363331,-0.027150,0.483250,0.368065,-0.027028,0.474365,0.370870,-0.024043,0.467224,0.371857,-0.019812,0.461395,0.370705,-0.013170,0.457353,0.368012,-0.006951,0.454889,0.365760,0.001051,0.426140,0.267859,0.040761,0.426946,0.266077,0.037022,0.428283,0.263813,0.033989,0.430881,0.260730,0.030670,0.435690,0.258059,0.026792,0.440988,0.257017,0.024085,0.446216,0.256956,0.022939,0.449797,0.258498,0.022765,0.489294,0.247726,0.002203,0.491175,0.248108,0.001299,0.494549,0.248092,-0.001549,0.499903,0.248119,-0.004579,0.505803,0.247095,-0.006836,0.512487,0.244708,-0.007392,0.517326,0.242152,-0.006788,0.520983,0.239651,-0.005812,0.460878,0.243167,-0.004059,0.459818,0.254888,-0.010509,0.458391,0.264975,-0.017494,0.456935,0.274405,-0.025102,0.000000,0.000000,0.000000,0.000000,0.000000,0.000000,0.000000,0.000000,0.000000,0.000000,0.000000,0.000000,0.000000,0.000000,0.000000,0.000000,0.000000,0.000000,0.000000,0.000000,0.000000,0.000000,0.000000,0.000000,0.000000,0.000000,0.000000,0.000000,0.000000,0.000000,0.000000,0.000000,0.000000,0.000000,0.000000,0.000000,0.000000,0.000000,0.000000,0.000000,0.000000,0.000000,0.000000,0.000000,0.000000,0.000000,0.000000,0.000000,0.000000,0.000000,0.000000,0.000000,0.000000,0.000000,0.000000,0.000000,0.000000,0.000000,0.000000,0.000000,0.000000,0.000000,0.000000,0.513925,0.706540,-0.000000,0.457923,0.689419,0.014906,0.424310,0.661972,0.015529,0.392434,0.649528,0.009209,0.365626,0.633654,0.002502,0.438179,0.563373,0.021170,0.396492,0.551758,-0.001320,0.371998,0.586247,-0.024869,0.363922,0.619101,-0.037405,0.446498,0.553840,0.002812,0.416274,0.486890,-0.005974,0.388955,0.452299,-0.015615,0.366673,0.424368,-0.022886,0.458300,0.556176,-0.018460,0.440631,0.480479,-0.025444,0.424319,0.435787,-0.029892,0.410850,0.398642,-0.033459,0.468589,0.570148,-0.039674,0.467200,0.514288,-0.044055,0.461872,0.476951,-0.041806,0.456355,0.442900,-0.039927
-0.175873,-1.363364,-0.896832,-0.139450,-1.452900,-0.901414,-0.120469,-1.458385,-0.901727,-0.097291,-1.462913,-0.901485,-0.181840,-1.440472,-0.795616,-0.191131,-1.438441,-0.795421,-0.199375,-1.436139,-0.796084,-0.022861,-1.441260,-0.720469,-0.164144,-1.418092,-0.229733,-0.123417,-1.294440,-0.821595,-0.174617,-1.287423,-0.683071,0.179513,-1.061634,-0.733439,-0.199754,-0.962434,0.186513,0.380973,-0.543467,-1.582645,-0.243421,-0.581356,0.077829,-0.082371,-0.884674,-2.055033,-0.332455,-0.458464,-0.867237,-0.171901,-0.956563,-2.242716,-0.437125,-0.326157,-1.029295,-0.171052,-1.019849,-2.071577,-0.416458,-0.419079,-1.125879,-0.152566,-0.996729,-1.998184,-0.360979,-0.489863,-0.955832,0.162427,0.011930,-0.251504,-0.162427,-0.011930,0.251504,0.122962,0.803108,-0.394317,-0.180342,0.714960,-0.115501,0.130198,1.522350,0.056632,-0.185843,1.460867,0.095592,0.154367,1.638958,0.062179,-0.178438,1.588748,0.095497,0.025444,1.720553,-0.681380,-0.203827,1.662309,-0.612638,0.453424,0.362852,0.008002,0.452976,0.359084,0.002252,0.454013,0.354427,-0.005315,0.456322,0.348337,-0.012677,0.461743,0.342791,-0.020121,0.469008,0.342043,-0.024817,0.477842,0.338326,-0.027328,0.489774,0.339803,-0.027496,0.498964,0.342673,-0.025646,0.506663,0.344775,-0.022745,0.510982,0.347625,-0.019278,0.507118,0.352085,-0.021787,0.501092,0.357010,-0.025076,0.493066,0.363148,-0.027107,0.484357,0.367898,-0.027111,0.475379,0.370670,-0.024159,0.468178,0.371646,-0.019932,0.462275,0.370459,-0.013238,0.458141,0.367735,-0.006971,0.455584,0.365460,0.001075,0.427117,0.267443,0.040450,0.427948,0.265697,0.036713,0.429311,0.263481,0.033693,0.431937,0.260454,0.030398,0.436745,0.257829,0.026555,0.442003,0.256787,0.023880,0.447197,0.256663,0.022781,0.450754,0.258130,0.022630,0.490208,0.247524,0.002375,0.492086,0.247911,0.001482,0.495446,0.247918,-0.001345,0.500781,0.247984,-0.004347,0.506661,0.246989,-0.006571,0.513331,0.244660,-0.007091,0.518151,0.242143,-0.006472,0.521795,0.239692,-0.005489,0.461952,0.242746,-0.004061,0.460890,0.254476,-0.010525,0.459479,0.264648,-0.017520,0.458038,0.274165,-0.025140,0.000000,0.000000,0.000000,0.000000,0.000000,0.000000,0.000000,0.000000,0.000000,0.000000,0.000000,0.000000,0.000000,0.000000,0.000000,0.000000,0.000000,0.000000,0.000000,0.000000,0.000000,0.000000,0.000000,0.000000,0.000000,0.000000,0.000000,0.000000,0.000000,0.000000,0.000000,0.000000,0.000000,0.000000,0.000000,0.000000,0.000000,0.000000,0.000000,0.000000,0.000000,0.000000,0.000000,0.000000,0.000000,0.000000,0.000000,0.000000,0.000000,0.000000,0.000000,0.000000,0.000000,0.000000,0.000000,0.000000,0.000000,0.000000,0.000000,0.000000,0.000000,0.000000,0.000000,0.515301,0.700035,-0.000000,0.460228,0.685998,0.012511,0.426660,0.659228,0.013959,0.395218,0.646426,0.009305,0.369916,0.629415,0.004815,0.442879,0.558821,0.021893,0.401373,0.546221,0.000479,0.376496,0.580110,-0.022363,0.368695,0.612804,-0.034205,0.450561,0.547369,0.006489,0.421250,0.482218,-0.001029,0.394797,0.448234,-0.009410,0.373325,0.420395,-0.015440,0.462114,0.547717,-0.012137,0.444942,0.474003,-0.017797,0.429426,0.430500,-0.021015,0.416527,0.393816,-0.023329,0.472289,0.559864,-0.030981,0.471576,0.504677,-0.034331,0.466294,0.467773,-0.031637,0.460558,0.433611,-0.029023
-0.168138,-1.624511,-1.280185,-0.126972,-1.724527,-1.272492,-0.105216,-1.730666,-1.273038,-0.078590,-1.736322,-1.272732,-0.177145,-1.708426,-1.175955,-0.187603,-1.704637,-1.175593,-0.197357,-1.700923,-1.176597,0.008781,-1.710612,-0.969675,-0.160413,-1.678898,-0.497478,-0.106694,-1.545603,-1.154731,-0.166670,-1.537697,-1.023469,0.275402,-1.248686,-0.880825,-0.244377,-1.163206,-0.034938,0.459441,-0.598629,-1.500645,-0.286918,-0.608942,-0.277545,-0.061907,-0.689423,-2.129784,-0.408204,-0.530794,-1.574060,-0.191521,-0.715201,-2.332592,-0.483378,-0.428631,-1.812473,-0.197772,-0.802709,-2.211175,-0.471150,-0.488414,-1.896692,-0.160119,-0.810017,-2.089777,-0.420204,-0.526457,-1.662136,0.208379,0.010881,-0.284447,-0.208379,-0.010881,0.284447,0.147342,0.898548,-0.522107,-0.232737,0.815566,-0.131272,0.160766,1.761409,0.085899,-0.238688,1.715811,0.155919,0.193239,1.907505,0.090495,-0.231773,1.866398,0.156933,0.034277,2.001620,-0.851647,-0.246762,1.974004,-0.747969,0.451221,0.361845,0.006973,0.450766,0.357872,0.001343,0.451761,0.353058,-0.006090,0.454023,0.346851,-0.013299,0.459407,0.341247,-0.020621,0.466595,0.340549,-0.025292,0.475394,0.336949,-0.027718,0.487231,0.338694,-0.027904,0.496269,0.341817,-0.026112,0.503856,0.344166,-0.023278,0.508138,0.347250,-0.019860,0.504330,0.351683,-0.022362,0.498377,0.356591,-0.025594,0.490440,0.362724,-0.027569,0.481779,0.367457,-0.027572,0.472828,0.370238,-0.024669,0.465649,0.371096,-0.020496,0.459813,0.369793,-0.013935,0.455760,0.366940,-0.007776,0.453293,0.364540,0.000119,0.425431,0.266761,0.040609,0.426259,0.264874,0.036933,0.427609,0.262538,0.033927,0.430219,0.259393,0.030687,0.435056,0.256694,0.026884,0.440389,0.255712,0.024255,0.445670,0.255794,0.023118,0.449288,0.257504,0.022959,0.488554,0.247382,0.002979,0.490457,0.247854,0.002090,0.493865,0.247937,-0.000723,0.499243,0.248057,-0.003708,0.505187,0.247091,-0.005895,0.511872,0.244744,-0.006384,0.516688,0.242171,-0.005715,0.520298,0.239654,-0.004689,0.460490,0.241932,-0.003305,0.459367,0.253625,-0.009852,0.457876,0.263588,-0.016952,0.456372,0.272904,-0.024684,0.000000,0.000000,0.000000,0.000000,0.000000,0.000000,0.000000,0.000000,0.000000,0.000000,0.000000,0.000000,0.000000,0.000000,0.000000,0.000000,0.000000,0.000000,0.000000,0.000000,0.000000,0.000000,0.000000,0.000000,0.000000,0.000000,0.000000,0.000000,0.000000,0.000000,0.000000,0.000000,0.000000,0.000000,0.000000,0.000000,0.000000,0.000000,0.000000,0.000000,0.000000,0.000000,0.000000,0.000000,0.000000,0.000000,0.000000,0.000000,0.000000,0.000000,0.000000,0.000000,0.000000,0.000000,0.000000,0.000000,0.000000,0.000000,0.000000,0.000000,0.000000,0.000000,0.000000,0.090568,0.130117,-0.000000,0.079917,0.126126,0.004735,0.074291,0.119921,0.005348,0.069328,0.117458,0.004402,0.064446,0.114923,0.003319,0.080877,0.104314,0.004289,0.071262,0.100519,0.002126,0.066414,0.104937,-0.000134,0.063449,0.110586,-0.001459,0.082419,0.103569,0.000266,0.071587,0.095885,-0.001713,0.064346,0.094879,-0.003881,0.058862,0.095252,-0.005533,0.083218,0.105397,-0.003663,0.073688,0.095973,-0.004899,0.066770,0.093581,-0.005744,0.061599,0.092873,-0.006497,0.082497,0.108614,-0.007232,0.076445,0.100621,-0.007832,0.071655,0.097240,-0.007737,0.067320,0.095244,-0.007851
-0.161898,-1.884022,-1.158965,-0.115123,-1.994462,-1.175373,-0.089220,-2.000734,-1.175832,-0.058360,-2.006335,-1.176464,-0.175466,-1.974952,-1.056208,-0.189480,-1.969096,-1.055380,-0.202258,-1.964584,-1.056133,0.034542,-1.971714,-0.918354,-0.166496,-1.936840,-0.336230,-0.096475,-1.793882,-1.049344,-0.169181,-1.788823,-0.882952,0.350129,-1.390093,-0.797924,-0.280285,-1.355147,-0.022453,0.493736,-0.672456,-0.929950,-0.345396,-0.711814,-0.165826,0.441177,-0.032797,-1.204377,-0.434710,-0.439150,-1.279507,0.449929,0.164323,-1.382573,-0.551062,-0.254886,-1.509789,0.361714,0.137323,-1.449603,-0.512260,-0.374936,-1.692691,0.344070,0.054295,-1.245355,-0.423557,-0.505484,-1.412214,0.225999,0.023175,-0.314824,-0.225999,-0.023175,0.314824,0.158521,1.110065,-0.550237,-0.258174,1.059549,0.336015,0.156435,2.120714,0.227705,-0.255367,2.054449,0.710812,0.190703,2.284715,0.249265,-0.250406,2.213083,0.721493,0.005267,2.388870,-0.714220,-0.276424,2.350703,-0.201722,0.456389,0.367561,0.007267,0.456046,0.363580,0.001435,0.457225,0.358821,-0.005996,0.459684,0.352625,-0.013229,0.465320,0.346950,-0.020460,0.472755,0.346243,-0.024926,0.481603,0.342546,-0.027144,0.493370,0.344215,-0.026958,0.502298,0.347326,-0.024828,0.509684,0.349674,-0.021627,0.513822,0.352793,-0.017849,0.510196,0.357242,-0.020532,0.504531,0.362195,-0.023938,0.496804,0.368469,-0.026012,0.488217,0.373339,-0.026153,0.479198,0.376163,-0.023476,0.471712,0.377126,-0.019565,0.465558,0.375807,-0.013232,0.461191,0.372805,-0.007215,0.458573,0.370312,0.000535,0.428590,0.270438,0.038523,0.429520,0.268623,0.034720,0.430975,0.266340,0.031689,0.433728,0.263179,0.028406,0.438723,0.260469,0.024634,0.444170,0.259432,0.022114,0.449564,0.259476,0.021189,0.453299,0.261145,0.021252,0.494036,0.250340,0.002586,0.495993,0.250746,0.001764,0.499512,0.250751,-0.000987,0.505024,0.250789,-0.003880,0.511072,0.249790,-0.005923,0.517785,0.247393,-0.006232,0.522573,0.244823,-0.005430,0.526180,0.242338,-0.004325,0.465516,0.245411,-0.005096,0.464629,0.257538,-0.011527,0.463416,0.267941,-0.018555,0.462157,0.277604,-0.026193,0.000000,0.000000,0.000000,0.000000,0.000000,0.000000,0.000000,0.000000,0.000000,0.000000,0.000000,0.000000,0.000000,0.000000,0.000000,0.000000,0.000000,0.000000,0.000000,0.000000,0.000000,0.000000,0.000000,0.000000,0.000000,0.000000,0.000000,0.000000,0.000000,0.000000,0.000000,0.000000,0.000000,0.000000,0.000000,0.000000,0.000000,0.000000,0.000000,0.000000,0.000000,0.000000,0.000000,0.000000,0.000000,0.000000,0.000000,0.000000,0.000000,0.000000,0.000000,0.000000,0.000000,0.000000,0.000000,0.000000,0.000000,0.000000,0.000000,0.000000,0.000000,0.000000,0.000000,0.000000,0.000000,0.000000,0.000000,0.000000,0.000000,0.000000,0.000000,0.000000,0.000000,0.000000,0.000000,0.000000,0.000000,0.000000,0.000000,0.000000,0.000000,0.000000,0.000000,0.000000,0.000000,0.000000,0.000000,0.000000,0.000000,0.000000,0.000000,0.000000,0.000000,0.000000,0.000000,0.000000,0.000000,0.000000,0.000000,0.000000,0.000000,0.000000,0.000000,0.000000,0.000000,0.000000,0.000000,0.000000,0.000000,0.000000,0.000000,0.000000,0.000000,0.000000,0.000000,0.000000,0.000000,0.000000,0.000000,0.000000,0.000000,0.000000,0.000000,0.000000,0.000000,0.000000
-0.163243,-1.931952,-1.203780,-0.119074,-2.045477,-1.220515,-0.091907,-2.052858,-1.221006,-0.059916,-2.059099,-1.221841,-0.181851,-2.023396,-1.096909,-0.197468,-2.016789,-1.096071,-0.210796,-2.012380,-1.096846,0.033287,-2.022708,-0.931173,-0.176109,-1.986046,-0.342262,-0.098397,-1.838702,-1.088401,-0.175003,-1.832332,-0.914223,0.357843,-1.426824,-0.796723,-0.289971,-1.386650,-0.035988,0.518922,-0.699916,-0.926019,-0.367833,-0.747750,-0.243919,0.498566,-0.019110,-1.214361,-0.459160,-0.387978,-1.526009,0.520138,0.187874,-1.399272,-0.526617,-0.246240,-1.757423,0.429615,0.170501,-1.477945,-0.466917,-0.425646,-1.904344,0.405920,0.085223,-1.260805,-0.400446,-0.477926,-1.639431,0.233122,0.023220,-0.339512,-0.233122,-0.023220,0.339512,0.166253,1.141207,-0.518719,-0.259275,1.091000,0.425383,0.167147,2.172230,0.356585,-0.246935,2.099473,0.909743,0.203426,2.338266,0.385845,-0.242367,2.257183,0.933232,0.014834,2.447350,-0.608502,-0.267163,2.409599,-0.027038,0.460208,0.365554,0.006992,0.460061,0.361615,0.001113,0.461526,0.357056,-0.006298,0.464280,0.351079,-0.013499,0.470356,0.345620,-0.020592,0.478105,0.345045,-0.024848,0.487161,0.341326,-0.026842,0.498923,0.342855,-0.026336,0.507723,0.345884,-0.023874,0.514965,0.348167,-0.020368,0.518988,0.351270,-0.016377,0.515365,0.355837,-0.019273,0.509758,0.360932,-0.022956,0.502064,0.367307,-0.025311,0.493405,0.372236,-0.025809,0.484217,0.375050,-0.023381,0.476463,0.375915,-0.019636,0.470045,0.374452,-0.013351,0.465406,0.371197,-0.007346,0.462546,0.368475,0.000359,0.432642,0.267716,0.036901,0.433630,0.265925,0.033119,0.435147,0.263636,0.030110,0.437996,0.260438,0.026867,0.443106,0.257710,0.023238,0.448630,0.256696,0.020876,0.454118,0.256818,0.020139,0.457943,0.258577,0.020310,0.499140,0.248298,0.003045,0.501078,0.248707,0.002268,0.504603,0.248726,-0.000414,0.510174,0.248802,-0.003197,0.516249,0.247874,-0.005074,0.522952,0.245603,-0.005221,0.527734,0.243151,-0.004307,0.531328,0.240776,-0.003123,0.470996,0.243326,-0.005735,0.470183,0.255522,-0.012198,0.469099,0.266087,-0.019252,0.467975,0.275930,-0.026924,0.000000,0.000000,0.000000,0.000000,0.000000,0.000000,0.000000,0.000000,0.000000,0.000000,0.000000,0.000000,0.000000,0.000000,0.000000,0.000000,0.000000,0.000000,0.000000,0.000000,0.000000,0.000000,0.000000,0.000000,0.000000,0.000000,0.000000,0.000000,0.000000,0.000000,0.000000,0.000000,0.000000,0.000000,0.000000,0.000000,0.000000,0.000000,0.000000,0.000000,0.000000,0.000000,0.000000,0.000000,0.000000,0.000000,0.000000,0.000000,0.000000,0.000000,0.000000,0.000000,0.000000,0.000000,0.000000,0.000000,0.000000,0.000000,0.000000,0.000000,0.000000,0.000000,0.000000,0.000000,0.000000,0.000000,0.000000,0.000000,0.000000,0.000000,0.000000,0.000000,0.000000,0.000000,0.000000,0.000000,0.000000,0.000000,0.000000,0.000000,0.000000,0.000000,0.000000,0.000000,0.000000,0.000000,0.000000,0.000000,0.000000,0.000000,0.000000,0.000000,0.000000,0.000000,0.000000,0.000000,0.000000,0.000000,0.000000,0.000000,0.000000,0.000000,0.000000,0.000000,0.000000,0.000000,0.000000,0.000000,0.000000,0.000000,0.000000,0.000000,0.000000,0.000000,0.000000,0.000000,0.000000,0.000000,0.000000,0.000000,0.000000,0.000000,0.000000,0.000000,0.000000,0.000000
-0.161354,-2.480329,-1.811915,-0.096802,-2.616396,-1.740534,-0.054563,-2.616838,-1.741118,-0.010747,-2.617031,-1.741903,-0.182749,-2.605644,-1.663035,-0.209789,-2.599916,-1.661814,-0.238059,-2.592371,-1.662411,0.077280,-2.559747,-1.090341,-0.218221,-2.536372,-0.666803,-0.078037,-2.349626,-1.563857,-0.195687,-2.350935,-1.448472,0.453421,-1.793855,-0.795814,-0.410259,-1.782465,-0.292273,0.671614,-0.879367,-0.986997,-0.481638,-0.868788,-1.132927,0.626345,-0.038365,-1.609222,-0.518926,-1.078355,-3.361471,0.641167,0.217021,-1.832262,-0.492768,-1.226503,-3.757353,0.512284,0.176475,-1.923135,-0.469759,-1.334525,-3.832043,0.484595,0.080339,-1.666005,-0.448016,-1.307191,-3.466504,0.300942,0.024072,-0.314225,-0.300942,-0.024072,0.314225,0.212730,1.435718,-0.588908,-0.353712,1.379142,0.387615,0.181000,2.733618,0.549900,-0.344778,2.639664,1.162719,0.213065,2.932254,0.585365,-0.345065,2.818016,1.203436,0.034402,3.074940,-0.777559,-0.333377,3.035694,-0.134705,0.475530,0.355133,0.005334,0.476480,0.351698,-0.000445,0.479567,0.347731,-0.007690,0.484013,0.342431,-0.014535,0.491768,0.337817,-0.020898,0.500431,0.338126,-0.024115,0.510075,0.335079,-0.025222,0.521563,0.337217,-0.023441,0.529902,0.340493,-0.019846,0.536620,0.342922,-0.015283,0.540006,0.345767,-0.010726,0.535800,0.349874,-0.014503,0.529764,0.353978,-0.019466,0.521713,0.359078,-0.022908,0.512687,0.362931,-0.024759,0.503320,0.364744,-0.023384,0.495151,0.365221,-0.020496,0.487960,0.363694,-0.014651,0.482354,0.360613,-0.008736,0.478557,0.358168,-0.000961,0.453080,0.252088,0.030128,0.454418,0.250168,0.026524,0.456290,0.247818,0.023631,0.459613,0.244626,0.020710,0.465195,0.242182,0.017647,0.471020,0.241749,0.015946,0.477011,0.242804,0.015791,0.481236,0.245634,0.016440,0.523849,0.240588,0.005042,0.525824,0.241328,0.004456,0.529464,0.241725,0.002148,0.535336,0.242420,-0.000118,0.541671,0.242046,-0.001343,0.548449,0.240151,-0.000835,0.553155,0.238005,0.000613,0.556638,0.235959,0.002163,0.497770,0.231109,-0.007268,0.496890,0.243683,-0.013605,0.495909,0.254834,-0.020621,0.494928,0.265226,-0.028314,0.000000,0.000000,0.000000,0.000000,0.000000,0.000000,0.000000,0.000000,0.000000,0.000000,0.000000,0.000000,0.000000,0.000000,0.000000,0.000000,0.000000,0.000000,0.000000,0.000000,0.000000,0.000000,0.000000,0.000000,0.000000,0.000000,0.000000,0.000000,0.000000,0.000000,0.000000,0.000000,0.000000,0.000000,0.000000,0.000000,0.000000,0.000000,0.000000,0.000000,0.000000,0.000000,0.000000,0.000000,0.000000,0.000000,0.000000,0.000000,0.000000,0.000000,0.000000,0.000000,0.000000,0.000000,0.000000,0.000000,0.000000,0.000000,0.000000,0.000000,0.000000,0.000000,0.000000,0.000000,0.000000,0.000000,0.000000,0.000000,0.000000,0.000000,0.000000,0.000000,0.000000,0.000000,0.000000,0.000000,0.000000,0.000000,0.000000,0.000000,0.000000,0.000000,0.000000,0.000000,0.000000,0.000000,0.000000,0.000000,0.000000,0.000000,0.000000,0.000000,0.000000,0.000000,0.000000,0.000000,0.000000,0.000000,0.000000,0.000000,0.000000,0.000000,0.000000,0.000000,0.000000,0.000000,0.000000,0.000000,0.000000,0.000000,0.000000,0.000000,0.000000,0.000000,0.000000,0.000000,0.000000,0.000000,0.000000,0.000000,0.000000,0.000000,0.000000,0.000000,0.000000,0.000000
-0.005785,-2.600088,-2.269017,0.062171,-2.730000,-2.121325,0.104672,-2.726050,-2.121106,0.146853,-2.721948,-2.121967,-0.061633,-2.729531,-2.172060,-0.096207,-2.724785,-2.171135,-0.119788,-2.717794,-2.172697,0.204975,-2.654109,-1.178258,-0.145248,-2.644775,-1.095754,0.081412,-2.452535,-1.893160,-0.077668,-2.458985,-1.952833,0.562184,-1.797655,-0.544908,-0.412987,-1.937249,-0.715991,0.754471,-0.871790,-0.480954,-0.659843,-1.065365,-1.082503,0.673069,-0.044116,-1.316272,-0.596420,-0.526796,-2.726708,0.698141,0.200824,-1.564199,-0.617611,-0.314611,-3.099655,0.602852,0.155763,-1.731918,-0.509517,-0.365727,-3.253996,0.573882,0.044634,-1.425349,-0.494904,-0.445928,-2.844688,0.330916,0.034894,-0.124914,-0.330916,-0.034894,0.124914,0.215477,1.520101,-0.104490,-0.430114,1.445071,0.078709,0.142589,2.853429,1.297559,-0.459620,2.773876,0.939717,0.160550,3.058719,1.360557,-0.467186,2.982032,0.979713,-0.021689,3.256418,0.015216,-0.413129,3.208258,-0.514169,0.497423,0.357245,0.005940,0.498495,0.353651,-0.000102,0.501809,0.349753,-0.007386,0.506543,0.344502,-0.014238,0.514723,0.340106,-0.020391,0.523679,0.340598,-0.023234,0.533422,0.337676,-0.023983,0.544786,0.339899,-0.021583,0.552906,0.343371,-0.017397,0.559353,0.345984,-0.012266,0.562638,0.349085,-0.007198,0.558617,0.353318,-0.011034,0.552875,0.357606,-0.016039,0.545076,0.362900,-0.019628,0.536089,0.366898,-0.021703,0.526569,0.368668,-0.020641,0.518031,0.368940,-0.018159,0.510490,0.367007,-0.012769,0.504602,0.363439,-0.007232,0.500581,0.360564,0.000080,0.474547,0.254178,0.026208,0.476107,0.252645,0.022552,0.478210,0.250714,0.019659,0.481753,0.248014,0.016752,0.487426,0.245879,0.013833,0.493209,0.245376,0.012340,0.499203,0.245911,0.012564,0.503379,0.248144,0.013493,0.546494,0.243604,0.004414,0.548453,0.244302,0.003939,0.552082,0.244805,0.001789,0.557979,0.245719,-0.000238,0.564340,0.245541,-0.001144,0.571135,0.243817,-0.000382,0.575806,0.241855,0.001222,0.579254,0.240032,0.002868,0.521057,0.234153,-0.009704,0.520315,0.246272,-0.015669,0.519531,0.257340,-0.022406,0.518753,0.267673,-0.029796,0.000000,0.000000,0.000000,0.000000,0.000000,0.000000,0.000000,0.000000,0.000000,0.000000,0.000000,0.000000,0.000000,0.000000,0.000000,0.000000,0.000000,0.000000,0.000000,0.000000,0.000000,0.000000,0.000000,0.000000,0.000000,0.000000,0.000000,0.000000,0.000000,0.000000,0.000000,0.000000,0.000000,0.000000,0.000000,0.000000,0.000000,0.000000,0.000000,0.000000,0.000000,0.000000,0.000000,0.000000,0.000000,0.000000,0.000000,0.000000,0.000000,0.000000,0.000000,0.000000,0.000000,0.000000,0.000000,0.000000,0.000000,0.000000,0.000000,0.000000,0.000000,0.000000,0.000000,0.000000,0.000000,0.000000,0.000000,0.000000,0.000000,0.000000,0.000000,0.000000,0.000000,0.000000,0.000000,0.000000,0.000000,0.000000,0.000000,0.000000,0.000000,0.000000,0.000000,0.000000,0.000000,0.000000,0.000000,0.000000,0.000000,0.000000,0.000000,0.000000,0.000000,0.000000,0.000000,0.000000,0.000000,0.000000,0.000000,0.000000,0.000000,0.000000,0.000000,0.000000,0.000000,0.000000,0.000000,0.000000,0.000000,0.000000,0.000000,0.000000,0.000000,0.000000,0.000000,0.000000,0.000000,0.000000,0.000000,0.000000,0.000000,0.000000,0.000000,0.000000,0.000000,0.000000
0.073047,-2.395979,-1.581293,0.127399,-2.513595,-1.489417,0.164983,-2.509600,-1.489378,0.203078,-2.504790,-1.490422,0.020049,-2.511700,-1.505021,-0.015756,-2.506732,-1.504354,-0.041244,-2.499783,-1.505521,0.253949,-2.442996,-0.812826,-0.069722,-2.435006,-0.806376,0.149737,-2.255476,-1.319153,0.003934,-2.260976,-1.324148,0.555765,-1.653883,-0.347982,-0.341849,-1.784532,-0.768958,0.624949,-0.844340,-0.222369,-0.588381,-0.947431,-0.732880,0.691939,-0.060649,-0.799973,-0.637896,-0.144552,-1.356409,0.763128,0.158178,-0.969028,-0.696412,0.073682,-1.549170,0.694389,0.154752,-1.112288,-0.610212,0.085382,-1.706452,0.650600,0.065122,-0.895292,-0.572885,0.000759,-1.443863,0.306342,0.024845,-0.005289,-0.306342,-0.024845,0.005289,0.219205,1.423560,0.029202,-0.350940,1.377045,0.025989,0.183922,2.684056,1.240767,-0.373102,2.658315,0.780069,0.184757,2.881511,1.299832,-0.400767,2.858376,0.822433,0.116017,3.070291,0.209451,-0.283157,3.049736,-0.412078,0.502345,0.348719,0.001476,0.503933,0.344946,-0.004299,0.507943,0.340755,-0.010925,0.513411,0.335254,-0.017021,0.522276,0.330612,-0.022203,0.531508,0.331094,-0.024141,0.541123,0.328409,-0.023900,0.551859,0.330866,-0.020545,0.559304,0.334746,-0.015721,0.565017,0.337669,-0.010100,0.567730,0.340941,-0.004803,0.564020,0.344794,-0.009320,0.558766,0.348740,-0.014983,0.551453,0.353683,-0.019116,0.542756,0.357422,-0.022029,0.533310,0.359100,-0.021931,0.524423,0.359370,-0.020369,0.516392,0.357567,-0.015895,0.509974,0.354290,-0.010874,0.505573,0.351685,-0.004093,0.478644,0.247143,0.021444,0.480420,0.245532,0.017997,0.482724,0.243605,0.015324,0.486526,0.240976,0.012761,0.492407,0.238910,0.010440,0.498228,0.238520,0.009552,0.504325,0.239063,0.010327,0.508594,0.241253,0.011551,0.552686,0.238190,0.007870,0.554697,0.239018,0.007573,0.558389,0.239772,0.005660,0.564313,0.241023,0.004100,0.570719,0.241154,0.003817,0.577399,0.239825,0.005197,0.581885,0.238173,0.007260,0.585050,0.236619,0.009214,0.528660,0.227515,-0.008973,0.528278,0.238629,-0.015206,0.527887,0.248862,-0.022225,0.527489,0.258448,-0.029870,0.000000,0.000000,0.000000,0.000000,0.000000,0.000000,0.000000,0.000000,0.000000,0.000000,0.000000,0.000000,0.000000,0.000000,0.000000,0.000000,0.000000,0.000000,0.000000,0.000000,0.000000,0.000000,0.000000,0.000000,0.000000,0.000000,0.000000,0.000000,0.000000,0.000000,0.000000,0.000000,0.000000,0.000000,0.000000,0.000000,0.000000,0.000000,0.000000,0.000000,0.000000,0.000000,0.000000,0.000000,0.000000,0.000000,0.000000,0.000000,0.000000,0.000000,0.000000,0.000000,0.000000,0.000000,0.000000,0.000000,0.000000,0.000000,0.000000,0.000000,0.000000,0.000000,0.000000,0.000000,0.000000,0.000000,0.000000,0.000000,0.000000,0.000000,0.000000,0.000000,0.000000,0.000000,0.000000,0.000000,0.000000,0.000000,0.000000,0.000000,0.000000,0.000000,0.000000,0.000000,0.000000,0.000000,0.000000,0.000000,0.000000,0.000000,0.000000,0.000000,0.000000,0.000000,0.000000,0.000000,0.000000,0.000000,0.000000,0.000000,0.000000,0.000000,0.000000,0.000000,0.000000,0.000000,0.000000,0.000000,0.000000,0.000000,0.000000,0.000000,0.000000,0.000000,0.000000,0.000000,0.000000,0.000000,0.000000,0.000000,0.000000,0.000000,0.000000,0.000000,0.000000,0.000000
