-0.080470,-2.469332,-3.200672,-0.018749,-2.602162,-3.011254,0.019486,-2.598156,-3.012273,0.053011,-2.593802,-3.013561,-0.139850,-2.597955,-3.007124,-0.178857,-2.591126,-3.007680,-0.206886,-2.585063,-3.008139,0.126811,-2.510544,-1.916171,-0.231393,-2.497763,-1.913825,-0.002975,-2.313383,-2.801763,-0.154345,-2.308105,-2.798485,0.475441,-1.607600,-1.113640,-0.521001,-1.615539,-1.197540,0.660356,-0.530713,-1.101944,-0.704956,-0.637553,-1.214400,0.855893,0.411309,-2.153703,-0.871266,0.286505,-2.214157,0.959895,0.651920,-2.487026,-0.961806,0.609148,-2.501773,0.896406,0.676049,-2.774316,-0.878713,0.621822,-2.837638,0.842564,0.604631,-2.296816,-0.827641,0.526090,-2.371344,0.311509,-0.004483,0.001252,-0.311509,0.004483,-0.001252,0.267169,0.817287,-4.600981,-0.283030,0.692129,-3.721462,0.327685,1.725660,-5.724422,-0.281798,1.760587,-5.827618,0.347935,2.034997,-5.907958,-0.263924,2.142172,-6.100152,0.295114,1.700016,-6.965126,-0.264119,1.658854,-7.032635,0.478599,0.356136,0.000419,0.479640,0.354281,-0.002785,0.482254,0.352205,-0.006481,0.485766,0.349495,-0.009906,0.491410,0.347255,-0.012721,0.497156,0.347725,-0.013614,0.503032,0.346374,-0.013324,0.509278,0.347808,-0.011189,0.513453,0.349984,-0.008253,0.516638,0.351637,-0.004904,0.518111,0.353359,-0.001865,0.515871,0.355213,-0.004688,0.512781,0.356939,-0.008268,0.508536,0.359073,-0.010922,0.503524,0.360643,-0.013004,0.498086,0.361362,-0.013164,0.492798,0.361479,-0.012341,0.487893,0.360682,-0.009681,0.483793,0.359131,-0.006713,0.480818,0.357779,-0.002727,0.465589,0.302246,0.011168,0.466654,0.301317,0.009264,0.468004,0.300190,0.007792,0.470240,0.298660,0.006430,0.473655,0.297479,0.005272,0.477010,0.297298,0.004917,0.480619,0.297686,0.005463,0.483216,0.299016,0.006190,0.509150,0.297897,0.005227,0.510222,0.298369,0.005079,0.512245,0.298851,0.004047,0.515582,0.299657,0.003247,0.519202,0.299901,0.003202,0.523019,0.299346,0.004074,0.525582,0.298554,0.005320,0.527398,0.297807,0.006442,0.495762,0.291565,-0.004925,0.495763,0.297311,-0.008554,0.495748,0.302852,-0.012576,0.495688,0.308095,-0.016985,0.325252,0.905563,-0.000000,0.334994,0.932038,-0.007309,0.334787,0.967467,-0.008130,0.331768,0.996181,-0.008066,0.330689,1.016723,-0.006731,0.310034,0.988209,0.001956,0.315356,1.023898,-0.002803,0.326451,1.041091,-0.008366,0.334776,1.047899,-0.011440,0.309232,0.989548,0.004170,0.315112,1.021956,0.001894,0.325082,1.037508,-0.002203,0.333762,1.045842,-0.005083,0.310589,0.988800,0.004890,0.315769,1.019525,0.002238,0.325002,1.034009,0.000607,0.332522,1.043351,-0.000190,0.312870,0.986416,0.004714,0.317378,1.015395,0.002484,0.324172,1.029660,0.002622,0.330182,1.039138,0.003439,0.000000,0.000000,0.000000,0.000000,0.000000,0.000000,0.000000,0.000000,0.000000,0.000000,0.000000,0.000000,0.000000,0.000000,0.000000,0.000000,0.000000,0.000000,0.000000,0.000000,0.000000,0.000000,0.000000,0.000000,0.000000,0.000000,0.000000,0.000000,0.000000,0.000000,0.000000,0.000000,0.000000,0.000000,0.000000,0.000000,0.000000,0.000000,0.000000,0.000000,0.000000,0.000000,0.000000,0.000000,0.000000,0.000000,0.000000,0.000000,0.000000,0.000000,0.000000,0.000000,0.000000,0.000000,0.000000,0.000000,0.000000,0.000000,0.000000,0.000000,0.000000,0.000000,0.000000
-0.070327,-2.612613,-2.985174,-0.002097,-2.753962,-2.799031,0.039817,-2.754734,-2.799575,0.071724,-2.751342,-2.801252,-0.130790,-2.739703,-2.776752,-0.169673,-2.732127,-2.777678,-0.200268,-2.724792,-2.778998,0.140823,-2.682226,-1.750377,-0.223415,-2.650962,-1.657184,0.022388,-2.453995,-2.591281,-0.127563,-2.433651,-2.561972,0.487621,-1.783848,-1.151063,-0.499126,-1.739800,-0.994970,0.663456,-0.645381,-0.828290,-0.685835,-0.742827,-0.679631,0.784838,0.412565,-1.563019,-0.800766,0.214330,-1.420522,0.850634,0.600628,-1.753483,-0.870638,0.481755,-1.605327,0.807461,0.645623,-1.942560,-0.842813,0.511119,-1.901932,0.760860,0.537740,-1.648220,-0.792861,0.417539,-1.557102,0.332886,-0.012714,0.014380,-0.332886,0.012714,-0.014380,0.374558,0.990755,-4.253769,-0.394186,0.882201,-2.862680,0.328494,1.826067,-1.925205,-0.335954,1.921944,-0.662583,0.330793,1.928616,-1.736403,-0.324989,2.055182,-0.480447,0.275512,2.198773,-2.978037,-0.281559,2.343772,-1.794466,0.472766,0.331766,0.001059,0.473796,0.330051,-0.002250,0.476446,0.328084,-0.006179,0.479965,0.325375,-0.009805,0.485537,0.323069,-0.012848,0.491172,0.323434,-0.013860,0.496973,0.321896,-0.013736,0.503389,0.323150,-0.011728,0.507823,0.325075,-0.008775,0.511313,0.326447,-0.005372,0.512986,0.327947,-0.002342,0.510674,0.330052,-0.005146,0.507426,0.332063,-0.008827,0.503002,0.334493,-0.011547,0.497845,0.336354,-0.013640,0.492330,0.337204,-0.013760,0.487038,0.337427,-0.012776,0.482134,0.336572,-0.009804,0.478028,0.334905,-0.006561,0.475005,0.333488,-0.002255,0.460259,0.275985,0.012579,0.461255,0.275043,0.010625,0.462551,0.273895,0.009121,0.464742,0.272361,0.007652,0.468133,0.271195,0.006370,0.471521,0.271007,0.005925,0.475094,0.271415,0.006360,0.477647,0.272729,0.007036,0.502870,0.270928,0.004958,0.503995,0.271358,0.004785,0.506110,0.271709,0.003694,0.509510,0.272269,0.002788,0.513150,0.272250,0.002642,0.516901,0.271468,0.003410,0.519424,0.270540,0.004595,0.521174,0.269670,0.005717,0.489337,0.265071,-0.004895,0.489279,0.271338,-0.008630,0.489204,0.277159,-0.012743,0.489110,0.282647,-0.017276,0.000000,0.000000,0.000000,0.000000,0.000000,0.000000,0.000000,0.000000,0.000000,0.000000,0.000000,0.000000,0.000000,0.000000,0.000000,0.000000,0.000000,0.000000,0.000000,0.000000,0.000000,0.000000,0.000000,0.000000,0.000000,0.000000,0.000000,0.000000,0.000000,0.000000,0.000000,0.000000,0.000000,0.000000,0.000000,0.000000,0.000000,0.000000,0.000000,0.000000,0.000000,0.000000,0.000000,0.000000,0.000000,0.000000,0.000000,0.000000,0.000000,0.000000,0.000000,0.000000,0.000000,0.000000,0.000000,0.000000,0.000000,0.000000,0.000000,0.000000,0.000000,0.000000,0.000000,0.000000,0.000000,0.000000,0.000000,0.000000,0.000000,0.000000,0.000000,0.000000,0.000000,0.000000,0.000000,0.000000,0.000000,0.000000,0.000000,0.000000,0.000000,0.000000,0.000000,0.000000,0.000000,0.000000,0.000000,0.000000,0.000000,0.000000,0.000000,0.000000,0.000000,0.000000,0.000000,0.000000,0.000000,0.000000,0.000000,0.000000,0.000000,0.000000,0.000000,0.000000,0.000000,0.000000,0.000000,0.000000,0.000000,0.000000,0.000000,0.000000,0.000000,0.000000,0.000000,0.000000,0.000000,0.000000,0.000000,0.000000,0.000000,0.000000,0.000000,0.000000,0.000000,0.000000
-0.063219,-2.635563,-3.147059,0.004532,-2.770196,-2.951247,0.045780,-2.768783,-2.951979,0.078135,-2.766484,-2.953611,-0.124111,-2.764642,-2.943851,-0.163979,-2.761115,-2.944746,-0.196303,-2.756068,-2.945917,0.145834,-2.705493,-1.847628,-0.223066,-2.686215,-1.817899,0.030179,-2.474686,-2.734166,-0.122736,-2.450776,-2.726844,0.484994,-1.789908,-1.162397,-0.514453,-1.780481,-1.130898,0.647681,-0.646454,-0.805096,-0.667937,-0.737405,-0.843590,0.781116,0.373419,-1.613488,-0.729294,0.205893,-1.559612,0.856740,0.563061,-1.853710,-0.783356,0.445970,-1.744372,0.814916,0.599772,-2.081726,-0.758445,0.505815,-2.018107,0.766757,0.503340,-1.719416,-0.711477,0.406922,-1.682550,0.340817,-0.012155,0.037755,-0.340817,0.012155,-0.037755,0.421543,0.748462,-4.090432,-0.453862,0.975594,-2.963746,0.465346,2.060819,-1.698933,-0.385660,2.125166,-0.711649,0.477971,2.215449,-1.501845,-0.367167,2.288121,-0.534612,0.425728,2.452493,-2.820484,-0.333865,2.583059,-1.959075,0.474005,0.320321,0.002215,0.475012,0.318588,-0.001354,0.477617,0.316717,-0.005524,0.481082,0.314128,-0.009388,0.486704,0.311918,-0.012611,0.492532,0.312231,-0.013694,0.498629,0.310495,-0.013635,0.505387,0.311407,-0.011531,0.510081,0.313012,-0.008435,0.513801,0.314130,-0.004852,0.515636,0.315533,-0.001572,0.513223,0.318014,-0.004351,0.509821,0.320460,-0.008063,0.505199,0.323362,-0.010818,0.499790,0.325586,-0.012893,0.493958,0.326645,-0.012910,0.488515,0.326914,-0.011819,0.483500,0.325953,-0.008758,0.479332,0.324039,-0.005467,0.476285,0.322322,-0.001104,0.460104,0.261875,0.012239,0.461070,0.260822,0.010197,0.462328,0.259529,0.008588,0.464526,0.257771,0.007035,0.468077,0.256444,0.005671,0.471679,0.256273,0.005182,0.475462,0.256980,0.005628,0.478210,0.258708,0.006356,0.504272,0.256705,0.004224,0.505413,0.257149,0.004053,0.507612,0.257473,0.002951,0.511209,0.258018,0.002018,0.515061,0.257917,0.001864,0.519034,0.256938,0.002672,0.521696,0.255784,0.003896,0.523560,0.254682,0.005043,0.490158,0.251133,-0.006105,0.490076,0.257976,-0.009757,0.489989,0.264369,-0.013859,0.489869,0.270385,-0.018339,0.000000,0.000000,0.000000,0.000000,0.000000,0.000000,0.000000,0.000000,0.000000,0.000000,0.000000,0.000000,0.000000,0.000000,0.000000,0.000000,0.000000,0.000000,0.000000,0.000000,0.000000,0.000000,0.000000,0.000000,0.000000,0.000000,0.000000,0.000000,0.000000,0.000000,0.000000,0.000000,0.000000,0.000000,0.000000,0.000000,0.000000,0.000000,0.000000,0.000000,0.000000,0.000000,0.000000,0.000000,0.000000,0.000000,0.000000,0.000000,0.000000,0.000000,0.000000,0.000000,0.000000,0.000000,0.000000,0.000000,0.000000,0.000000,0.000000,0.000000,0.000000,0.000000,0.000000,0.000000,0.000000,0.000000,0.000000,0.000000,0.000000,0.000000,0.000000,0.000000,0.000000,0.000000,0.000000,0.000000,0.000000,0.000000,0.000000,0.000000,0.000000,0.000000,0.000000,0.000000,0.000000,0.000000,0.000000,0.000000,0.000000,0.000000,0.000000,0.000000,0.000000,0.000000,0.000000,0.000000,0.000000,0.000000,0.000000,0.000000,0.000000,0.000000,0.000000,0.000000,0.000000,0.000000,0.000000,0.000000,0.000000,0.000000,0.000000,0.000000,0.000000,0.000000,0.000000,0.000000,0.000000,0.000000,0.000000,0.000000,0.000000,0.000000,0.000000,0.000000,0.000000,0.000000
-0.078809,-2.629668,-3.050706,-0.012584,-2.760254,-2.873288,0.031236,-2.759741,-2.873688,0.063794,-2.757806,-2.874909,-0.140026,-2.755734,-2.850522,-0.180044,-2.754174,-2.851149,-0.211892,-2.749365,-2.852153,0.133300,-2.696407,-1.834169,-0.234487,-2.678547,-1.731591,0.014653,-2.466515,-2.664090,-0.137182,-2.447583,-2.635191,0.476107,-1.788891,-1.204461,-0.520165,-1.794229,-1.119259,0.637662,-0.671992,-0.871593,-0.669370,-0.803751,-0.907543,0.761941,0.367909,-1.748265,-0.790253,0.133748,-1.788862,0.827463,0.576169,-2.017390,-0.882629,0.382591,-2.019623,0.786325,0.612196,-2.254544,-0.846599,0.401795,-2.303297,0.741513,0.516550,-1.859000,-0.792140,0.331282,-1.931244,0.330140,-0.016744,0.042578,-0.330140,0.016744,-0.042578,0.407791,0.855694,-3.879533,-0.430730,1.035519,-3.049233,0.442621,2.040362,-1.025335,-0.333607,2.186217,-0.652488,0.448477,2.172386,-0.782470,-0.316206,2.339599,-0.458112,0.404325,2.468249,-1.965396,-0.276181,2.659157,-1.786638,0.473546,0.317512,0.002612,0.474680,0.315758,-0.001047,0.477474,0.313975,-0.005365,0.481162,0.311455,-0.009389,0.486990,0.309335,-0.012681,0.492928,0.309740,-0.013766,0.499131,0.308067,-0.013697,0.505966,0.309029,-0.011512,0.510756,0.310662,-0.008261,0.514597,0.311766,-0.004502,0.516490,0.313214,-0.001117,0.513946,0.315931,-0.003907,0.510403,0.318534,-0.007755,0.505623,0.321526,-0.010644,0.500062,0.323764,-0.012877,0.494074,0.324737,-0.012912,0.488456,0.324921,-0.011768,0.483317,0.323804,-0.008540,0.479050,0.321699,-0.005148,0.475910,0.319768,-0.000687,0.460449,0.259371,0.012132,0.461443,0.258216,0.010072,0.462740,0.256859,0.008442,0.464989,0.255036,0.006871,0.468585,0.253696,0.005505,0.472220,0.253579,0.005020,0.476041,0.254408,0.005471,0.478827,0.256277,0.006205,0.504832,0.254603,0.004149,0.506003,0.255126,0.003978,0.508244,0.255510,0.002878,0.511884,0.256106,0.001957,0.515761,0.256040,0.001811,0.519729,0.255044,0.002633,0.522365,0.253882,0.003877,0.524192,0.252783,0.005030,0.490978,0.248334,-0.006300,0.490894,0.255121,-0.009955,0.490805,0.261443,-0.014066,0.490682,0.267351,-0.018580,0.321661,0.877939,-0.000000,0.330459,0.901669,-0.008827,0.329979,0.933533,-0.012460,0.324666,0.961163,-0.015997,0.319913,0.982073,-0.017675,0.315191,0.955929,-0.002936,0.304774,0.982021,-0.012757,0.309859,0.971011,-0.018490,0.313681,0.957438,-0.020420,0.304073,0.953768,-0.001545,0.295589,0.976706,-0.011108,0.302981,0.961938,-0.014601,0.308276,0.949291,-0.014624,0.295179,0.949853,-0.001956,0.288373,0.971731,-0.010668,0.295995,0.959398,-0.009978,0.302057,0.947143,-0.006942,0.288131,0.944955,-0.003094,0.282884,0.965786,-0.007577,0.288631,0.958808,-0.005567,0.293629,0.948677,-0.002275,0.000000,0.000000,0.000000,0.000000,0.000000,0.000000,0.000000,0.000000,0.000000,0.000000,0.000000,0.000000,0.000000,0.000000,0.000000,0.000000,0.000000,0.000000,0.000000,0.000000,0.000000,0.000000,0.000000,0.000000,0.000000,0.000000,0.000000,0.000000,0.000000,0.000000,0.000000,0.000000,0.000000,0.000000,0.000000,0.000000,0.000000,0.000000,0.000000,0.000000,0.000000,0.000000,0.000000,0.000000,0.000000,0.000000,0.000000,0.000000,0.000000,0.000000,0.000000,0.000000,0.000000,0.000000,0.000000,0.000000,0.000000,0.000000,0.000000,0.000000,0.000000,0.000000,0.000000
-0.069165,-2.674304,-3.937524,-0.003531,-2.804921,-3.697231,0.040243,-2.803717,-3.697628,0.072734,-2.801607,-3.699381,-0.133389,-2.801159,-3.683567,-0.175071,-2.799290,-3.685266,-0.208082,-2.794634,-3.686317,0.142498,-2.736203,-2.343841,-0.231407,-2.720145,-2.316998,0.022803,-2.506253,-3.447649,-0.131305,-2.487682,-3.444900,0.476968,-1.819293,-1.498460,-0.521623,-1.833305,-1.447316,0.654357,-0.690795,-0.962941,-0.780449,-0.789580,-3.047615,0.781660,0.352674,-1.565826,-0.864593,-1.195341,-6.102046,0.850352,0.583112,-1.690574,-0.901443,-1.416566,-6.594490,0.810623,0.621340,-1.845779,-0.886409,-1.529132,-6.581684,0.766940,0.520634,-1.598402,-0.864934,-1.456195,-6.154311,0.340859,-0.020510,0.007513,-0.340859,0.020510,-0.007513,0.370519,0.800942,-4.708537,-0.421726,1.205898,-3.095984,0.448013,2.357701,-1.242760,-0.469980,2.464619,-0.126122,0.444846,2.528822,-0.979412,-0.477749,2.656684,0.098815,0.452753,2.850677,-2.462586,-0.433873,2.924290,-1.660352,0.474214,0.317571,0.001837,0.475431,0.315805,-0.001726,0.478291,0.313998,-0.005847,0.482049,0.311480,-0.009640,0.487902,0.309412,-0.012688,0.493820,0.309900,-0.013589,0.499886,0.308281,-0.013327,0.506456,0.309298,-0.010989,0.511002,0.311021,-0.007679,0.514586,0.312216,-0.003896,0.516325,0.313697,-0.000494,0.513891,0.316283,-0.003367,0.510538,0.318785,-0.007218,0.505967,0.321693,-0.010115,0.500597,0.323860,-0.012440,0.494762,0.324781,-0.012656,0.489188,0.324913,-0.011742,0.484039,0.323763,-0.008813,0.479725,0.321654,-0.005606,0.476559,0.319761,-0.001348,0.460995,0.257878,0.010882,0.462025,0.256758,0.008894,0.463340,0.255423,0.007325,0.465600,0.253625,0.005838,0.469199,0.252332,0.004593,0.472805,0.252270,0.004226,0.476637,0.253203,0.004790,0.479434,0.255163,0.005578,0.505281,0.254126,0.004531,0.506417,0.254657,0.004399,0.508635,0.255078,0.003365,0.512256,0.255773,0.002545,0.516105,0.255797,0.002514,0.520050,0.254896,0.003429,0.522662,0.253795,0.004749,0.524462,0.252744,0.005932,0.491900,0.247886,-0.006340,0.491884,0.254702,-0.009935,0.491882,0.261136,-0.013997,0.491839,0.267171,-0.018442,0.323382,0.602324,0.000000,0.337560,0.589968,-0.012776,0.341076,0.567491,-0.017993,0.331803,0.549665,-0.022437,0.324141,0.538364,-0.026194,0.336779,0.528406,-0.009868,0.344362,0.496968,-0.019462,0.348205,0.477109,-0.025731,0.350983,0.460680,-0.028728,0.321345,0.526900,-0.008831,0.315423,0.490300,-0.019062,0.310885,0.466909,-0.024799,0.307588,0.447624,-0.026465,0.309166,0.534205,-0.009228,0.303869,0.522984,-0.023131,0.308835,0.539356,-0.025439,0.312854,0.552792,-0.021900,0.299815,0.546357,-0.010480,0.295538,0.536631,-0.019653,0.300058,0.547174,-0.018010,0.304389,0.557020,-0.013494,0.000000,0.000000,0.000000,0.000000,0.000000,0.000000,0.000000,0.000000,0.000000,0.000000,0.000000,0.000000,0.000000,0.000000,0.000000,0.000000,0.000000,0.000000,0.000000,0.000000,0.000000,0.000000,0.000000,0.000000,0.000000,0.000000,0.000000,0.000000,0.000000,0.000000,0.000000,0.000000,0.000000,0.000000,0.000000,0.000000,0.000000,0.000000,0.000000,0.000000,0.000000,0.000000,0.000000,0.000000,0.000000,0.000000,0.000000,0.000000,0.000000,0.000000,0.000000,0.000000,0.000000,0.000000,0.000000,0.000000,0.000000,0.000000,0.000000,0.000000,0.000000,0.000000,0.000000
-0.059550,-2.700033,-3.719359,0.006424,-2.836143,-3.498548,0.050355,-2.833635,-3.498940,0.083025,-2.831111,-3.500500,-0.126405,-2.835406,-3.472468,-0.170010,-2.833462,-3.473868,-0.204587,-2.829008,-3.474944,0.152916,-2.759239,-2.213756,-0.230376,-2.744519,-2.118964,0.030755,-2.523779,-3.249100,-0.130392,-2.506657,-3.227264,0.486640,-1.834534,-1.371347,-0.511979,-1.877778,-1.341610,0.668122,-0.677245,-0.757582,-0.817562,-0.807727,-3.093231,0.797651,0.362832,-1.249703,-0.768555,-1.419848,-6.087081,0.871729,0.588465,-1.381683,-0.785873,-1.636199,-6.575497,0.834636,0.637532,-1.543128,-0.760808,-1.731874,-6.511085,0.787960,0.537202,-1.300079,-0.735792,-1.669477,-6.116041,0.347666,-0.013424,-0.017518,-0.347666,0.013424,0.017518,0.388089,0.861438,-4.563687,-0.386164,1.340364,-2.339605,0.403311,2.542267,-1.608230,-0.426808,2.628410,0.250458,0.402775,2.733232,-1.381933,-0.440109,2.826245,0.445775,0.372082,3.027421,-2.943104,-0.364052,3.081777,-1.266800,0.473656,0.313636,0.000535,0.474850,0.311915,-0.002840,0.477736,0.310029,-0.006765,0.481522,0.307407,-0.010346,0.487346,0.305189,-0.013243,0.493210,0.305586,-0.014089,0.499152,0.304042,-0.013745,0.505591,0.305145,-0.011443,0.510078,0.306945,-0.008245,0.513584,0.308206,-0.004594,0.515232,0.309633,-0.001365,0.512824,0.311921,-0.004356,0.509522,0.314093,-0.008281,0.505033,0.316683,-0.011195,0.499783,0.318619,-0.013535,0.494141,0.319472,-0.013825,0.488690,0.319678,-0.012996,0.483582,0.318764,-0.010175,0.479232,0.317010,-0.007005,0.476034,0.315497,-0.002730,0.460030,0.255002,0.011341,0.461067,0.253830,0.009406,0.462394,0.252465,0.007873,0.464656,0.250654,0.006452,0.468256,0.249375,0.005251,0.471847,0.249347,0.004929,0.475656,0.250300,0.005474,0.478431,0.252273,0.006244,0.504280,0.251504,0.005443,0.505448,0.252071,0.005323,0.507691,0.252527,0.004279,0.511318,0.253243,0.003469,0.515163,0.253289,0.003448,0.519055,0.252405,0.004402,0.521610,0.251342,0.005768,0.523351,0.250341,0.006984,0.490977,0.244783,-0.005288,0.491010,0.251408,-0.009049,0.491046,0.257584,-0.013245,0.491055,0.263378,-0.017854,0.340225,0.572453,0.000000,0.355439,0.556090,-0.010174,0.359708,0.530999,-0.014989,0.346965,0.515152,-0.019969,0.331973,0.507684,-0.024318,0.357833,0.487171,-0.006430,0.367056,0.455074,-0.014818,0.372088,0.434054,-0.020593,0.375382,0.416401,-0.023667,0.341794,0.484922,-0.007652,0.338437,0.446693,-0.016616,0.335658,0.422116,-0.022540,0.332737,0.401468,-0.024962,0.327906,0.492948,-0.010065,0.324579,0.477422,-0.023068,0.330243,0.496890,-0.024924,0.333485,0.512685,-0.021532,0.316074,0.507160,-0.013235,0.313587,0.492170,-0.021641,0.319249,0.504326,-0.019052,0.323150,0.516644,-0.014188,0.000000,0.000000,0.000000,0.000000,0.000000,0.000000,0.000000,0.000000,0.000000,0.000000,0.000000,0.000000,0.000000,0.000000,0.000000,0.000000,0.000000,0.000000,0.000000,0.000000,0.000000,0.000000,0.000000,0.000000,0.000000,0.000000,0.000000,0.000000,0.000000,0.000000,0.000000,0.000000,0.000000,0.000000,0.000000,0.000000,0.000000,0.000000,0.000000,0.000000,0.000000,0.000000,0.000000,0.000000,0.000000,0.000000,0.000000,0.000000,0.000000,0.000000,0.000000,0.000000,0.000000,0.000000,0.000000,0.000000,0.000000,0.000000,0.000000,0.000000,0.000000,0.000000,0.000000
-0.055632,-2.704215,-3.437108,0.010541,-2.839432,-3.212700,0.054196,-2.836746,-3.213349,0.086708,-2.833755,-3.214872,-0.123599,-2.837463,-3.203378,-0.167142,-2.834469,-3.204761,-0.202074,-2.829743,-3.205718,0.155036,-2.757830,-1.964224,-0.229198,-2.741086,-1.948247,0.033850,-2.525889,-2.983320,-0.129306,-2.512264,-2.984179,0.487935,-1.827812,-1.226005,-0.511011,-1.862854,-1.236612,0.665276,-0.676753,-0.822976,-0.803768,-0.800378,-2.658640,0.793242,0.344863,-1.655990,-0.779269,-1.077850,-5.425417,0.866343,0.569598,-1.875960,-0.793058,-1.216880,-5.894766,0.832527,0.616619,-2.052706,-0.773595,-1.341568,-5.927350,0.785500,0.510888,-1.727393,-0.749438,-1.302752,-5.494044,0.346775,-0.013918,0.012931,-0.346775,0.013918,-0.012931,0.397094,1.307614,-4.193460,-0.435278,1.108461,-3.197496,0.430019,2.521486,-1.267930,-0.446522,2.601572,-0.910544,0.422299,2.707961,-1.040997,-0.452506,2.804600,-0.743894,0.419818,3.007174,-2.480342,-0.394057,3.064915,-2.429981,0.475069,0.315252,0.000998,0.476193,0.313274,-0.002417,0.478869,0.311231,-0.006356,0.482447,0.308465,-0.009981,0.488135,0.306181,-0.012917,0.493931,0.306626,-0.013794,0.499850,0.305035,-0.013479,0.506300,0.306247,-0.011186,0.510733,0.308212,-0.007990,0.514207,0.309667,-0.004351,0.515922,0.311368,-0.001102,0.513631,0.313854,-0.003943,0.510431,0.316250,-0.007692,0.506019,0.319078,-0.010497,0.500757,0.321211,-0.012734,0.495013,0.322120,-0.012967,0.489479,0.322257,-0.012115,0.484443,0.321130,-0.009327,0.480279,0.319085,-0.006247,0.477289,0.317317,-0.002144,0.461774,0.255883,0.010952,0.462830,0.254919,0.009006,0.464177,0.253725,0.007494,0.466426,0.252100,0.006069,0.469912,0.250899,0.004861,0.473367,0.250761,0.004524,0.477062,0.251381,0.005093,0.479702,0.252973,0.005881,0.505205,0.251821,0.004955,0.506315,0.252303,0.004832,0.508453,0.252725,0.003799,0.511945,0.253433,0.003009,0.515677,0.253493,0.002984,0.519535,0.252690,0.003880,0.522107,0.251740,0.005179,0.523917,0.250865,0.006356,0.491923,0.245546,-0.005551,0.491882,0.252209,-0.009191,0.491857,0.258440,-0.013281,0.491806,0.264306,-0.017769,0.330707,0.652615,0.000000,0.344954,0.643454,-0.011978,0.353309,0.627268,-0.018177,0.352063,0.617958,-0.023753,0.347763,0.611766,-0.029118,0.339022,0.588989,-0.012227,0.343532,0.560161,-0.020760,0.346700,0.540973,-0.026592,0.349161,0.525155,-0.029897,0.324712,0.590036,-0.011480,0.319024,0.562504,-0.019594,0.317607,0.546755,-0.024465,0.317084,0.533488,-0.026728,0.314021,0.598349,-0.011790,0.309945,0.589692,-0.021799,0.314799,0.600700,-0.023233,0.318896,0.609647,-0.021313,0.306525,0.611116,-0.013123,0.304508,0.606097,-0.020235,0.309702,0.614730,-0.019051,0.314520,0.623198,-0.016038,0.000000,0.000000,0.000000,0.000000,0.000000,0.000000,0.000000,0.000000,0.000000,0.000000,0.000000,0.000000,0.000000,0.000000,0.000000,0.000000,0.000000,0.000000,0.000000,0.000000,0.000000,0.000000,0.000000,0.000000,0.000000,0.000000,0.000000,0.000000,0.000000,0.000000,0.000000,0.000000,0.000000,0.000000,0.000000,0.000000,0.000000,0.000000,0.000000,0.000000,0.000000,0.000000,0.000000,0.000000,0.000000,0.000000,0.000000,0.000000,0.000000,0.000000,0.000000,0.000000,0.000000,0.000000,0.000000,0.000000,0.000000,0.000000,0.000000,0.000000,0.000000,0.000000,0.000000
-0.061440,-2.696295,-3.530511,0.001376,-2.829226,-3.334494,0.041261,-2.826498,-3.335040,0.076419,-2.823514,-3.336434,-0.128163,-2.825530,-3.331309,-0.169647,-2.821329,-3.332151,-0.210156,-2.813952,-3.333198,0.143974,-2.746834,-2.195593,-0.241927,-2.726290,-2.185020,0.027225,-2.522412,-3.107378,-0.126212,-2.505803,-3.104210,0.475119,-1.812184,-1.483131,-0.523840,-1.822262,-1.469904,0.638066,-0.687929,-1.155395,-0.692801,-0.805568,-1.334367,0.766092,0.328367,-2.080572,-0.855443,0.209166,-2.244811,0.834858,0.555910,-2.386946,-0.938329,0.485483,-2.500606,0.799966,0.592609,-2.632900,-0.908986,0.521059,-2.808198,0.754401,0.485763,-2.199999,-0.873434,0.420974,-2.389673,0.334138,-0.019410,0.020112,-0.334138,0.019410,-0.020112,0.433559,1.150497,-3.826758,-0.472420,1.072693,-2.744367,0.482890,2.191490,-1.198320,-0.397227,2.310985,-0.605648,0.484586,2.346121,-0.981505,-0.382779,2.481016,-0.442107,0.471151,2.616927,-2.291590,-0.349636,2.773002,-1.908966,0.475612,0.315550,0.001570,0.476790,0.313658,-0.001981,0.479566,0.311761,-0.006094,0.483230,0.309166,-0.009899,0.489027,0.307122,-0.012975,0.494902,0.307721,-0.013940,0.501004,0.306239,-0.013701,0.507629,0.307496,-0.011422,0.512195,0.309453,-0.008165,0.515796,0.310844,-0.004439,0.517559,0.312505,-0.001068,0.515119,0.315017,-0.003929,0.511737,0.317429,-0.007738,0.507140,0.320267,-0.010605,0.501704,0.322372,-0.012893,0.495784,0.323211,-0.013068,0.490191,0.323221,-0.012104,0.485098,0.321945,-0.009124,0.480900,0.319734,-0.005909,0.477861,0.317780,-0.001649,0.462978,0.256086,0.011400,0.464011,0.255006,0.009403,0.465347,0.253721,0.007830,0.467627,0.251998,0.006337,0.471221,0.250773,0.005066,0.474811,0.250735,0.004683,0.478601,0.251602,0.005230,0.481337,0.253482,0.005998,0.507241,0.252848,0.004760,0.508383,0.253397,0.004621,0.510590,0.253860,0.003562,0.514187,0.254643,0.002725,0.518043,0.254768,0.002677,0.522006,0.253976,0.003566,0.524645,0.252969,0.004877,0.526474,0.251995,0.006061,0.493727,0.246252,-0.005959,0.493588,0.252871,-0.009633,0.493460,0.259140,-0.013773,0.493307,0.265049,-0.018306,0.087258,0.247817,-0.000000,0.090405,0.254619,-0.004482,0.089916,0.264593,-0.006109,0.088547,0.273036,-0.006871,0.087469,0.279777,-0.007209,0.080333,0.266826,-0.003866,0.081000,0.278711,-0.006363,0.083717,0.285192,-0.008299,0.085717,0.287913,-0.009224,0.078792,0.267587,-0.002180,0.079373,0.278569,-0.003922,0.082098,0.284807,-0.004918,0.084251,0.287979,-0.005477,0.078445,0.268213,-0.000980,0.078612,0.278390,-0.002828,0.081084,0.284079,-0.003340,0.082753,0.287442,-0.003377,0.078750,0.268668,-0.000133,0.078205,0.277918,-0.001775,0.079623,0.283019,-0.002121,0.080871,0.286072,-0.001990,0.000000,0.000000,0.000000,0.000000,0.000000,0.000000,0.000000,0.000000,0.000000,0.000000,0.000000,0.000000,0.000000,0.000000,0.000000,0.000000,0.000000,0.000000,0.000000,0.000000,0.000000,0.000000,0.000000,0.000000,0.000000,0.000000,0.000000,0.000000,0.000000,0.000000,0.000000,0.000000,0.000000,0.000000,0.000000,0.000000,0.000000,0.000000,0.000000,0.000000,0.000000,0.000000,0.000000,0.000000,0.000000,0.000000,0.000000,0.000000,0.000000,0.000000,0.000000,0.000000,0.000000,0.000000,0.000000,0.000000,0.000000,0.000000,0.000000,0.000000,0.000000,0.000000,0.000000
-0.059208,-2.666174,-3.389138,0.000940,-2.799297,-3.188351,0.038657,-2.796677,-3.188989,0.073389,-2.793643,-3.190470,-0.126366,-2.795234,-3.194185,-0.166892,-2.790630,-3.195089,-0.207439,-2.782368,-3.196160,0.137498,-2.717522,-2.060528,-0.242719,-2.695359,-2.094130,0.024856,-2.494042,-2.967609,-0.124948,-2.477277,-2.979766,0.465653,-1.795431,-1.323542,-0.532363,-1.783212,-1.385267,0.625023,-0.686744,-0.953780,-0.701784,-0.743275,-1.217287,0.753251,0.331426,-1.810579,-0.811332,0.238088,-2.000983,0.820049,0.553339,-2.087264,-0.874644,0.508166,-2.232797,0.788223,0.587881,-2.325022,-0.843228,0.539907,-2.526464,0.742211,0.484167,-1.924260,-0.793015,0.437817,-2.136011,0.328546,-0.019985,0.041669,-0.328546,0.019985,-0.041669,0.415783,0.849043,-3.870951,-0.436198,0.987705,-2.779506,0.467302,2.198676,-1.541870,-0.388317,2.288907,-0.898307,0.466012,2.362987,-1.360622,-0.376084,2.471509,-0.760685,0.446994,2.615902,-2.721665,-0.337634,2.761543,-2.271312,0.473849,0.316888,0.002735,0.474823,0.315009,-0.000801,0.477368,0.312973,-0.004934,0.480845,0.310249,-0.008796,0.486586,0.307965,-0.012054,0.492474,0.308354,-0.013140,0.498601,0.306696,-0.013096,0.505333,0.307783,-0.010966,0.509871,0.309667,-0.007857,0.513385,0.311053,-0.004307,0.515066,0.312692,-0.001046,0.512707,0.315071,-0.003702,0.509418,0.317425,-0.007262,0.504886,0.320255,-0.009911,0.499493,0.322414,-0.011814,0.493649,0.323372,-0.011784,0.488091,0.323549,-0.010735,0.483040,0.322479,-0.007851,0.478943,0.320498,-0.004679,0.476033,0.318819,-0.000471,0.460951,0.259190,0.011426,0.462060,0.258700,0.009306,0.463502,0.257943,0.007688,0.465813,0.256830,0.006140,0.469204,0.255835,0.004740,0.472513,0.255407,0.004224,0.476104,0.255115,0.004778,0.478606,0.255714,0.005612,0.504988,0.253473,0.003514,0.506042,0.253793,0.003371,0.508057,0.254198,0.002280,0.511470,0.254928,0.001380,0.515177,0.255035,0.001249,0.519157,0.254315,0.002018,0.521854,0.253496,0.003165,0.523819,0.252762,0.004283,0.490848,0.247578,-0.006582,0.490706,0.254351,-0.010016,0.490571,0.260658,-0.013966,0.490409,0.266581,-0.018268,0.000000,0.000000,0.000000,0.000000,0.000000,0.000000,0.000000,0.000000,0.000000,0.000000,0.000000,0.000000,0.000000,0.000000,0.000000,0.000000,0.000000,0.000000,0.000000,0.000000,0.000000,0.000000,0.000000,0.000000,0.000000,0.000000,0.000000,0.000000,0.000000,0.000000,0.000000,0.000000,0.000000,0.000000,0.000000,0.000000,0.000000,0.000000,0.000000,0.000000,0.000000,0.000000,0.000000,0.000000,0.000000,0.000000,0.000000,0.000000,0.000000,0.000000,0.000000,0.000000,0.000000,0.000000,0.000000,0.000000,0.000000,0.000000,0.000000,0.000000,0.000000,0.000000,0.000000,0.000000,0.000000,0.000000,0.000000,0.000000,0.000000,0.000000,0.000000,0.000000,0.000000,0.000000,0.000000,0.000000,0.000000,0.000000,0.000000,0.000000,0.000000,0.000000,0.000000,0.000000,0.000000,0.000000,0.000000,0.000000,0.000000,0.000000,0.000000,0.000000,0.000000,0.000000,0.000000,0.000000,0.000000,0.000000,0.000000,0.000000,0.000000,0.000000,0.000000,0.000000,0.000000,0.000000,0.000000,0.000000,0.000000,0.000000,0.000000,0.000000,0.000000,0.000000,0.000000,0.000000,0.000000,0.000000,0.000000,0.000000,0.000000,0.000000,0.000000,0.000000,0.000000,0.000000
-0.067175,-2.660044,-3.423293,-0.005082,-2.795136,-3.226199,0.034139,-2.792444,-3.226826,0.068578,-2.788774,-3.228336,-0.131896,-2.791183,-3.226776,-0.171884,-2.786478,-3.227718,-0.211661,-2.778014,-3.228772,0.134408,-2.711666,-2.099741,-0.244507,-2.691491,-2.113658,0.018275,-2.486439,-3.001663,-0.132174,-2.472768,-3.006848,0.463647,-1.793900,-1.357194,-0.535910,-1.778666,-1.382648,0.622511,-0.688466,-0.985596,-0.709423,-0.740022,-1.191154,0.750018,0.338808,-1.821142,-0.811426,0.251379,-1.979757,0.816779,0.557173,-2.106240,-0.875518,0.521701,-2.212629,0.787572,0.591737,-2.350740,-0.843852,0.555174,-2.507690,0.741394,0.487276,-1.938337,-0.791917,0.451356,-2.116257,0.328345,-0.020445,0.042439,-0.328345,0.020445,-0.042439,0.396979,0.776018,-3.968649,-0.413883,0.975049,-3.025104,0.457563,2.212705,-1.514364,-0.386035,2.299037,-1.137728,0.455228,2.376852,-1.318469,-0.376959,2.486644,-1.003570,0.429877,2.636430,-2.682853,-0.337018,2.776447,-2.545321,0.473558,0.315802,0.003106,0.474719,0.314019,-0.000617,0.477485,0.312245,-0.005027,0.481146,0.309756,-0.009151,0.486987,0.307723,-0.012540,0.492978,0.308249,-0.013673,0.499283,0.306591,-0.013649,0.506249,0.307591,-0.011454,0.511127,0.309298,-0.008170,0.515029,0.310452,-0.004381,0.516975,0.311958,-0.000972,0.514394,0.314642,-0.003728,0.510776,0.317229,-0.007571,0.505903,0.320200,-0.010472,0.500231,0.322411,-0.012683,0.494111,0.323355,-0.012682,0.488408,0.323450,-0.011486,0.483237,0.322253,-0.008202,0.478985,0.320063,-0.004757,0.475885,0.318077,-0.000231,0.461031,0.257117,0.012103,0.462030,0.256097,0.010015,0.463351,0.254863,0.008371,0.465626,0.253191,0.006778,0.469217,0.251965,0.005379,0.472816,0.251838,0.004864,0.476613,0.252501,0.005325,0.479341,0.254164,0.006074,0.505538,0.252708,0.003833,0.506679,0.253208,0.003660,0.508875,0.253637,0.002552,0.512489,0.254344,0.001623,0.516366,0.254389,0.001464,0.520399,0.253515,0.002262,0.523095,0.252453,0.003474,0.524984,0.251421,0.004616,0.491444,0.246336,-0.006567,0.491254,0.253089,-0.010173,0.491061,0.259401,-0.014258,0.490839,0.265311,-0.018739,0.000000,0.000000,0.000000,0.000000,0.000000,0.000000,0.000000,0.000000,0.000000,0.000000,0.000000,0.000000,0.000000,0.000000,0.000000,0.000000,0.000000,0.000000,0.000000,0.000000,0.000000,0.000000,0.000000,0.000000,0.000000,0.000000,0.000000,0.000000,0.000000,0.000000,0.000000,0.000000,0.000000,0.000000,0.000000,0.000000,0.000000,0.000000,0.000000,0.000000,0.000000,0.000000,0.000000,0.000000,0.000000,0.000000,0.000000,0.000000,0.000000,0.000000,0.000000,0.000000,0.000000,0.000000,0.000000,0.000000,0.000000,0.000000,0.000000,0.000000,0.000000,0.000000,0.000000,0.000000,0.000000,0.000000,0.000000,0.000000,0.000000,0.000000,0.000000,0.000000,0.000000,0.000000,0.000000,0.000000,0.000000,0.000000,0.000000,0.000000,0.000000,0.000000,0.000000,0.000000,0.000000,0.000000,0.000000,0.000000,0.000000,0.000000,0.000000,0.000000,0.000000,0.000000,0.000000,0.000000,0.000000,0.000000,0.000000,0.000000,0.000000,0.000000,0.000000,0.000000,0.000000,0.000000,0.000000,0.000000,0.000000,0.000000,0.000000,0.000000,0.000000,0.000000,0.000000,0.000000,0.000000,0.000000,0.000000,0.000000,0.000000,0.000000,0.000000,0.000000,0.000000,0.000000
-0.069312,-2.608533,-2.865390,-0.007669,-2.748047,-2.669207,0.031335,-2.745034,-2.670176,0.064949,-2.740664,-2.671611,-0.131818,-2.743889,-2.681408,-0.170426,-2.738123,-2.681813,-0.208689,-2.729040,-2.682769,0.131867,-2.667173,-1.606899,-0.238655,-2.649146,-1.666955,0.016033,-2.440655,-2.467994,-0.132226,-2.431305,-2.486678,0.460425,-1.774708,-0.921365,-0.532981,-1.744031,-1.031825,0.620833,-0.822805,-0.439575,-0.707632,-0.716822,-0.765246,0.776060,0.025626,-1.193565,-0.804065,0.258240,-1.468158,0.881443,0.246990,-1.432720,-0.860098,0.525527,-1.685874,0.851685,0.253994,-1.670059,-0.832541,0.558954,-1.969289,0.801181,0.201317,-1.307302,-0.782985,0.457064,-1.598829,0.326881,-0.022512,0.046412,-0.326881,0.022512,-0.046412,0.371356,0.766552,-3.225308,-0.425472,1.034489,-2.954260,0.510553,2.118874,-0.962854,-0.355695,2.184070,-1.274518,0.521619,2.275841,-0.787830,-0.341669,2.349100,-1.157148,0.489023,2.520961,-1.992780,-0.287326,2.574053,-2.590642,0.474724,0.316059,0.002694,0.475896,0.314269,-0.001002,0.478685,0.312466,-0.005310,0.482358,0.309951,-0.009315,0.488183,0.307958,-0.012610,0.494109,0.308598,-0.013697,0.500299,0.307096,-0.013594,0.507073,0.308347,-0.011362,0.511743,0.310269,-0.008115,0.515465,0.311607,-0.004369,0.517310,0.313196,-0.000949,0.514805,0.315638,-0.003718,0.511324,0.317989,-0.007483,0.506583,0.320745,-0.010317,0.501041,0.322774,-0.012484,0.495038,0.323572,-0.012535,0.489399,0.323573,-0.011453,0.484279,0.322321,-0.008331,0.480057,0.320144,-0.005000,0.476994,0.318221,-0.000604,0.462395,0.256863,0.011813,0.463411,0.255867,0.009742,0.464750,0.254662,0.008109,0.467038,0.253045,0.006527,0.470655,0.251894,0.005148,0.474280,0.251856,0.004666,0.478081,0.252628,0.005163,0.480805,0.254379,0.005928,0.507185,0.253601,0.003935,0.508320,0.254113,0.003771,0.510517,0.254568,0.002679,0.514122,0.255337,0.001772,0.517991,0.255465,0.001651,0.522007,0.254677,0.002476,0.524698,0.253682,0.003712,0.526582,0.252701,0.004861,0.493192,0.247131,-0.006641,0.492984,0.253777,-0.010231,0.492787,0.260022,-0.014301,0.492566,0.265892,-0.018762,0.000000,0.000000,0.000000,0.000000,0.000000,0.000000,0.000000,0.000000,0.000000,0.000000,0.000000,0.000000,0.000000,0.000000,0.000000,0.000000,0.000000,0.000000,0.000000,0.000000,0.000000,0.000000,0.000000,0.000000,0.000000,0.000000,0.000000,0.000000,0.000000,0.000000,0.000000,0.000000,0.000000,0.000000,0.000000,0.000000,0.000000,0.000000,0.000000,0.000000,0.000000,0.000000,0.000000,0.000000,0.000000,0.000000,0.000000,0.000000,0.000000,0.000000,0.000000,0.000000,0.000000,0.000000,0.000000,0.000000,0.000000,0.000000,0.000000,0.000000,0.000000,0.000000,0.000000,0.000000,0.000000,0.000000,0.000000,0.000000,0.000000,0.000000,0.000000,0.000000,0.000000,0.000000,0.000000,0.000000,0.000000,0.000000,0.000000,0.000000,0.000000,0.000000,0.000000,0.000000,0.000000,0.000000,0.000000,0.000000,0.000000,0.000000,0.000000,0.000000,0.000000,0.000000,0.000000,0.000000,0.000000,0.000000,0.000000,0.000000,0.000000,0.000000,0.000000,0.000000,0.000000,0.000000,0.000000,0.000000,0.000000,0.000000,0.000000,0.000000,0.000000,0.000000,0.000000,0.000000,0.000000,0.000000,0.000000,0.000000,0.000000,0.000000,0.000000,0.000000,0.000000,0.000000
-0.056857,-2.516393,-2.448915,0.002217,-2.650606,-2.247947,0.038932,-2.647730,-2.249020,0.071684,-2.643710,-2.249776,-0.115431,-2.646480,-2.240824,-0.152522,-2.640959,-2.240941,-0.189056,-2.632546,-2.242083,0.138817,-2.574642,-1.150552,-0.218369,-2.558067,-1.165214,0.024288,-2.357269,-2.046402,-0.116950,-2.347311,-2.037766,0.482342,-1.746242,-0.591802,-0.501095,-1.700297,-0.418047,0.690979,-0.749928,-1.816058,-0.667644,-0.708515,0.016299,0.654066,-1.017959,-4.209782,-0.758378,0.186203,-0.757694,0.630140,-1.135668,-4.660520,-0.811572,0.444625,-0.884539,0.613454,-1.277040,-4.562618,-0.785350,0.487785,-1.146388,0.598158,-1.254330,-4.212220,-0.738889,0.383780,-0.866329,0.311549,-0.009515,0.004879,-0.311549,0.009515,-0.004879,0.379005,1.166909,-3.130687,-0.381721,1.079686,-3.043545,0.424555,2.286834,-1.183821,-0.389061,2.331658,-1.647862,0.426482,2.462420,-1.042972,-0.394797,2.538862,-1.560159,0.376847,2.698244,-2.334664,-0.326932,2.707236,-3.031617,0.477291,0.315973,0.002280,0.478371,0.314070,-0.001354,0.481024,0.312173,-0.005570,0.484558,0.309575,-0.009479,0.490256,0.307509,-0.012715,0.496089,0.308091,-0.013798,0.502232,0.306619,-0.013678,0.508955,0.307913,-0.011495,0.513598,0.309903,-0.008315,0.517266,0.311315,-0.004651,0.519097,0.312995,-0.001283,0.516657,0.315457,-0.004034,0.513248,0.317862,-0.007703,0.508583,0.320669,-0.010464,0.503093,0.322738,-0.012556,0.497129,0.323584,-0.012581,0.491563,0.323575,-0.011514,0.486543,0.322316,-0.008479,0.482431,0.320112,-0.005243,0.479476,0.318161,-0.000963,0.464496,0.257050,0.011795,0.465521,0.256107,0.009738,0.466869,0.254963,0.008110,0.469146,0.253422,0.006570,0.472730,0.252327,0.005200,0.476310,0.252281,0.004735,0.480073,0.252973,0.005223,0.482766,0.254621,0.006003,0.509026,0.253787,0.004145,0.510158,0.254292,0.003994,0.512339,0.254751,0.002899,0.515907,0.255514,0.002007,0.519751,0.255629,0.001892,0.523747,0.254826,0.002728,0.526430,0.253825,0.003964,0.528304,0.252839,0.005130,0.495114,0.247359,-0.006332,0.494893,0.254007,-0.009930,0.494680,0.260168,-0.014017,0.494439,0.265966,-0.018485,0.000000,0.000000,0.000000,0.000000,0.000000,0.000000,0.000000,0.000000,0.000000,0.000000,0.000000,0.000000,0.000000,0.000000,0.000000,0.000000,0.000000,0.000000,0.000000,0.000000,0.000000,0.000000,0.000000,0.000000,0.000000,0.000000,0.000000,0.000000,0.000000,0.000000,0.000000,0.000000,0.000000,0.000000,0.000000,0.000000,0.000000,0.000000,0.000000,0.000000,0.000000,0.000000,0.000000,0.000000,0.000000,0.000000,0.000000,0.000000,0.000000,0.000000,0.000000,0.000000,0.000000,0.000000,0.000000,0.000000,0.000000,0.000000,0.000000,0.000000,0.000000,0.000000,0.000000,0.653021,0.625242,0.000000,0.635659,0.617781,-0.009145,0.625256,0.603163,-0.015702,0.627693,0.591266,-0.021751,0.630840,0.581200,-0.027469,0.635463,0.561052,-0.014599,0.632579,0.531447,-0.021797,0.632181,0.512733,-0.025979,0.631841,0.497848,-0.028272,0.650671,0.561436,-0.015246,0.658520,0.528280,-0.022560,0.663408,0.507743,-0.026127,0.667077,0.493455,-0.027413,0.662241,0.569404,-0.016392,0.663235,0.565622,-0.025095,0.658442,0.581305,-0.025532,0.655431,0.592602,-0.023191,0.670578,0.581383,-0.018156,0.670664,0.578254,-0.024057,0.666173,0.590421,-0.021871,0.663241,0.599654,-0.018564
-0.050114,-2.389173,-2.469701,0.010999,-2.523138,-2.277798,0.046087,-2.520217,-2.278667,0.076979,-2.518941,-2.279278,-0.104729,-2.521324,-2.274995,-0.140213,-2.516001,-2.275035,-0.174640,-2.511294,-2.276078,0.137905,-2.464019,-1.215228,-0.204208,-2.441351,-1.195258,0.027810,-2.248783,-2.076727,-0.110316,-2.242054,-2.075924,0.459324,-1.718293,-0.695845,-0.476710,-1.636982,-0.353464,0.734580,-0.713296,-1.969082,-0.643267,-0.684022,0.176441,0.516786,-1.281701,-4.218853,-0.729569,0.180784,-0.454457,0.486062,-1.461742,-4.630404,-0.781413,0.425199,-0.533887,0.460213,-1.557584,-4.449035,-0.758137,0.471846,-0.779950,0.441884,-1.499563,-4.182635,-0.713379,0.374692,-0.551949,0.302892,-0.008261,-0.019143,-0.302892,0.008261,0.019143,0.316035,1.170911,-2.463621,-0.385795,1.044564,-2.775596,0.343188,2.249799,-0.660133,-0.395437,2.266625,-1.545554,0.353201,2.412581,-0.532177,-0.402728,2.473977,-1.468454,0.279296,2.667660,-1.694008,-0.324545,2.634401,-2.850805,0.477786,0.315539,0.002026,0.478832,0.313691,-0.001514,0.481419,0.311774,-0.005666,0.484879,0.309142,-0.009529,0.490411,0.307050,-0.012777,0.496087,0.307630,-0.013952,0.502092,0.306232,-0.013905,0.508707,0.307627,-0.011883,0.513338,0.309675,-0.008881,0.517020,0.311124,-0.005369,0.518851,0.312770,-0.002152,0.516380,0.315035,-0.004884,0.512922,0.317178,-0.008492,0.508255,0.319724,-0.011177,0.502836,0.321588,-0.013136,0.497041,0.322320,-0.013072,0.491672,0.322331,-0.011948,0.486801,0.321197,-0.008897,0.482806,0.319217,-0.005640,0.479933,0.317526,-0.001306,0.465391,0.256696,0.012690,0.466384,0.255635,0.010644,0.467689,0.254395,0.009017,0.469937,0.252760,0.007469,0.473503,0.251624,0.006063,0.477085,0.251638,0.005543,0.480826,0.252470,0.005947,0.483504,0.254280,0.006650,0.509359,0.253666,0.004236,0.510519,0.254224,0.004060,0.512724,0.254717,0.002938,0.516306,0.255512,0.001988,0.520165,0.255652,0.001801,0.524145,0.254849,0.002585,0.526820,0.253835,0.003795,0.528672,0.252841,0.004935,0.495483,0.246803,-0.005755,0.495168,0.253365,-0.009413,0.494873,0.259473,-0.013539,0.494562,0.265235,-0.018048,0.000000,0.000000,0.000000,0.000000,0.000000,0.000000,0.000000,0.000000,0.000000,0.000000,0.000000,0.000000,0.000000,0.000000,0.000000,0.000000,0.000000,0.000000,0.000000,0.000000,0.000000,0.000000,0.000000,0.000000,0.000000,0.000000,0.000000,0.000000,0.000000,0.000000,0.000000,0.000000,0.000000,0.000000,0.000000,0.000000,0.000000,0.000000,0.000000,0.000000,0.000000,0.000000,0.000000,0.000000,0.000000,0.000000,0.000000,0.000000,0.000000,0.000000,0.000000,0.000000,0.000000,0.000000,0.000000,0.000000,0.000000,0.000000,0.000000,0.000000,0.000000,0.000000,0.000000,0.628295,0.566395,0.000000,0.610212,0.552316,-0.007860,0.598580,0.533188,-0.015148,0.607604,0.522488,-0.023314,0.621015,0.518810,-0.031377,0.607322,0.486586,-0.012506,0.601785,0.452202,-0.022245,0.599461,0.430569,-0.028502,0.598479,0.411805,-0.032429,0.623331,0.486923,-0.015930,0.626505,0.448997,-0.025156,0.630339,0.424474,-0.030608,0.635078,0.403735,-0.033451,0.637446,0.496735,-0.020113,0.635477,0.487739,-0.030978,0.627890,0.506792,-0.031868,0.624257,0.521999,-0.029339,0.648938,0.512190,-0.025076,0.645919,0.502029,-0.031886,0.637788,0.514208,-0.029392,0.632596,0.526066,-0.025756
-0.044845,-2.420315,-2.462452,0.017041,-2.553951,-2.271387,0.051523,-2.550497,-2.272269,0.081681,-2.549504,-2.272823,-0.099627,-2.554026,-2.271919,-0.135594,-2.548867,-2.272002,-0.170267,-2.544808,-2.273109,0.141058,-2.496814,-1.215232,-0.204055,-2.474310,-1.215227,0.031803,-2.279437,-2.072042,-0.108553,-2.273748,-2.075119,0.465000,-1.748867,-0.689129,-0.480856,-1.665155,-0.375528,0.738484,-0.723204,-2.025750,-0.653948,-0.693190,0.104463,0.521629,-1.321098,-4.356024,-0.741552,0.192803,-0.565756,0.501030,-1.497692,-4.778245,-0.795704,0.442550,-0.646487,0.473196,-1.597752,-4.589314,-0.774060,0.496070,-0.896766,0.451754,-1.540155,-4.319375,-0.728428,0.399161,-0.664686,0.307576,-0.009260,-0.019130,-0.307576,0.009260,0.019130,0.315115,1.203950,-2.394340,-0.391093,1.089171,-2.655419,0.345125,2.302202,-0.590031,-0.402710,2.328731,-1.408022,0.354926,2.465523,-0.463189,-0.410917,2.536599,-1.329553,0.280482,2.730520,-1.628768,-0.325879,2.705808,-2.707008,0.478280,0.314817,0.001259,0.479434,0.313014,-0.002253,0.482180,0.311127,-0.006309,0.485811,0.308529,-0.010051,0.491531,0.306475,-0.013144,0.497323,0.307093,-0.014149,0.503368,0.305712,-0.013919,0.509933,0.307110,-0.011699,0.514477,0.309177,-0.008552,0.518052,0.310651,-0.004913,0.519796,0.312262,-0.001625,0.517359,0.314461,-0.004515,0.513979,0.316548,-0.008289,0.509376,0.319062,-0.011102,0.503983,0.320914,-0.013262,0.498160,0.321639,-0.013388,0.492661,0.321645,-0.012426,0.487641,0.320480,-0.009515,0.483492,0.318481,-0.006318,0.480491,0.316787,-0.002033,0.465688,0.256159,0.011797,0.466729,0.255083,0.009780,0.468077,0.253835,0.008173,0.470377,0.252161,0.006669,0.474005,0.251002,0.005361,0.477612,0.251007,0.004958,0.481420,0.251872,0.005471,0.484155,0.253730,0.006243,0.510363,0.253382,0.004837,0.511525,0.253965,0.004693,0.513753,0.254495,0.003614,0.517374,0.255359,0.002755,0.521264,0.255556,0.002679,0.525267,0.254807,0.003586,0.527926,0.253829,0.004898,0.529752,0.252864,0.006098,0.496663,0.246379,-0.005728,0.496447,0.252913,-0.009426,0.496245,0.259014,-0.013615,0.496025,0.264772,-0.018194,0.000000,0.000000,0.000000,0.000000,0.000000,0.000000,0.000000,0.000000,0.000000,0.000000,0.000000,0.000000,0.000000,0.000000,0.000000,0.000000,0.000000,0.000000,0.000000,0.000000,0.000000,0.000000,0.000000,0.000000,0.000000,0.000000,0.000000,0.000000,0.000000,0.000000,0.000000,0.000000,0.000000,0.000000,0.000000,0.000000,0.000000,0.000000,0.000000,0.000000,0.000000,0.000000,0.000000,0.000000,0.000000,0.000000,0.000000,0.000000,0.000000,0.000000,0.000000,0.000000,0.000000,0.000000,0.000000,0.000000,0.000000,0.000000,0.000000,0.000000,0.000000,0.000000,0.000000,0.630103,0.559346,0.000000,0.611910,0.544699,-0.007420,0.601077,0.525479,-0.014202,0.610048,0.513754,-0.022004,0.622238,0.507978,-0.029723,0.609850,0.479320,-0.010781,0.603741,0.446679,-0.020303,0.601146,0.425852,-0.026554,0.600046,0.407516,-0.030441,0.625535,0.479540,-0.014372,0.628086,0.441584,-0.023329,0.631252,0.416803,-0.028874,0.635692,0.396060,-0.031759,0.639510,0.489385,-0.018799,0.637755,0.478782,-0.029813,0.629705,0.497827,-0.030915,0.625707,0.513631,-0.028402,0.650986,0.504749,-0.023952,0.647705,0.494188,-0.031007,0.639681,0.506099,-0.028685,0.634485,0.518161,-0.025048
-0.061515,-2.611923,-2.709901,-0.000148,-2.753558,-2.507780,0.040484,-2.751006,-2.508829,0.068615,-2.747457,-2.510351,-0.121317,-2.751022,-2.521286,-0.159456,-2.746542,-2.521703,-0.198256,-2.740196,-2.522567,0.129394,-2.680386,-1.428609,-0.229630,-2.664614,-1.501669,0.021033,-2.461003,-2.307711,-0.133258,-2.452789,-2.329328,0.464265,-1.827684,-0.753164,-0.529689,-1.781257,-0.852489,0.652211,-0.893138,-0.387316,-0.711638,-0.748347,-0.605886,0.852485,0.043545,-1.279206,-0.808707,0.207399,-1.363681,0.976236,0.311238,-1.563659,-0.870900,0.486852,-1.589118,0.920049,0.332136,-1.807371,-0.849320,0.541184,-1.879949,0.868339,0.251402,-1.401840,-0.797425,0.427669,-1.498257,0.331135,-0.018692,0.048778,-0.331135,0.018692,-0.048778,0.423970,0.666105,-3.261578,-0.428203,0.938962,-3.151250,0.590281,2.053545,-1.130302,-0.381225,2.240010,-1.660373,0.598306,2.212086,-0.968158,-0.371012,2.408086,-1.558608,0.605857,2.428747,-2.145231,-0.312134,2.714829,-3.010735,0.475013,0.316812,0.001045,0.476052,0.314843,-0.002384,0.478663,0.312713,-0.006421,0.482164,0.309849,-0.010177,0.487804,0.307468,-0.013317,0.493584,0.307881,-0.014432,0.499624,0.306366,-0.014316,0.506293,0.307733,-0.012258,0.510921,0.309820,-0.009258,0.514548,0.311343,-0.005786,0.516316,0.313048,-0.002643,0.513907,0.315331,-0.005489,0.510528,0.317489,-0.009197,0.505909,0.320072,-0.011955,0.500506,0.322014,-0.014024,0.494686,0.322850,-0.014041,0.489235,0.323029,-0.012964,0.484247,0.322069,-0.009948,0.480143,0.320271,-0.006684,0.477200,0.318697,-0.002332,0.461635,0.258278,0.012908,0.462658,0.257252,0.010892,0.463992,0.256006,0.009316,0.466247,0.254354,0.007811,0.469790,0.253147,0.006479,0.473330,0.253059,0.006004,0.477077,0.253721,0.006442,0.479782,0.255361,0.007145,0.505858,0.254055,0.005096,0.507035,0.254581,0.004920,0.509248,0.255015,0.003791,0.512842,0.255723,0.002853,0.516689,0.255766,0.002695,0.520645,0.254929,0.003513,0.523287,0.253922,0.004759,0.525131,0.252949,0.005925,0.491954,0.247461,-0.004998,0.491803,0.254045,-0.008826,0.491649,0.260128,-0.013093,0.491471,0.265860,-0.017764,0.000000,0.000000,0.000000,0.000000,0.000000,0.000000,0.000000,0.000000,0.000000,0.000000,0.000000,0.000000,0.000000,0.000000,0.000000,0.000000,0.000000,0.000000,0.000000,0.000000,0.000000,0.000000,0.000000,0.000000,0.000000,0.000000,0.000000,0.000000,0.000000,0.000000,0.000000,0.000000,0.000000,0.000000,0.000000,0.000000,0.000000,0.000000,0.000000,0.000000,0.000000,0.000000,0.000000,0.000000,0.000000,0.000000,0.000000,0.000000,0.000000,0.000000,0.000000,0.000000,0.000000,0.000000,0.000000,0.000000,0.000000,0.000000,0.000000,0.000000,0.000000,0.000000,0.000000,0.709140,0.883610,0.000000,0.696700,0.905579,-0.014503,0.697212,0.938464,-0.020258,0.702328,0.968159,-0.022737,0.706937,0.991777,-0.023934,0.727727,0.940216,-0.020210,0.732693,0.984092,-0.027220,0.727866,1.006322,-0.029797,0.722038,1.019718,-0.030144,0.737536,0.938628,-0.013527,0.742175,0.981450,-0.020049,0.736468,1.002932,-0.021348,0.729459,1.016330,-0.021223,0.741655,0.939775,-0.007312,0.745555,0.977594,-0.012167,0.740151,0.996823,-0.012681,0.733725,1.010281,-0.012130,0.741846,0.942318,-0.002118,0.745826,0.973190,-0.005631,0.741958,0.991794,-0.006083,0.736325,1.004861,-0.005316
-0.069738,-2.619396,-3.588116,-0.000990,-2.760970,-3.412998,0.041688,-2.758710,-3.413607,0.071102,-2.754821,-3.415207,-0.128747,-2.755903,-3.401648,-0.167956,-2.751089,-3.402473,-0.206778,-2.742677,-3.403691,0.135702,-2.683849,-2.305594,-0.231158,-2.665245,-2.252015,0.019532,-2.467428,-3.163559,-0.141011,-2.458409,-3.149464,0.475158,-1.769001,-1.446679,-0.524221,-1.781396,-1.479429,0.637911,-0.656845,-0.987483,-0.708362,-0.755958,-1.253443,0.781983,0.343837,-1.750535,-0.806757,0.223773,-2.050554,0.844056,0.570037,-2.021118,-0.871369,0.494801,-2.289020,0.802045,0.598089,-2.286967,-0.842046,0.533799,-2.586984,0.755326,0.485564,-1.873176,-0.790838,0.430886,-2.186644,0.332557,-0.021548,0.042767,-0.332557,0.021548,-0.042767,0.498430,0.787611,-3.758118,-0.454743,1.166949,-2.333964,0.471782,2.348396,-1.466866,-0.414543,2.394631,-0.443079,0.459669,2.534822,-1.289637,-0.413795,2.597194,-0.305603,0.416431,2.768842,-2.687277,-0.354797,2.818953,-1.792692,0.474264,0.319814,0.001929,0.475257,0.317812,-0.001604,0.477753,0.315694,-0.005713,0.481100,0.312844,-0.009541,0.486487,0.310484,-0.012762,0.492055,0.310893,-0.013961,0.497924,0.309386,-0.013939,0.504465,0.310736,-0.011980,0.509030,0.312805,-0.009056,0.512658,0.314295,-0.005635,0.514466,0.316026,-0.002442,0.512139,0.318389,-0.005086,0.508833,0.320685,-0.008543,0.504310,0.323447,-0.011114,0.498995,0.325507,-0.012958,0.493258,0.326382,-0.012858,0.487916,0.326512,-0.011747,0.483079,0.325426,-0.008775,0.479142,0.323459,-0.005594,0.476345,0.321772,-0.001369,0.460908,0.260793,0.012921,0.461896,0.259786,0.010886,0.463188,0.258578,0.009287,0.465400,0.256966,0.007730,0.468913,0.255795,0.006320,0.472468,0.255742,0.005766,0.476190,0.256467,0.006146,0.478860,0.258149,0.006828,0.504425,0.256859,0.004195,0.505592,0.257366,0.004004,0.507800,0.257760,0.002875,0.511370,0.258419,0.001903,0.515195,0.258423,0.001693,0.519124,0.257533,0.002444,0.521755,0.256467,0.003618,0.523590,0.255449,0.004742,0.490566,0.250659,-0.005661,0.490355,0.257281,-0.009313,0.490144,0.263372,-0.013417,0.489909,0.269102,-0.017907,0.000000,0.000000,0.000000,0.000000,0.000000,0.000000,0.000000,0.000000,0.000000,0.000000,0.000000,0.000000,0.000000,0.000000,0.000000,0.000000,0.000000,0.000000,0.000000,0.000000,0.000000,0.000000,0.000000,0.000000,0.000000,0.000000,0.000000,0.000000,0.000000,0.000000,0.000000,0.000000,0.000000,0.000000,0.000000,0.000000,0.000000,0.000000,0.000000,0.000000,0.000000,0.000000,0.000000,0.000000,0.000000,0.000000,0.000000,0.000000,0.000000,0.000000,0.000000,0.000000,0.000000,0.000000,0.000000,0.000000,0.000000,0.000000,0.000000,0.000000,0.000000,0.000000,0.000000,0.000000,0.000000,0.000000,0.000000,0.000000,0.000000,0.000000,0.000000,0.000000,0.000000,0.000000,0.000000,0.000000,0.000000,0.000000,0.000000,0.000000,0.000000,0.000000,0.000000,0.000000,0.000000,0.000000,0.000000,0.000000,0.000000,0.000000,0.000000,0.000000,0.000000,0.000000,0.000000,0.000000,0.000000,0.000000,0.000000,0.000000,0.000000,0.000000,0.000000,0.000000,0.000000,0.000000,0.000000,0.000000,0.000000,0.000000,0.000000,0.000000,0.000000,0.000000,0.000000,0.000000,0.000000,0.000000,0.000000,0.000000,0.000000,0.000000,0.000000,0.000000,0.000000,0.000000
-0.076680,-2.561729,-3.550152,-0.010664,-2.696765,-3.364742,0.030559,-2.694129,-3.365453,0.060691,-2.690670,-3.367208,-0.134558,-2.690593,-3.372400,-0.172264,-2.685098,-3.373157,-0.210064,-2.677116,-3.374352,0.128148,-2.619884,-2.258723,-0.235646,-2.601526,-2.291507,0.009964,-2.412332,-3.128394,-0.144707,-2.403772,-3.138875,0.468591,-1.728374,-1.386801,-0.519537,-1.736040,-1.539603,0.613524,-0.687918,-0.919090,-0.690513,-0.713796,-1.354350,0.744832,0.249722,-1.556219,-0.798795,0.255525,-2.043541,0.796849,0.458696,-1.764514,-0.861608,0.521708,-2.266563,0.772682,0.483526,-2.001678,-0.832859,0.567831,-2.553816,0.731220,0.388389,-1.678259,-0.783355,0.452859,-2.177683,0.319128,-0.018852,0.042461,-0.319128,0.018852,-0.042461,0.576130,0.661727,-3.581473,-0.413220,0.870066,-3.114477,0.488870,2.176919,-1.291942,-0.419524,2.218838,-1.466611,0.473336,2.334346,-1.116703,-0.418117,2.414488,-1.317135,0.432168,2.627539,-2.442361,-0.371913,2.688012,-2.810848,0.477222,0.319406,0.002228,0.478291,0.317489,-0.001415,0.480938,0.315523,-0.005683,0.484474,0.312815,-0.009660,0.490050,0.310664,-0.012975,0.495760,0.311230,-0.014167,0.501823,0.309796,-0.014128,0.508539,0.311205,-0.012055,0.513270,0.313290,-0.008962,0.517043,0.314750,-0.005354,0.518921,0.316452,-0.002030,0.516444,0.318852,-0.004770,0.512943,0.321130,-0.008420,0.508212,0.323834,-0.011145,0.502703,0.325834,-0.013155,0.496773,0.326630,-0.013102,0.491284,0.326654,-0.011952,0.486322,0.325446,-0.008814,0.482279,0.323349,-0.005504,0.479373,0.321526,-0.001122,0.464860,0.260426,0.012844,0.465886,0.259391,0.010773,0.467220,0.258171,0.009135,0.469496,0.256559,0.007550,0.473080,0.255423,0.006128,0.476681,0.255403,0.005588,0.480450,0.256178,0.006004,0.483147,0.257917,0.006713,0.509080,0.256941,0.004236,0.510265,0.257486,0.004052,0.512501,0.257941,0.002918,0.516107,0.258670,0.001956,0.519992,0.258748,0.001771,0.523995,0.257899,0.002549,0.526672,0.256849,0.003760,0.528536,0.255830,0.004907,0.495117,0.250360,-0.005940,0.494819,0.256907,-0.009632,0.494530,0.262973,-0.013790,0.494218,0.268678,-0.018351,0.000000,0.000000,0.000000,0.000000,0.000000,0.000000,0.000000,0.000000,0.000000,0.000000,0.000000,0.000000,0.000000,0.000000,0.000000,0.000000,0.000000,0.000000,0.000000,0.000000,0.000000,0.000000,0.000000,0.000000,0.000000,0.000000,0.000000,0.000000,0.000000,0.000000,0.000000,0.000000,0.000000,0.000000,0.000000,0.000000,0.000000,0.000000,0.000000,0.000000,0.000000,0.000000,0.000000,0.000000,0.000000,0.000000,0.000000,0.000000,0.000000,0.000000,0.000000,0.000000,0.000000,0.000000,0.000000,0.000000,0.000000,0.000000,0.000000,0.000000,0.000000,0.000000,0.000000,0.000000,0.000000,0.000000,0.000000,0.000000,0.000000,0.000000,0.000000,0.000000,0.000000,0.000000,0.000000,0.000000,0.000000,0.000000,0.000000,0.000000,0.000000,0.000000,0.000000,0.000000,0.000000,0.000000,0.000000,0.000000,0.000000,0.000000,0.000000,0.000000,0.000000,0.000000,0.000000,0.000000,0.000000,0.000000,0.000000,0.000000,0.000000,0.000000,0.000000,0.000000,0.000000,0.000000,0.000000,0.000000,0.000000,0.000000,0.000000,0.000000,0.000000,0.000000,0.000000,0.000000,0.000000,0.000000,0.000000,0.000000,0.000000,0.000000,0.000000,0.000000,0.000000,0.000000
-0.036162,-2.573706,-3.362964,0.031414,-2.708074,-3.172176,0.071578,-2.703783,-3.172733,0.104538,-2.699600,-3.174201,-0.095213,-2.705451,-3.171498,-0.132955,-2.701222,-3.172016,-0.171670,-2.694675,-3.172853,0.175346,-2.627890,-2.092324,-0.199194,-2.619832,-2.095414,0.048806,-2.425536,-2.965280,-0.108013,-2.419068,-2.965034,0.509716,-1.737308,-1.486095,-0.490244,-1.742427,-1.481122,0.651492,-0.660457,-1.196337,-0.662833,-0.715242,-1.415174,0.788517,0.327931,-1.985307,-0.809380,0.211762,-2.226938,0.854095,0.554570,-2.257154,-0.907187,0.460253,-2.472523,0.820164,0.591871,-2.488390,-0.892001,0.497738,-2.748700,0.774979,0.482438,-2.099292,-0.835409,0.412414,-2.359588,0.333885,-0.006264,0.034146,-0.333885,0.006264,-0.034146,0.568016,0.932426,-3.520085,-0.573065,0.600282,-3.533463,0.498939,1.761913,-0.649423,-0.482618,1.887325,-1.271016,0.479886,1.855731,-0.402327,-0.454776,2.034913,-1.077739,0.487961,2.177463,-1.453507,-0.441013,2.404732,-2.369744,0.479685,0.321911,0.001151,0.480741,0.319926,-0.002352,0.483362,0.317873,-0.006451,0.486881,0.315107,-0.010264,0.492494,0.312924,-0.013426,0.498215,0.313560,-0.014568,0.504265,0.312306,-0.014441,0.510902,0.313972,-0.012367,0.515556,0.316283,-0.009353,0.519235,0.317973,-0.005845,0.521043,0.319797,-0.002648,0.518589,0.322063,-0.005467,0.515158,0.324192,-0.009136,0.510465,0.326715,-0.011869,0.504986,0.328538,-0.013909,0.499120,0.329167,-0.013901,0.493656,0.329080,-0.012820,0.488717,0.327820,-0.009812,0.484689,0.325735,-0.006556,0.481812,0.323967,-0.002223,0.467067,0.262107,0.012976,0.468121,0.261005,0.010940,0.469481,0.259759,0.009332,0.471789,0.258131,0.007802,0.475413,0.257051,0.006441,0.479015,0.257159,0.005951,0.482783,0.258118,0.006373,0.485477,0.260046,0.007085,0.511635,0.260187,0.004994,0.512839,0.260829,0.004814,0.515093,0.261398,0.003677,0.518724,0.262301,0.002743,0.522617,0.262531,0.002580,0.526618,0.261833,0.003420,0.529282,0.260884,0.004680,0.531127,0.259947,0.005864,0.497816,0.252579,-0.005166,0.497492,0.259155,-0.008985,0.497184,0.265216,-0.013264,0.496856,0.270904,-0.017950,0.000000,0.000000,0.000000,0.000000,0.000000,0.000000,0.000000,0.000000,0.000000,0.000000,0.000000,0.000000,0.000000,0.000000,0.000000,0.000000,0.000000,0.000000,0.000000,0.000000,0.000000,0.000000,0.000000,0.000000,0.000000,0.000000,0.000000,0.000000,0.000000,0.000000,0.000000,0.000000,0.000000,0.000000,0.000000,0.000000,0.000000,0.000000,0.000000,0.000000,0.000000,0.000000,0.000000,0.000000,0.000000,0.000000,0.000000,0.000000,0.000000,0.000000,0.000000,0.000000,0.000000,0.000000,0.000000,0.000000,0.000000,0.000000,0.000000,0.000000,0.000000,0.000000,0.000000,0.000000,0.000000,0.000000,0.000000,0.000000,0.000000,0.000000,0.000000,0.000000,0.000000,0.000000,0.000000,0.000000,0.000000,0.000000,0.000000,0.000000,0.000000,0.000000,0.000000,0.000000,0.000000,0.000000,0.000000,0.000000,0.000000,0.000000,0.000000,0.000000,0.000000,0.000000,0.000000,0.000000,0.000000,0.000000,0.000000,0.000000,0.000000,0.000000,0.000000,0.000000,0.000000,0.000000,0.000000,0.000000,0.000000,0.000000,0.000000,0.000000,0.000000,0.000000,0.000000,0.000000,0.000000,0.000000,0.000000,0.000000,0.000000,0.000000,0.000000,0.000000,0.000000,0.000000
-0.028171,-2.568982,-3.007836,0.037367,-2.703365,-2.827953,0.076541,-2.699024,-2.828849,0.108719,-2.694829,-2.830666,-0.088912,-2.699396,-2.832413,-0.127021,-2.693945,-2.832627,-0.166239,-2.685448,-2.833264,0.176812,-2.623089,-1.717414,-0.196330,-2.607226,-1.780284,0.055980,-2.419879,-2.592993,-0.101956,-2.412748,-2.609467,0.512893,-1.732876,-1.044576,-0.485728,-1.766228,-1.084772,0.655886,-0.690170,-0.835547,-0.746784,-0.772043,-2.264382,0.793094,0.236036,-1.701505,-0.757543,-0.840782,-4.611886,0.862185,0.466592,-1.936602,-0.762906,-0.866258,-5.032001,0.835016,0.483686,-2.095867,-0.747101,-0.991821,-5.060808,0.789616,0.388230,-1.793310,-0.726201,-0.986926,-4.672741,0.338790,-0.006165,0.037104,-0.338790,0.006165,-0.037104,0.583221,0.685565,-3.380481,-0.593905,0.575766,-3.149310,0.469615,2.218265,-1.147390,-0.529716,2.263574,-1.437010,0.437849,2.368832,-0.979171,-0.515364,2.448371,-1.309941,0.455776,2.711856,-2.177901,-0.505818,2.771667,-2.707874,0.478145,0.322407,0.001009,0.479265,0.320474,-0.002483,0.481996,0.318430,-0.006549,0.485631,0.315660,-0.010316,0.491385,0.313442,-0.013428,0.497197,0.314073,-0.014479,0.503249,0.312725,-0.014288,0.509861,0.314328,-0.012117,0.514417,0.316602,-0.009022,0.518006,0.318263,-0.005441,0.519743,0.320041,-0.002202,0.517316,0.322331,-0.005078,0.513937,0.324461,-0.008848,0.509310,0.327008,-0.011663,0.503884,0.328852,-0.013817,0.498050,0.329499,-0.013912,0.492529,0.329494,-0.012900,0.487490,0.328281,-0.009917,0.483340,0.326217,-0.006661,0.480353,0.324460,-0.002330,0.465525,0.262208,0.012508,0.466581,0.261136,0.010482,0.467948,0.259883,0.008882,0.470267,0.258236,0.007366,0.473896,0.257125,0.006035,0.477504,0.257194,0.005594,0.481301,0.258124,0.006058,0.484032,0.260028,0.006809,0.510402,0.259811,0.005093,0.511591,0.260406,0.004935,0.513832,0.260920,0.003823,0.517453,0.261756,0.002921,0.521331,0.261933,0.002806,0.525318,0.261184,0.003672,0.527975,0.260224,0.004967,0.529813,0.259277,0.006163,0.496607,0.252517,-0.005316,0.496369,0.259241,-0.009121,0.496152,0.265480,-0.013389,0.495911,0.271341,-0.018054,0.330439,0.689343,0.000000,0.339404,0.688232,-0.011305,0.347343,0.681138,-0.018163,0.349696,0.675635,-0.024047,0.349057,0.670472,-0.029812,0.341864,0.642811,-0.012857,0.341948,0.628493,-0.020344,0.342191,0.622173,-0.026064,0.343638,0.615984,-0.029935,0.332963,0.641655,-0.011261,0.331207,0.631612,-0.018459,0.330598,0.636157,-0.022213,0.331537,0.638521,-0.024173,0.325227,0.645653,-0.010648,0.322630,0.638605,-0.016840,0.322116,0.644318,-0.016579,0.322633,0.647963,-0.015624,0.319036,0.653146,-0.011121,0.316287,0.647903,-0.015112,0.317070,0.652202,-0.013664,0.318666,0.655968,-0.011826,0.000000,0.000000,0.000000,0.000000,0.000000,0.000000,0.000000,0.000000,0.000000,0.000000,0.000000,0.000000,0.000000,0.000000,0.000000,0.000000,0.000000,0.000000,0.000000,0.000000,0.000000,0.000000,0.000000,0.000000,0.000000,0.000000,0.000000,0.000000,0.000000,0.000000,0.000000,0.000000,0.000000,0.000000,0.000000,0.000000,0.000000,0.000000,0.000000,0.000000,0.000000,0.000000,0.000000,0.000000,0.000000,0.000000,0.000000,0.000000,0.000000,0.000000,0.000000,0.000000,0.000000,0.000000,0.000000,0.000000,0.000000,0.000000,0.000000,0.000000,0.000000,0.000000,0.000000
-0.021737,-2.495256,-3.080760,0.044261,-2.627742,-2.907643,0.083154,-2.623867,-2.907950,0.114441,-2.619635,-2.909370,-0.078617,-2.624784,-2.892503,-0.117701,-2.620458,-2.893132,-0.156545,-2.613834,-2.893868,0.180291,-2.550240,-1.787559,-0.186577,-2.542582,-1.730894,0.060253,-2.348990,-2.657629,-0.096868,-2.342659,-2.647569,0.496438,-1.697805,-0.959266,-0.472214,-1.795009,-1.187862,0.638961,-0.686319,-0.397316,-0.776781,-0.743985,-2.825901,0.769553,0.217560,-0.828525,-0.566586,-1.470521,-5.308548,0.849840,0.444561,-0.936364,-0.559094,-1.704135,-5.736438,0.824001,0.469453,-1.065916,-0.521433,-1.787685,-5.628911,0.776376,0.375238,-0.877335,-0.498244,-1.720796,-5.304246,0.331929,0.002376,0.043778,-0.331929,-0.002376,-0.043778,0.586260,0.697242,-3.602853,-0.581361,0.775074,-2.851158,0.454075,2.356331,-1.338123,-0.498732,2.441530,-1.135521,0.409966,2.509178,-1.168591,-0.504096,2.626556,-1.011630,0.458866,2.889064,-2.432944,-0.447740,2.934081,-2.495554,0.479326,0.320687,0.000781,0.480504,0.318681,-0.002721,0.483294,0.316675,-0.006774,0.487008,0.313967,-0.010506,0.492843,0.311837,-0.013511,0.498723,0.312486,-0.014451,0.504805,0.311143,-0.014139,0.511376,0.312659,-0.011830,0.515894,0.314857,-0.008578,0.519441,0.316472,-0.004868,0.521165,0.318293,-0.001538,0.518759,0.320773,-0.004434,0.515412,0.323109,-0.008260,0.510827,0.325841,-0.011136,0.505391,0.327812,-0.013437,0.499480,0.328549,-0.013655,0.493862,0.328464,-0.012736,0.488757,0.327138,-0.009834,0.484563,0.324901,-0.006655,0.481549,0.322934,-0.002433,0.466674,0.260840,0.011664,0.467744,0.259748,0.009681,0.469117,0.258479,0.008106,0.471438,0.256820,0.006642,0.475081,0.255716,0.005385,0.478696,0.255806,0.005018,0.482498,0.256789,0.005550,0.485233,0.258741,0.006336,0.511371,0.258790,0.005300,0.512546,0.259398,0.005171,0.514786,0.259938,0.004101,0.518387,0.260805,0.003272,0.522244,0.261006,0.003228,0.526196,0.260281,0.004159,0.528814,0.259331,0.005512,0.530621,0.258401,0.006735,0.497929,0.251422,-0.005414,0.497753,0.258035,-0.009194,0.497592,0.264169,-0.013451,0.497415,0.269918,-0.018111,0.374715,0.527880,0.000000,0.391718,0.511654,-0.008422,0.399882,0.487228,-0.012325,0.393162,0.468857,-0.016766,0.382172,0.458387,-0.020536,0.396931,0.442747,-0.004416,0.406905,0.411085,-0.012058,0.411867,0.389313,-0.017182,0.415075,0.371646,-0.019742,0.381682,0.441958,-0.006239,0.377518,0.403200,-0.015208,0.375437,0.378264,-0.021005,0.373514,0.357616,-0.023074,0.368555,0.450894,-0.009143,0.369649,0.438505,-0.022393,0.377630,0.456484,-0.024959,0.381707,0.470810,-0.021789,0.357664,0.465140,-0.012584,0.360834,0.452228,-0.020985,0.367969,0.463933,-0.018981,0.371976,0.475475,-0.014438,0.000000,0.000000,0.000000,0.000000,0.000000,0.000000,0.000000,0.000000,0.000000,0.000000,0.000000,0.000000,0.000000,0.000000,0.000000,0.000000,0.000000,0.000000,0.000000,0.000000,0.000000,0.000000,0.000000,0.000000,0.000000,0.000000,0.000000,0.000000,0.000000,0.000000,0.000000,0.000000,0.000000,0.000000,0.000000,0.000000,0.000000,0.000000,0.000000,0.000000,0.000000,0.000000,0.000000,0.000000,0.000000,0.000000,0.000000,0.000000,0.000000,0.000000,0.000000,0.000000,0.000000,0.000000,0.000000,0.000000,0.000000,0.000000,0.000000,0.000000,0.000000,0.000000,0.000000
-0.014854,-2.501368,-3.571437,0.052891,-2.636269,-3.379127,0.090822,-2.633721,-3.379477,0.123970,-2.629443,-3.381130,-0.070269,-2.634612,-3.370296,-0.110433,-2.629560,-3.371178,-0.150920,-2.623828,-3.372139,0.188839,-2.561233,-2.159750,-0.184034,-2.552612,-2.145386,0.064771,-2.356595,-3.112577,-0.088785,-2.349130,-3.111831,0.495457,-1.690243,-1.212091,-0.463144,-1.813668,-1.468703,0.636435,-0.597024,-0.652575,-0.783237,-0.757318,-3.220459,0.770229,0.320879,-1.126227,-0.531038,-1.485634,-5.846046,0.843439,0.543367,-1.255204,-0.523436,-1.712190,-6.300219,0.813841,0.572925,-1.399564,-0.489031,-1.798283,-6.199612,0.767915,0.465161,-1.182459,-0.462646,-1.734010,-5.846617,0.332599,0.001795,0.039937,-0.332599,-0.001795,-0.039937,0.581542,0.684951,-3.955118,-0.585917,0.782220,-2.883325,0.426873,2.393788,-1.603732,-0.500454,2.490550,-1.094716,0.384983,2.549042,-1.430858,-0.512347,2.678405,-0.960987,0.411600,2.916773,-2.840172,-0.451871,2.977468,-2.556223,0.480956,0.320522,0.001348,0.482192,0.318615,-0.002189,0.485040,0.316701,-0.006272,0.488777,0.314063,-0.010030,0.494557,0.311954,-0.013039,0.500372,0.312578,-0.013944,0.506348,0.311138,-0.013627,0.512831,0.312500,-0.011277,0.517348,0.314546,-0.007976,0.520908,0.316006,-0.004218,0.522654,0.317699,-0.000857,0.520255,0.320200,-0.003712,0.516931,0.322559,-0.007527,0.512389,0.325323,-0.010419,0.507019,0.327344,-0.012747,0.501173,0.328102,-0.012986,0.495583,0.328090,-0.012102,0.490481,0.326799,-0.009204,0.486265,0.324627,-0.006037,0.483208,0.322721,-0.001822,0.468306,0.260619,0.011019,0.469368,0.259520,0.009045,0.470730,0.258254,0.007487,0.473031,0.256569,0.006021,0.476635,0.255430,0.004783,0.480214,0.255488,0.004431,0.483996,0.256467,0.004986,0.486711,0.258436,0.005774,0.512385,0.258356,0.004835,0.513543,0.258949,0.004710,0.515756,0.259468,0.003674,0.519336,0.260313,0.002877,0.523155,0.260485,0.002860,0.527070,0.259720,0.003788,0.529661,0.258753,0.005116,0.531440,0.257816,0.006314,0.499161,0.251192,-0.005905,0.499037,0.257792,-0.009542,0.498924,0.263965,-0.013658,0.498790,0.269744,-0.018173,0.379188,0.526774,0.000000,0.396536,0.510261,-0.009409,0.404006,0.485047,-0.013642,0.395840,0.466654,-0.018114,0.384504,0.454878,-0.021905,0.400249,0.441094,-0.006441,0.410146,0.407979,-0.013870,0.414903,0.386224,-0.018691,0.417398,0.368158,-0.021058,0.384788,0.440300,-0.007902,0.381259,0.400505,-0.016629,0.379480,0.375473,-0.022276,0.377352,0.354777,-0.024368,0.371387,0.449089,-0.010369,0.373801,0.436807,-0.023864,0.381856,0.456671,-0.026378,0.385354,0.471799,-0.023172,0.360098,0.463318,-0.013422,0.363428,0.447846,-0.022523,0.371513,0.460894,-0.020443,0.376382,0.474517,-0.015746,0.000000,0.000000,0.000000,0.000000,0.000000,0.000000,0.000000,0.000000,0.000000,0.000000,0.000000,0.000000,0.000000,0.000000,0.000000,0.000000,0.000000,0.000000,0.000000,0.000000,0.000000,0.000000,0.000000,0.000000,0.000000,0.000000,0.000000,0.000000,0.000000,0.000000,0.000000,0.000000,0.000000,0.000000,0.000000,0.000000,0.000000,0.000000,0.000000,0.000000,0.000000,0.000000,0.000000,0.000000,0.000000,0.000000,0.000000,0.000000,0.000000,0.000000,0.000000,0.000000,0.000000,0.000000,0.000000,0.000000,0.000000,0.000000,0.000000,0.000000,0.000000,0.000000,0.000000
-0.016652,-2.573340,-3.089272,0.053588,-2.711173,-2.914197,0.093323,-2.708773,-2.914866,0.126698,-2.704064,-2.916504,-0.071130,-2.708630,-2.904583,-0.111210,-2.702423,-2.905064,-0.151249,-2.696181,-2.905826,0.193046,-2.632742,-1.859786,-0.185394,-2.625696,-1.835899,0.066968,-2.425661,-2.692737,-0.091712,-2.419002,-2.687403,0.517215,-1.718120,-1.170864,-0.479382,-1.792051,-1.205703,0.656339,-0.587558,-0.815848,-0.782121,-0.686797,-2.562240,0.784365,0.334361,-1.554505,-0.653270,-1.030811,-5.016937,0.846778,0.559047,-1.751529,-0.593611,-1.191972,-5.438264,0.815402,0.587788,-1.912066,-0.573749,-1.335752,-5.398661,0.773190,0.480734,-1.626410,-0.575534,-1.293116,-5.043323,0.341859,0.002574,0.035758,-0.341859,-0.002574,-0.035758,0.598162,0.698252,-3.490563,-0.598052,0.785869,-2.650998,0.476641,2.416980,-1.234096,-0.571280,2.494385,-0.899210,0.430456,2.575008,-1.066072,-0.582217,2.683755,-0.781785,0.476184,2.957196,-2.324044,-0.531419,2.993623,-2.240908,0.479155,0.321229,0.000825,0.480385,0.319183,-0.002724,0.483216,0.317097,-0.006848,0.486930,0.314259,-0.010651,0.492782,0.311978,-0.013750,0.498675,0.312591,-0.014744,0.504773,0.311159,-0.014465,0.511415,0.312691,-0.012148,0.516000,0.314919,-0.008911,0.519624,0.316550,-0.005200,0.521404,0.318390,-0.001876,0.519006,0.320810,-0.004806,0.515635,0.323131,-0.008664,0.510977,0.325904,-0.011561,0.505460,0.327951,-0.013836,0.499437,0.328719,-0.014026,0.493714,0.328715,-0.013070,0.488543,0.327404,-0.010103,0.484332,0.325225,-0.006848,0.481336,0.323349,-0.002511,0.466387,0.260843,0.012127,0.467454,0.259734,0.010108,0.468834,0.258469,0.008508,0.471178,0.256793,0.007011,0.474851,0.255646,0.005727,0.478498,0.255688,0.005326,0.482323,0.256593,0.005838,0.485054,0.258481,0.006618,0.511539,0.258308,0.005337,0.512749,0.258925,0.005185,0.515012,0.259477,0.004085,0.518653,0.260354,0.003229,0.522543,0.260549,0.003165,0.526534,0.259831,0.004090,0.529178,0.258887,0.005428,0.531007,0.257956,0.006649,0.497772,0.250822,-0.005346,0.497558,0.257497,-0.009207,0.497367,0.263585,-0.013539,0.497159,0.269276,-0.018290,0.348383,0.634894,0.000000,0.365479,0.626772,-0.010795,0.377806,0.607191,-0.015019,0.381137,0.591341,-0.018181,0.380709,0.578834,-0.021095,0.371438,0.566876,-0.010384,0.381821,0.537673,-0.017443,0.389718,0.519453,-0.023302,0.396806,0.505260,-0.026761,0.359345,0.563049,-0.009207,0.363624,0.529083,-0.014658,0.368796,0.507318,-0.019385,0.374080,0.491033,-0.022222,0.348500,0.566478,-0.009067,0.352837,0.542991,-0.015169,0.356055,0.534675,-0.018249,0.358558,0.529688,-0.019358,0.339560,0.575562,-0.009958,0.345377,0.562191,-0.015251,0.350356,0.563155,-0.015404,0.353574,0.567434,-0.014328,0.000000,0.000000,0.000000,0.000000,0.000000,0.000000,0.000000,0.000000,0.000000,0.000000,0.000000,0.000000,0.000000,0.000000,0.000000,0.000000,0.000000,0.000000,0.000000,0.000000,0.000000,0.000000,0.000000,0.000000,0.000000,0.000000,0.000000,0.000000,0.000000,0.000000,0.000000,0.000000,0.000000,0.000000,0.000000,0.000000,0.000000,0.000000,0.000000,0.000000,0.000000,0.000000,0.000000,0.000000,0.000000,0.000000,0.000000,0.000000,0.000000,0.000000,0.000000,0.000000,0.000000,0.000000,0.000000,0.000000,0.000000,0.000000,0.000000,0.000000,0.000000,0.000000,0.000000
-0.025230,-2.515986,-3.081863,0.039497,-2.644200,-2.891597,0.078267,-2.641652,-2.892478,0.108951,-2.636703,-2.894236,-0.079522,-2.641861,-2.913732,-0.117448,-2.634897,-2.914280,-0.156068,-2.626644,-2.915231,0.168557,-2.566638,-1.870167,-0.187474,-2.552545,-1.996055,0.056078,-2.370785,-2.699513,-0.096838,-2.365173,-2.729303,0.498164,-1.677124,-1.106368,-0.473285,-1.693861,-1.342862,0.627521,-0.625554,-0.733097,-0.636493,-0.713399,-1.128541,0.751611,0.305051,-1.412623,-0.785489,0.139439,-1.800700,0.808481,0.525998,-1.635836,-0.855381,0.354990,-2.023988,0.777224,0.554593,-1.847799,-0.832102,0.386401,-2.286820,0.737350,0.453506,-1.513323,-0.782101,0.313166,-1.927318,0.320567,-0.006971,0.053561,-0.320567,0.006971,-0.053561,0.567111,0.613905,-3.499238,-0.545823,0.650218,-3.042756,0.532577,2.095768,-1.596791,-0.508310,2.142459,-1.583878,0.499317,2.269055,-1.460608,-0.488372,2.341049,-1.489525,0.516088,2.534777,-2.726683,-0.484114,2.646571,-2.905113,0.478587,0.321740,0.000975,0.479757,0.319785,-0.002551,0.482498,0.317762,-0.006605,0.486132,0.315017,-0.010344,0.491860,0.312822,-0.013399,0.497656,0.313442,-0.014404,0.503680,0.312067,-0.014134,0.510210,0.313607,-0.011891,0.514712,0.315832,-0.008735,0.518251,0.317455,-0.005106,0.519984,0.319241,-0.001807,0.517597,0.321553,-0.004684,0.514268,0.323746,-0.008418,0.509689,0.326360,-0.011211,0.504283,0.328285,-0.013355,0.498430,0.328995,-0.013489,0.492872,0.328970,-0.012552,0.487823,0.327713,-0.009691,0.483696,0.325607,-0.006534,0.480745,0.323798,-0.002309,0.465639,0.261627,0.011925,0.466701,0.260519,0.009915,0.468068,0.259235,0.008327,0.470392,0.257536,0.006820,0.474045,0.256383,0.005536,0.477673,0.256448,0.005132,0.481493,0.257412,0.005639,0.484233,0.259365,0.006412,0.510572,0.259202,0.005065,0.511758,0.259808,0.004911,0.513997,0.260354,0.003818,0.517622,0.261231,0.002957,0.521500,0.261438,0.002889,0.525492,0.260724,0.003797,0.528142,0.259769,0.005122,0.529974,0.258839,0.006329,0.496897,0.251991,-0.005562,0.496695,0.258609,-0.009328,0.496504,0.264760,-0.013568,0.496296,0.270534,-0.018213,0.000000,0.000000,0.000000,0.000000,0.000000,0.000000,0.000000,0.000000,0.000000,0.000000,0.000000,0.000000,0.000000,0.000000,0.000000,0.000000,0.000000,0.000000,0.000000,0.000000,0.000000,0.000000,0.000000,0.000000,0.000000,0.000000,0.000000,0.000000,0.000000,0.000000,0.000000,0.000000,0.000000,0.000000,0.000000,0.000000,0.000000,0.000000,0.000000,0.000000,0.000000,0.000000,0.000000,0.000000,0.000000,0.000000,0.000000,0.000000,0.000000,0.000000,0.000000,0.000000,0.000000,0.000000,0.000000,0.000000,0.000000,0.000000,0.000000,0.000000,0.000000,0.000000,0.000000,0.000000,0.000000,0.000000,0.000000,0.000000,0.000000,0.000000,0.000000,0.000000,0.000000,0.000000,0.000000,0.000000,0.000000,0.000000,0.000000,0.000000,0.000000,0.000000,0.000000,0.000000,0.000000,0.000000,0.000000,0.000000,0.000000,0.000000,0.000000,0.000000,0.000000,0.000000,0.000000,0.000000,0.000000,0.000000,0.000000,0.000000,0.000000,0.000000,0.000000,0.000000,0.000000,0.000000,0.000000,0.000000,0.000000,0.000000,0.000000,0.000000,0.000000,0.000000,0.000000,0.000000,0.000000,0.000000,0.000000,0.000000,0.000000,0.000000,0.000000,0.000000,0.000000,0.000000
-0.030258,-2.539205,-3.193041,0.034920,-2.673296,-3.005444,0.073637,-2.671132,-3.006152,0.103964,-2.666149,-3.007784,-0.086503,-2.668970,-3.018772,-0.125084,-2.661643,-3.019328,-0.164567,-2.652272,-3.020173,0.163145,-2.599066,-1.935731,-0.196772,-2.579641,-2.006392,0.051807,-2.396829,-2.788495,-0.103856,-2.388247,-2.812553,0.494987,-1.704301,-1.169927,-0.486524,-1.719900,-1.360679,0.626824,-0.666850,-0.796773,-0.650637,-0.731082,-1.226642,0.755753,0.286021,-1.543206,-0.790977,0.151080,-1.923243,0.815776,0.508188,-1.796622,-0.852399,0.368626,-2.153196,0.782033,0.537099,-2.024111,-0.829830,0.404106,-2.411946,0.739965,0.436630,-1.659299,-0.783570,0.327735,-2.047429,0.321623,-0.010287,0.051613,-0.321623,0.010287,-0.051613,0.558370,0.615592,-3.642220,-0.578700,0.547121,-3.062627,0.513219,2.074647,-1.530036,-0.468752,2.093429,-1.426695,0.484047,2.245096,-1.363811,-0.445357,2.279472,-1.312640,0.486096,2.511001,-2.633227,-0.430349,2.610242,-2.714742,0.477675,0.323267,0.000869,0.478851,0.321195,-0.002612,0.481580,0.319055,-0.006622,0.485184,0.316194,-0.010332,0.490911,0.313892,-0.013366,0.496698,0.314492,-0.014359,0.502671,0.313078,-0.014098,0.509167,0.314645,-0.011857,0.513628,0.316925,-0.008716,0.517130,0.318622,-0.005124,0.518866,0.320494,-0.001864,0.516547,0.322843,-0.004711,0.513288,0.325077,-0.008411,0.508771,0.327754,-0.011189,0.503395,0.329736,-0.013344,0.497526,0.330475,-0.013496,0.491939,0.330487,-0.012569,0.486876,0.329237,-0.009718,0.482741,0.327129,-0.006577,0.479812,0.325319,-0.002385,0.464719,0.262693,0.011841,0.465766,0.261638,0.009853,0.467125,0.260407,0.008288,0.469426,0.258762,0.006812,0.473036,0.257637,0.005546,0.476623,0.257670,0.005147,0.480411,0.258555,0.005659,0.483126,0.260422,0.006422,0.509206,0.260198,0.005110,0.510375,0.260784,0.004962,0.512593,0.261310,0.003881,0.516193,0.262166,0.003029,0.520035,0.262351,0.002960,0.523989,0.261622,0.003857,0.526620,0.260672,0.005160,0.528439,0.259742,0.006356,0.495684,0.253054,-0.005373,0.495511,0.259749,-0.009125,0.495356,0.265932,-0.013349,0.495177,0.271728,-0.017978,0.000000,0.000000,0.000000,0.000000,0.000000,0.000000,0.000000,0.000000,0.000000,0.000000,0.000000,0.000000,0.000000,0.000000,0.000000,0.000000,0.000000,0.000000,0.000000,0.000000,0.000000,0.000000,0.000000,0.000000,0.000000,0.000000,0.000000,0.000000,0.000000,0.000000,0.000000,0.000000,0.000000,0.000000,0.000000,0.000000,0.000000,0.000000,0.000000,0.000000,0.000000,0.000000,0.000000,0.000000,0.000000,0.000000,0.000000,0.000000,0.000000,0.000000,0.000000,0.000000,0.000000,0.000000,0.000000,0.000000,0.000000,0.000000,0.000000,0.000000,0.000000,0.000000,0.000000,0.000000,0.000000,0.000000,0.000000,0.000000,0.000000,0.000000,0.000000,0.000000,0.000000,0.000000,0.000000,0.000000,0.000000,0.000000,0.000000,0.000000,0.000000,0.000000,0.000000,0.000000,0.000000,0.000000,0.000000,0.000000,0.000000,0.000000,0.000000,0.000000,0.000000,0.000000,0.000000,0.000000,0.000000,0.000000,0.000000,0.000000,0.000000,0.000000,0.000000,0.000000,0.000000,0.000000,0.000000,0.000000,0.000000,0.000000,0.000000,0.000000,0.000000,0.000000,0.000000,0.000000,0.000000,0.000000,0.000000,0.000000,0.000000,0.000000,0.000000,0.000000,0.000000,0.000000
-0.033855,-2.532786,-3.052720,0.032026,-2.668608,-2.851192,0.071792,-2.666978,-2.852135,0.101121,-2.662523,-2.853830,-0.089885,-2.662668,-2.866762,-0.129176,-2.655182,-2.867226,-0.169023,-2.646039,-2.868080,0.160710,-2.597228,-1.752372,-0.198935,-2.575554,-1.843107,0.049984,-2.392830,-2.642488,-0.106464,-2.382858,-2.664823,0.493609,-1.708295,-0.999897,-0.487458,-1.719023,-1.192198,0.622574,-0.687179,-0.602870,-0.652082,-0.738627,-1.074222,0.759841,0.260032,-1.416319,-0.773304,0.141373,-1.806088,0.838996,0.485497,-1.681790,-0.832967,0.348107,-2.038095,0.815445,0.514310,-1.923781,-0.803452,0.376778,-2.291757,0.767762,0.422358,-1.537210,-0.764516,0.303872,-1.929846,0.321667,-0.011241,0.053296,-0.321667,0.011241,-0.053296,0.557817,0.595560,-3.638581,-0.585825,0.557311,-3.159311,0.529746,2.025223,-1.519746,-0.468750,2.059723,-1.586781,0.503103,2.194361,-1.352952,-0.445727,2.229559,-1.468222,0.514673,2.442950,-2.612294,-0.412560,2.561604,-2.861652,0.475827,0.323097,0.000779,0.476962,0.321043,-0.002745,0.479694,0.318908,-0.006847,0.483322,0.316053,-0.010651,0.489201,0.313747,-0.013761,0.495165,0.314355,-0.014786,0.501360,0.312892,-0.014542,0.508133,0.314424,-0.012290,0.512753,0.316668,-0.009094,0.516405,0.318339,-0.005424,0.518230,0.320184,-0.002143,0.515829,0.322620,-0.005077,0.512444,0.324931,-0.008929,0.507775,0.327673,-0.011824,0.502233,0.329701,-0.014092,0.496192,0.330485,-0.014236,0.490465,0.330511,-0.013236,0.485288,0.329255,-0.010218,0.481059,0.327109,-0.006934,0.478040,0.325238,-0.002575,0.462721,0.262917,0.012458,0.463759,0.261814,0.010451,0.465118,0.260532,0.008859,0.467448,0.258835,0.007358,0.471124,0.257670,0.006063,0.474789,0.257710,0.005656,0.478645,0.258620,0.006142,0.481410,0.260508,0.006893,0.507909,0.260183,0.005411,0.509097,0.260780,0.005248,0.511347,0.261303,0.004144,0.514988,0.262152,0.003260,0.518894,0.262324,0.003171,0.522903,0.261592,0.004077,0.525573,0.260621,0.005401,0.527414,0.259653,0.006618,0.494056,0.252885,-0.005112,0.493877,0.259611,-0.008987,0.493703,0.265792,-0.013345,0.493511,0.271599,-0.018122,0.000000,0.000000,0.000000,0.000000,0.000000,0.000000,0.000000,0.000000,0.000000,0.000000,0.000000,0.000000,0.000000,0.000000,0.000000,0.000000,0.000000,0.000000,0.000000,0.000000,0.000000,0.000000,0.000000,0.000000,0.000000,0.000000,0.000000,0.000000,0.000000,0.000000,0.000000,0.000000,0.000000,0.000000,0.000000,0.000000,0.000000,0.000000,0.000000,0.000000,0.000000,0.000000,0.000000,0.000000,0.000000,0.000000,0.000000,0.000000,0.000000,0.000000,0.000000,0.000000,0.000000,0.000000,0.000000,0.000000,0.000000,0.000000,0.000000,0.000000,0.000000,0.000000,0.000000,0.000000,0.000000,0.000000,0.000000,0.000000,0.000000,0.000000,0.000000,0.000000,0.000000,0.000000,0.000000,0.000000,0.000000,0.000000,0.000000,0.000000,0.000000,0.000000,0.000000,0.000000,0.000000,0.000000,0.000000,0.000000,0.000000,0.000000,0.000000,0.000000,0.000000,0.000000,0.000000,0.000000,0.000000,0.000000,0.000000,0.000000,0.000000,0.000000,0.000000,0.000000,0.000000,0.000000,0.000000,0.000000,0.000000,0.000000,0.000000,0.000000,0.000000,0.000000,0.000000,0.000000,0.000000,0.000000,0.000000,0.000000,0.000000,0.000000,0.000000,0.000000,0.000000,0.000000
-0.037171,-2.581821,-1.949394,0.030159,-2.720717,-1.765030,0.072557,-2.719207,-1.766370,0.102316,-2.714550,-1.767492,-0.091633,-2.714435,-1.775983,-0.131927,-2.706726,-1.775856,-0.171377,-2.697608,-1.776657,0.163584,-2.646609,-0.752719,-0.198845,-2.625955,-0.792486,0.051228,-2.438494,-1.572785,-0.108296,-2.429169,-1.583458,0.502617,-1.768731,-0.263698,-0.495868,-1.757345,-0.216521,0.708872,-0.855001,-1.054218,-0.674467,-0.758849,-0.384891,0.824460,-0.820252,-3.169258,-0.782276,0.092376,-1.438968,0.893607,-0.765684,-3.635360,-0.843337,0.316372,-1.646743,0.858305,-0.887811,-3.697200,-0.813265,0.340052,-1.916168,0.811939,-0.921585,-3.248498,-0.773486,0.272642,-1.556731,0.332639,-0.008567,-0.001914,-0.332639,0.008567,0.001914,0.551015,0.572154,-3.613330,-0.595632,0.612198,-2.946296,0.531237,2.209054,-2.070013,-0.509127,2.227283,-1.792988,0.495793,2.395391,-1.957759,-0.480089,2.419976,-1.706734,0.519651,2.663470,-3.160420,-0.486448,2.748513,-2.953402,0.476745,0.322773,0.000877,0.477882,0.320750,-0.002623,0.480622,0.318698,-0.006679,0.484245,0.315947,-0.010431,0.490091,0.313725,-0.013465,0.496038,0.314311,-0.014415,0.502185,0.312802,-0.014123,0.508880,0.314188,-0.011818,0.513446,0.316288,-0.008573,0.517060,0.317857,-0.004882,0.518877,0.319645,-0.001591,0.516499,0.322144,-0.004498,0.513154,0.324546,-0.008336,0.508548,0.327368,-0.011226,0.503073,0.329462,-0.013529,0.497080,0.330310,-0.013730,0.491394,0.330329,-0.012786,0.486248,0.329064,-0.009846,0.482011,0.326884,-0.006637,0.478976,0.324956,-0.002377,0.463579,0.262691,0.011713,0.464607,0.261628,0.009745,0.465956,0.260371,0.008180,0.468246,0.258689,0.006728,0.471876,0.257522,0.005485,0.475493,0.257525,0.005122,0.479308,0.258385,0.005652,0.482044,0.260228,0.006419,0.508263,0.259859,0.005297,0.509410,0.260408,0.005158,0.511609,0.260904,0.004089,0.515182,0.261730,0.003251,0.519010,0.261899,0.003206,0.522968,0.261186,0.004121,0.525611,0.260255,0.005441,0.527446,0.259328,0.006647,0.494639,0.252848,-0.005306,0.494504,0.259568,-0.009099,0.494376,0.265784,-0.013373,0.494226,0.271618,-0.018046,0.000000,0.000000,0.000000,0.000000,0.000000,0.000000,0.000000,0.000000,0.000000,0.000000,0.000000,0.000000,0.000000,0.000000,0.000000,0.000000,0.000000,0.000000,0.000000,0.000000,0.000000,0.000000,0.000000,0.000000,0.000000,0.000000,0.000000,0.000000,0.000000,0.000000,0.000000,0.000000,0.000000,0.000000,0.000000,0.000000,0.000000,0.000000,0.000000,0.000000,0.000000,0.000000,0.000000,0.000000,0.000000,0.000000,0.000000,0.000000,0.000000,0.000000,0.000000,0.000000,0.000000,0.000000,0.000000,0.000000,0.000000,0.000000,0.000000,0.000000,0.000000,0.000000,0.000000,0.000000,0.000000,0.000000,0.000000,0.000000,0.000000,0.000000,0.000000,0.000000,0.000000,0.000000,0.000000,0.000000,0.000000,0.000000,0.000000,0.000000,0.000000,0.000000,0.000000,0.000000,0.000000,0.000000,0.000000,0.000000,0.000000,0.000000,0.000000,0.000000,0.000000,0.000000,0.000000,0.000000,0.000000,0.000000,0.000000,0.000000,0.000000,0.000000,0.000000,0.000000,0.000000,0.000000,0.000000,0.000000,0.000000,0.000000,0.000000,0.000000,0.000000,0.000000,0.000000,0.000000,0.000000,0.000000,0.000000,0.000000,0.000000,0.000000,0.000000,0.000000,0.000000,0.000000
-0.042548,-2.355522,-1.760482,0.018636,-2.481642,-1.577060,0.057010,-2.480289,-1.577945,0.083969,-2.476654,-1.578963,-0.091255,-2.477327,-1.572013,-0.126571,-2.471720,-1.571664,-0.161893,-2.464192,-1.572631,0.139572,-2.417715,-0.614505,-0.187292,-2.397009,-0.610181,0.037716,-2.224286,-1.406196,-0.104689,-2.219732,-1.407322,0.458017,-1.699478,-0.301223,-0.456916,-1.623689,0.094447,0.729263,-0.741787,-1.611125,-0.617727,-0.713658,0.317141,0.484981,-1.455597,-3.541704,-0.706432,0.041351,-0.353023,0.475149,-1.665139,-3.948761,-0.765446,0.231513,-0.447536,0.439055,-1.732308,-3.744774,-0.742352,0.252898,-0.672031,0.407975,-1.655267,-3.496445,-0.703757,0.205302,-0.447594,0.307637,-0.005807,-0.090212,-0.307637,0.005807,0.090212,0.477247,0.589236,-3.250295,-0.569747,0.531930,-3.236534,0.373995,2.030224,-1.504294,-0.507319,2.026257,-1.944443,0.354400,2.178630,-1.367278,-0.480750,2.209583,-1.851335,0.339492,2.436327,-2.473978,-0.493766,2.488209,-3.100391,0.475467,0.322212,0.001059,0.476618,0.320167,-0.002433,0.479354,0.318055,-0.006535,0.482968,0.315226,-0.010339,0.488720,0.312955,-0.013468,0.494539,0.313576,-0.014525,0.500608,0.312164,-0.014335,0.507259,0.313749,-0.012163,0.511840,0.316028,-0.009024,0.515475,0.317708,-0.005413,0.517299,0.319571,-0.002172,0.514910,0.321984,-0.005024,0.511533,0.324237,-0.008805,0.506884,0.326882,-0.011650,0.501402,0.328813,-0.013868,0.495459,0.329525,-0.013978,0.489848,0.329548,-0.012944,0.484772,0.328318,-0.009881,0.480617,0.326210,-0.006593,0.477645,0.324352,-0.002255,0.463161,0.262161,0.012525,0.464181,0.261069,0.010533,0.465520,0.259799,0.008966,0.467799,0.258124,0.007470,0.471400,0.256971,0.006174,0.475003,0.257015,0.005739,0.478786,0.257942,0.006196,0.481507,0.259850,0.006917,0.507433,0.259394,0.005181,0.508605,0.259974,0.005010,0.510823,0.260454,0.003913,0.514406,0.261233,0.003013,0.518242,0.261358,0.002891,0.522181,0.260591,0.003742,0.524821,0.259618,0.005012,0.526649,0.258649,0.006196,0.493795,0.252421,-0.005139,0.493572,0.259071,-0.008966,0.493357,0.265210,-0.013233,0.493124,0.270976,-0.017922,0.000000,0.000000,0.000000,0.000000,0.000000,0.000000,0.000000,0.000000,0.000000,0.000000,0.000000,0.000000,0.000000,0.000000,0.000000,0.000000,0.000000,0.000000,0.000000,0.000000,0.000000,0.000000,0.000000,0.000000,0.000000,0.000000,0.000000,0.000000,0.000000,0.000000,0.000000,0.000000,0.000000,0.000000,0.000000,0.000000,0.000000,0.000000,0.000000,0.000000,0.000000,0.000000,0.000000,0.000000,0.000000,0.000000,0.000000,0.000000,0.000000,0.000000,0.000000,0.000000,0.000000,0.000000,0.000000,0.000000,0.000000,0.000000,0.000000,0.000000,0.000000,0.000000,0.000000,0.626828,0.525787,0.000000,0.608265,0.513441,-0.008591,0.597674,0.494183,-0.015633,0.608428,0.481913,-0.023141,0.620379,0.475853,-0.030383,0.604501,0.448054,-0.013123,0.595283,0.415143,-0.022728,0.590539,0.393320,-0.028516,0.587236,0.374664,-0.032079,0.621068,0.446902,-0.015957,0.623704,0.408477,-0.024903,0.626846,0.382974,-0.030064,0.630388,0.361748,-0.032550,0.635501,0.456254,-0.019559,0.634339,0.450624,-0.030282,0.626654,0.469424,-0.031138,0.622158,0.484254,-0.028523,0.647417,0.471612,-0.024016,0.644673,0.467053,-0.031061,0.636636,0.479720,-0.028956,0.630721,0.491084,-0.025459
-0.042916,-2.279253,-1.829575,0.017009,-2.401881,-1.662293,0.053959,-2.400440,-1.662946,0.080654,-2.397693,-1.663952,-0.088707,-2.398460,-1.648884,-0.122715,-2.392529,-1.648673,-0.156686,-2.385818,-1.649648,0.134384,-2.342847,-0.740840,-0.181191,-2.320402,-0.698547,0.034358,-2.154280,-1.484274,-0.101707,-2.148568,-1.476349,0.438387,-1.656870,-0.417826,-0.440326,-1.579288,0.053174,0.711941,-0.743278,-1.660080,-0.597670,-0.702113,0.328143,0.450067,-1.415925,-3.538947,-0.682233,0.037098,-0.296960,0.443641,-1.613308,-3.931938,-0.738201,0.220371,-0.388233,0.403942,-1.682258,-3.733916,-0.716614,0.248166,-0.608789,0.373836,-1.607160,-3.493596,-0.678038,0.198597,-0.390309,0.298021,-0.001995,-0.100410,-0.298021,0.001995,0.100410,0.465023,0.590549,-3.081799,-0.552719,0.527082,-3.150502,0.354884,2.001961,-1.383678,-0.488622,1.983915,-1.759090,0.336762,2.177496,-1.259100,-0.463535,2.152680,-1.659753,0.325871,2.363931,-2.379653,-0.466705,2.453913,-2.903001,0.475673,0.322052,0.000836,0.476795,0.319942,-0.002669,0.479493,0.317743,-0.006702,0.483053,0.314787,-0.010440,0.488717,0.312362,-0.013514,0.494466,0.312886,-0.014563,0.500396,0.311441,-0.014324,0.506886,0.313048,-0.012149,0.511344,0.315380,-0.009063,0.514889,0.317107,-0.005487,0.516671,0.319002,-0.002229,0.514405,0.321341,-0.005061,0.511183,0.323568,-0.008715,0.506699,0.326270,-0.011454,0.501355,0.328287,-0.013546,0.495507,0.329080,-0.013652,0.489936,0.329150,-0.012695,0.484893,0.327944,-0.009798,0.480762,0.325869,-0.006646,0.477818,0.324091,-0.002445,0.462264,0.261880,0.012393,0.463285,0.260711,0.010399,0.464606,0.259384,0.008818,0.466882,0.257633,0.007313,0.470514,0.256419,0.006002,0.474170,0.256458,0.005562,0.477994,0.257447,0.006027,0.480758,0.259441,0.006756,0.506769,0.258912,0.005083,0.507977,0.259518,0.004920,0.510239,0.260015,0.003823,0.513875,0.260798,0.002938,0.517743,0.260889,0.002830,0.521674,0.260047,0.003699,0.524272,0.258984,0.004994,0.526055,0.257955,0.006178,0.493131,0.251880,-0.005260,0.493009,0.258520,-0.009043,0.492889,0.264592,-0.013300,0.492750,0.270290,-0.017968,0.000000,0.000000,0.000000,0.000000,0.000000,0.000000,0.000000,0.000000,0.000000,0.000000,0.000000,0.000000,0.000000,0.000000,0.000000,0.000000,0.000000,0.000000,0.000000,0.000000,0.000000,0.000000,0.000000,0.000000,0.000000,0.000000,0.000000,0.000000,0.000000,0.000000,0.000000,0.000000,0.000000,0.000000,0.000000,0.000000,0.000000,0.000000,0.000000,0.000000,0.000000,0.000000,0.000000,0.000000,0.000000,0.000000,0.000000,0.000000,0.000000,0.000000,0.000000,0.000000,0.000000,0.000000,0.000000,0.000000,0.000000,0.000000,0.000000,0.000000,0.000000,0.000000,0.000000,0.623913,0.527851,0.000000,0.605143,0.514798,-0.008226,0.594485,0.495393,-0.015149,0.605118,0.482768,-0.022783,0.617797,0.475829,-0.030122,0.600052,0.448230,-0.012394,0.590194,0.414954,-0.022128,0.585529,0.393401,-0.027962,0.582386,0.374555,-0.031454,0.616705,0.446613,-0.015625,0.618201,0.407550,-0.024895,0.621226,0.381732,-0.030312,0.625074,0.360469,-0.032911,0.631270,0.455519,-0.019673,0.629945,0.450131,-0.030768,0.622844,0.469100,-0.032244,0.618928,0.483549,-0.029945,0.643167,0.470382,-0.024552,0.640975,0.465197,-0.031643,0.632723,0.478569,-0.029732,0.626384,0.490671,-0.026402
-0.047829,-2.486585,-2.353150,0.016067,-2.619264,-2.145859,0.056530,-2.618040,-2.146931,0.085945,-2.614957,-2.147763,-0.098630,-2.614068,-2.148514,-0.136390,-2.606655,-2.148815,-0.173310,-2.598833,-2.149862,0.143068,-2.552120,-1.028057,-0.200369,-2.527123,-1.055543,0.036029,-2.347661,-1.946459,-0.112561,-2.339926,-1.955470,0.481162,-1.747765,-0.550352,-0.490878,-1.719260,-0.319617,0.713003,-0.734057,-1.677983,-0.655959,-0.759453,-0.465395,0.634258,-1.003694,-4.037481,-0.743259,0.040274,-1.826328,0.607214,-1.100614,-4.519524,-0.802937,0.242077,-2.070879,0.598480,-1.251128,-4.449915,-0.779147,0.262921,-2.296370,0.585277,-1.238275,-4.050040,-0.738391,0.200899,-1.938732,0.324025,-0.004027,-0.084065,-0.324025,0.004027,0.084065,0.458775,1.041510,-3.772083,-0.605333,0.580376,-3.523950,0.444636,2.217095,-1.811472,-0.528350,2.178365,-1.908903,0.434352,2.401516,-1.665174,-0.501147,2.372244,-1.793856,0.421786,2.601068,-2.966527,-0.500711,2.648378,-3.218542,0.474492,0.321915,0.000805,0.475639,0.319771,-0.002741,0.478346,0.317550,-0.006807,0.481935,0.314590,-0.010571,0.487687,0.312174,-0.013641,0.493517,0.312737,-0.014653,0.499521,0.311283,-0.014380,0.506086,0.312892,-0.012115,0.510565,0.315238,-0.008938,0.514102,0.316991,-0.005291,0.515876,0.318925,-0.001977,0.513610,0.321342,-0.004841,0.510380,0.323657,-0.008570,0.505860,0.326448,-0.011365,0.500455,0.328523,-0.013549,0.494518,0.329323,-0.013702,0.488838,0.329359,-0.012773,0.483723,0.328069,-0.009866,0.479565,0.325889,-0.006692,0.476625,0.324017,-0.002476,0.461141,0.261476,0.012165,0.462184,0.260375,0.010157,0.463534,0.259107,0.008582,0.465847,0.257419,0.007066,0.469497,0.256252,0.005778,0.473140,0.256287,0.005361,0.476953,0.257193,0.005862,0.479686,0.259066,0.006628,0.505998,0.258577,0.005193,0.507199,0.259164,0.005030,0.509448,0.259670,0.003940,0.513066,0.260477,0.003074,0.516924,0.260605,0.002995,0.520869,0.259836,0.003895,0.523487,0.258845,0.005211,0.525296,0.257881,0.006417,0.492258,0.251577,-0.005396,0.492115,0.258229,-0.009204,0.491978,0.264339,-0.013482,0.491825,0.270065,-0.018185,0.000000,0.000000,0.000000,0.000000,0.000000,0.000000,0.000000,0.000000,0.000000,0.000000,0.000000,0.000000,0.000000,0.000000,0.000000,0.000000,0.000000,0.000000,0.000000,0.000000,0.000000,0.000000,0.000000,0.000000,0.000000,0.000000,0.000000,0.000000,0.000000,0.000000,0.000000,0.000000,0.000000,0.000000,0.000000,0.000000,0.000000,0.000000,0.000000,0.000000,0.000000,0.000000,0.000000,0.000000,0.000000,0.000000,0.000000,0.000000,0.000000,0.000000,0.000000,0.000000,0.000000,0.000000,0.000000,0.000000,0.000000,0.000000,0.000000,0.000000,0.000000,0.000000,0.000000,0.655403,0.632406,0.000000,0.638240,0.626237,-0.004072,0.627805,0.611715,-0.005436,0.624516,0.598699,-0.006268,0.624265,0.590381,-0.006640,0.640035,0.570642,-0.000474,0.638315,0.545553,-0.000085,0.636290,0.533405,-0.000927,0.634369,0.524321,-0.001698,0.650946,0.569419,0.000507,0.648978,0.547578,0.002690,0.646242,0.538506,0.002153,0.644023,0.531453,0.001066,0.660406,0.571934,0.000918,0.658892,0.555387,0.002270,0.655337,0.549946,0.002381,0.652726,0.545954,0.002019,0.667950,0.576412,0.000843,0.666339,0.562265,0.001932,0.663501,0.557954,0.003470,0.661248,0.556056,0.004675
-0.045572,-2.567863,-3.070893,0.018451,-2.701651,-2.870107,0.059648,-2.698667,-2.871001,0.089761,-2.694864,-2.872675,-0.101405,-2.699981,-2.890048,-0.141244,-2.692287,-2.890409,-0.180060,-2.684454,-2.891128,0.147137,-2.629647,-1.751453,-0.210015,-2.611633,-1.851890,0.039401,-2.423416,-2.650842,-0.117585,-2.415074,-2.680192,0.481321,-1.764591,-1.081649,-0.517138,-1.757133,-1.136635,0.643300,-0.831913,-0.680620,-0.688539,-0.770151,-0.994848,0.802008,0.103589,-1.521991,-0.777464,0.101304,-1.768315,0.903425,0.351848,-1.808287,-0.835811,0.311912,-2.012508,0.878393,0.372477,-2.049678,-0.809556,0.343471,-2.282519,0.826427,0.294242,-1.640005,-0.769488,0.269026,-1.898490,0.334986,-0.019013,0.017748,-0.334986,0.019013,-0.017748,0.538604,0.706695,-3.579010,-0.616416,0.612686,-3.214409,0.540758,2.058602,-1.225519,-0.485780,2.089188,-1.585813,0.521035,2.219922,-1.050096,-0.456478,2.250676,-1.460595,0.528748,2.482805,-2.249194,-0.422741,2.592999,-2.827151,0.476216,0.324297,0.001258,0.477344,0.322270,-0.002285,0.480004,0.320246,-0.006197,0.483545,0.317518,-0.009782,0.489149,0.315329,-0.012676,0.494823,0.315909,-0.013526,0.500582,0.314536,-0.013151,0.506764,0.316044,-0.010786,0.510953,0.318235,-0.007588,0.514208,0.319869,-0.003931,0.515831,0.321705,-0.000528,0.513755,0.324125,-0.003279,0.510819,0.326481,-0.006802,0.506636,0.329332,-0.009441,0.501539,0.331444,-0.011521,0.495867,0.332227,-0.011758,0.490350,0.332173,-0.011028,0.485364,0.330751,-0.008465,0.481258,0.328435,-0.005594,0.478339,0.326463,-0.001748,0.462113,0.263218,0.010246,0.463173,0.262216,0.008278,0.464541,0.261001,0.006751,0.466840,0.259380,0.005273,0.470450,0.258266,0.004059,0.474034,0.258325,0.003716,0.477782,0.259338,0.004321,0.480473,0.261286,0.005146,0.506425,0.261014,0.004401,0.507556,0.261552,0.004284,0.509749,0.262005,0.003278,0.513299,0.262783,0.002503,0.517081,0.262891,0.002514,0.520952,0.262096,0.003449,0.523518,0.261081,0.004770,0.525307,0.260105,0.005946,0.493226,0.254872,-0.006510,0.493221,0.261630,-0.010000,0.493226,0.267945,-0.013968,0.493207,0.273861,-0.018314,0.000000,0.000000,0.000000,0.000000,0.000000,0.000000,0.000000,0.000000,0.000000,0.000000,0.000000,0.000000,0.000000,0.000000,0.000000,0.000000,0.000000,0.000000,0.000000,0.000000,0.000000,0.000000,0.000000,0.000000,0.000000,0.000000,0.000000,0.000000,0.000000,0.000000,0.000000,0.000000,0.000000,0.000000,0.000000,0.000000,0.000000,0.000000,0.000000,0.000000,0.000000,0.000000,0.000000,0.000000,0.000000,0.000000,0.000000,0.000000,0.000000,0.000000,0.000000,0.000000,0.000000,0.000000,0.000000,0.000000,0.000000,0.000000,0.000000,0.000000,0.000000,0.000000,0.000000,0.691799,0.907703,0.000000,0.682114,0.932914,-0.012915,0.685910,0.958072,-0.019029,0.696074,0.978743,-0.022282,0.706252,0.991635,-0.023405,0.711655,0.936326,-0.022542,0.717885,0.980093,-0.031642,0.706566,0.983206,-0.034181,0.699668,0.975084,-0.033560,0.721012,0.933701,-0.017263,0.725921,0.976807,-0.024011,0.714622,0.980370,-0.023543,0.708457,0.972517,-0.022004,0.725449,0.936468,-0.012398,0.728582,0.975536,-0.016963,0.718654,0.977476,-0.014099,0.713014,0.970391,-0.011215,0.727164,0.942108,-0.008506,0.729697,0.972094,-0.011645,0.722317,0.975473,-0.010181,0.717093,0.971112,-0.008191
