-0.122094,-2.661091,-2.577822,-0.044456,-2.797050,-2.442683,-0.001412,-2.795259,-2.442187,0.042702,-2.791871,-2.443441,-0.186392,-2.792063,-2.430481,-0.231014,-2.787871,-2.429713,-0.271382,-2.781954,-2.431032,0.131869,-2.717389,-1.579369,-0.296058,-2.708993,-1.487715,-0.027579,-2.488058,-2.257718,-0.192170,-2.471305,-2.229200,0.451346,-1.897936,-1.127104,-0.542513,-1.788320,-1.142237,0.521578,-0.780680,-0.925788,-0.678861,-0.818386,-1.006109,0.497139,0.261256,-1.460737,-0.746057,0.226179,-1.780131,0.550290,0.589902,-1.700482,-0.814759,0.503293,-2.040138,0.398626,0.627594,-1.824852,-0.721637,0.535239,-2.278728,0.370253,0.481111,-1.541292,-0.679503,0.430575,-1.904692,0.333413,0.002754,-0.115717,-0.333413,-0.002754,0.115717,0.287931,1.519471,0.466925,-0.350247,1.546919,0.834398,0.272451,2.786975,2.536015,-0.379892,2.878747,2.498255,0.299954,3.005402,2.675079,-0.393831,3.107535,2.619580,0.145902,3.256516,1.353772,-0.300553,3.350236,1.110284,0.431157,0.376015,0.002502,0.432403,0.372513,-0.003250,0.436267,0.368458,-0.010050,0.441613,0.363039,-0.016353,0.450070,0.358669,-0.022060,0.458767,0.359723,-0.024558,0.468130,0.357904,-0.024977,0.478677,0.361879,-0.022437,0.486189,0.366909,-0.018435,0.492180,0.370755,-0.013490,0.495047,0.374289,-0.008672,0.491232,0.377395,-0.012820,0.485787,0.380212,-0.018070,0.478226,0.383884,-0.021777,0.469599,0.386335,-0.024000,0.460604,0.386884,-0.023194,0.452137,0.386636,-0.021076,0.444591,0.384495,-0.015993,0.438525,0.381232,-0.010593,0.434319,0.378841,-0.003456,0.411213,0.274383,0.026664,0.412995,0.272544,0.023093,0.415266,0.270502,0.020373,0.419085,0.267942,0.017514,0.425009,0.266319,0.014812,0.430875,0.266694,0.013500,0.436806,0.268270,0.013752,0.440963,0.271309,0.014623,0.484819,0.271779,0.006981,0.486917,0.272926,0.006446,0.490672,0.273971,0.004319,0.496555,0.275568,0.002401,0.502876,0.276130,0.001612,0.509488,0.275262,0.002541,0.513975,0.273822,0.004359,0.517180,0.272426,0.006088,0.460562,0.258613,-0.007686,0.459545,0.269558,-0.014061,0.458532,0.279471,-0.021049,0.457552,0.288556,-0.028759,0.000000,0.000000,0.000000,0.000000,0.000000,0.000000,0.000000,0.000000,0.000000,0.000000,0.000000,0.000000,0.000000,0.000000,0.000000,0.000000,0.000000,0.000000,0.000000,0.000000,0.000000,0.000000,0.000000,0.000000,0.000000,0.000000,0.000000,0.000000,0.000000,0.000000,0.000000,0.000000,0.000000,0.000000,0.000000,0.000000,0.000000,0.000000,0.000000,0.000000,0.000000,0.000000,0.000000,0.000000,0.000000,0.000000,0.000000,0.000000,0.000000,0.000000,0.000000,0.000000,0.000000,0.000000,0.000000,0.000000,0.000000,0.000000,0.000000,0.000000,0.000000,0.000000,0.000000,0.000000,0.000000,0.000000,0.000000,0.000000,0.000000,0.000000,0.000000,0.000000,0.000000,0.000000,0.000000,0.000000,0.000000,0.000000,0.000000,0.000000,0.000000,0.000000,0.000000,0.000000,0.000000,0.000000,0.000000,0.000000,0.000000,0.000000,0.000000,0.000000,0.000000,0.000000,0.000000,0.000000,0.000000,0.000000,0.000000,0.000000,0.000000,0.000000,0.000000,0.000000,0.000000,0.000000,0.000000,0.000000,0.000000,0.000000,0.000000,0.000000,0.000000,0.000000,0.000000,0.000000,0.000000,0.000000,0.000000,0.000000,0.000000,0.000000,0.000000,0.000000,0.000000,0.000000
-0.103324,-2.499577,-2.077798,-0.030832,-2.632483,-1.967424,0.011152,-2.627661,-1.968166,0.048104,-2.621045,-1.969060,-0.163168,-2.630536,-1.918128,-0.206142,-2.627822,-1.917699,-0.239285,-2.622213,-1.919362,0.128301,-2.547510,-1.187416,-0.260895,-2.536412,-0.989436,-0.017154,-2.342419,-1.786388,-0.172831,-2.331045,-1.738427,0.428381,-1.789115,-0.892641,-0.487679,-1.710094,-0.499815,0.487321,-0.782722,-1.036746,-0.627256,-0.842631,-0.353139,0.404598,0.090843,-1.819646,-0.726822,0.011520,-1.367199,0.428759,0.384120,-2.104896,-0.798664,0.262201,-1.603232,0.301508,0.398091,-2.185499,-0.714101,0.278090,-1.855920,0.281480,0.269210,-1.887362,-0.673309,0.178715,-1.505958,0.299712,0.001362,-0.324698,-0.299712,-0.001362,0.324698,0.259323,1.407782,-0.171374,-0.314543,1.413259,0.592330,0.214053,2.640302,1.385729,-0.339944,2.672062,1.743309,0.232790,2.842174,1.478767,-0.348518,2.892713,1.817318,0.083838,3.063974,0.256530,-0.304476,3.073871,0.458521,0.437347,0.376182,0.002210,0.438490,0.372532,-0.003387,0.441966,0.368274,-0.009984,0.446846,0.362660,-0.016157,0.454955,0.357967,-0.021679,0.463432,0.358718,-0.024251,0.472587,0.356658,-0.024647,0.483014,0.360274,-0.022286,0.490275,0.365019,-0.018426,0.496051,0.368644,-0.013672,0.498850,0.372162,-0.009059,0.495162,0.375298,-0.013031,0.489938,0.378276,-0.017985,0.482673,0.382265,-0.021479,0.474215,0.385163,-0.023510,0.465330,0.386087,-0.022695,0.457064,0.386103,-0.020623,0.449740,0.384127,-0.015738,0.444082,0.381036,-0.010577,0.440238,0.378823,-0.003621,0.416698,0.276365,0.026516,0.418343,0.274691,0.023017,0.420518,0.272809,0.020300,0.424168,0.270355,0.017522,0.429823,0.268619,0.014817,0.435499,0.268658,0.013478,0.441331,0.269744,0.013696,0.445354,0.272334,0.014608,0.487684,0.271208,0.006706,0.489706,0.272208,0.006214,0.493319,0.273037,0.004122,0.499074,0.274376,0.002212,0.505267,0.274670,0.001439,0.511728,0.273445,0.002344,0.516062,0.271850,0.004058,0.519174,0.270338,0.005751,0.463746,0.258831,-0.007089,0.462877,0.269863,-0.013280,0.462026,0.279688,-0.020185,0.461189,0.288827,-0.027794,0.000000,0.000000,0.000000,0.000000,0.000000,0.000000,0.000000,0.000000,0.000000,0.000000,0.000000,0.000000,0.000000,0.000000,0.000000,0.000000,0.000000,0.000000,0.000000,0.000000,0.000000,0.000000,0.000000,0.000000,0.000000,0.000000,0.000000,0.000000,0.000000,0.000000,0.000000,0.000000,0.000000,0.000000,0.000000,0.000000,0.000000,0.000000,0.000000,0.000000,0.000000,0.000000,0.000000,0.000000,0.000000,0.000000,0.000000,0.000000,0.000000,0.000000,0.000000,0.000000,0.000000,0.000000,0.000000,0.000000,0.000000,0.000000,0.000000,0.000000,0.000000,0.000000,0.000000,0.000000,0.000000,0.000000,0.000000,0.000000,0.000000,0.000000,0.000000,0.000000,0.000000,0.000000,0.000000,0.000000,0.000000,0.000000,0.000000,0.000000,0.000000,0.000000,0.000000,0.000000,0.000000,0.000000,0.000000,0.000000,0.000000,0.000000,0.000000,0.000000,0.000000,0.000000,0.000000,0.000000,0.000000,0.000000,0.000000,0.000000,0.000000,0.000000,0.000000,0.000000,0.000000,0.000000,0.000000,0.000000,0.000000,0.000000,0.000000,0.000000,0.000000,0.000000,0.000000,0.000000,0.000000,0.000000,0.000000,0.000000,0.000000,0.000000,0.000000,0.000000,0.000000,0.000000
-0.064291,-2.681819,-2.995793,0.010836,-2.819907,-2.860715,0.056847,-2.813962,-2.861401,0.090761,-2.806344,-2.861713,-0.124910,-2.820673,-2.862650,-0.169403,-2.817303,-2.862410,-0.205774,-2.811552,-2.864055,0.173351,-2.728130,-1.870260,-0.229945,-2.719892,-1.848940,0.023815,-2.514829,-2.615871,-0.139895,-2.505051,-2.608593,0.501199,-1.860706,-1.061433,-0.479661,-1.860366,-1.256044,0.703190,-0.856586,-0.834240,-0.647932,-0.956946,-0.993973,0.727832,-0.053828,-1.892701,-0.704007,-0.068037,-2.115007,0.778625,0.209952,-2.180372,-0.743629,0.200905,-2.437320,0.696392,0.187493,-2.385535,-0.670777,0.178372,-2.713630,0.647569,0.078651,-2.037722,-0.635043,0.076620,-2.264988,0.332655,0.007490,-0.123932,-0.332655,-0.007490,0.123932,0.254673,1.500634,-0.038029,-0.366692,1.463809,-0.020326,0.201059,2.815629,1.538107,-0.402861,2.816086,1.167037,0.216824,3.024980,1.595123,-0.411859,3.042033,1.237542,0.086243,3.250190,0.172597,-0.360037,3.221377,-0.323265,0.440405,0.383566,0.001556,0.441760,0.380241,-0.003915,0.445482,0.376337,-0.010243,0.450548,0.371060,-0.016120,0.458685,0.366650,-0.021217,0.467093,0.367318,-0.023325,0.476034,0.365204,-0.023371,0.486119,0.368362,-0.020558,0.493180,0.372607,-0.016413,0.498804,0.375754,-0.011424,0.501497,0.378839,-0.006656,0.497903,0.381832,-0.010936,0.492792,0.384634,-0.016199,0.485708,0.388499,-0.019946,0.477465,0.391408,-0.022346,0.468778,0.392300,-0.021920,0.460619,0.392553,-0.020220,0.453248,0.390759,-0.015688,0.447396,0.387968,-0.010788,0.443374,0.386004,-0.004039,0.418804,0.285192,0.023128,0.420450,0.283399,0.019791,0.422596,0.281428,0.017199,0.426219,0.278840,0.014602,0.431862,0.276993,0.012207,0.437484,0.277008,0.011165,0.443295,0.278231,0.011625,0.447357,0.281033,0.012660,0.489014,0.279652,0.007303,0.491018,0.280639,0.006881,0.494611,0.281457,0.004975,0.500316,0.282760,0.003321,0.506410,0.282997,0.002855,0.512690,0.281671,0.003971,0.516858,0.280001,0.005843,0.519792,0.278432,0.007595,0.466162,0.268053,-0.007745,0.465591,0.278939,-0.013805,0.465031,0.288812,-0.020515,0.464474,0.298020,-0.027916,0.000000,0.000000,0.000000,0.000000,0.000000,0.000000,0.000000,0.000000,0.000000,0.000000,0.000000,0.000000,0.000000,0.000000,0.000000,0.000000,0.000000,0.000000,0.000000,0.000000,0.000000,0.000000,0.000000,0.000000,0.000000,0.000000,0.000000,0.000000,0.000000,0.000000,0.000000,0.000000,0.000000,0.000000,0.000000,0.000000,0.000000,0.000000,0.000000,0.000000,0.000000,0.000000,0.000000,0.000000,0.000000,0.000000,0.000000,0.000000,0.000000,0.000000,0.000000,0.000000,0.000000,0.000000,0.000000,0.000000,0.000000,0.000000,0.000000,0.000000,0.000000,0.000000,0.000000,0.000000,0.000000,0.000000,0.000000,0.000000,0.000000,0.000000,0.000000,0.000000,0.000000,0.000000,0.000000,0.000000,0.000000,0.000000,0.000000,0.000000,0.000000,0.000000,0.000000,0.000000,0.000000,0.000000,0.000000,0.000000,0.000000,0.000000,0.000000,0.000000,0.000000,0.000000,0.000000,0.000000,0.000000,0.000000,0.000000,0.000000,0.000000,0.000000,0.000000,0.000000,0.000000,0.000000,0.000000,0.000000,0.000000,0.000000,0.000000,0.000000,0.000000,0.000000,0.000000,0.000000,0.000000,0.000000,0.000000,0.000000,0.000000,0.000000,0.000000,0.000000,0.000000,0.000000
-0.074347,-2.668316,-2.902826,-0.005824,-2.792119,-2.734335,0.038634,-2.791372,-2.735557,0.071189,-2.786762,-2.735311,-0.129923,-2.786346,-2.744921,-0.170391,-2.779497,-2.745117,-0.209701,-2.769214,-2.746948,0.146910,-2.713909,-1.638564,-0.233530,-2.690009,-1.650775,0.013058,-2.519840,-2.483516,-0.143794,-2.510710,-2.490491,0.490879,-1.859636,-0.864241,-0.504212,-1.852918,-0.845448,0.768309,-1.016169,-1.061261,-0.674332,-0.929394,-0.706376,0.640740,-0.517627,-2.705183,-0.595749,-0.166461,-2.166427,0.584097,-0.317137,-3.108946,-0.562742,0.111563,-2.524470,0.509439,-0.460915,-3.228534,-0.490341,0.001160,-2.756471,0.510214,-0.541878,-2.798065,-0.481631,-0.099176,-2.282216,0.335120,-0.001663,-0.110679,-0.335120,0.001663,0.110679,0.290555,1.463683,-0.280908,-0.346637,1.417210,-0.489685,0.253613,2.772558,0.950863,-0.365030,2.771685,0.309310,0.261350,2.966160,0.985558,-0.366063,2.991663,0.332641,0.148461,3.190260,-0.438111,-0.291428,3.151212,-1.223498,0.453416,0.393721,0.002707,0.454691,0.390441,-0.002837,0.458126,0.386691,-0.008965,0.462864,0.381614,-0.014609,0.470642,0.377359,-0.019497,0.478793,0.377963,-0.021381,0.487372,0.375754,-0.021277,0.496995,0.378595,-0.018282,0.503688,0.382555,-0.014045,0.508932,0.385491,-0.009027,0.511473,0.388444,-0.004031,0.508263,0.391459,-0.008092,0.503643,0.394395,-0.012948,0.497111,0.398507,-0.016430,0.489322,0.401692,-0.018623,0.480913,0.402756,-0.018238,0.472990,0.403094,-0.016822,0.465813,0.401264,-0.012877,0.460112,0.398320,-0.008507,0.456255,0.396185,-0.002408,0.429611,0.296159,0.019610,0.431217,0.294539,0.016334,0.433286,0.292682,0.013786,0.436797,0.290183,0.011248,0.442319,0.288312,0.008969,0.447833,0.288177,0.008057,0.453502,0.289241,0.008696,0.457488,0.291886,0.009837,0.498604,0.289586,0.005767,0.500503,0.290435,0.005424,0.503983,0.291156,0.003667,0.509548,0.292358,0.002213,0.515449,0.292487,0.001923,0.521557,0.291048,0.003105,0.525626,0.289295,0.004970,0.528495,0.287641,0.006682,0.476213,0.280126,-0.009953,0.475919,0.290934,-0.015397,0.475643,0.300980,-0.021548,0.475339,0.310419,-0.028319,0.000000,0.000000,0.000000,0.000000,0.000000,0.000000,0.000000,0.000000,0.000000,0.000000,0.000000,0.000000,0.000000,0.000000,0.000000,0.000000,0.000000,0.000000,0.000000,0.000000,0.000000,0.000000,0.000000,0.000000,0.000000,0.000000,0.000000,0.000000,0.000000,0.000000,0.000000,0.000000,0.000000,0.000000,0.000000,0.000000,0.000000,0.000000,0.000000,0.000000,0.000000,0.000000,0.000000,0.000000,0.000000,0.000000,0.000000,0.000000,0.000000,0.000000,0.000000,0.000000,0.000000,0.000000,0.000000,0.000000,0.000000,0.000000,0.000000,0.000000,0.000000,0.000000,0.000000,0.000000,0.000000,0.000000,0.000000,0.000000,0.000000,0.000000,0.000000,0.000000,0.000000,0.000000,0.000000,0.000000,0.000000,0.000000,0.000000,0.000000,0.000000,0.000000,0.000000,0.000000,0.000000,0.000000,0.000000,0.000000,0.000000,0.000000,0.000000,0.000000,0.000000,0.000000,0.000000,0.000000,0.000000,0.000000,0.000000,0.000000,0.000000,0.000000,0.000000,0.000000,0.000000,0.000000,0.000000,0.000000,0.000000,0.000000,0.000000,0.000000,0.000000,0.000000,0.000000,0.000000,0.000000,0.000000,0.000000,0.000000,0.000000,0.000000,0.000000,0.000000,0.000000,0.000000
-0.064642,-2.657973,-2.444861,0.008565,-2.796294,-2.278339,0.044846,-2.795256,-2.278033,0.077500,-2.790339,-2.276786,-0.114051,-2.790644,-2.290511,-0.154872,-2.783805,-2.289600,-0.193806,-2.773923,-2.290761,0.143819,-2.716778,-1.249841,-0.233675,-2.695578,-1.283374,0.014796,-2.507610,-2.068764,-0.135932,-2.501084,-2.079085,0.482114,-1.927238,-0.707541,-0.510630,-1.845343,-0.619550,0.906577,-0.922181,-1.965791,-0.717348,-0.848851,-0.451049,0.245308,-1.636368,-4.015078,-0.733482,0.096058,-1.498131,0.119132,-1.886509,-4.608609,-0.770832,0.395545,-1.712844,0.108891,-1.971718,-3.951675,-0.703432,0.340543,-1.928522,0.129310,-1.909579,-4.011613,-0.670629,0.235062,-1.614291,0.360719,-0.012592,-0.168963,-0.360719,0.012592,0.168963,0.345339,1.533304,0.238583,-0.338183,1.527068,0.254756,0.324891,2.887189,1.912121,-0.337746,2.905558,1.482846,0.339543,3.079606,2.007371,-0.351900,3.113166,1.564155,0.232026,3.351943,0.620026,-0.221778,3.345012,-0.021390,0.460656,0.388437,0.000772,0.462064,0.384923,-0.004577,0.465662,0.380910,-0.010400,0.470609,0.375630,-0.015746,0.478690,0.371298,-0.020276,0.486921,0.372108,-0.021951,0.495489,0.370167,-0.021580,0.504843,0.373534,-0.018459,0.511105,0.378063,-0.014147,0.515951,0.381543,-0.009097,0.518249,0.384846,-0.004140,0.515087,0.387748,-0.008362,0.510615,0.390512,-0.013264,0.504244,0.394339,-0.016813,0.496578,0.397214,-0.019192,0.488291,0.398051,-0.019011,0.480338,0.398174,-0.017829,0.473117,0.396216,-0.014183,0.467387,0.393167,-0.010014,0.463475,0.390958,-0.004202,0.438197,0.289976,0.018861,0.439890,0.288363,0.015718,0.442011,0.286542,0.013281,0.445595,0.284126,0.010869,0.451162,0.282402,0.008790,0.456657,0.282438,0.008057,0.462351,0.283677,0.008827,0.466348,0.286431,0.009994,0.507294,0.285635,0.007224,0.509152,0.286568,0.006913,0.512565,0.287396,0.005211,0.518036,0.288803,0.003885,0.523875,0.289131,0.003728,0.529920,0.287952,0.005066,0.533917,0.286378,0.007031,0.536698,0.284864,0.008810,0.485863,0.275261,-0.008926,0.485581,0.285538,-0.014484,0.485318,0.295315,-0.020752,0.485044,0.304577,-0.027654,0.000000,0.000000,0.000000,0.000000,0.000000,0.000000,0.000000,0.000000,0.000000,0.000000,0.000000,0.000000,0.000000,0.000000,0.000000,0.000000,0.000000,0.000000,0.000000,0.000000,0.000000,0.000000,0.000000,0.000000,0.000000,0.000000,0.000000,0.000000,0.000000,0.000000,0.000000,0.000000,0.000000,0.000000,0.000000,0.000000,0.000000,0.000000,0.000000,0.000000,0.000000,0.000000,0.000000,0.000000,0.000000,0.000000,0.000000,0.000000,0.000000,0.000000,0.000000,0.000000,0.000000,0.000000,0.000000,0.000000,0.000000,0.000000,0.000000,0.000000,0.000000,0.000000,0.000000,0.575817,0.690281,-0.000000,0.575146,0.644783,0.008993,0.567569,0.595781,0.006450,0.547189,0.561666,0.001292,0.524966,0.551155,-0.004309,0.580222,0.566979,-0.005968,0.548017,0.515832,-0.015447,0.535887,0.528711,-0.019895,0.535694,0.544566,-0.020643,0.567541,0.579533,-0.014588,0.533166,0.533003,-0.022465,0.527126,0.550716,-0.023571,0.531608,0.568410,-0.023124,0.552810,0.594974,-0.021871,0.521449,0.549006,-0.026316,0.517957,0.563248,-0.021086,0.522320,0.578035,-0.016822,0.535243,0.609302,-0.027913,0.510274,0.565145,-0.027513,0.501904,0.553271,-0.020722,0.498187,0.545466,-0.015346
-0.018992,-2.571127,-2.287356,0.052569,-2.715038,-2.128527,0.087908,-2.711876,-2.128650,0.121001,-2.705778,-2.126883,-0.068921,-2.717321,-2.137902,-0.111081,-2.714243,-2.137402,-0.150405,-2.708790,-2.139015,0.185806,-2.634956,-1.098107,-0.195457,-2.639091,-1.148487,0.064310,-2.420063,-1.908989,-0.089221,-2.427994,-1.925678,0.510401,-1.867224,-0.569585,-0.481761,-1.831808,-0.458496,0.644411,-0.841711,-1.847593,-0.680942,-0.852034,-0.524442,0.170628,-1.747348,-3.829788,-0.628638,-0.012855,-1.775081,0.097436,-2.008399,-4.256680,-0.650724,0.297542,-2.017046,0.121343,-2.108426,-4.042608,-0.577039,0.216132,-2.195064,0.122815,-1.998496,-3.803810,-0.552578,0.103459,-1.879947,0.354374,0.004065,-0.088400,-0.354374,-0.004065,0.088400,0.285399,1.495512,0.251753,-0.379540,1.470345,0.059899,0.256077,2.793548,1.720438,-0.383806,2.783526,1.108539,0.271789,2.971893,1.790371,-0.400215,2.972430,1.167224,0.146759,3.234480,0.442466,-0.284327,3.199400,-0.372900,0.462470,0.387002,0.000915,0.463845,0.383847,-0.004397,0.467318,0.380139,-0.010189,0.472058,0.375146,-0.015452,0.479627,0.371017,-0.020044,0.487488,0.371694,-0.021806,0.495707,0.369800,-0.021529,0.504784,0.372911,-0.018506,0.511061,0.377071,-0.014434,0.516017,0.380118,-0.009579,0.518362,0.383042,-0.004715,0.515240,0.385531,-0.008924,0.510781,0.387871,-0.013740,0.504471,0.391385,-0.017086,0.496978,0.394092,-0.019121,0.489003,0.394882,-0.018839,0.481432,0.395121,-0.017637,0.474490,0.393407,-0.014149,0.468939,0.390812,-0.010052,0.465190,0.389067,-0.004204,0.438291,0.288658,0.019334,0.439871,0.286849,0.016139,0.441893,0.284822,0.013677,0.445373,0.282130,0.011206,0.450968,0.280200,0.009055,0.456601,0.280258,0.008267,0.462376,0.281819,0.008928,0.466444,0.285011,0.010065,0.507132,0.284011,0.006760,0.509080,0.285003,0.006448,0.512648,0.285811,0.004698,0.518247,0.287122,0.003307,0.524204,0.287346,0.003070,0.530252,0.285992,0.004348,0.534237,0.284261,0.006314,0.537009,0.282622,0.008082,0.485483,0.273750,-0.009096,0.485246,0.284579,-0.014668,0.484981,0.294514,-0.020967,0.484707,0.303846,-0.027864,0.000000,0.000000,0.000000,0.000000,0.000000,0.000000,0.000000,0.000000,0.000000,0.000000,0.000000,0.000000,0.000000,0.000000,0.000000,0.000000,0.000000,0.000000,0.000000,0.000000,0.000000,0.000000,0.000000,0.000000,0.000000,0.000000,0.000000,0.000000,0.000000,0.000000,0.000000,0.000000,0.000000,0.000000,0.000000,0.000000,0.000000,0.000000,0.000000,0.000000,0.000000,0.000000,0.000000,0.000000,0.000000,0.000000,0.000000,0.000000,0.000000,0.000000,0.000000,0.000000,0.000000,0.000000,0.000000,0.000000,0.000000,0.000000,0.000000,0.000000,0.000000,0.000000,0.000000,0.534197,0.592387,-0.000000,0.555998,0.550851,0.009166,0.560248,0.510456,0.008357,0.547793,0.480802,0.005507,0.528366,0.474779,0.002420,0.565128,0.490929,-0.007713,0.546659,0.442433,-0.014009,0.540472,0.458576,-0.015767,0.541836,0.474958,-0.015561,0.545467,0.493797,-0.014740,0.527859,0.445282,-0.018669,0.522721,0.463884,-0.016072,0.525829,0.479517,-0.014362,0.524755,0.499430,-0.020090,0.512584,0.450596,-0.022540,0.510006,0.467816,-0.016741,0.513419,0.484269,-0.012874,0.504992,0.504840,-0.024231,0.499368,0.456467,-0.024214,0.497146,0.432463,-0.019932,0.497121,0.412892,-0.017170
-0.004503,-2.563338,-2.325587,0.066416,-2.713823,-2.159101,0.102183,-2.709514,-2.159236,0.134625,-2.706084,-2.157818,-0.055807,-2.716957,-2.165785,-0.098157,-2.716624,-2.165280,-0.137755,-2.715058,-2.166766,0.199269,-2.639587,-1.122984,-0.182629,-2.650733,-1.161526,0.079494,-2.421654,-1.945006,-0.074443,-2.425934,-1.955966,0.529191,-1.867484,-0.570598,-0.467754,-1.833543,-0.500384,0.615349,-0.825887,-1.752184,-0.687393,-0.871690,-0.733670,0.156439,-1.729518,-3.586006,-0.472983,-0.156489,-2.094120,0.093332,-1.976102,-3.999147,-0.450309,0.133163,-2.357885,0.117277,-2.068032,-3.781867,-0.370904,0.022885,-2.496918,0.117317,-1.971659,-3.553641,-0.368324,-0.084404,-2.180850,0.349233,0.003395,-0.063176,-0.349233,-0.003395,0.063176,0.285566,1.498724,0.235729,-0.367093,1.459015,0.011694,0.261569,2.817316,1.695735,-0.371755,2.823076,1.078175,0.277635,2.996726,1.767534,-0.387412,3.018133,1.137652,0.149732,3.266951,0.390600,-0.274549,3.234533,-0.426467,0.463332,0.385483,-0.000229,0.464794,0.382173,-0.005433,0.468441,0.378308,-0.011157,0.473399,0.373142,-0.016372,0.481187,0.368901,-0.020820,0.489187,0.369582,-0.022452,0.497497,0.367735,-0.022026,0.506662,0.370987,-0.018857,0.513019,0.375322,-0.014651,0.518022,0.378558,-0.009708,0.520351,0.381637,-0.004876,0.517201,0.384142,-0.009281,0.512681,0.386424,-0.014357,0.506268,0.389866,-0.017940,0.498648,0.392520,-0.020300,0.490537,0.393252,-0.020205,0.482810,0.393497,-0.019054,0.475711,0.391797,-0.015508,0.470006,0.389253,-0.011325,0.466133,0.387561,-0.005397,0.439923,0.287904,0.019215,0.441583,0.286101,0.016096,0.443673,0.284114,0.013692,0.447204,0.281496,0.011301,0.452782,0.279645,0.009277,0.458333,0.279729,0.008591,0.464077,0.281218,0.009333,0.468106,0.284292,0.010477,0.508754,0.283770,0.007999,0.510728,0.284805,0.007698,0.514301,0.285685,0.005961,0.519869,0.287072,0.004647,0.525790,0.287375,0.004503,0.531793,0.286155,0.005867,0.535717,0.284567,0.007906,0.538433,0.283080,0.009715,0.487392,0.272798,-0.008191,0.487144,0.283217,-0.013963,0.486888,0.292805,-0.020420,0.486614,0.301797,-0.027512,0.000000,0.000000,0.000000,0.000000,0.000000,0.000000,0.000000,0.000000,0.000000,0.000000,0.000000,0.000000,0.000000,0.000000,0.000000,0.000000,0.000000,0.000000,0.000000,0.000000,0.000000,0.000000,0.000000,0.000000,0.000000,0.000000,0.000000,0.000000,0.000000,0.000000,0.000000,0.000000,0.000000,0.000000,0.000000,0.000000,0.000000,0.000000,0.000000,0.000000,0.000000,0.000000,0.000000,0.000000,0.000000,0.000000,0.000000,0.000000,0.000000,0.000000,0.000000,0.000000,0.000000,0.000000,0.000000,0.000000,0.000000,0.000000,0.000000,0.000000,0.000000,0.000000,0.000000,0.533304,0.599370,-0.000000,0.555392,0.562820,0.009918,0.558607,0.522214,0.010764,0.546362,0.492863,0.009288,0.527291,0.485408,0.007703,0.565888,0.503900,-0.002377,0.553162,0.453751,-0.006846,0.548095,0.466455,-0.007799,0.549015,0.482371,-0.007069,0.544264,0.503432,-0.009221,0.533961,0.455025,-0.011199,0.529130,0.469753,-0.008617,0.530390,0.483791,-0.006749,0.522234,0.506097,-0.014707,0.516602,0.456509,-0.015293,0.513463,0.469544,-0.010353,0.514683,0.484281,-0.007138,0.502107,0.509684,-0.019064,0.502230,0.462286,-0.018539,0.501495,0.436768,-0.015645,0.501700,0.415608,-0.013864
-0.026221,-2.576836,-3.206606,0.042431,-2.705032,-3.016416,0.079760,-2.703084,-3.017276,0.110175,-2.697880,-3.016400,-0.076451,-2.699775,-3.022781,-0.116477,-2.692218,-3.022888,-0.155696,-2.685994,-3.024466,0.170300,-2.620639,-1.825779,-0.189473,-2.618207,-1.843241,0.054574,-2.431022,-2.770013,-0.096695,-2.424802,-2.778038,0.499794,-1.789273,-1.179055,-0.455055,-1.804201,-0.905485,0.716475,-0.735833,-2.368453,-0.658682,-0.920826,-0.965410,0.198183,-0.952830,-4.397889,-0.586183,-0.246626,-2.705357,0.063047,-1.027584,-4.865555,-0.554538,0.023908,-3.078310,0.070335,-1.191881,-4.754241,-0.495299,-0.136054,-3.293394,0.091780,-1.181629,-4.393843,-0.493737,-0.228147,-2.827529,0.340625,-0.003381,-0.150740,-0.340625,0.003381,0.150740,0.294179,1.427567,0.066101,-0.342996,1.369376,-0.262028,0.267308,2.663552,1.623481,-0.346891,2.649452,0.974088,0.279908,2.848272,1.687689,-0.360774,2.858896,1.041960,0.171113,3.109971,0.149177,-0.246132,3.054133,-0.580439,0.458190,0.386194,-0.000780,0.459563,0.382808,-0.005893,0.463139,0.378759,-0.011484,0.468034,0.373394,-0.016569,0.475863,0.368949,-0.020939,0.483844,0.369665,-0.022569,0.492200,0.367868,-0.022116,0.501369,0.371376,-0.019022,0.507640,0.375973,-0.014893,0.512495,0.379445,-0.010035,0.514733,0.382597,-0.005250,0.511572,0.385039,-0.009688,0.507085,0.387262,-0.014724,0.500729,0.390586,-0.018302,0.493190,0.393111,-0.020639,0.485174,0.393765,-0.020499,0.477548,0.394027,-0.019382,0.470519,0.392398,-0.015881,0.464844,0.389903,-0.011752,0.460984,0.388263,-0.005895,0.434689,0.287458,0.019324,0.436372,0.285615,0.016235,0.438489,0.283616,0.013840,0.442071,0.280985,0.011477,0.447693,0.279182,0.009475,0.453245,0.279320,0.008814,0.458973,0.280891,0.009556,0.463005,0.284054,0.010699,0.504080,0.283798,0.008403,0.506002,0.284846,0.008104,0.509514,0.285744,0.006374,0.515045,0.287205,0.005068,0.520944,0.287587,0.004932,0.526977,0.286401,0.006336,0.530945,0.284792,0.008394,0.533676,0.283252,0.010224,0.482664,0.272707,-0.007828,0.482360,0.283084,-0.013616,0.482071,0.292794,-0.020078,0.481769,0.301964,-0.027178,0.000000,0.000000,0.000000,0.000000,0.000000,0.000000,0.000000,0.000000,0.000000,0.000000,0.000000,0.000000,0.000000,0.000000,0.000000,0.000000,0.000000,0.000000,0.000000,0.000000,0.000000,0.000000,0.000000,0.000000,0.000000,0.000000,0.000000,0.000000,0.000000,0.000000,0.000000,0.000000,0.000000,0.000000,0.000000,0.000000,0.000000,0.000000,0.000000,0.000000,0.000000,0.000000,0.000000,0.000000,0.000000,0.000000,0.000000,0.000000,0.000000,0.000000,0.000000,0.000000,0.000000,0.000000,0.000000,0.000000,0.000000,0.000000,0.000000,0.000000,0.000000,0.000000,0.000000,0.000000,0.000000,0.000000,0.000000,0.000000,0.000000,0.000000,0.000000,0.000000,0.000000,0.000000,0.000000,0.000000,0.000000,0.000000,0.000000,0.000000,0.000000,0.000000,0.000000,0.000000,0.000000,0.000000,0.000000,0.000000,0.000000,0.000000,0.000000,0.000000,0.000000,0.000000,0.000000,0.000000,0.000000,0.000000,0.000000,0.000000,0.000000,0.000000,0.000000,0.000000,0.000000,0.000000,0.000000,0.000000,0.000000,0.000000,0.000000,0.000000,0.000000,0.000000,0.000000,0.000000,0.000000,0.000000,0.000000,0.000000,0.000000,0.000000,0.000000,0.000000,0.000000,0.000000
-0.023112,-2.547717,-2.885707,0.041834,-2.662615,-2.732411,0.079848,-2.659367,-2.733613,0.108592,-2.652120,-2.733383,-0.075531,-2.659897,-2.750222,-0.114525,-2.651884,-2.750309,-0.154146,-2.642251,-2.751885,0.165621,-2.572172,-1.679816,-0.186451,-2.566559,-1.752166,0.055965,-2.401059,-2.498464,-0.096249,-2.398098,-2.524213,0.492303,-1.729201,-0.881323,-0.467336,-1.764848,-1.160235,0.685957,-0.790297,-0.689375,-0.627160,-0.906801,-1.025211,0.651429,-0.067875,-1.777191,-0.599101,-0.204138,-2.218864,0.683657,0.188030,-2.069390,-0.602270,0.033889,-2.591599,0.615599,0.148391,-2.308097,-0.547882,-0.017778,-2.843930,0.574783,0.042202,-1.917709,-0.525831,-0.114312,-2.369453,0.319645,0.004531,-0.050881,-0.319645,-0.004531,0.050881,0.245525,1.411557,-0.188148,-0.350358,1.374739,-0.378184,0.203624,2.658674,1.201979,-0.376826,2.665546,0.600389,0.209664,2.848342,1.252348,-0.377527,2.869137,0.642921,0.097598,3.072813,-0.138929,-0.321625,3.051151,-0.877438,0.456405,0.388478,0.000619,0.457787,0.384834,-0.004642,0.461333,0.380717,-0.010338,0.466265,0.375304,-0.015634,0.474422,0.370668,-0.020151,0.482728,0.371285,-0.021744,0.491253,0.369092,-0.021312,0.500557,0.372230,-0.018041,0.506726,0.376621,-0.013625,0.511443,0.380009,-0.008569,0.513660,0.383380,-0.003694,0.510675,0.386393,-0.007888,0.506409,0.389394,-0.012810,0.500185,0.393490,-0.016320,0.492553,0.396660,-0.018620,0.484206,0.397672,-0.018532,0.476014,0.397899,-0.017411,0.468680,0.395973,-0.013977,0.462955,0.392954,-0.009922,0.459160,0.390856,-0.004268,0.433181,0.291749,0.017682,0.435032,0.290873,0.014498,0.437374,0.289677,0.012112,0.441048,0.287968,0.009786,0.446385,0.286573,0.007755,0.451508,0.286198,0.007052,0.456951,0.286072,0.007963,0.460605,0.287274,0.009273,0.502383,0.285073,0.007080,0.504137,0.285715,0.006832,0.507306,0.286498,0.005125,0.512481,0.287844,0.003867,0.518062,0.288197,0.003809,0.524027,0.287270,0.005135,0.528032,0.286147,0.007035,0.530935,0.285170,0.008801,0.480726,0.274997,-0.008888,0.480517,0.285485,-0.014377,0.480334,0.295046,-0.020621,0.480143,0.303990,-0.027497,0.000000,0.000000,0.000000,0.000000,0.000000,0.000000,0.000000,0.000000,0.000000,0.000000,0.000000,0.000000,0.000000,0.000000,0.000000,0.000000,0.000000,0.000000,0.000000,0.000000,0.000000,0.000000,0.000000,0.000000,0.000000,0.000000,0.000000,0.000000,0.000000,0.000000,0.000000,0.000000,0.000000,0.000000,0.000000,0.000000,0.000000,0.000000,0.000000,0.000000,0.000000,0.000000,0.000000,0.000000,0.000000,0.000000,0.000000,0.000000,0.000000,0.000000,0.000000,0.000000,0.000000,0.000000,0.000000,0.000000,0.000000,0.000000,0.000000,0.000000,0.000000,0.000000,0.000000,0.000000,0.000000,0.000000,0.000000,0.000000,0.000000,0.000000,0.000000,0.000000,0.000000,0.000000,0.000000,0.000000,0.000000,0.000000,0.000000,0.000000,0.000000,0.000000,0.000000,0.000000,0.000000,0.000000,0.000000,0.000000,0.000000,0.000000,0.000000,0.000000,0.000000,0.000000,0.000000,0.000000,0.000000,0.000000,0.000000,0.000000,0.000000,0.000000,0.000000,0.000000,0.000000,0.000000,0.000000,0.000000,0.000000,0.000000,0.000000,0.000000,0.000000,0.000000,0.000000,0.000000,0.000000,0.000000,0.000000,0.000000,0.000000,0.000000,0.000000,0.000000,0.000000,0.000000
-0.034663,-2.575254,-2.858810,0.030379,-2.689269,-2.697966,0.070975,-2.685948,-2.699031,0.100218,-2.678553,-2.699144,-0.086672,-2.687135,-2.719371,-0.126621,-2.679394,-2.719228,-0.166280,-2.669606,-2.720989,0.157359,-2.597251,-1.652400,-0.197218,-2.591039,-1.717206,0.044655,-2.425903,-2.460828,-0.109413,-2.423891,-2.480715,0.483850,-1.756717,-0.854964,-0.481656,-1.777944,-1.114268,0.705748,-0.849511,-0.719212,-0.633895,-0.915778,-0.985079,0.684620,-0.100658,-1.892058,-0.616467,-0.184935,-2.204526,0.713682,0.155036,-2.190997,-0.631215,0.063727,-2.590075,0.635058,0.106128,-2.453753,-0.569865,0.014853,-2.848654,0.594684,0.005657,-2.022083,-0.543090,-0.082932,-2.350895,0.319340,0.004934,-0.068011,-0.319340,-0.004934,0.068011,0.259408,1.409879,-0.314865,-0.337309,1.351089,-0.710691,0.226245,2.673117,1.001194,-0.366697,2.662825,0.163301,0.233535,2.868411,1.044768,-0.367997,2.885043,0.192039,0.120627,3.085266,-0.352606,-0.306422,3.036604,-1.347150,0.452756,0.387569,-0.000445,0.454121,0.383965,-0.005640,0.457627,0.379763,-0.011324,0.462440,0.374236,-0.016557,0.470296,0.369647,-0.021063,0.478382,0.370247,-0.022827,0.486821,0.368251,-0.022480,0.496109,0.371641,-0.019482,0.502402,0.376237,-0.015366,0.507306,0.379764,-0.010525,0.509650,0.383096,-0.005741,0.506521,0.385692,-0.010101,0.502064,0.388119,-0.015035,0.495713,0.391696,-0.018560,0.488107,0.394479,-0.020840,0.479937,0.395344,-0.020610,0.472155,0.395674,-0.019377,0.465034,0.394035,-0.015708,0.459372,0.391443,-0.011513,0.455532,0.389705,-0.005616,0.429019,0.289509,0.020183,0.430655,0.287688,0.017066,0.432717,0.285690,0.014660,0.436234,0.283024,0.012259,0.441794,0.281103,0.010190,0.447334,0.281078,0.009452,0.453089,0.282413,0.010144,0.457157,0.285356,0.011245,0.498053,0.284016,0.008213,0.499977,0.284994,0.007880,0.503479,0.285771,0.006120,0.509026,0.287074,0.004738,0.514924,0.287309,0.004523,0.520949,0.286007,0.005850,0.524905,0.284356,0.007842,0.527622,0.282803,0.009626,0.476494,0.273598,-0.007656,0.476265,0.283811,-0.013502,0.476046,0.293428,-0.020016,0.475813,0.302527,-0.027189,0.000000,0.000000,0.000000,0.000000,0.000000,0.000000,0.000000,0.000000,0.000000,0.000000,0.000000,0.000000,0.000000,0.000000,0.000000,0.000000,0.000000,0.000000,0.000000,0.000000,0.000000,0.000000,0.000000,0.000000,0.000000,0.000000,0.000000,0.000000,0.000000,0.000000,0.000000,0.000000,0.000000,0.000000,0.000000,0.000000,0.000000,0.000000,0.000000,0.000000,0.000000,0.000000,0.000000,0.000000,0.000000,0.000000,0.000000,0.000000,0.000000,0.000000,0.000000,0.000000,0.000000,0.000000,0.000000,0.000000,0.000000,0.000000,0.000000,0.000000,0.000000,0.000000,0.000000,0.000000,0.000000,0.000000,0.000000,0.000000,0.000000,0.000000,0.000000,0.000000,0.000000,0.000000,0.000000,0.000000,0.000000,0.000000,0.000000,0.000000,0.000000,0.000000,0.000000,0.000000,0.000000,0.000000,0.000000,0.000000,0.000000,0.000000,0.000000,0.000000,0.000000,0.000000,0.000000,0.000000,0.000000,0.000000,0.000000,0.000000,0.000000,0.000000,0.000000,0.000000,0.000000,0.000000,0.000000,0.000000,0.000000,0.000000,0.000000,0.000000,0.000000,0.000000,0.000000,0.000000,0.000000,0.000000,0.000000,0.000000,0.000000,0.000000,0.000000,0.000000,0.000000,0.000000
-0.049110,-2.583364,-2.666706,0.021162,-2.708015,-2.488712,0.061413,-2.704732,-2.489547,0.090757,-2.697799,-2.489077,-0.101783,-2.706564,-2.508738,-0.143142,-2.698652,-2.508607,-0.184601,-2.689552,-2.510019,0.148075,-2.615761,-1.396490,-0.217045,-2.609150,-1.480880,0.031365,-2.428497,-2.259546,-0.126200,-2.427814,-2.288486,0.481142,-1.846833,-0.814971,-0.500912,-1.774905,-0.649300,0.745837,-0.804781,-2.047337,-0.662552,-0.861566,-0.776526,0.184605,-1.498291,-3.966612,-0.606085,-0.126775,-2.262900,0.066119,-1.729365,-4.395567,-0.616103,0.139492,-2.548525,0.073931,-1.834722,-4.275261,-0.561908,0.057026,-2.729175,0.093466,-1.787870,-3.953274,-0.538872,-0.042814,-2.378372,0.325329,-0.008545,-0.130135,-0.325329,0.008545,0.130135,0.291633,1.392295,-0.243095,-0.326379,1.321493,-0.709088,0.277525,2.673470,0.658565,-0.333643,2.674560,-0.163296,0.289958,2.852800,0.674754,-0.340311,2.888767,-0.162142,0.164863,3.127643,-0.706969,-0.246108,3.061420,-1.673891,0.456208,0.387006,0.000038,0.457704,0.383612,-0.005205,0.461410,0.379708,-0.010916,0.466436,0.374505,-0.016122,0.474433,0.370236,-0.020473,0.482584,0.371013,-0.021964,0.490980,0.369053,-0.021417,0.500142,0.372258,-0.018084,0.506413,0.376606,-0.013679,0.511281,0.379899,-0.008566,0.513585,0.383028,-0.003624,0.510442,0.385774,-0.008023,0.505977,0.388266,-0.013160,0.499642,0.391889,-0.016866,0.492066,0.394669,-0.019448,0.483947,0.395437,-0.019475,0.476110,0.395686,-0.018429,0.468911,0.393902,-0.014889,0.463098,0.391173,-0.010765,0.459110,0.389316,-0.004928,0.432769,0.287327,0.017834,0.434476,0.285603,0.014773,0.436604,0.283667,0.012407,0.440175,0.281099,0.010075,0.445732,0.279300,0.008144,0.451228,0.279388,0.007557,0.456923,0.280846,0.008412,0.460922,0.283867,0.009613,0.501521,0.283642,0.007903,0.503387,0.284601,0.007628,0.506820,0.285448,0.005985,0.512279,0.286870,0.004755,0.518086,0.287211,0.004714,0.524036,0.286031,0.006145,0.527940,0.284523,0.008208,0.530650,0.283114,0.010023,0.480579,0.272902,-0.008706,0.480390,0.283285,-0.014329,0.480243,0.293177,-0.020632,0.480074,0.302501,-0.027583,0.000000,0.000000,0.000000,0.000000,0.000000,0.000000,0.000000,0.000000,0.000000,0.000000,0.000000,0.000000,0.000000,0.000000,0.000000,0.000000,0.000000,0.000000,0.000000,0.000000,0.000000,0.000000,0.000000,0.000000,0.000000,0.000000,0.000000,0.000000,0.000000,0.000000,0.000000,0.000000,0.000000,0.000000,0.000000,0.000000,0.000000,0.000000,0.000000,0.000000,0.000000,0.000000,0.000000,0.000000,0.000000,0.000000,0.000000,0.000000,0.000000,0.000000,0.000000,0.000000,0.000000,0.000000,0.000000,0.000000,0.000000,0.000000,0.000000,0.000000,0.000000,0.000000,0.000000,0.551104,0.715370,-0.000000,0.545567,0.664992,0.007299,0.532205,0.611008,0.004303,0.508830,0.576510,-0.000822,0.486673,0.561186,-0.005327,0.561247,0.585490,-0.005956,0.528296,0.539156,-0.015906,0.517851,0.557637,-0.020612,0.520751,0.575174,-0.021863,0.553517,0.599689,-0.013667,0.517182,0.559342,-0.021445,0.510548,0.577795,-0.022059,0.516764,0.594638,-0.022135,0.541766,0.615455,-0.020494,0.507724,0.579075,-0.024655,0.504411,0.595908,-0.019016,0.510588,0.611421,-0.015170,0.526543,0.629196,-0.026457,0.499524,0.594189,-0.026037,0.492738,0.591126,-0.019962,0.492189,0.590239,-0.015474
-0.025978,-2.601367,-2.369914,0.046253,-2.746094,-2.191196,0.085783,-2.741930,-2.191414,0.116855,-2.735254,-2.189887,-0.082219,-2.747562,-2.210730,-0.125002,-2.741158,-2.210328,-0.167590,-2.733902,-2.211835,0.176326,-2.657398,-1.098311,-0.204503,-2.655630,-1.192352,0.059982,-2.447803,-1.970101,-0.097699,-2.450625,-1.998459,0.520687,-1.864996,-0.528674,-0.478387,-1.829055,-0.545472,0.602134,-0.783482,-1.909974,-0.685169,-0.861599,-0.897061,0.128476,-1.699627,-3.905537,-0.483649,-0.166161,-2.371552,0.059613,-1.953976,-4.350428,-0.461690,0.121447,-2.652199,0.086354,-2.041632,-4.158682,-0.383494,0.008759,-2.763379,0.091709,-1.949367,-3.887350,-0.380640,-0.097247,-2.454033,0.348742,-0.002767,-0.042120,-0.348742,0.002767,0.042120,0.297141,1.486550,0.149875,-0.360911,1.447585,-0.235924,0.274052,2.805073,1.452022,-0.365441,2.802229,0.701777,0.292743,2.985202,1.503224,-0.384615,3.000510,0.743526,0.154766,3.253852,0.106616,-0.266301,3.203027,-0.825130,0.459733,0.385671,-0.000361,0.461319,0.382318,-0.005646,0.465200,0.378394,-0.011426,0.470387,0.373126,-0.016696,0.478501,0.368717,-0.021115,0.486778,0.369329,-0.022603,0.495216,0.367237,-0.022055,0.504454,0.370272,-0.018634,0.510845,0.374504,-0.014186,0.515857,0.377681,-0.009022,0.518251,0.380719,-0.004059,0.515131,0.383374,-0.008624,0.510621,0.385803,-0.013935,0.504177,0.389405,-0.017721,0.496476,0.392248,-0.020341,0.488214,0.393124,-0.020410,0.480186,0.393490,-0.019368,0.472796,0.391856,-0.015781,0.466786,0.389353,-0.011548,0.462686,0.387732,-0.005546,0.435750,0.286593,0.018608,0.437434,0.284766,0.015513,0.439549,0.282763,0.013119,0.443112,0.280112,0.010727,0.448730,0.278198,0.008793,0.454325,0.278215,0.008187,0.460131,0.279647,0.009044,0.464233,0.282689,0.010221,0.505070,0.281952,0.008363,0.507025,0.282966,0.008071,0.510586,0.283825,0.006371,0.516172,0.285177,0.005095,0.522085,0.285432,0.005042,0.528069,0.284149,0.006478,0.531956,0.282563,0.008556,0.534639,0.281108,0.010387,0.483921,0.271191,-0.008396,0.483834,0.281518,-0.014234,0.483767,0.291223,-0.020741,0.483675,0.300329,-0.027928,0.000000,0.000000,0.000000,0.000000,0.000000,0.000000,0.000000,0.000000,0.000000,0.000000,0.000000,0.000000,0.000000,0.000000,0.000000,0.000000,0.000000,0.000000,0.000000,0.000000,0.000000,0.000000,0.000000,0.000000,0.000000,0.000000,0.000000,0.000000,0.000000,0.000000,0.000000,0.000000,0.000000,0.000000,0.000000,0.000000,0.000000,0.000000,0.000000,0.000000,0.000000,0.000000,0.000000,0.000000,0.000000,0.000000,0.000000,0.000000,0.000000,0.000000,0.000000,0.000000,0.000000,0.000000,0.000000,0.000000,0.000000,0.000000,0.000000,0.000000,0.000000,0.000000,0.000000,0.529900,0.616454,-0.000000,0.551327,0.578629,0.009606,0.555891,0.537823,0.009436,0.544594,0.507463,0.006851,0.527130,0.497273,0.004061,0.565088,0.519515,-0.003500,0.549230,0.467769,-0.009297,0.541619,0.480148,-0.010918,0.542360,0.496730,-0.010390,0.544293,0.520369,-0.011040,0.529714,0.469077,-0.014988,0.522628,0.483242,-0.013476,0.523807,0.498316,-0.011934,0.522221,0.524226,-0.017252,0.512105,0.472277,-0.019625,0.507332,0.485657,-0.014957,0.509023,0.501110,-0.011421,0.501135,0.529137,-0.022306,0.497524,0.480256,-0.022595,0.494676,0.453954,-0.019541,0.493839,0.431818,-0.017372
0.013345,-2.564225,-2.364189,0.077799,-2.716403,-2.170144,0.113535,-2.712574,-2.171319,0.145402,-2.711009,-2.170437,-0.047748,-2.717013,-2.209392,-0.091804,-2.715662,-2.209601,-0.131861,-2.713968,-2.211214,0.203787,-2.644380,-1.032938,-0.177620,-2.645345,-1.190326,0.095771,-2.425166,-1.934149,-0.055199,-2.423026,-1.981364,0.543449,-1.847170,-0.417592,-0.448957,-1.826252,-0.538797,0.584795,-0.790321,-1.734635,-0.667026,-0.880787,-0.913846,0.134098,-1.704979,-3.541288,-0.399021,-0.260959,-2.302631,0.065914,-1.949616,-3.959539,-0.357643,-0.000595,-2.615095,0.097626,-2.048200,-3.762060,-0.288988,-0.117022,-2.747719,0.102043,-1.951901,-3.518771,-0.295656,-0.212692,-2.393767,0.332813,0.000564,0.030177,-0.332813,-0.000564,-0.030177,0.293037,1.464041,0.004654,-0.331805,1.401345,-0.803646,0.279959,2.777710,1.002455,-0.323647,2.783770,-0.097362,0.292066,2.960170,1.025570,-0.335352,3.000144,-0.080461,0.181239,3.226148,-0.361360,-0.222034,3.164714,-1.634428,0.462338,0.387329,0.000373,0.463829,0.384039,-0.004990,0.467544,0.380205,-0.010822,0.472556,0.375053,-0.016119,0.480493,0.370740,-0.020627,0.488688,0.371384,-0.022198,0.497148,0.369335,-0.021725,0.506466,0.372367,-0.018374,0.512951,0.376503,-0.013996,0.518031,0.379567,-0.008887,0.520440,0.382534,-0.003885,0.517282,0.385244,-0.008324,0.512733,0.387849,-0.013480,0.506248,0.391612,-0.017121,0.498509,0.394541,-0.019527,0.490209,0.395446,-0.019462,0.482252,0.395727,-0.018363,0.474976,0.393975,-0.014881,0.469119,0.391289,-0.010705,0.465176,0.389475,-0.004770,0.437536,0.287844,0.018342,0.439202,0.286028,0.015177,0.441312,0.284034,0.012723,0.444907,0.281387,0.010308,0.450604,0.279513,0.008279,0.456280,0.279590,0.007607,0.462133,0.281098,0.008400,0.466250,0.284215,0.009622,0.507745,0.283523,0.007519,0.509713,0.284546,0.007249,0.513307,0.285450,0.005530,0.518955,0.286885,0.004240,0.524967,0.287178,0.004160,0.531077,0.285895,0.005582,0.535086,0.284201,0.007663,0.537849,0.282615,0.009499,0.486042,0.272586,-0.009101,0.485871,0.283396,-0.014766,0.485694,0.293269,-0.021172,0.485493,0.302488,-0.028212,0.000000,0.000000,0.000000,0.000000,0.000000,0.000000,0.000000,0.000000,0.000000,0.000000,0.000000,0.000000,0.000000,0.000000,0.000000,0.000000,0.000000,0.000000,0.000000,0.000000,0.000000,0.000000,0.000000,0.000000,0.000000,0.000000,0.000000,0.000000,0.000000,0.000000,0.000000,0.000000,0.000000,0.000000,0.000000,0.000000,0.000000,0.000000,0.000000,0.000000,0.000000,0.000000,0.000000,0.000000,0.000000,0.000000,0.000000,0.000000,0.000000,0.000000,0.000000,0.000000,0.000000,0.000000,0.000000,0.000000,0.000000,0.000000,0.000000,0.000000,0.000000,0.000000,0.000000,0.524685,0.609499,-0.000000,0.547784,0.576014,0.008285,0.554325,0.534888,0.008182,0.545716,0.501179,0.006391,0.529536,0.487836,0.004561,0.561107,0.520295,-0.006534,0.547242,0.467658,-0.011984,0.541087,0.479882,-0.012953,0.541963,0.496603,-0.012069,0.539723,0.520174,-0.012834,0.527867,0.468325,-0.016626,0.522031,0.482338,-0.014525,0.523025,0.497382,-0.012669,0.517701,0.522323,-0.017710,0.510879,0.470316,-0.020072,0.507016,0.482710,-0.015255,0.508255,0.497842,-0.011736,0.497216,0.524907,-0.021443,0.495967,0.477056,-0.022540,0.494822,0.450798,-0.020354,0.494994,0.428834,-0.018811
0.018602,-2.562016,-2.345178,0.081628,-2.715837,-2.144574,0.117276,-2.712269,-2.145339,0.148712,-2.711029,-2.144125,-0.044438,-2.714585,-2.180147,-0.088332,-2.712773,-2.180011,-0.128709,-2.710614,-2.181606,0.206811,-2.645530,-0.976139,-0.174130,-2.640944,-1.131993,0.100688,-2.424830,-1.912371,-0.049349,-2.420297,-1.959908,0.544867,-1.846269,-0.378333,-0.444950,-1.826123,-0.518712,0.607506,-0.791551,-1.770319,-0.662970,-0.879782,-0.914022,0.137084,-1.689615,-3.764572,-0.424082,-0.254700,-2.387664,0.061211,-1.932748,-4.221722,-0.392173,0.004937,-2.714925,0.090899,-2.026857,-4.026312,-0.324191,-0.111542,-2.852427,0.099029,-1.940422,-3.747896,-0.325620,-0.207163,-2.484338,0.332329,-0.001465,0.024460,-0.332329,0.001465,-0.024460,0.302371,1.458199,0.015324,-0.315541,1.391437,-0.767822,0.295400,2.770169,1.124745,-0.307487,2.772826,0.038189,0.308916,2.953650,1.152933,-0.323127,2.988740,0.063620,0.196563,3.216071,-0.265173,-0.204703,3.152224,-1.549088,0.460770,0.386435,-0.000786,0.462216,0.382835,-0.005991,0.465842,0.378688,-0.011616,0.470795,0.373225,-0.016722,0.478732,0.368660,-0.021035,0.486857,0.369312,-0.022570,0.495240,0.367313,-0.021984,0.504430,0.370655,-0.018673,0.510700,0.375156,-0.014345,0.515564,0.378588,-0.009341,0.517868,0.381872,-0.004427,0.514831,0.384605,-0.008855,0.510464,0.387246,-0.013909,0.504194,0.391043,-0.017509,0.496592,0.393989,-0.019949,0.488357,0.394923,-0.019942,0.480424,0.395160,-0.018935,0.473208,0.393359,-0.015554,0.467429,0.390570,-0.011516,0.463558,0.388663,-0.005789,0.435895,0.287356,0.018328,0.437580,0.285560,0.015245,0.439716,0.283600,0.012862,0.443317,0.280996,0.010526,0.448972,0.279161,0.008576,0.454558,0.279207,0.007965,0.460349,0.280599,0.008788,0.464422,0.283572,0.009997,0.505679,0.282987,0.008282,0.507609,0.284010,0.008018,0.511128,0.284911,0.006339,0.516680,0.286387,0.005093,0.522597,0.286741,0.005051,0.528622,0.285523,0.006512,0.532565,0.283913,0.008606,0.535280,0.282384,0.010450,0.484351,0.271907,-0.008177,0.484228,0.282331,-0.013887,0.484114,0.291961,-0.020337,0.483980,0.301010,-0.027424,0.000000,0.000000,0.000000,0.000000,0.000000,0.000000,0.000000,0.000000,0.000000,0.000000,0.000000,0.000000,0.000000,0.000000,0.000000,0.000000,0.000000,0.000000,0.000000,0.000000,0.000000,0.000000,0.000000,0.000000,0.000000,0.000000,0.000000,0.000000,0.000000,0.000000,0.000000,0.000000,0.000000,0.000000,0.000000,0.000000,0.000000,0.000000,0.000000,0.000000,0.000000,0.000000,0.000000,0.000000,0.000000,0.000000,0.000000,0.000000,0.000000,0.000000,0.000000,0.000000,0.000000,0.000000,0.000000,0.000000,0.000000,0.000000,0.000000,0.000000,0.000000,0.000000,0.000000,0.522740,0.625979,-0.000000,0.543942,0.591121,0.006784,0.551860,0.546267,0.006309,0.549260,0.509141,0.004381,0.542534,0.486726,0.003055,0.554942,0.532506,-0.008493,0.542367,0.478947,-0.015792,0.535026,0.491610,-0.017535,0.536015,0.509990,-0.016876,0.533618,0.534796,-0.014619,0.520581,0.481760,-0.021030,0.514399,0.496536,-0.019644,0.515381,0.513373,-0.017789,0.511445,0.538667,-0.019621,0.501571,0.485744,-0.023790,0.497862,0.498542,-0.018882,0.499398,0.515358,-0.014998,0.490636,0.542579,-0.023694,0.486118,0.495600,-0.026183,0.482981,0.468355,-0.024768,0.481673,0.446039,-0.023617
-0.044195,-2.620273,-2.987123,0.021428,-2.746246,-2.817932,0.062943,-2.743840,-2.818887,0.096824,-2.739035,-2.818695,-0.097887,-2.736712,-2.836211,-0.138236,-2.728061,-2.836531,-0.175396,-2.721527,-2.838472,0.155229,-2.660957,-1.739094,-0.203467,-2.647853,-1.794947,0.043530,-2.468410,-2.579341,-0.115852,-2.464963,-2.596440,0.496773,-1.799822,-0.957808,-0.479545,-1.811089,-1.173738,0.710640,-0.856384,-0.965345,-0.659675,-0.933181,-1.153089,0.609761,-0.098651,-2.177200,-0.523894,-0.240915,-2.462496,0.618229,0.154215,-2.492671,-0.487637,0.006008,-2.832048,0.542057,0.096374,-2.704504,-0.450331,-0.076239,-3.032242,0.511173,-0.007499,-2.306746,-0.438455,-0.169567,-2.581334,0.321956,0.002410,-0.122468,-0.321956,-0.002410,0.122468,0.249634,1.435760,-0.372733,-0.357461,1.353757,-0.760675,0.216148,2.736893,0.903622,-0.386508,2.723192,0.030697,0.224178,2.929200,0.937797,-0.393142,2.948262,0.046006,0.106065,3.160940,-0.520302,-0.324558,3.108583,-1.519683,0.455443,0.389054,-0.000163,0.456854,0.385623,-0.005368,0.460468,0.381555,-0.011044,0.465372,0.376158,-0.016207,0.473212,0.371611,-0.020567,0.481277,0.372174,-0.022073,0.489585,0.370073,-0.021537,0.498776,0.373196,-0.018242,0.505131,0.377493,-0.013899,0.510049,0.380721,-0.008857,0.512376,0.383782,-0.003930,0.509304,0.386444,-0.008366,0.504907,0.388877,-0.013467,0.498651,0.392528,-0.017111,0.491137,0.395431,-0.019589,0.483070,0.396356,-0.019585,0.475329,0.396816,-0.018542,0.468148,0.395262,-0.015094,0.462315,0.392786,-0.010999,0.458338,0.391162,-0.005176,0.430130,0.289848,0.018016,0.431821,0.288076,0.014927,0.433931,0.286102,0.012565,0.437464,0.283465,0.010225,0.443006,0.281525,0.008271,0.448515,0.281469,0.007674,0.454251,0.282754,0.008530,0.458300,0.285660,0.009723,0.498997,0.284370,0.007976,0.500917,0.285323,0.007709,0.504415,0.286123,0.006040,0.509949,0.287438,0.004807,0.515809,0.287641,0.004763,0.521757,0.286302,0.006189,0.525648,0.284661,0.008259,0.528325,0.283168,0.010082,0.477792,0.273868,-0.008608,0.477781,0.284358,-0.014246,0.477774,0.294234,-0.020584,0.477727,0.303520,-0.027562,0.000000,0.000000,0.000000,0.000000,0.000000,0.000000,0.000000,0.000000,0.000000,0.000000,0.000000,0.000000,0.000000,0.000000,0.000000,0.000000,0.000000,0.000000,0.000000,0.000000,0.000000,0.000000,0.000000,0.000000,0.000000,0.000000,0.000000,0.000000,0.000000,0.000000,0.000000,0.000000,0.000000,0.000000,0.000000,0.000000,0.000000,0.000000,0.000000,0.000000,0.000000,0.000000,0.000000,0.000000,0.000000,0.000000,0.000000,0.000000,0.000000,0.000000,0.000000,0.000000,0.000000,0.000000,0.000000,0.000000,0.000000,0.000000,0.000000,0.000000,0.000000,0.000000,0.000000,0.000000,0.000000,0.000000,0.000000,0.000000,0.000000,0.000000,0.000000,0.000000,0.000000,0.000000,0.000000,0.000000,0.000000,0.000000,0.000000,0.000000,0.000000,0.000000,0.000000,0.000000,0.000000,0.000000,0.000000,0.000000,0.000000,0.000000,0.000000,0.000000,0.000000,0.000000,0.000000,0.000000,0.000000,0.000000,0.000000,0.000000,0.000000,0.000000,0.000000,0.000000,0.000000,0.000000,0.000000,0.000000,0.000000,0.000000,0.000000,0.000000,0.000000,0.000000,0.000000,0.000000,0.000000,0.000000,0.000000,0.000000,0.000000,0.000000,0.000000,0.000000,0.000000,0.000000
-0.047924,-2.547170,-2.758677,0.014130,-2.660128,-2.596747,0.054180,-2.657019,-2.597972,0.086236,-2.650708,-2.597906,-0.098353,-2.654718,-2.626147,-0.136705,-2.645397,-2.626650,-0.172354,-2.637199,-2.628600,0.142370,-2.571767,-1.530393,-0.198740,-2.562053,-1.648473,0.034260,-2.401767,-2.360614,-0.117611,-2.401332,-2.390552,0.469769,-1.744838,-0.693534,-0.476324,-1.757908,-1.017107,0.719132,-0.912046,-0.730567,-0.625759,-0.909795,-0.956060,0.687781,-0.333905,-2.164589,-0.619028,-0.207081,-2.264781,0.709558,-0.154902,-2.499347,-0.627895,0.036046,-2.633019,0.658189,-0.222359,-2.733958,-0.579380,-0.037141,-2.885298,0.619609,-0.292120,-2.310387,-0.554758,-0.127814,-2.403692,0.308632,0.003028,-0.046521,-0.308632,-0.003028,0.046521,0.249730,1.363008,-0.161613,-0.342360,1.314619,-0.462767,0.215432,2.604266,0.995236,-0.372325,2.596293,0.351893,0.221219,2.791178,1.024665,-0.377907,2.802651,0.376035,0.120948,3.002061,-0.270334,-0.304006,2.964672,-1.072809,0.457122,0.387642,-0.000520,0.458679,0.384068,-0.005753,0.462464,0.379986,-0.011469,0.467590,0.374610,-0.016676,0.475788,0.370132,-0.020994,0.484110,0.370838,-0.022460,0.492614,0.368768,-0.021858,0.501888,0.371970,-0.018473,0.508180,0.376374,-0.013982,0.513059,0.379758,-0.008800,0.515390,0.383021,-0.003848,0.512271,0.385939,-0.008308,0.507830,0.388660,-0.013531,0.501482,0.392473,-0.017324,0.493821,0.395422,-0.020047,0.485528,0.396317,-0.020148,0.477463,0.396606,-0.019119,0.470077,0.394813,-0.015538,0.464131,0.392004,-0.011366,0.460058,0.390032,-0.005509,0.433544,0.288658,0.018061,0.435256,0.286899,0.015022,0.437392,0.284939,0.012676,0.440964,0.282343,0.010368,0.446550,0.280512,0.008465,0.452056,0.280561,0.007908,0.457801,0.281951,0.008769,0.461840,0.284907,0.009965,0.502591,0.284353,0.008446,0.504476,0.285330,0.008176,0.507932,0.286187,0.006518,0.513427,0.287597,0.005298,0.519263,0.287920,0.005282,0.525231,0.286735,0.006745,0.529140,0.285209,0.008840,0.531830,0.283786,0.010677,0.481666,0.273480,-0.008185,0.481562,0.283700,-0.013915,0.481485,0.293409,-0.020345,0.481380,0.302563,-0.027434,0.000000,0.000000,0.000000,0.000000,0.000000,0.000000,0.000000,0.000000,0.000000,0.000000,0.000000,0.000000,0.000000,0.000000,0.000000,0.000000,0.000000,0.000000,0.000000,0.000000,0.000000,0.000000,0.000000,0.000000,0.000000,0.000000,0.000000,0.000000,0.000000,0.000000,0.000000,0.000000,0.000000,0.000000,0.000000,0.000000,0.000000,0.000000,0.000000,0.000000,0.000000,0.000000,0.000000,0.000000,0.000000,0.000000,0.000000,0.000000,0.000000,0.000000,0.000000,0.000000,0.000000,0.000000,0.000000,0.000000,0.000000,0.000000,0.000000,0.000000,0.000000,0.000000,0.000000,0.000000,0.000000,0.000000,0.000000,0.000000,0.000000,0.000000,0.000000,0.000000,0.000000,0.000000,0.000000,0.000000,0.000000,0.000000,0.000000,0.000000,0.000000,0.000000,0.000000,0.000000,0.000000,0.000000,0.000000,0.000000,0.000000,0.000000,0.000000,0.000000,0.000000,0.000000,0.000000,0.000000,0.000000,0.000000,0.000000,0.000000,0.000000,0.000000,0.000000,0.000000,0.000000,0.000000,0.000000,0.000000,0.000000,0.000000,0.000000,0.000000,0.000000,0.000000,0.000000,0.000000,0.000000,0.000000,0.000000,0.000000,0.000000,0.000000,0.000000,0.000000,0.000000,0.000000
-0.033282,-2.659474,-2.996216,0.034353,-2.781617,-2.773304,0.072553,-2.777874,-2.774472,0.101029,-2.770124,-2.774226,-0.086826,-2.778867,-2.794600,-0.126532,-2.770682,-2.794688,-0.165800,-2.761661,-2.795823,0.156543,-2.686913,-1.536073,-0.202636,-2.681852,-1.621502,0.046015,-2.508913,-2.544534,-0.111637,-2.504486,-2.571101,0.491558,-1.861760,-0.890584,-0.494571,-1.832382,-0.731449,0.928048,-1.017626,-2.165566,-0.661336,-0.931182,-0.651309,0.388279,-1.183947,-4.464115,-0.664251,-0.246233,-2.129313,0.236646,-1.217564,-4.965203,-0.682924,0.019367,-2.464413,0.189908,-1.350338,-4.832986,-0.635072,-0.076545,-2.713237,0.214928,-1.344840,-4.460968,-0.605203,-0.212365,-2.269608,0.326786,-0.007716,-0.117977,-0.326786,0.007716,0.117977,0.282246,1.410914,-0.367349,-0.345172,1.337657,-0.654740,0.256873,2.716021,0.737603,-0.365108,2.676783,0.063111,0.261261,2.907214,0.763931,-0.372046,2.897561,0.078187,0.164061,3.142686,-0.681568,-0.274495,3.057034,-1.465179,0.460641,0.385845,-0.000969,0.462129,0.382169,-0.006136,0.465830,0.377970,-0.011753,0.470853,0.372471,-0.016874,0.478908,0.367889,-0.021116,0.487114,0.368578,-0.022567,0.495512,0.366543,-0.021911,0.504697,0.369861,-0.018524,0.510956,0.374392,-0.014094,0.515804,0.377884,-0.008986,0.518131,0.381239,-0.004096,0.515081,0.384095,-0.008535,0.510732,0.386752,-0.013698,0.504471,0.390558,-0.017429,0.496877,0.393509,-0.020082,0.488649,0.394413,-0.020195,0.480655,0.394689,-0.019195,0.473355,0.392897,-0.015741,0.467495,0.390113,-0.011662,0.463519,0.388181,-0.005911,0.436361,0.286459,0.017872,0.438090,0.284720,0.014859,0.440248,0.282785,0.012534,0.443827,0.280224,0.010265,0.449385,0.278418,0.008391,0.454867,0.278473,0.007855,0.460585,0.279826,0.008731,0.464594,0.282737,0.009934,0.505385,0.282361,0.008645,0.507283,0.283336,0.008383,0.510729,0.284211,0.006736,0.516193,0.285651,0.005548,0.521992,0.286001,0.005548,0.527928,0.284850,0.007027,0.531809,0.283370,0.009133,0.534496,0.282003,0.010971,0.484436,0.271170,-0.007905,0.484349,0.281409,-0.013635,0.484280,0.291022,-0.020068,0.484190,0.300051,-0.027163,0.000000,0.000000,0.000000,0.000000,0.000000,0.000000,0.000000,0.000000,0.000000,0.000000,0.000000,0.000000,0.000000,0.000000,0.000000,0.000000,0.000000,0.000000,0.000000,0.000000,0.000000,0.000000,0.000000,0.000000,0.000000,0.000000,0.000000,0.000000,0.000000,0.000000,0.000000,0.000000,0.000000,0.000000,0.000000,0.000000,0.000000,0.000000,0.000000,0.000000,0.000000,0.000000,0.000000,0.000000,0.000000,0.000000,0.000000,0.000000,0.000000,0.000000,0.000000,0.000000,0.000000,0.000000,0.000000,0.000000,0.000000,0.000000,0.000000,0.000000,0.000000,0.000000,0.000000,0.000000,0.000000,0.000000,0.000000,0.000000,0.000000,0.000000,0.000000,0.000000,0.000000,0.000000,0.000000,0.000000,0.000000,0.000000,0.000000,0.000000,0.000000,0.000000,0.000000,0.000000,0.000000,0.000000,0.000000,0.000000,0.000000,0.000000,0.000000,0.000000,0.000000,0.000000,0.000000,0.000000,0.000000,0.000000,0.000000,0.000000,0.000000,0.000000,0.000000,0.000000,0.000000,0.000000,0.000000,0.000000,0.000000,0.000000,0.000000,0.000000,0.000000,0.000000,0.000000,0.000000,0.000000,0.000000,0.000000,0.000000,0.000000,0.000000,0.000000,0.000000,0.000000,0.000000
-0.053614,-2.661360,-2.734208,0.016554,-2.818318,-2.538619,0.052105,-2.814680,-2.539164,0.082900,-2.810892,-2.537682,-0.110063,-2.819077,-2.573857,-0.153385,-2.816691,-2.573747,-0.193090,-2.812826,-2.575249,0.139546,-2.743175,-1.352924,-0.238739,-2.741295,-1.501980,0.027095,-2.518975,-2.298435,-0.125330,-2.513240,-2.342162,0.456962,-1.944777,-0.642324,-0.526952,-1.881069,-0.808809,0.828347,-0.997361,-2.148558,-0.725669,-0.905181,-0.781619,0.198643,-1.868295,-4.334423,-0.604493,-0.001587,-1.940483,0.096067,-2.112652,-4.818438,-0.626851,0.299973,-2.265352,0.096382,-2.205363,-4.570738,-0.547556,0.238747,-2.507121,0.108401,-2.098096,-4.295389,-0.519603,0.127692,-2.091942,0.349474,-0.015293,0.006287,-0.349474,0.015293,-0.006287,0.327633,1.571219,0.189035,-0.303877,1.519831,-0.487089,0.330108,2.937337,1.524168,-0.296006,2.937458,0.502389,0.342754,3.135912,1.568351,-0.314466,3.156451,0.543804,0.247106,3.390910,0.089457,-0.159410,3.348494,-1.171297,0.464231,0.388542,-0.000151,0.465794,0.385169,-0.005450,0.469608,0.381277,-0.011148,0.474705,0.376087,-0.016301,0.482733,0.371738,-0.020585,0.490919,0.372420,-0.021979,0.499245,0.370396,-0.021337,0.508328,0.373502,-0.017846,0.514551,0.377748,-0.013365,0.519425,0.380953,-0.008190,0.521774,0.384028,-0.003154,0.518760,0.386731,-0.007620,0.514419,0.389290,-0.012771,0.508155,0.393017,-0.016431,0.500592,0.395951,-0.018957,0.492427,0.396836,-0.019072,0.484456,0.397109,-0.018156,0.477143,0.395314,-0.014854,0.471180,0.392585,-0.010857,0.467137,0.390734,-0.005124,0.439559,0.287960,0.017200,0.441239,0.286181,0.014138,0.443364,0.284213,0.011783,0.446933,0.281600,0.009458,0.452578,0.279758,0.007572,0.458201,0.279853,0.007031,0.464010,0.281400,0.007929,0.468101,0.284548,0.009165,0.509022,0.284215,0.007914,0.510939,0.285220,0.007659,0.514473,0.286112,0.006022,0.520029,0.287537,0.004837,0.525911,0.287844,0.004855,0.531871,0.286592,0.006341,0.535748,0.284988,0.008445,0.538430,0.283480,0.010276,0.488009,0.273557,-0.009019,0.487992,0.284197,-0.014641,0.487980,0.294091,-0.020969,0.487936,0.303352,-0.027944,0.000000,0.000000,0.000000,0.000000,0.000000,0.000000,0.000000,0.000000,0.000000,0.000000,0.000000,0.000000,0.000000,0.000000,0.000000,0.000000,0.000000,0.000000,0.000000,0.000000,0.000000,0.000000,0.000000,0.000000,0.000000,0.000000,0.000000,0.000000,0.000000,0.000000,0.000000,0.000000,0.000000,0.000000,0.000000,0.000000,0.000000,0.000000,0.000000,0.000000,0.000000,0.000000,0.000000,0.000000,0.000000,0.000000,0.000000,0.000000,0.000000,0.000000,0.000000,0.000000,0.000000,0.000000,0.000000,0.000000,0.000000,0.000000,0.000000,0.000000,0.000000,0.000000,0.000000,0.560034,0.603090,-0.000000,0.573290,0.560091,0.005721,0.568491,0.515893,0.003017,0.546808,0.485765,-0.000837,0.524309,0.479364,-0.004847,0.572955,0.500348,-0.016265,0.545695,0.456254,-0.025508,0.540245,0.476080,-0.027629,0.543419,0.493407,-0.026868,0.555385,0.509507,-0.021622,0.529015,0.466584,-0.028350,0.525679,0.487747,-0.026093,0.530891,0.503543,-0.024263,0.536675,0.520404,-0.025205,0.514389,0.477200,-0.029517,0.514285,0.496164,-0.023821,0.519597,0.511546,-0.019777,0.517250,0.530409,-0.027593,0.500936,0.484106,-0.028287,0.494965,0.461653,-0.023922,0.491574,0.441478,-0.020929
-0.008879,-2.546272,-2.302371,0.056732,-2.699903,-2.106511,0.090351,-2.695000,-2.106849,0.123339,-2.691510,-2.105135,-0.064653,-2.703015,-2.154553,-0.108841,-2.703314,-2.154365,-0.147386,-2.702606,-2.155890,0.185354,-2.622311,-0.963940,-0.198432,-2.634772,-1.173088,0.071523,-2.408156,-1.885045,-0.076031,-2.407501,-1.945927,0.474160,-1.844406,-0.317591,-0.475426,-1.804725,-0.628568,0.723118,-0.918845,-1.842970,-0.670108,-0.822613,-0.943712,0.190934,-1.796419,-4.110765,-0.477839,-0.022387,-2.257186,0.105199,-2.053154,-4.598315,-0.471248,0.279472,-2.540008,0.112752,-2.145272,-4.330439,-0.402179,0.197668,-2.732127,0.116379,-2.028641,-4.073123,-0.387981,0.090887,-2.365950,0.338180,-0.005414,0.095039,-0.338180,0.005414,-0.095039,0.286763,1.509925,0.180172,-0.336137,1.480410,-0.510278,0.260733,2.833134,1.352585,-0.354147,2.854337,0.290098,0.269788,3.017908,1.387512,-0.391523,3.064757,0.310267,0.194857,3.259742,0.037006,-0.209881,3.235005,-1.236417,0.469587,0.387691,-0.000216,0.471087,0.384365,-0.005500,0.474762,0.380486,-0.011144,0.479734,0.375265,-0.016243,0.487559,0.370912,-0.020545,0.495588,0.371531,-0.021987,0.503775,0.369456,-0.021363,0.512702,0.372437,-0.017949,0.518849,0.376633,-0.013559,0.523653,0.379774,-0.008493,0.525941,0.382779,-0.003495,0.522922,0.385303,-0.007933,0.518608,0.387698,-0.012973,0.512438,0.391302,-0.016529,0.505002,0.394149,-0.018881,0.497029,0.395047,-0.018907,0.489266,0.395368,-0.017996,0.482108,0.393730,-0.014805,0.476335,0.391215,-0.010869,0.472428,0.389632,-0.005226,0.444406,0.287535,0.017358,0.446106,0.285836,0.014250,0.448233,0.283928,0.011873,0.451783,0.281357,0.009522,0.457390,0.279489,0.007578,0.462974,0.279502,0.007028,0.468783,0.280847,0.007934,0.472853,0.283811,0.009180,0.513712,0.283260,0.007762,0.515633,0.284222,0.007511,0.519139,0.285078,0.005849,0.524666,0.286487,0.004650,0.530533,0.286793,0.004645,0.536503,0.285570,0.006119,0.540410,0.284029,0.008203,0.543108,0.282636,0.010051,0.492668,0.272768,-0.009136,0.492606,0.283238,-0.014719,0.492544,0.293060,-0.021050,0.492454,0.302314,-0.028001,0.000000,0.000000,0.000000,0.000000,0.000000,0.000000,0.000000,0.000000,0.000000,0.000000,0.000000,0.000000,0.000000,0.000000,0.000000,0.000000,0.000000,0.000000,0.000000,0.000000,0.000000,0.000000,0.000000,0.000000,0.000000,0.000000,0.000000,0.000000,0.000000,0.000000,0.000000,0.000000,0.000000,0.000000,0.000000,0.000000,0.000000,0.000000,0.000000,0.000000,0.000000,0.000000,0.000000,0.000000,0.000000,0.000000,0.000000,0.000000,0.000000,0.000000,0.000000,0.000000,0.000000,0.000000,0.000000,0.000000,0.000000,0.000000,0.000000,0.000000,0.000000,0.000000,0.000000,0.548117,0.598487,-0.000000,0.564411,0.553078,0.010140,0.563836,0.512472,0.009562,0.548470,0.482070,0.006815,0.528781,0.475233,0.003851,0.566992,0.490120,-0.007330,0.544349,0.445118,-0.015288,0.538117,0.461446,-0.017777,0.539251,0.480000,-0.017589,0.548309,0.494927,-0.015017,0.527335,0.447882,-0.020487,0.523989,0.468189,-0.018456,0.527238,0.485258,-0.016793,0.529268,0.503970,-0.021017,0.513930,0.455915,-0.024697,0.512659,0.476075,-0.018593,0.515842,0.494035,-0.014326,0.510672,0.513522,-0.025702,0.500441,0.465315,-0.027429,0.496993,0.441416,-0.023782,0.495165,0.419442,-0.021243
-0.020327,-2.593581,-2.355662,0.046227,-2.749551,-2.165583,0.079516,-2.744749,-2.165993,0.114358,-2.740700,-2.164395,-0.076678,-2.753632,-2.212728,-0.121813,-2.754530,-2.212501,-0.160772,-2.755026,-2.214067,0.176932,-2.669556,-1.027093,-0.216456,-2.687322,-1.228705,0.061593,-2.451180,-1.937408,-0.089299,-2.453333,-1.995365,0.468686,-1.894642,-0.367178,-0.503866,-1.843463,-0.594047,0.716383,-0.920495,-1.694796,-0.692669,-0.832283,-0.610667,0.178739,-1.826582,-3.772212,-0.570278,0.034176,-1.707856,0.092001,-2.087316,-4.228586,-0.591235,0.348616,-1.937633,0.101099,-2.190022,-3.975639,-0.522391,0.277599,-2.161214,0.105844,-2.073455,-3.734775,-0.496107,0.161183,-1.823107,0.351193,-0.010512,0.062071,-0.351193,0.010512,-0.062071,0.322839,1.531546,0.250819,-0.332457,1.521128,-0.240301,0.321712,2.882424,1.687988,-0.318414,2.903197,0.810479,0.335929,3.071284,1.751734,-0.345357,3.113643,0.862992,0.253295,3.318291,0.352768,-0.172978,3.296213,-0.757929,0.469562,0.387158,-0.000397,0.471213,0.383847,-0.005652,0.475092,0.380061,-0.011278,0.480248,0.374939,-0.016354,0.488226,0.370684,-0.020575,0.496308,0.371384,-0.021900,0.504508,0.369378,-0.021180,0.513380,0.372402,-0.017621,0.519480,0.376592,-0.013094,0.524245,0.379702,-0.007897,0.526493,0.382713,-0.002861,0.523461,0.385266,-0.007362,0.519143,0.387678,-0.012555,0.512953,0.391271,-0.016255,0.505487,0.394112,-0.018828,0.497457,0.394950,-0.019017,0.489590,0.395216,-0.018176,0.482341,0.393481,-0.014954,0.476450,0.390880,-0.011002,0.472441,0.389197,-0.005333,0.445452,0.287204,0.016611,0.447157,0.285461,0.013557,0.449300,0.283528,0.011215,0.452861,0.280940,0.008915,0.458473,0.279109,0.007066,0.464033,0.279188,0.006589,0.469812,0.280672,0.007544,0.473859,0.283766,0.008818,0.514552,0.283592,0.008035,0.516465,0.284585,0.007814,0.519966,0.285473,0.006199,0.525469,0.286923,0.005065,0.531321,0.287279,0.005135,0.537239,0.286105,0.006659,0.541096,0.284585,0.008789,0.543742,0.283189,0.010646,0.493912,0.272855,-0.009100,0.493847,0.283302,-0.014681,0.493785,0.293056,-0.020988,0.493697,0.302210,-0.027937,0.000000,0.000000,0.000000,0.000000,0.000000,0.000000,0.000000,0.000000,0.000000,0.000000,0.000000,0.000000,0.000000,0.000000,0.000000,0.000000,0.000000,0.000000,0.000000,0.000000,0.000000,0.000000,0.000000,0.000000,0.000000,0.000000,0.000000,0.000000,0.000000,0.000000,0.000000,0.000000,0.000000,0.000000,0.000000,0.000000,0.000000,0.000000,0.000000,0.000000,0.000000,0.000000,0.000000,0.000000,0.000000,0.000000,0.000000,0.000000,0.000000,0.000000,0.000000,0.000000,0.000000,0.000000,0.000000,0.000000,0.000000,0.000000,0.000000,0.000000,0.000000,0.000000,0.000000,0.551909,0.604855,-0.000000,0.569347,0.561184,0.010098,0.567107,0.519358,0.012122,0.549158,0.494037,0.012097,0.528496,0.493344,0.011836,0.573955,0.499107,0.000499,0.553405,0.458028,-0.002355,0.546998,0.470295,-0.002980,0.547978,0.483612,-0.002583,0.553715,0.501235,-0.006170,0.535185,0.457317,-0.007110,0.530318,0.472291,-0.004475,0.531590,0.485914,-0.002711,0.532536,0.508071,-0.011555,0.518822,0.460012,-0.012025,0.516262,0.473332,-0.007739,0.518357,0.488156,-0.004898,0.512558,0.516784,-0.015735,0.506055,0.468655,-0.016649,0.502788,0.442916,-0.015079,0.500991,0.421558,-0.014029
-0.011859,-2.608590,-3.181682,0.055280,-2.748861,-2.998860,0.095761,-2.745845,-2.999592,0.128012,-2.742553,-2.998933,-0.069975,-2.746694,-3.014247,-0.110115,-2.745579,-3.014321,-0.148816,-2.743749,-3.016143,0.190999,-2.672585,-1.819992,-0.185712,-2.672363,-1.861876,0.075081,-2.458924,-2.738817,-0.082910,-2.457663,-2.753266,0.532216,-1.810946,-1.067862,-0.467306,-1.838542,-1.078687,0.755957,-0.803930,-1.273084,-0.649626,-0.913367,-1.079111,0.400996,-0.359889,-2.769031,-0.445476,-0.350144,-2.573605,0.319482,-0.180682,-3.148857,-0.388847,-0.082748,-2.899341,0.252365,-0.295167,-3.264670,-0.337527,-0.221091,-3.079402,0.255545,-0.362957,-2.860817,-0.344295,-0.312384,-2.695672,0.345923,-0.001408,-0.102875,-0.345923,0.001408,0.102875,0.270945,1.479177,-0.136699,-0.391984,1.424496,-0.490442,0.215593,2.805439,1.207209,-0.428452,2.786245,0.428181,0.223181,3.001503,1.249323,-0.431460,3.012367,0.457999,0.099561,3.251327,-0.272306,-0.366909,3.194949,-1.220803,0.460596,0.390792,0.000406,0.462107,0.387402,-0.004983,0.465800,0.383445,-0.010778,0.470795,0.378176,-0.016029,0.478789,0.373847,-0.020487,0.486945,0.374602,-0.021994,0.495395,0.372617,-0.021441,0.504639,0.375820,-0.018041,0.510960,0.380199,-0.013576,0.515839,0.383484,-0.008424,0.518134,0.386587,-0.003325,0.514997,0.389229,-0.007771,0.510524,0.391717,-0.012868,0.504164,0.395385,-0.016520,0.496522,0.398220,-0.019010,0.488311,0.399011,-0.018980,0.480432,0.399281,-0.017964,0.473200,0.397491,-0.014514,0.467390,0.394776,-0.010418,0.463439,0.392979,-0.004612,0.436253,0.289980,0.017605,0.437972,0.288337,0.014446,0.440146,0.286486,0.012031,0.443787,0.283989,0.009624,0.449449,0.282207,0.007649,0.455026,0.282220,0.007047,0.460806,0.283501,0.007975,0.464855,0.286356,0.009222,0.506458,0.285877,0.007624,0.508338,0.286808,0.007348,0.511815,0.287661,0.005674,0.517345,0.289108,0.004451,0.523227,0.289485,0.004432,0.529292,0.288349,0.005897,0.533312,0.286862,0.007979,0.536103,0.285473,0.009824,0.484994,0.275561,-0.009543,0.484781,0.286032,-0.015170,0.484591,0.296046,-0.021483,0.484377,0.305516,-0.028441,0.000000,0.000000,0.000000,0.000000,0.000000,0.000000,0.000000,0.000000,0.000000,0.000000,0.000000,0.000000,0.000000,0.000000,0.000000,0.000000,0.000000,0.000000,0.000000,0.000000,0.000000,0.000000,0.000000,0.000000,0.000000,0.000000,0.000000,0.000000,0.000000,0.000000,0.000000,0.000000,0.000000,0.000000,0.000000,0.000000,0.000000,0.000000,0.000000,0.000000,0.000000,0.000000,0.000000,0.000000,0.000000,0.000000,0.000000,0.000000,0.000000,0.000000,0.000000,0.000000,0.000000,0.000000,0.000000,0.000000,0.000000,0.000000,0.000000,0.000000,0.000000,0.000000,0.000000,0.000000,0.000000,0.000000,0.000000,0.000000,0.000000,0.000000,0.000000,0.000000,0.000000,0.000000,0.000000,0.000000,0.000000,0.000000,0.000000,0.000000,0.000000,0.000000,0.000000,0.000000,0.000000,0.000000,0.000000,0.000000,0.000000,0.000000,0.000000,0.000000,0.000000,0.000000,0.000000,0.000000,0.000000,0.000000,0.000000,0.000000,0.000000,0.000000,0.000000,0.000000,0.000000,0.000000,0.000000,0.000000,0.000000,0.000000,0.000000,0.000000,0.000000,0.000000,0.000000,0.000000,0.000000,0.000000,0.000000,0.000000,0.000000,0.000000,0.000000,0.000000,0.000000,0.000000
-0.043510,-2.557592,-3.071711,0.016090,-2.684602,-2.913831,0.057761,-2.682228,-2.914871,0.088606,-2.678335,-2.914934,-0.097562,-2.680209,-2.935818,-0.134098,-2.678354,-2.935983,-0.169949,-2.675916,-2.937790,0.142995,-2.612184,-1.861529,-0.197287,-2.607979,-1.939114,0.038141,-2.410378,-2.671604,-0.110512,-2.412258,-2.693972,0.482757,-1.781133,-1.036215,-0.484097,-1.797348,-1.290997,0.662438,-0.874374,-0.963570,-0.634186,-0.932249,-1.117318,0.671158,-0.085689,-2.189666,-0.627461,-0.184264,-2.293761,0.712453,0.157956,-2.506324,-0.643847,0.044914,-2.653838,0.646014,0.125956,-2.734741,-0.588688,0.018257,-2.905005,0.600947,0.029983,-2.330767,-0.560513,-0.073594,-2.435258,0.315459,-0.000752,-0.055873,-0.315459,0.000752,0.055873,0.244162,1.428610,-0.112257,-0.365209,1.380322,-0.632192,0.212085,2.715459,1.166801,-0.397410,2.728766,0.292278,0.220487,2.912689,1.202062,-0.399815,2.949089,0.328231,0.112065,3.127553,-0.193589,-0.307673,3.111195,-1.256795,0.458404,0.391339,0.000539,0.459888,0.387810,-0.004805,0.463504,0.383771,-0.010568,0.468419,0.378426,-0.015818,0.476352,0.374007,-0.020255,0.484460,0.374730,-0.021796,0.492826,0.372684,-0.021272,0.502001,0.375906,-0.017932,0.508232,0.380318,-0.013528,0.513062,0.383653,-0.008425,0.515358,0.386881,-0.003380,0.512310,0.389644,-0.007707,0.507945,0.392287,-0.012677,0.501680,0.396125,-0.016259,0.494111,0.399104,-0.018698,0.485917,0.399984,-0.018641,0.478024,0.400244,-0.017607,0.470824,0.398399,-0.014163,0.465070,0.395551,-0.010120,0.461184,0.393616,-0.004399,0.434256,0.290819,0.017604,0.435951,0.289197,0.014487,0.438082,0.287359,0.012094,0.441657,0.284874,0.009723,0.447232,0.283067,0.007745,0.452739,0.283038,0.007116,0.458444,0.284248,0.008005,0.462432,0.287030,0.009224,0.503504,0.286098,0.007374,0.505362,0.287000,0.007103,0.508787,0.287803,0.005442,0.514248,0.289197,0.004209,0.520059,0.289517,0.004163,0.526061,0.288336,0.005571,0.530033,0.286804,0.007589,0.532805,0.285362,0.009390,0.482211,0.276095,-0.009384,0.482044,0.286560,-0.014913,0.481898,0.296504,-0.021142,0.481725,0.305882,-0.028010,0.000000,0.000000,0.000000,0.000000,0.000000,0.000000,0.000000,0.000000,0.000000,0.000000,0.000000,0.000000,0.000000,0.000000,0.000000,0.000000,0.000000,0.000000,0.000000,0.000000,0.000000,0.000000,0.000000,0.000000,0.000000,0.000000,0.000000,0.000000,0.000000,0.000000,0.000000,0.000000,0.000000,0.000000,0.000000,0.000000,0.000000,0.000000,0.000000,0.000000,0.000000,0.000000,0.000000,0.000000,0.000000,0.000000,0.000000,0.000000,0.000000,0.000000,0.000000,0.000000,0.000000,0.000000,0.000000,0.000000,0.000000,0.000000,0.000000,0.000000,0.000000,0.000000,0.000000,0.000000,0.000000,0.000000,0.000000,0.000000,0.000000,0.000000,0.000000,0.000000,0.000000,0.000000,0.000000,0.000000,0.000000,0.000000,0.000000,0.000000,0.000000,0.000000,0.000000,0.000000,0.000000,0.000000,0.000000,0.000000,0.000000,0.000000,0.000000,0.000000,0.000000,0.000000,0.000000,0.000000,0.000000,0.000000,0.000000,0.000000,0.000000,0.000000,0.000000,0.000000,0.000000,0.000000,0.000000,0.000000,0.000000,0.000000,0.000000,0.000000,0.000000,0.000000,0.000000,0.000000,0.000000,0.000000,0.000000,0.000000,0.000000,0.000000,0.000000,0.000000,0.000000,0.000000
-0.058042,-2.616409,-3.007642,0.002205,-2.738237,-2.854957,0.043503,-2.734981,-2.856004,0.075629,-2.729777,-2.856146,-0.111696,-2.731483,-2.873080,-0.148704,-2.724701,-2.873255,-0.184349,-2.719734,-2.874995,0.129315,-2.657687,-1.806904,-0.211206,-2.648637,-1.868208,0.025388,-2.469816,-2.610990,-0.126292,-2.467346,-2.625902,0.478035,-1.816081,-1.001907,-0.497944,-1.820430,-1.219564,0.671905,-0.901941,-0.803167,-0.655343,-0.951296,-0.983873,0.683733,-0.102257,-1.939426,-0.721507,-0.161345,-2.168695,0.729973,0.148749,-2.235878,-0.755922,0.084073,-2.513695,0.666738,0.116825,-2.479020,-0.694698,0.045048,-2.793695,0.618497,0.020112,-2.082994,-0.657329,-0.047768,-2.321045,0.319524,-0.000617,-0.096776,-0.319524,0.000617,0.096776,0.243432,1.457395,-0.107921,-0.371283,1.417254,-0.319160,0.194344,2.759284,1.343549,-0.397566,2.754897,0.678634,0.200841,2.955320,1.394533,-0.394433,2.965102,0.723030,0.086126,3.169351,-0.023617,-0.333771,3.154878,-0.854842,0.456097,0.389121,0.000516,0.457468,0.385335,-0.004739,0.461048,0.381057,-0.010450,0.466021,0.375443,-0.015743,0.474196,0.370579,-0.020172,0.482560,0.371056,-0.021677,0.491053,0.368654,-0.021140,0.500421,0.371637,-0.017758,0.506713,0.375977,-0.013221,0.511523,0.379353,-0.008062,0.513807,0.382797,-0.003160,0.510826,0.386008,-0.007323,0.506581,0.389235,-0.012293,0.500394,0.393562,-0.015901,0.492772,0.396942,-0.018356,0.484402,0.398156,-0.018384,0.476121,0.398518,-0.017323,0.468692,0.396685,-0.013898,0.462848,0.393685,-0.009852,0.458956,0.391550,-0.004253,0.431791,0.293022,0.017017,0.433665,0.292113,0.013893,0.436050,0.290918,0.011524,0.439726,0.289204,0.009247,0.445044,0.287790,0.007276,0.450127,0.287333,0.006629,0.455554,0.287047,0.007592,0.459211,0.288100,0.008919,0.500873,0.285467,0.007217,0.502639,0.286069,0.006987,0.505809,0.286825,0.005318,0.510958,0.288137,0.004127,0.516496,0.288448,0.004129,0.522432,0.287487,0.005500,0.526391,0.286363,0.007428,0.529260,0.285411,0.009217,0.479261,0.275379,-0.008900,0.479182,0.285578,-0.014314,0.479119,0.294940,-0.020492,0.479048,0.303682,-0.027315,0.000000,0.000000,0.000000,0.000000,0.000000,0.000000,0.000000,0.000000,0.000000,0.000000,0.000000,0.000000,0.000000,0.000000,0.000000,0.000000,0.000000,0.000000,0.000000,0.000000,0.000000,0.000000,0.000000,0.000000,0.000000,0.000000,0.000000,0.000000,0.000000,0.000000,0.000000,0.000000,0.000000,0.000000,0.000000,0.000000,0.000000,0.000000,0.000000,0.000000,0.000000,0.000000,0.000000,0.000000,0.000000,0.000000,0.000000,0.000000,0.000000,0.000000,0.000000,0.000000,0.000000,0.000000,0.000000,0.000000,0.000000,0.000000,0.000000,0.000000,0.000000,0.000000,0.000000,0.000000,0.000000,0.000000,0.000000,0.000000,0.000000,0.000000,0.000000,0.000000,0.000000,0.000000,0.000000,0.000000,0.000000,0.000000,0.000000,0.000000,0.000000,0.000000,0.000000,0.000000,0.000000,0.000000,0.000000,0.000000,0.000000,0.000000,0.000000,0.000000,0.000000,0.000000,0.000000,0.000000,0.000000,0.000000,0.000000,0.000000,0.000000,0.000000,0.000000,0.000000,0.000000,0.000000,0.000000,0.000000,0.000000,0.000000,0.000000,0.000000,0.000000,0.000000,0.000000,0.000000,0.000000,0.000000,0.000000,0.000000,0.000000,0.000000,0.000000,0.000000,0.000000,0.000000
-0.050317,-2.676519,-2.908335,0.018564,-2.806396,-2.713139,0.059882,-2.802598,-2.713842,0.091608,-2.797077,-2.713074,-0.103922,-2.799869,-2.737698,-0.143230,-2.790545,-2.737345,-0.182766,-2.782919,-2.738635,0.145414,-2.717579,-1.494088,-0.213378,-2.704707,-1.600336,0.035415,-2.523580,-2.461224,-0.124554,-2.520937,-2.493992,0.481015,-1.912444,-0.836126,-0.507565,-1.824559,-0.713790,0.800666,-0.861950,-2.214237,-0.681783,-0.909421,-0.907786,0.262272,-1.497016,-4.496670,-0.612641,-0.226143,-2.701092,0.141779,-1.700013,-5.003080,-0.625601,0.046525,-3.049330,0.133430,-1.825084,-4.815647,-0.569683,-0.059044,-3.275822,0.149305,-1.780040,-4.483632,-0.544523,-0.190629,-2.837884,0.346562,-0.006766,-0.116269,-0.346562,0.006766,0.116269,0.330930,1.476554,-0.018208,-0.327073,1.428908,-0.620631,0.343530,2.821139,1.258767,-0.306771,2.803380,0.350580,0.360430,3.006785,1.293096,-0.320367,3.014671,0.394891,0.238634,3.272654,-0.223320,-0.192354,3.215978,-1.346910,0.460877,0.387763,0.000334,0.462384,0.384345,-0.005032,0.466092,0.380404,-0.010790,0.471121,0.375149,-0.016024,0.479156,0.370805,-0.020420,0.487340,0.371505,-0.021887,0.495713,0.369481,-0.021289,0.504830,0.372608,-0.017836,0.511042,0.376935,-0.013333,0.515860,0.380206,-0.008124,0.518158,0.383337,-0.003024,0.515099,0.386035,-0.007457,0.510725,0.388538,-0.012536,0.504463,0.392220,-0.016181,0.496911,0.395115,-0.018676,0.488769,0.395953,-0.018693,0.480871,0.396241,-0.017730,0.473618,0.394460,-0.014358,0.467762,0.391754,-0.010331,0.463764,0.389967,-0.004613,0.436561,0.287484,0.017211,0.438306,0.285871,0.014086,0.440483,0.284044,0.011691,0.444082,0.281567,0.009312,0.449672,0.279746,0.007373,0.455193,0.279684,0.006814,0.460952,0.280870,0.007773,0.464981,0.283643,0.009026,0.505999,0.282909,0.007587,0.507876,0.283831,0.007336,0.511337,0.284642,0.005686,0.516841,0.286034,0.004482,0.522675,0.286353,0.004487,0.528663,0.285163,0.005955,0.532601,0.283702,0.008022,0.535341,0.282379,0.009854,0.484967,0.272669,-0.009480,0.484854,0.283071,-0.015057,0.484775,0.293045,-0.021343,0.484662,0.302448,-0.028276,0.000000,0.000000,0.000000,0.000000,0.000000,0.000000,0.000000,0.000000,0.000000,0.000000,0.000000,0.000000,0.000000,0.000000,0.000000,0.000000,0.000000,0.000000,0.000000,0.000000,0.000000,0.000000,0.000000,0.000000,0.000000,0.000000,0.000000,0.000000,0.000000,0.000000,0.000000,0.000000,0.000000,0.000000,0.000000,0.000000,0.000000,0.000000,0.000000,0.000000,0.000000,0.000000,0.000000,0.000000,0.000000,0.000000,0.000000,0.000000,0.000000,0.000000,0.000000,0.000000,0.000000,0.000000,0.000000,0.000000,0.000000,0.000000,0.000000,0.000000,0.000000,0.000000,0.000000,0.576903,0.735426,-0.000000,0.540081,0.696826,0.009277,0.519030,0.651236,0.011233,0.505440,0.612872,0.008803,0.497136,0.582232,0.007792,0.548559,0.589766,0.017041,0.519581,0.567714,0.007492,0.518474,0.596729,0.000219,0.527548,0.617499,-0.002476,0.555611,0.586766,0.007411,0.526296,0.577772,-0.000934,0.526355,0.605693,-0.005388,0.536375,0.626394,-0.006499,0.561871,0.591928,-0.003194,0.533732,0.581503,-0.009629,0.533247,0.609227,-0.006575,0.541781,0.629105,-0.003001,0.566543,0.601790,-0.013536,0.544795,0.585012,-0.015231,0.539517,0.600132,-0.010160,0.542324,0.612794,-0.004649
0.008782,-2.541409,-2.464100,0.074584,-2.686320,-2.272892,0.109875,-2.681078,-2.273391,0.139614,-2.677474,-2.272097,-0.050729,-2.689828,-2.317612,-0.093577,-2.688287,-2.317522,-0.132697,-2.684948,-2.318983,0.195259,-2.609615,-1.135743,-0.172403,-2.613772,-1.341004,0.089873,-2.400810,-2.041134,-0.062931,-2.401523,-2.101684,0.502631,-1.834218,-0.451916,-0.457442,-1.792026,-0.728327,0.614005,-0.821796,-1.844814,-0.636292,-0.811957,-1.045586,0.160755,-1.690150,-3.788641,-0.404176,-0.064317,-2.173047,0.093077,-1.925130,-4.230395,-0.369794,0.206407,-2.432265,0.115880,-2.016912,-3.966191,-0.299883,0.113768,-2.641489,0.118857,-1.927948,-3.744584,-0.300834,0.017050,-2.233672,0.330412,-0.006853,0.089687,-0.330412,0.006853,-0.089687,0.297837,1.469845,0.176597,-0.307293,1.432584,-0.796381,0.294903,2.782578,1.301738,-0.317908,2.797064,-0.012986,0.303453,2.965305,1.325655,-0.352783,3.007469,0.011588,0.216984,3.231869,0.010802,-0.187573,3.186673,-1.555038,0.463189,0.385313,-0.000993,0.464859,0.381817,-0.006254,0.468808,0.377804,-0.011921,0.474116,0.372484,-0.017049,0.482376,0.368069,-0.021283,0.490670,0.368851,-0.022642,0.499056,0.366911,-0.021902,0.508088,0.370213,-0.018324,0.514233,0.374710,-0.013746,0.519003,0.378126,-0.008508,0.521241,0.381378,-0.003461,0.518183,0.384071,-0.008038,0.513815,0.386563,-0.013343,0.507528,0.390173,-0.017131,0.499913,0.392972,-0.019828,0.491703,0.393725,-0.020038,0.483612,0.393908,-0.019161,0.476201,0.392076,-0.015818,0.470196,0.389334,-0.011769,0.466118,0.387523,-0.006010,0.439371,0.284434,0.017357,0.441149,0.282737,0.014292,0.443376,0.280837,0.011957,0.447050,0.278325,0.009640,0.452733,0.276585,0.007800,0.458327,0.276728,0.007307,0.464141,0.278217,0.008272,0.468198,0.281247,0.009532,0.509447,0.281582,0.008715,0.511361,0.282603,0.008467,0.514869,0.283543,0.006815,0.520398,0.285060,0.005662,0.526276,0.285481,0.005723,0.532257,0.284415,0.007265,0.536150,0.282983,0.009431,0.538847,0.281665,0.011307,0.488707,0.270374,-0.008515,0.488617,0.280796,-0.014291,0.488547,0.290561,-0.020777,0.488459,0.299725,-0.027935,0.000000,0.000000,0.000000,0.000000,0.000000,0.000000,0.000000,0.000000,0.000000,0.000000,0.000000,0.000000,0.000000,0.000000,0.000000,0.000000,0.000000,0.000000,0.000000,0.000000,0.000000,0.000000,0.000000,0.000000,0.000000,0.000000,0.000000,0.000000,0.000000,0.000000,0.000000,0.000000,0.000000,0.000000,0.000000,0.000000,0.000000,0.000000,0.000000,0.000000,0.000000,0.000000,0.000000,0.000000,0.000000,0.000000,0.000000,0.000000,0.000000,0.000000,0.000000,0.000000,0.000000,0.000000,0.000000,0.000000,0.000000,0.000000,0.000000,0.000000,0.000000,0.000000,0.000000,0.534937,0.614942,-0.000000,0.554739,0.577080,0.006552,0.557945,0.533743,0.005202,0.540430,0.504110,0.002646,0.518721,0.496282,0.000355,0.566023,0.517649,-0.008641,0.550483,0.464592,-0.016062,0.542562,0.478327,-0.017759,0.542950,0.496117,-0.017117,0.543965,0.519897,-0.014697,0.529988,0.464867,-0.020979,0.524088,0.481529,-0.019152,0.525318,0.498369,-0.016870,0.521581,0.525357,-0.019576,0.510948,0.473538,-0.023750,0.507673,0.487697,-0.018787,0.509726,0.503797,-0.014634,0.500804,0.530019,-0.023434,0.498166,0.482184,-0.025367,0.496757,0.454681,-0.023564,0.496285,0.431603,-0.022317
0.046367,-2.439926,-2.050042,0.107297,-2.582705,-1.865141,0.139337,-2.579025,-1.865973,0.170510,-2.577225,-1.864835,-0.013944,-2.585245,-1.911813,-0.058142,-2.585499,-1.911576,-0.095508,-2.584614,-1.913263,0.225500,-2.513150,-0.798791,-0.140809,-2.518903,-0.999464,0.122595,-2.306584,-1.649613,-0.022372,-2.304084,-1.711042,0.517107,-1.762769,-0.176348,-0.409905,-1.739587,-0.550586,0.583949,-0.789304,-1.344293,-0.590452,-0.783059,-0.902027,0.150161,-1.632960,-3.044888,-0.215558,-0.289999,-2.001290,0.080187,-1.862630,-3.453128,-0.136386,-0.054715,-2.274744,0.110965,-1.969669,-3.236294,-0.080208,-0.190107,-2.374171,0.115035,-1.873228,-3.016329,-0.103898,-0.278158,-2.067726,0.316791,-0.006438,0.094864,-0.316791,0.006438,-0.094864,0.284089,1.396149,-0.020636,-0.302452,1.353294,-0.742582,0.274464,2.661310,0.955201,-0.314674,2.687921,-0.046418,0.280265,2.841463,0.978200,-0.349432,2.905562,-0.028406,0.209361,3.083652,-0.321903,-0.166816,3.034011,-1.522723,0.464067,0.386991,-0.001072,0.465711,0.383644,-0.006304,0.469702,0.379744,-0.011998,0.475016,0.374497,-0.017164,0.483234,0.370102,-0.021460,0.491528,0.370853,-0.022852,0.499956,0.368931,-0.022178,0.509103,0.372234,-0.018661,0.515395,0.376657,-0.014149,0.520339,0.379968,-0.008956,0.522664,0.383052,-0.003982,0.519522,0.385601,-0.008655,0.515023,0.387902,-0.014058,0.508586,0.391339,-0.017896,0.500890,0.394020,-0.020574,0.492685,0.394696,-0.020744,0.484662,0.394959,-0.019794,0.477251,0.393242,-0.016355,0.471176,0.390696,-0.012188,0.467036,0.389062,-0.006239,0.440277,0.285682,0.018153,0.442008,0.283844,0.015087,0.444175,0.281843,0.012727,0.447803,0.279223,0.010401,0.453513,0.277433,0.008536,0.459166,0.277641,0.008009,0.465012,0.279340,0.008904,0.469108,0.282633,0.010113,0.510318,0.282988,0.008918,0.512278,0.284062,0.008661,0.515845,0.285030,0.006973,0.521438,0.286538,0.005771,0.527378,0.286919,0.005787,0.533369,0.285743,0.007298,0.537261,0.284185,0.009461,0.539927,0.282740,0.011341,0.489424,0.271475,-0.008147,0.489319,0.282083,-0.014034,0.489222,0.291923,-0.020608,0.489104,0.301138,-0.027856,0.000000,0.000000,0.000000,0.000000,0.000000,0.000000,0.000000,0.000000,0.000000,0.000000,0.000000,0.000000,0.000000,0.000000,0.000000,0.000000,0.000000,0.000000,0.000000,0.000000,0.000000,0.000000,0.000000,0.000000,0.000000,0.000000,0.000000,0.000000,0.000000,0.000000,0.000000,0.000000,0.000000,0.000000,0.000000,0.000000,0.000000,0.000000,0.000000,0.000000,0.000000,0.000000,0.000000,0.000000,0.000000,0.000000,0.000000,0.000000,0.000000,0.000000,0.000000,0.000000,0.000000,0.000000,0.000000,0.000000,0.000000,0.000000,0.000000,0.000000,0.000000,0.000000,0.000000,0.527597,0.614281,-0.000000,0.549157,0.578998,0.007265,0.555804,0.536860,0.008160,0.547455,0.502630,0.008210,0.531866,0.488430,0.008640,0.559784,0.520259,-0.007156,0.546016,0.468482,-0.013477,0.539349,0.481161,-0.014603,0.539895,0.498029,-0.013791,0.538725,0.521299,-0.012566,0.525642,0.466691,-0.017839,0.520286,0.482958,-0.015151,0.521875,0.498921,-0.012287,0.517010,0.525892,-0.016860,0.507083,0.477783,-0.021326,0.503860,0.490946,-0.016613,0.505887,0.505244,-0.012506,0.496628,0.530199,-0.019993,0.495464,0.482413,-0.024636,0.494495,0.454496,-0.024780,0.494525,0.430186,-0.024438
0.056377,-2.432150,-2.029328,0.114700,-2.572014,-1.843837,0.145193,-2.568506,-1.844493,0.177050,-2.566621,-1.843189,-0.002497,-2.574108,-1.892295,-0.047698,-2.573583,-1.892188,-0.084358,-2.572171,-1.893821,0.230039,-2.502104,-0.794017,-0.134659,-2.507067,-1.004578,0.129338,-2.297919,-1.638056,-0.011492,-2.294614,-1.702019,0.517845,-1.749386,-0.183143,-0.403158,-1.733235,-0.572362,0.577130,-0.792599,-1.349756,-0.575496,-0.744506,-0.932083,0.147091,-1.641331,-3.051968,-0.194287,-0.238955,-1.953517,0.079980,-1.880839,-3.454993,-0.115538,0.010154,-2.209793,0.110415,-1.975050,-3.228940,-0.063969,-0.115202,-2.312059,0.113093,-1.874522,-3.021264,-0.086894,-0.207558,-2.018448,0.317604,-0.009900,0.117004,-0.317604,0.009900,-0.117004,0.291842,1.388294,0.086800,-0.293623,1.354894,-0.739794,0.289439,2.650213,1.095639,-0.292780,2.681357,-0.031890,0.294041,2.835063,1.121630,-0.330117,2.899424,-0.010220,0.242437,3.072408,-0.149805,-0.133505,3.029590,-1.474807,0.465376,0.386334,-0.001646,0.466985,0.382917,-0.006742,0.470926,0.378883,-0.012297,0.476207,0.373513,-0.017318,0.484350,0.368992,-0.021487,0.492542,0.369667,-0.022859,0.500870,0.367733,-0.022147,0.509910,0.371054,-0.018675,0.516123,0.375519,-0.014231,0.520978,0.378894,-0.009136,0.523232,0.382025,-0.004247,0.520123,0.384544,-0.008898,0.515691,0.386821,-0.014254,0.509361,0.390217,-0.018053,0.501774,0.392858,-0.020711,0.493696,0.393574,-0.020899,0.485794,0.393893,-0.019988,0.478455,0.392300,-0.016659,0.472443,0.389884,-0.012572,0.468342,0.388346,-0.006736,0.441414,0.285880,0.017969,0.443165,0.284070,0.014946,0.445349,0.282082,0.012627,0.448964,0.279481,0.010360,0.454614,0.277684,0.008527,0.460198,0.277851,0.008032,0.466023,0.279460,0.008938,0.470116,0.282670,0.010159,0.510953,0.282977,0.009225,0.512912,0.284050,0.008983,0.516465,0.285003,0.007317,0.522035,0.286505,0.006141,0.527945,0.286882,0.006166,0.533898,0.285708,0.007706,0.537746,0.284174,0.009878,0.540383,0.282768,0.011767,0.490301,0.271257,-0.007665,0.490219,0.281768,-0.013540,0.490152,0.291491,-0.020108,0.490066,0.300601,-0.027341,0.000000,0.000000,0.000000,0.000000,0.000000,0.000000,0.000000,0.000000,0.000000,0.000000,0.000000,0.000000,0.000000,0.000000,0.000000,0.000000,0.000000,0.000000,0.000000,0.000000,0.000000,0.000000,0.000000,0.000000,0.000000,0.000000,0.000000,0.000000,0.000000,0.000000,0.000000,0.000000,0.000000,0.000000,0.000000,0.000000,0.000000,0.000000,0.000000,0.000000,0.000000,0.000000,0.000000,0.000000,0.000000,0.000000,0.000000,0.000000,0.000000,0.000000,0.000000,0.000000,0.000000,0.000000,0.000000,0.000000,0.000000,0.000000,0.000000,0.000000,0.000000,0.000000,0.000000,0.526356,0.612021,-0.000000,0.547814,0.578087,0.007183,0.554331,0.535884,0.008152,0.544905,0.502210,0.008246,0.528055,0.490125,0.008761,0.559877,0.517817,-0.007298,0.546953,0.467629,-0.013418,0.540022,0.481226,-0.014165,0.540548,0.497895,-0.013328,0.539224,0.518832,-0.012907,0.526826,0.465247,-0.018382,0.521098,0.482523,-0.015304,0.522566,0.498241,-0.012264,0.517222,0.523392,-0.017457,0.507808,0.475261,-0.022620,0.504724,0.489763,-0.018022,0.507095,0.504782,-0.013933,0.496116,0.527154,-0.020836,0.495783,0.480313,-0.026407,0.494752,0.452330,-0.027322,0.494742,0.427977,-0.027573
0.022026,-2.582544,-3.312153,0.088015,-2.723320,-3.120295,0.123949,-2.720731,-3.121044,0.155767,-2.719087,-3.120096,-0.033463,-2.723942,-3.127183,-0.075333,-2.722950,-3.127061,-0.112854,-2.721156,-3.128296,0.213763,-2.650630,-1.890634,-0.159097,-2.652217,-1.912651,0.100347,-2.439415,-2.857905,-0.050789,-2.436405,-2.867724,0.533217,-1.815734,-1.182390,-0.434317,-1.833663,-0.932848,0.751571,-0.787343,-2.308687,-0.639248,-0.943399,-1.067804,0.232180,-1.076186,-4.531621,-0.549381,-0.413626,-2.952606,0.094018,-1.189604,-5.016313,-0.529489,-0.173006,-3.325406,0.100517,-1.345646,-4.888773,-0.477508,-0.338928,-3.488680,0.115477,-1.320810,-4.525646,-0.470299,-0.421226,-3.057584,0.334078,0.003609,-0.147328,-0.334078,-0.003609,0.147328,0.287987,1.448590,-0.103416,-0.335737,1.369674,-0.281030,0.268792,2.723158,1.377230,-0.343367,2.695285,0.789326,0.279967,2.907176,1.426819,-0.356727,2.909976,0.842557,0.149643,3.171854,-0.098479,-0.254957,3.091151,-0.767557,0.461702,0.390238,-0.000792,0.463256,0.386619,-0.006143,0.467104,0.382385,-0.011930,0.472305,0.376807,-0.017172,0.480613,0.372157,-0.021570,0.489042,0.372850,-0.023022,0.497670,0.370775,-0.022343,0.507076,0.374147,-0.018796,0.513426,0.378741,-0.014205,0.518326,0.382231,-0.008929,0.520623,0.385516,-0.003779,0.517506,0.388261,-0.008449,0.513047,0.390786,-0.013784,0.506643,0.394519,-0.017644,0.498885,0.397442,-0.020380,0.490492,0.398296,-0.020485,0.482367,0.398667,-0.019514,0.474880,0.396942,-0.016016,0.468799,0.394260,-0.011829,0.464668,0.392483,-0.005905,0.436664,0.287507,0.018016,0.438436,0.285791,0.014862,0.440659,0.283862,0.012472,0.444357,0.281281,0.010112,0.450111,0.279429,0.008183,0.455756,0.279445,0.007651,0.461629,0.280781,0.008622,0.465760,0.283728,0.009900,0.508012,0.283132,0.008823,0.509954,0.284119,0.008557,0.513501,0.284981,0.006870,0.519123,0.286431,0.005662,0.525099,0.286752,0.005685,0.531220,0.285543,0.007238,0.535236,0.283987,0.009413,0.538012,0.282538,0.011323,0.486472,0.272374,-0.008739,0.486407,0.283034,-0.014631,0.486362,0.293140,-0.021218,0.486286,0.302677,-0.028474,0.000000,0.000000,0.000000,0.000000,0.000000,0.000000,0.000000,0.000000,0.000000,0.000000,0.000000,0.000000,0.000000,0.000000,0.000000,0.000000,0.000000,0.000000,0.000000,0.000000,0.000000,0.000000,0.000000,0.000000,0.000000,0.000000,0.000000,0.000000,0.000000,0.000000,0.000000,0.000000,0.000000,0.000000,0.000000,0.000000,0.000000,0.000000,0.000000,0.000000,0.000000,0.000000,0.000000,0.000000,0.000000,0.000000,0.000000,0.000000,0.000000,0.000000,0.000000,0.000000,0.000000,0.000000,0.000000,0.000000,0.000000,0.000000,0.000000,0.000000,0.000000,0.000000,0.000000,0.000000,0.000000,0.000000,0.000000,0.000000,0.000000,0.000000,0.000000,0.000000,0.000000,0.000000,0.000000,0.000000,0.000000,0.000000,0.000000,0.000000,0.000000,0.000000,0.000000,0.000000,0.000000,0.000000,0.000000,0.000000,0.000000,0.000000,0.000000,0.000000,0.000000,0.000000,0.000000,0.000000,0.000000,0.000000,0.000000,0.000000,0.000000,0.000000,0.000000,0.000000,0.000000,0.000000,0.000000,0.000000,0.000000,0.000000,0.000000,0.000000,0.000000,0.000000,0.000000,0.000000,0.000000,0.000000,0.000000,0.000000,0.000000,0.000000,0.000000,0.000000,0.000000,0.000000
0.004559,-2.566470,-2.332187,0.063583,-2.693020,-2.203800,0.102647,-2.690532,-2.203736,0.130673,-2.686131,-2.204530,-0.051715,-2.688670,-2.213299,-0.089627,-2.683094,-2.212492,-0.126821,-2.678701,-2.213341,0.184764,-2.612914,-1.325715,-0.163691,-2.607679,-1.334453,0.082792,-2.419905,-2.014748,-0.067362,-2.421504,-2.011936,0.514000,-1.776525,-0.708075,-0.438328,-1.814892,-1.010694,0.726894,-0.907605,-0.503561,-0.686082,-1.003013,-0.882156,0.831396,-0.003917,-1.333616,-0.889107,-0.148910,-1.837892,0.910458,0.251651,-1.554644,-0.974353,0.094455,-2.130483,0.822867,0.276926,-1.756042,-0.872405,0.121694,-2.369462,0.769480,0.176075,-1.456297,-0.823521,0.034269,-1.967909,0.323376,0.014091,-0.101710,-0.323376,-0.014091,0.101710,0.253505,1.473086,0.007204,-0.356432,1.452866,0.161273,0.211782,2.774736,1.564134,-0.382251,2.750029,1.223964,0.221745,2.983392,1.644226,-0.387724,2.958426,1.286724,0.094963,3.178838,0.384042,-0.305711,3.160728,-0.149456,0.460730,0.393209,0.000710,0.462225,0.389685,-0.004850,0.466024,0.385547,-0.010893,0.471180,0.379994,-0.016397,0.479441,0.375299,-0.021068,0.487920,0.375884,-0.022694,0.496611,0.373634,-0.022196,0.506206,0.376795,-0.018757,0.512795,0.381195,-0.014174,0.517916,0.384483,-0.008863,0.520363,0.387654,-0.003642,0.517164,0.390551,-0.008164,0.512596,0.393239,-0.013398,0.506082,0.397156,-0.017154,0.498238,0.400259,-0.019663,0.489784,0.401255,-0.019595,0.481617,0.401719,-0.018484,0.474076,0.400037,-0.014831,0.467958,0.397343,-0.010544,0.463781,0.395514,-0.004486,0.434856,0.289891,0.018687,0.436606,0.288208,0.015426,0.438827,0.286299,0.012935,0.442517,0.283718,0.010434,0.448266,0.281802,0.008344,0.453955,0.281684,0.007671,0.459883,0.282796,0.008559,0.464054,0.285575,0.009814,0.506785,0.283835,0.007610,0.508744,0.284736,0.007324,0.512316,0.285509,0.005575,0.518004,0.286821,0.004269,0.524043,0.287002,0.004187,0.530248,0.285597,0.005619,0.534337,0.283909,0.007711,0.537188,0.282377,0.009572,0.484491,0.273580,-0.009647,0.484448,0.284456,-0.015404,0.484412,0.294775,-0.021898,0.484347,0.304485,-0.029069,0.000000,0.000000,0.000000,0.000000,0.000000,0.000000,0.000000,0.000000,0.000000,0.000000,0.000000,0.000000,0.000000,0.000000,0.000000,0.000000,0.000000,0.000000,0.000000,0.000000,0.000000,0.000000,0.000000,0.000000,0.000000,0.000000,0.000000,0.000000,0.000000,0.000000,0.000000,0.000000,0.000000,0.000000,0.000000,0.000000,0.000000,0.000000,0.000000,0.000000,0.000000,0.000000,0.000000,0.000000,0.000000,0.000000,0.000000,0.000000,0.000000,0.000000,0.000000,0.000000,0.000000,0.000000,0.000000,0.000000,0.000000,0.000000,0.000000,0.000000,0.000000,0.000000,0.000000,0.000000,0.000000,0.000000,0.000000,0.000000,0.000000,0.000000,0.000000,0.000000,0.000000,0.000000,0.000000,0.000000,0.000000,0.000000,0.000000,0.000000,0.000000,0.000000,0.000000,0.000000,0.000000,0.000000,0.000000,0.000000,0.000000,0.000000,0.000000,0.000000,0.000000,0.000000,0.000000,0.000000,0.000000,0.000000,0.000000,0.000000,0.000000,0.000000,0.000000,0.000000,0.000000,0.000000,0.000000,0.000000,0.000000,0.000000,0.000000,0.000000,0.000000,0.000000,0.000000,0.000000,0.000000,0.000000,0.000000,0.000000,0.000000,0.000000,0.000000,0.000000,0.000000,0.000000
0.024664,-2.457119,-2.112782,0.082792,-2.575340,-1.990183,0.120184,-2.573948,-1.989771,0.145897,-2.568990,-1.990758,-0.031564,-2.568949,-1.991737,-0.069968,-2.559530,-1.991082,-0.107282,-2.550848,-1.991783,0.195856,-2.494550,-1.159759,-0.141373,-2.477117,-1.165740,0.099322,-2.317838,-1.810039,-0.049507,-2.310575,-1.794868,0.502115,-1.677405,-0.533135,-0.390752,-1.760102,-0.975796,0.693258,-0.846356,-0.275294,-0.616077,-0.944257,-0.886381,0.806581,-0.038560,-1.074252,-0.683911,-0.068114,-1.701892,0.900353,0.195713,-1.270753,-0.736708,0.176241,-1.933849,0.830330,0.231639,-1.475963,-0.636665,0.204593,-2.154980,0.773265,0.138053,-1.198322,-0.605199,0.112025,-1.807893,0.305835,0.018920,-0.045813,-0.305835,-0.018920,0.045813,0.240190,1.412752,0.195604,-0.329403,1.392379,0.191181,0.192202,2.658323,1.735545,-0.360905,2.659028,1.242637,0.202424,2.854275,1.817010,-0.386130,2.858182,1.304126,0.099290,3.041434,0.615003,-0.267673,3.055568,-0.102315,0.464635,0.388467,-0.000437,0.466084,0.384566,-0.006123,0.469920,0.380062,-0.012237,0.475199,0.374056,-0.017824,0.483745,0.368765,-0.022503,0.492637,0.368960,-0.024147,0.501633,0.366263,-0.023517,0.511618,0.369117,-0.019904,0.518522,0.373411,-0.015107,0.523847,0.376659,-0.009580,0.526394,0.380001,-0.004211,0.523215,0.383356,-0.008904,0.518666,0.386691,-0.014360,0.512100,0.391326,-0.018292,0.504045,0.395085,-0.020967,0.495192,0.396633,-0.021007,0.486537,0.397307,-0.019905,0.478596,0.395738,-0.016245,0.472181,0.392913,-0.011888,0.467835,0.390904,-0.005738,0.435159,0.285153,0.019286,0.437000,0.283358,0.015941,0.439345,0.281329,0.013362,0.443190,0.278600,0.010842,0.449157,0.276525,0.008728,0.455054,0.276254,0.008072,0.461218,0.277117,0.008980,0.465578,0.279678,0.010333,0.510350,0.276399,0.008612,0.512450,0.277288,0.008352,0.516229,0.278035,0.006528,0.522190,0.279246,0.005219,0.528507,0.279284,0.005198,0.534937,0.277712,0.006772,0.539128,0.275873,0.009038,0.542015,0.274226,0.011028,0.486867,0.265933,-0.009201,0.487065,0.277112,-0.015268,0.487250,0.287338,-0.022148,0.487398,0.296889,-0.029734,0.000000,0.000000,0.000000,0.000000,0.000000,0.000000,0.000000,0.000000,0.000000,0.000000,0.000000,0.000000,0.000000,0.000000,0.000000,0.000000,0.000000,0.000000,0.000000,0.000000,0.000000,0.000000,0.000000,0.000000,0.000000,0.000000,0.000000,0.000000,0.000000,0.000000,0.000000,0.000000,0.000000,0.000000,0.000000,0.000000,0.000000,0.000000,0.000000,0.000000,0.000000,0.000000,0.000000,0.000000,0.000000,0.000000,0.000000,0.000000,0.000000,0.000000,0.000000,0.000000,0.000000,0.000000,0.000000,0.000000,0.000000,0.000000,0.000000,0.000000,0.000000,0.000000,0.000000,0.000000,0.000000,0.000000,0.000000,0.000000,0.000000,0.000000,0.000000,0.000000,0.000000,0.000000,0.000000,0.000000,0.000000,0.000000,0.000000,0.000000,0.000000,0.000000,0.000000,0.000000,0.000000,0.000000,0.000000,0.000000,0.000000,0.000000,0.000000,0.000000,0.000000,0.000000,0.000000,0.000000,0.000000,0.000000,0.000000,0.000000,0.000000,0.000000,0.000000,0.000000,0.000000,0.000000,0.000000,0.000000,0.000000,0.000000,0.000000,0.000000,0.000000,0.000000,0.000000,0.000000,0.000000,0.000000,0.000000,0.000000,0.000000,0.000000,0.000000,0.000000,0.000000,0.000000
