-0.046735,-2.596398,-1.550867,0.014007,-2.724898,-1.445897,0.047960,-2.725921,-1.445658,0.088489,-2.726064,-1.446583,-0.117561,-2.709897,-1.428050,-0.159022,-2.698279,-1.426152,-0.196383,-2.686671,-1.426968,0.148860,-2.651637,-0.816826,-0.233651,-2.609390,-0.691856,0.041659,-2.453527,-1.322424,-0.122305,-2.429268,-1.286563,0.510571,-1.830119,-0.661840,-0.478097,-1.802322,-0.514316,0.776255,-0.911653,-0.616027,-0.697198,-0.897494,-0.355711,0.963055,-0.033104,-0.999487,-0.930676,0.007339,-1.006293,1.074161,0.209229,-1.166024,-1.043162,0.232496,-1.162774,0.966206,0.247166,-1.294801,-0.962269,0.228835,-1.419496,0.903084,0.158362,-1.082664,-0.895451,0.152210,-1.147989,0.322252,-0.004843,-0.186853,-0.322252,0.004843,0.186853,0.286768,1.428493,-0.065241,-0.313767,1.429887,0.305766,0.245371,2.641396,1.351494,-0.339047,2.648564,1.236444,0.262982,2.826594,1.421572,-0.353752,2.847237,1.297699,0.126735,3.057350,0.306043,-0.268452,3.068878,0.046396,0.469013,0.356045,-0.001967,0.470788,0.352141,-0.007524,0.475456,0.347735,-0.013853,0.481851,0.341784,-0.019720,0.491636,0.336634,-0.024488,0.501591,0.337068,-0.025984,0.511516,0.334109,-0.025157,0.522325,0.336707,-0.021185,0.529831,0.340898,-0.015958,0.535408,0.344148,-0.009926,0.537899,0.347535,-0.004520,0.534244,0.351558,-0.009792,0.529110,0.355445,-0.016275,0.521871,0.360280,-0.021032,0.513179,0.363958,-0.024815,0.503709,0.365580,-0.025274,0.494264,0.366106,-0.024032,0.485499,0.364558,-0.019681,0.478134,0.361498,-0.014569,0.472914,0.359102,-0.007565,0.441518,0.249636,0.020393,0.443704,0.247866,0.016938,0.446411,0.245701,0.014314,0.450592,0.242743,0.011896,0.456735,0.240463,0.009856,0.462673,0.239970,0.009292,0.469008,0.240561,0.010352,0.473521,0.242895,0.011760,0.520275,0.240069,0.010933,0.522340,0.240929,0.010703,0.526130,0.241844,0.008830,0.532177,0.243228,0.007472,0.538681,0.243440,0.007532,0.545498,0.242096,0.009246,0.550010,0.240474,0.011669,0.553193,0.239088,0.013836,0.496155,0.227920,-0.007713,0.496438,0.239639,-0.014478,0.496748,0.250547,-0.021963,0.496980,0.260740,-0.030172,0.000000,0.000000,0.000000,0.000000,0.000000,0.000000,0.000000,0.000000,0.000000,0.000000,0.000000,0.000000,0.000000,0.000000,0.000000,0.000000,0.000000,0.000000,0.000000,0.000000,0.000000,0.000000,0.000000,0.000000,0.000000,0.000000,0.000000,0.000000,0.000000,0.000000,0.000000,0.000000,0.000000,0.000000,0.000000,0.000000,0.000000,0.000000,0.000000,0.000000,0.000000,0.000000,0.000000,0.000000,0.000000,0.000000,0.000000,0.000000,0.000000,0.000000,0.000000,0.000000,0.000000,0.000000,0.000000,0.000000,0.000000,0.000000,0.000000,0.000000,0.000000,0.000000,0.000000,0.000000,0.000000,0.000000,0.000000,0.000000,0.000000,0.000000,0.000000,0.000000,0.000000,0.000000,0.000000,0.000000,0.000000,0.000000,0.000000,0.000000,0.000000,0.000000,0.000000,0.000000,0.000000,0.000000,0.000000,0.000000,0.000000,0.000000,0.000000,0.000000,0.000000,0.000000,0.000000,0.000000,0.000000,0.000000,0.000000,0.000000,0.000000,0.000000,0.000000,0.000000,0.000000,0.000000,0.000000,0.000000,0.000000,0.000000,0.000000,0.000000,0.000000,0.000000,0.000000,0.000000,0.000000,0.000000,0.000000,0.000000,0.000000,0.000000,0.000000,0.000000,0.000000,0.000000
-0.053287,-2.661269,-2.372803,0.009430,-2.789713,-2.234262,0.051955,-2.786964,-2.234719,0.086527,-2.781921,-2.235253,-0.115563,-2.785593,-2.222074,-0.157244,-2.776933,-2.221104,-0.190303,-2.765639,-2.222159,0.146735,-2.706282,-1.318090,-0.214107,-2.684645,-1.232637,0.038697,-2.511753,-2.030981,-0.129034,-2.505039,-2.006583,0.532535,-1.875540,-0.760084,-0.464159,-1.893749,-0.839200,0.790980,-0.960143,-0.659331,-0.697574,-1.005170,-1.306006,1.008953,-0.070302,-1.433192,-0.838166,-0.410282,-3.215353,1.124254,0.183207,-1.670051,-0.893393,-0.213800,-3.623637,1.029751,0.208307,-1.886979,-0.802606,-0.266248,-3.836952,0.956408,0.114269,-1.560979,-0.762663,-0.333111,-3.372602,0.338920,0.003474,-0.133754,-0.338920,-0.003474,0.133754,0.302276,1.502048,-0.175698,-0.360797,1.494392,-0.028534,0.285997,2.838590,1.290217,-0.357542,2.816374,0.951718,0.306246,3.055585,1.346500,-0.359146,3.033848,1.001809,0.155241,3.258385,-0.060485,-0.274733,3.241915,-0.527021,0.475152,0.347779,-0.001085,0.476870,0.343807,-0.006684,0.481331,0.339366,-0.013115,0.487365,0.333514,-0.019035,0.496877,0.328515,-0.023831,0.506625,0.328988,-0.025338,0.516513,0.326144,-0.024610,0.527424,0.328785,-0.020711,0.534993,0.332951,-0.015476,0.540768,0.336160,-0.009482,0.543477,0.339570,-0.004081,0.539757,0.343495,-0.009209,0.534532,0.347291,-0.015577,0.527154,0.352123,-0.020275,0.518328,0.355879,-0.023999,0.508710,0.357468,-0.024430,0.499431,0.357990,-0.023139,0.490878,0.356374,-0.018671,0.483785,0.353274,-0.013565,0.478813,0.350828,-0.006660,0.449353,0.240814,0.020064,0.451349,0.238989,0.016728,0.453835,0.236786,0.014177,0.457806,0.233787,0.011796,0.463824,0.231448,0.009778,0.469728,0.231024,0.009238,0.476037,0.231916,0.010302,0.480519,0.234618,0.011632,0.525813,0.232062,0.010537,0.527832,0.232905,0.010300,0.531579,0.233655,0.008450,0.537546,0.234904,0.007095,0.543928,0.235060,0.007091,0.550587,0.233729,0.008736,0.555009,0.232148,0.011042,0.558166,0.230736,0.013142,0.502089,0.220810,-0.007944,0.502102,0.232275,-0.014598,0.502163,0.243099,-0.021933,0.502145,0.253182,-0.030017,0.000000,0.000000,0.000000,0.000000,0.000000,0.000000,0.000000,0.000000,0.000000,0.000000,0.000000,0.000000,0.000000,0.000000,0.000000,0.000000,0.000000,0.000000,0.000000,0.000000,0.000000,0.000000,0.000000,0.000000,0.000000,0.000000,0.000000,0.000000,0.000000,0.000000,0.000000,0.000000,0.000000,0.000000,0.000000,0.000000,0.000000,0.000000,0.000000,0.000000,0.000000,0.000000,0.000000,0.000000,0.000000,0.000000,0.000000,0.000000,0.000000,0.000000,0.000000,0.000000,0.000000,0.000000,0.000000,0.000000,0.000000,0.000000,0.000000,0.000000,0.000000,0.000000,0.000000,0.000000,0.000000,0.000000,0.000000,0.000000,0.000000,0.000000,0.000000,0.000000,0.000000,0.000000,0.000000,0.000000,0.000000,0.000000,0.000000,0.000000,0.000000,0.000000,0.000000,0.000000,0.000000,0.000000,0.000000,0.000000,0.000000,0.000000,0.000000,0.000000,0.000000,0.000000,0.000000,0.000000,0.000000,0.000000,0.000000,0.000000,0.000000,0.000000,0.000000,0.000000,0.000000,0.000000,0.000000,0.000000,0.000000,0.000000,0.000000,0.000000,0.000000,0.000000,0.000000,0.000000,0.000000,0.000000,0.000000,0.000000,0.000000,0.000000,0.000000,0.000000,0.000000,0.000000
-0.061450,-2.618934,-2.447134,0.001103,-2.739389,-2.308794,0.044173,-2.736768,-2.309350,0.074840,-2.731788,-2.310044,-0.115684,-2.735688,-2.311560,-0.153259,-2.727744,-2.310554,-0.189825,-2.716989,-2.311615,0.134034,-2.654163,-1.388871,-0.217566,-2.635991,-1.358878,0.031127,-2.472136,-2.103510,-0.132661,-2.467284,-2.094652,0.495470,-1.844509,-0.764732,-0.475297,-1.881514,-1.001809,0.731307,-0.977077,-0.556598,-0.686311,-1.024254,-1.071374,0.980957,-0.096516,-1.306748,-0.671560,-0.173415,-2.147755,1.108952,0.146166,-1.537564,-0.707917,0.073764,-2.446054,1.022250,0.175849,-1.749691,-0.600500,0.073076,-2.690200,0.946046,0.085522,-1.435374,-0.576832,-0.016255,-2.286308,0.331678,-0.004986,-0.132950,-0.331678,0.004986,0.132950,0.325506,1.461752,0.197220,-0.299247,1.480717,0.378855,0.337082,2.752321,1.856906,-0.259813,2.753829,1.616120,0.359758,2.962381,1.941249,-0.265261,2.958493,1.702948,0.226296,3.165736,0.607238,-0.152062,3.174723,0.251515,0.484050,0.354548,0.000898,0.485860,0.351152,-0.004797,0.490388,0.347458,-0.011307,0.496464,0.342404,-0.017303,0.505863,0.338264,-0.022188,0.515400,0.339194,-0.023700,0.525161,0.336787,-0.023101,0.535842,0.339603,-0.019239,0.543245,0.343586,-0.014072,0.548949,0.346526,-0.008086,0.551583,0.349582,-0.002610,0.547783,0.353318,-0.007568,0.542507,0.356843,-0.013823,0.535132,0.361309,-0.018450,0.526422,0.364663,-0.022036,0.517013,0.365803,-0.022370,0.507989,0.365990,-0.021021,0.499662,0.363996,-0.016571,0.492685,0.360562,-0.011480,0.487727,0.357817,-0.004534,0.460131,0.247347,0.018872,0.462077,0.245517,0.015517,0.464507,0.243310,0.012918,0.468482,0.240357,0.010489,0.474557,0.238221,0.008414,0.480502,0.238082,0.007819,0.486740,0.239447,0.008813,0.491178,0.242574,0.010172,0.536220,0.241475,0.008702,0.538190,0.242416,0.008474,0.541910,0.243306,0.006678,0.547857,0.244766,0.005323,0.554210,0.245076,0.005298,0.560858,0.243845,0.006879,0.565284,0.242249,0.009130,0.568424,0.240742,0.011137,0.512820,0.229727,-0.009549,0.512708,0.241727,-0.015784,0.512628,0.252963,-0.022767,0.512471,0.263429,-0.030396,0.000000,0.000000,0.000000,0.000000,0.000000,0.000000,0.000000,0.000000,0.000000,0.000000,0.000000,0.000000,0.000000,0.000000,0.000000,0.000000,0.000000,0.000000,0.000000,0.000000,0.000000,0.000000,0.000000,0.000000,0.000000,0.000000,0.000000,0.000000,0.000000,0.000000,0.000000,0.000000,0.000000,0.000000,0.000000,0.000000,0.000000,0.000000,0.000000,0.000000,0.000000,0.000000,0.000000,0.000000,0.000000,0.000000,0.000000,0.000000,0.000000,0.000000,0.000000,0.000000,0.000000,0.000000,0.000000,0.000000,0.000000,0.000000,0.000000,0.000000,0.000000,0.000000,0.000000,0.000000,0.000000,0.000000,0.000000,0.000000,0.000000,0.000000,0.000000,0.000000,0.000000,0.000000,0.000000,0.000000,0.000000,0.000000,0.000000,0.000000,0.000000,0.000000,0.000000,0.000000,0.000000,0.000000,0.000000,0.000000,0.000000,0.000000,0.000000,0.000000,0.000000,0.000000,0.000000,0.000000,0.000000,0.000000,0.000000,0.000000,0.000000,0.000000,0.000000,0.000000,0.000000,0.000000,0.000000,0.000000,0.000000,0.000000,0.000000,0.000000,0.000000,0.000000,0.000000,0.000000,0.000000,0.000000,0.000000,0.000000,0.000000,0.000000,0.000000,0.000000,0.000000,0.000000
-0.024546,-2.655699,-2.399439,0.030051,-2.776715,-2.259203,0.070423,-2.773942,-2.259965,0.098977,-2.768533,-2.260878,-0.083327,-2.768343,-2.273685,-0.119361,-2.758101,-2.272533,-0.155868,-2.748885,-2.273635,0.153966,-2.689440,-1.308493,-0.194367,-2.673116,-1.328684,0.063280,-2.506108,-2.034693,-0.096127,-2.500758,-2.045377,0.516452,-1.881128,-0.684993,-0.465216,-1.910730,-0.872987,0.749391,-1.018255,-0.543831,-0.684499,-1.048686,-1.269017,0.963547,-0.148968,-1.348481,-0.739020,-0.410224,-3.038021,1.073864,0.102515,-1.587876,-0.785899,-0.202130,-3.430586,0.989211,0.115624,-1.810309,-0.696401,-0.243076,-3.643876,0.919523,0.022618,-1.478246,-0.663541,-0.346644,-3.187917,0.335814,-0.007081,-0.123314,-0.335814,0.007081,0.123314,0.338668,1.465646,0.019529,-0.306481,1.481015,0.127676,0.350886,2.787498,1.490629,-0.273115,2.790288,1.120495,0.369381,3.005829,1.550339,-0.274141,3.011239,1.172739,0.236955,3.209339,0.177119,-0.181110,3.195079,-0.285315,0.485851,0.358582,0.001182,0.487681,0.355182,-0.004411,0.492212,0.351488,-0.010898,0.498252,0.346513,-0.016906,0.507564,0.342484,-0.021735,0.516944,0.343444,-0.023244,0.526598,0.341162,-0.022729,0.537209,0.344007,-0.018975,0.544571,0.348012,-0.013846,0.550268,0.350954,-0.007954,0.552901,0.354052,-0.002618,0.549022,0.357741,-0.007419,0.543691,0.361204,-0.013608,0.536306,0.365519,-0.018209,0.527631,0.368715,-0.021850,0.518305,0.369782,-0.022180,0.509397,0.369883,-0.020792,0.501195,0.367923,-0.016198,0.494348,0.364567,-0.011085,0.489462,0.361831,-0.004180,0.464014,0.255216,0.018926,0.465939,0.253589,0.015671,0.468324,0.251601,0.013165,0.472208,0.248956,0.010795,0.478068,0.247017,0.008786,0.483766,0.246873,0.008162,0.489764,0.247930,0.009147,0.493984,0.250640,0.010421,0.537531,0.249655,0.008640,0.539409,0.250517,0.008392,0.542963,0.251363,0.006627,0.548677,0.252773,0.005280,0.554817,0.253103,0.005233,0.561260,0.252021,0.006730,0.565559,0.250601,0.008861,0.568634,0.249253,0.010789,0.514873,0.238282,-0.009090,0.514672,0.249399,-0.015225,0.514522,0.259978,-0.022031,0.514297,0.269845,-0.029512,0.000000,0.000000,0.000000,0.000000,0.000000,0.000000,0.000000,0.000000,0.000000,0.000000,0.000000,0.000000,0.000000,0.000000,0.000000,0.000000,0.000000,0.000000,0.000000,0.000000,0.000000,0.000000,0.000000,0.000000,0.000000,0.000000,0.000000,0.000000,0.000000,0.000000,0.000000,0.000000,0.000000,0.000000,0.000000,0.000000,0.000000,0.000000,0.000000,0.000000,0.000000,0.000000,0.000000,0.000000,0.000000,0.000000,0.000000,0.000000,0.000000,0.000000,0.000000,0.000000,0.000000,0.000000,0.000000,0.000000,0.000000,0.000000,0.000000,0.000000,0.000000,0.000000,0.000000,0.000000,0.000000,0.000000,0.000000,0.000000,0.000000,0.000000,0.000000,0.000000,0.000000,0.000000,0.000000,0.000000,0.000000,0.000000,0.000000,0.000000,0.000000,0.000000,0.000000,0.000000,0.000000,0.000000,0.000000,0.000000,0.000000,0.000000,0.000000,0.000000,0.000000,0.000000,0.000000,0.000000,0.000000,0.000000,0.000000,0.000000,0.000000,0.000000,0.000000,0.000000,0.000000,0.000000,0.000000,0.000000,0.000000,0.000000,0.000000,0.000000,0.000000,0.000000,0.000000,0.000000,0.000000,0.000000,0.000000,0.000000,0.000000,0.000000,0.000000,0.000000,0.000000,0.000000
-0.025658,-2.398197,-2.357619,0.030533,-2.541477,-2.202527,0.071253,-2.541677,-2.202713,0.102256,-2.542022,-2.201018,-0.086002,-2.535470,-2.214464,-0.123238,-2.534264,-2.214288,-0.160428,-2.529592,-2.215531,0.158663,-2.483136,-1.102394,-0.200729,-2.464337,-1.140804,0.059691,-2.265203,-1.943326,-0.088325,-2.255823,-1.958016,0.494413,-1.743709,-0.311356,-0.466980,-1.739218,-0.586428,0.934866,-0.782128,-1.534535,-0.789658,-0.780100,-1.754070,0.420321,-1.259367,-3.764338,-0.475150,-1.084984,-4.066028,0.283051,-1.372936,-4.209038,-0.343945,-1.160214,-4.509049,0.234642,-1.478928,-4.025829,-0.319184,-1.289242,-4.448550,0.241854,-1.456756,-3.735151,-0.328684,-1.267275,-4.083362,0.325390,0.005670,0.054032,-0.325390,-0.005670,-0.054032,0.279652,1.410221,0.078369,-0.325652,1.333211,-0.277907,0.261027,2.666525,1.238766,-0.319117,2.627805,0.545283,0.272436,2.829557,1.273147,-0.343289,2.807837,0.577916,0.165825,3.067690,-0.108212,-0.232948,3.019970,-0.905479,0.480874,0.361634,0.001375,0.482458,0.358154,-0.004129,0.486612,0.354243,-0.010600,0.492211,0.349074,-0.016608,0.501120,0.344672,-0.021564,0.510288,0.345164,-0.023311,0.519867,0.342588,-0.023039,0.530604,0.344925,-0.019666,0.538141,0.348539,-0.014843,0.543964,0.351207,-0.009241,0.546676,0.354167,-0.004145,0.542818,0.358025,-0.008751,0.537480,0.361790,-0.014664,0.530138,0.366452,-0.019037,0.521520,0.369949,-0.022344,0.512269,0.371425,-0.022392,0.503567,0.371836,-0.020789,0.495577,0.370230,-0.016103,0.489024,0.367200,-0.010968,0.484363,0.364690,-0.004048,0.457458,0.262148,0.020456,0.459267,0.260497,0.017168,0.461558,0.258495,0.014646,0.465320,0.255792,0.012244,0.471025,0.253682,0.010119,0.476625,0.253321,0.009353,0.482520,0.254005,0.010191,0.486677,0.256350,0.011356,0.529653,0.253707,0.008410,0.531551,0.254519,0.008110,0.535091,0.255256,0.006275,0.540785,0.256454,0.004827,0.546910,0.256608,0.004617,0.553315,0.255358,0.005998,0.557606,0.253865,0.008029,0.560683,0.252447,0.009915,0.506505,0.242895,-0.008318,0.506313,0.253875,-0.014520,0.506144,0.264135,-0.021355,0.505913,0.273711,-0.028845,0.360945,0.815535,0.000000,0.408443,0.821376,-0.004479,0.442771,0.809330,-0.020346,0.466664,0.800249,-0.038667,0.473088,0.796491,-0.057470,0.440486,0.711598,-0.030106,0.474649,0.674267,-0.053616,0.501451,0.646810,-0.069782,0.520019,0.619745,-0.081230,0.418941,0.711048,-0.042751,0.472350,0.750802,-0.070171,0.462572,0.792186,-0.074124,0.446177,0.796698,-0.072885,0.398280,0.732915,-0.055133,0.449275,0.777724,-0.078841,0.439549,0.809268,-0.068086,0.424097,0.806852,-0.056985,0.381644,0.764247,-0.068194,0.423521,0.799780,-0.080440,0.418068,0.821150,-0.068142,0.404845,0.818379,-0.057300,0.676447,0.768774,-0.000000,0.623317,0.769111,0.001323,0.581626,0.750229,-0.009374,0.555918,0.737464,-0.023440,0.546622,0.728695,-0.038499,0.591640,0.651805,-0.017163,0.559602,0.601816,-0.036295,0.537375,0.571692,-0.047773,0.520440,0.541177,-0.057152,0.614361,0.650188,-0.031467,0.555517,0.677066,-0.052874,0.569520,0.717763,-0.049841,0.589766,0.717801,-0.045246,0.633537,0.668898,-0.046626,0.577287,0.705408,-0.066103,0.590317,0.734903,-0.050277,0.609044,0.728124,-0.037152,0.648902,0.697560,-0.062445,0.601332,0.721679,-0.077783,0.607800,0.746425,-0.068043,0.624294,0.748800,-0.058507
-0.032838,-2.392652,-2.077998,0.019857,-2.535931,-1.925555,0.059982,-2.539093,-1.925909,0.095555,-2.540834,-1.924351,-0.093971,-2.526840,-1.927905,-0.131665,-2.523536,-1.927803,-0.168528,-2.519042,-1.929383,0.151442,-2.492940,-0.885996,-0.205332,-2.463416,-0.874332,0.053228,-2.270628,-1.686850,-0.091606,-2.252042,-1.687144,0.515945,-1.778219,-0.197653,-0.464459,-1.738989,-0.390594,0.950340,-0.756637,-1.534939,-0.859159,-0.765633,-1.694799,0.378344,-1.300683,-3.635824,-0.461991,-1.184644,-3.929285,0.238896,-1.444986,-4.037704,-0.308092,-1.262140,-4.345824,0.203428,-1.546528,-3.794250,-0.277584,-1.386760,-4.214419,0.207459,-1.507654,-3.579538,-0.292514,-1.365169,-3.919736,0.340083,0.008803,0.044775,-0.340083,-0.008803,-0.044775,0.291552,1.424914,0.066594,-0.335376,1.348283,-0.218861,0.263314,2.670451,1.191405,-0.332407,2.627934,0.530264,0.281017,2.834234,1.218245,-0.358054,2.806602,0.556416,0.157133,3.075612,-0.154557,-0.246831,3.028213,-0.895840,0.479153,0.363156,0.001191,0.480646,0.359837,-0.004160,0.484631,0.355928,-0.010430,0.489996,0.350724,-0.016255,0.498557,0.346233,-0.021113,0.507455,0.346525,-0.022869,0.516710,0.343810,-0.022630,0.527117,0.345899,-0.019437,0.534445,0.349351,-0.014848,0.540125,0.351877,-0.009506,0.542777,0.354641,-0.004611,0.539033,0.358156,-0.009146,0.533838,0.361565,-0.014910,0.526726,0.365894,-0.019136,0.518432,0.369264,-0.022247,0.509588,0.370782,-0.022236,0.501279,0.371448,-0.020657,0.493553,0.370267,-0.016090,0.487150,0.367759,-0.011048,0.482583,0.365749,-0.004243,0.455298,0.265997,0.020571,0.457019,0.264346,0.017371,0.459197,0.262329,0.014876,0.462775,0.259589,0.012505,0.468301,0.257405,0.010398,0.473765,0.256907,0.009624,0.479562,0.257442,0.010413,0.483688,0.259668,0.011529,0.525596,0.256117,0.008285,0.527459,0.256844,0.007995,0.530916,0.257464,0.006174,0.536493,0.258509,0.004711,0.542456,0.258510,0.004457,0.548689,0.257146,0.005777,0.552853,0.255604,0.007728,0.555826,0.254203,0.009562,0.502853,0.246194,-0.007919,0.502764,0.256790,-0.014008,0.502681,0.266858,-0.020719,0.502527,0.276331,-0.028079,0.364018,0.787679,0.000000,0.418214,0.788420,0.000358,0.454965,0.773627,-0.011797,0.483406,0.762717,-0.028079,0.487657,0.754182,-0.044498,0.451200,0.676234,-0.015808,0.484890,0.642650,-0.033920,0.510282,0.615443,-0.046750,0.526842,0.590637,-0.056513,0.431140,0.674790,-0.029946,0.488395,0.711644,-0.055039,0.477967,0.750590,-0.060234,0.457837,0.755710,-0.059870,0.414741,0.693122,-0.043877,0.468730,0.734372,-0.065269,0.459080,0.765115,-0.057722,0.441459,0.765904,-0.049142,0.402149,0.721828,-0.058402,0.444266,0.754153,-0.070273,0.441240,0.776701,-0.062073,0.428630,0.779095,-0.054038,0.676458,0.749808,-0.000000,0.609291,0.753145,-0.003172,0.568291,0.728538,-0.011846,0.543650,0.709270,-0.023544,0.533792,0.693319,-0.035019,0.582701,0.626549,-0.006420,0.551065,0.581380,-0.022398,0.529460,0.553675,-0.031998,0.513068,0.526294,-0.039818,0.602066,0.625353,-0.016790,0.542082,0.643815,-0.039691,0.552483,0.685156,-0.040308,0.573728,0.690173,-0.036532,0.616679,0.641641,-0.028952,0.561430,0.674050,-0.049709,0.572592,0.706498,-0.038176,0.591282,0.704120,-0.026412,0.627122,0.669706,-0.042308,0.582469,0.692912,-0.055184,0.589354,0.716180,-0.046742,0.605218,0.717802,-0.037792
-0.016022,-2.309707,-2.055495,0.031811,-2.444403,-1.917314,0.070605,-2.448232,-1.917648,0.101005,-2.451010,-1.916383,-0.077869,-2.437547,-1.950273,-0.115619,-2.434740,-1.950086,-0.152349,-2.431123,-1.951278,0.150630,-2.405629,-0.929409,-0.193535,-2.381445,-1.053562,0.059983,-2.188064,-1.685961,-0.076488,-2.168382,-1.726022,0.485885,-1.712553,-0.228305,-0.467626,-1.686967,-0.525313,0.847745,-0.722738,-1.196188,-0.800690,-0.721139,-1.510549,0.375261,-1.038404,-3.364522,-0.414392,-1.011425,-3.647389,0.257329,-1.160715,-3.786772,-0.281066,-1.110148,-4.047831,0.231364,-1.274705,-3.619987,-0.266555,-1.256208,-3.964617,0.236033,-1.258081,-3.355991,-0.276842,-1.232410,-3.656511,0.326321,0.000997,0.040862,-0.326321,-0.000997,-0.040862,0.287542,1.349252,0.124885,-0.316173,1.293015,-0.186799,0.271036,2.536519,1.212110,-0.298183,2.494400,0.533483,0.285411,2.694794,1.244649,-0.322575,2.663129,0.563839,0.183826,2.925305,0.039510,-0.197631,2.871978,-0.753978,0.479095,0.365770,0.000441,0.480868,0.362346,-0.004888,0.485172,0.358614,-0.010970,0.490886,0.353610,-0.016552,0.499821,0.349363,-0.021060,0.508927,0.349939,-0.022373,0.518078,0.347311,-0.021694,0.528086,0.349520,-0.017933,0.534967,0.353067,-0.012917,0.540261,0.355723,-0.007191,0.542768,0.358656,-0.002021,0.539309,0.362337,-0.006697,0.534496,0.365912,-0.012654,0.527701,0.370471,-0.017072,0.519572,0.373981,-0.020606,0.510688,0.375382,-0.021053,0.502039,0.375829,-0.019884,0.494037,0.374185,-0.015756,0.487338,0.371133,-0.011014,0.482597,0.368697,-0.004596,0.454997,0.266482,0.017090,0.456804,0.264781,0.013989,0.459073,0.262704,0.011600,0.462742,0.259869,0.009371,0.468377,0.257687,0.007511,0.473922,0.257319,0.007035,0.479802,0.258291,0.008051,0.483996,0.260952,0.009350,0.525893,0.258714,0.008569,0.527731,0.259508,0.008370,0.531205,0.260233,0.006720,0.536779,0.261412,0.005518,0.542677,0.261529,0.005551,0.548797,0.260263,0.007090,0.552854,0.258765,0.009233,0.555736,0.257410,0.011144,0.504282,0.248429,-0.008839,0.504458,0.259334,-0.014738,0.504658,0.269618,-0.021299,0.504789,0.279203,-0.028504,0.353717,0.851246,0.000000,0.403489,0.846370,-0.002590,0.440623,0.828709,-0.010378,0.465975,0.822508,-0.021236,0.478873,0.816001,-0.032125,0.442478,0.745236,-0.012253,0.477153,0.705275,-0.026745,0.501004,0.680013,-0.037658,0.519550,0.658615,-0.045864,0.428364,0.748329,-0.021645,0.469543,0.754050,-0.040602,0.476926,0.773787,-0.049258,0.477013,0.780817,-0.053327,0.413398,0.765206,-0.031075,0.454811,0.791990,-0.047363,0.453395,0.820915,-0.044162,0.443321,0.833390,-0.039253,0.398132,0.789155,-0.041257,0.430221,0.813839,-0.049264,0.432122,0.834803,-0.043252,0.425764,0.844510,-0.037108,0.672619,0.859137,0.000000,0.621636,0.835003,-0.001228,0.587853,0.801790,-0.009357,0.565114,0.777052,-0.021700,0.558208,0.767678,-0.034042,0.606727,0.725277,-0.006546,0.579122,0.676055,-0.023077,0.560747,0.644850,-0.035571,0.546233,0.619228,-0.044586,0.623622,0.725732,-0.018940,0.590412,0.678119,-0.038665,0.567795,0.659786,-0.050601,0.552986,0.644637,-0.057834,0.637610,0.740475,-0.031777,0.593065,0.721601,-0.051339,0.587555,0.757744,-0.046544,0.594613,0.781444,-0.038624,0.648027,0.764791,-0.045231,0.609100,0.754133,-0.056327,0.602747,0.779551,-0.049081,0.608674,0.798505,-0.041012
-0.114677,-2.581807,-2.565418,-0.058336,-2.714573,-2.413093,-0.017595,-2.715947,-2.413966,0.023479,-2.715097,-2.413803,-0.169059,-2.705896,-2.410600,-0.205179,-2.700835,-2.410848,-0.234196,-2.694308,-2.412473,0.081169,-2.649156,-1.385704,-0.267169,-2.620113,-1.351193,-0.022884,-2.432903,-2.173429,-0.171441,-2.430839,-2.165863,0.473846,-1.841280,-0.702698,-0.525331,-1.816917,-0.734112,0.696351,-0.986915,-0.833121,-0.705634,-0.941410,-1.143877,0.530825,-0.314850,-2.030747,-0.489282,-0.683848,-3.082331,0.508053,-0.072925,-2.363102,-0.435971,-0.493030,-3.528433,0.413131,-0.168218,-2.522641,-0.377434,-0.646401,-3.641400,0.396993,-0.261614,-2.131491,-0.422442,-0.816570,-3.185601,0.311706,-0.002943,-0.113236,-0.311706,0.002943,0.113236,0.271067,1.382904,-0.461399,-0.338411,1.324416,-0.453359,0.289495,2.700711,0.591952,-0.312637,2.668029,0.067100,0.300965,2.899663,0.613432,-0.303898,2.881667,0.050037,0.193291,3.103337,-0.784152,-0.251194,3.042592,-1.343244,0.477133,0.367363,0.000752,0.478729,0.363843,-0.004713,0.482791,0.359891,-0.010891,0.488256,0.354641,-0.016568,0.497018,0.350131,-0.021241,0.506105,0.350479,-0.022733,0.515328,0.347729,-0.022184,0.525535,0.349853,-0.018548,0.532596,0.353402,-0.013653,0.538021,0.356065,-0.008029,0.540589,0.359036,-0.002824,0.537155,0.362664,-0.007496,0.532311,0.366252,-0.013321,0.525461,0.370892,-0.017606,0.517273,0.374533,-0.020874,0.508344,0.376094,-0.021118,0.499746,0.376715,-0.019854,0.491792,0.375230,-0.015680,0.485186,0.372363,-0.010925,0.480559,0.370101,-0.004458,0.450979,0.266973,0.018159,0.452767,0.265317,0.014954,0.455037,0.263267,0.012488,0.458720,0.260441,0.010153,0.464402,0.258177,0.008188,0.470004,0.257657,0.007608,0.475931,0.258330,0.008610,0.480153,0.260726,0.009905,0.523009,0.257440,0.008398,0.524887,0.258170,0.008170,0.528417,0.258802,0.006439,0.534077,0.259894,0.005139,0.540088,0.259928,0.005096,0.546340,0.258588,0.006604,0.550495,0.257056,0.008718,0.553464,0.255673,0.010631,0.500481,0.247889,-0.009110,0.500651,0.258867,-0.015124,0.500841,0.269315,-0.021796,0.500951,0.279093,-0.029108,0.000000,0.000000,0.000000,0.000000,0.000000,0.000000,0.000000,0.000000,0.000000,0.000000,0.000000,0.000000,0.000000,0.000000,0.000000,0.000000,0.000000,0.000000,0.000000,0.000000,0.000000,0.000000,0.000000,0.000000,0.000000,0.000000,0.000000,0.000000,0.000000,0.000000,0.000000,0.000000,0.000000,0.000000,0.000000,0.000000,0.000000,0.000000,0.000000,0.000000,0.000000,0.000000,0.000000,0.000000,0.000000,0.000000,0.000000,0.000000,0.000000,0.000000,0.000000,0.000000,0.000000,0.000000,0.000000,0.000000,0.000000,0.000000,0.000000,0.000000,0.000000,0.000000,0.000000,0.000000,0.000000,0.000000,0.000000,0.000000,0.000000,0.000000,0.000000,0.000000,0.000000,0.000000,0.000000,0.000000,0.000000,0.000000,0.000000,0.000000,0.000000,0.000000,0.000000,0.000000,0.000000,0.000000,0.000000,0.000000,0.000000,0.000000,0.000000,0.000000,0.000000,0.000000,0.000000,0.000000,0.000000,0.000000,0.000000,0.000000,0.000000,0.000000,0.000000,0.000000,0.000000,0.000000,0.000000,0.000000,0.000000,0.000000,0.000000,0.000000,0.000000,0.000000,0.000000,0.000000,0.000000,0.000000,0.000000,0.000000,0.000000,0.000000,0.000000,0.000000,0.000000,0.000000
-0.124901,-2.638456,-2.660241,-0.067140,-2.775199,-2.507003,-0.025610,-2.776744,-2.508056,0.016921,-2.776440,-2.508147,-0.182742,-2.766281,-2.501969,-0.219446,-2.761229,-2.501892,-0.245152,-2.755213,-2.503446,0.074955,-2.711179,-1.467830,-0.272202,-2.681118,-1.419736,-0.029959,-2.485687,-2.266278,-0.182648,-2.484827,-2.253828,0.470892,-1.896790,-0.784881,-0.526851,-1.840587,-0.748447,0.704252,-1.024869,-0.782609,-0.719246,-0.952339,-0.975499,0.610675,-0.208297,-1.957326,-0.662518,-0.473538,-2.771369,0.623977,0.047603,-2.292480,-0.652396,-0.270025,-3.212416,0.527903,-0.010331,-2.479362,-0.601806,-0.378211,-3.417368,0.495334,-0.107424,-2.075351,-0.590419,-0.455216,-2.913674,0.322305,-0.000431,-0.155630,-0.322305,0.000431,0.155630,0.271256,1.485006,-0.443044,-0.370416,1.429508,-0.478921,0.252852,2.853406,0.741925,-0.372162,2.815622,0.214418,0.266524,3.063883,0.766563,-0.368639,3.040732,0.232489,0.126678,3.263389,-0.752253,-0.302929,3.206483,-1.403480,0.473846,0.371362,0.002143,0.475435,0.367866,-0.003551,0.479533,0.364005,-0.009934,0.485091,0.358827,-0.015824,0.494010,0.354378,-0.020640,0.503250,0.354820,-0.022148,0.512613,0.352021,-0.021650,0.522969,0.354189,-0.017932,0.530101,0.357713,-0.012913,0.535543,0.360358,-0.007115,0.538135,0.363322,-0.001693,0.534689,0.367228,-0.006238,0.529840,0.371061,-0.011989,0.522972,0.375946,-0.016244,0.514703,0.379761,-0.019484,0.505630,0.381368,-0.019681,0.496869,0.381909,-0.018396,0.488795,0.380221,-0.014190,0.482088,0.377022,-0.009435,0.477372,0.374434,-0.002963,0.447218,0.269474,0.017561,0.449032,0.267825,0.014260,0.451337,0.265772,0.011732,0.455085,0.262948,0.009299,0.460867,0.260712,0.007226,0.466580,0.260240,0.006588,0.472604,0.261019,0.007582,0.476919,0.263531,0.008928,0.520423,0.260102,0.007178,0.522302,0.260838,0.006956,0.525852,0.261482,0.005242,0.531603,0.262586,0.003931,0.537714,0.262566,0.003896,0.544085,0.261066,0.005369,0.548314,0.259335,0.007482,0.551327,0.257774,0.009382,0.497551,0.250574,-0.010493,0.497792,0.262000,-0.016231,0.498047,0.272836,-0.022736,0.498211,0.282976,-0.029846,0.000000,0.000000,0.000000,0.000000,0.000000,0.000000,0.000000,0.000000,0.000000,0.000000,0.000000,0.000000,0.000000,0.000000,0.000000,0.000000,0.000000,0.000000,0.000000,0.000000,0.000000,0.000000,0.000000,0.000000,0.000000,0.000000,0.000000,0.000000,0.000000,0.000000,0.000000,0.000000,0.000000,0.000000,0.000000,0.000000,0.000000,0.000000,0.000000,0.000000,0.000000,0.000000,0.000000,0.000000,0.000000,0.000000,0.000000,0.000000,0.000000,0.000000,0.000000,0.000000,0.000000,0.000000,0.000000,0.000000,0.000000,0.000000,0.000000,0.000000,0.000000,0.000000,0.000000,0.000000,0.000000,0.000000,0.000000,0.000000,0.000000,0.000000,0.000000,0.000000,0.000000,0.000000,0.000000,0.000000,0.000000,0.000000,0.000000,0.000000,0.000000,0.000000,0.000000,0.000000,0.000000,0.000000,0.000000,0.000000,0.000000,0.000000,0.000000,0.000000,0.000000,0.000000,0.000000,0.000000,0.000000,0.000000,0.000000,0.000000,0.000000,0.000000,0.000000,0.000000,0.000000,0.000000,0.000000,0.000000,0.000000,0.000000,0.000000,0.000000,0.000000,0.000000,0.000000,0.000000,0.000000,0.000000,0.000000,0.000000,0.000000,0.000000,0.000000,0.000000,0.000000,0.000000
-0.127498,-2.674385,-2.586150,-0.069387,-2.806075,-2.429326,-0.027725,-2.808261,-2.430377,0.014218,-2.808335,-2.430595,-0.185767,-2.792436,-2.430122,-0.222716,-2.786116,-2.429784,-0.248385,-2.779109,-2.431299,0.070926,-2.740752,-1.391085,-0.275470,-2.706758,-1.367562,-0.032184,-2.521995,-2.197241,-0.187511,-2.517330,-2.190527,0.468662,-1.926740,-0.691710,-0.526425,-1.853108,-0.757867,0.709348,-1.047323,-0.722635,-0.706776,-0.961714,-1.051467,0.644004,-0.201253,-1.845169,-0.633800,-0.486442,-2.902460,0.653909,0.064479,-2.173129,-0.619740,-0.287814,-3.341008,0.545569,0.011961,-2.357263,-0.550613,-0.391093,-3.532409,0.515054,-0.087002,-1.961986,-0.536860,-0.522020,-3.037968,0.326032,-0.006713,-0.147359,-0.326032,0.006713,0.147359,0.279464,1.490380,-0.347348,-0.368219,1.455835,-0.325259,0.265244,2.850586,0.870462,-0.359794,2.823154,0.428082,0.280283,3.061033,0.899819,-0.354155,3.042460,0.450137,0.142122,3.263034,-0.594891,-0.287191,3.225549,-1.101023,0.474170,0.366030,0.000480,0.475868,0.362551,-0.004966,0.480124,0.358760,-0.011157,0.485844,0.353691,-0.016845,0.494879,0.349373,-0.021436,0.504135,0.349914,-0.022808,0.513476,0.347229,-0.022139,0.523686,0.349404,-0.018377,0.530727,0.352973,-0.013313,0.536116,0.355661,-0.007510,0.538685,0.358656,-0.002269,0.535195,0.362576,-0.006962,0.530317,0.366386,-0.012959,0.523419,0.371102,-0.017401,0.515162,0.374707,-0.020936,0.506126,0.376208,-0.021327,0.497345,0.376630,-0.020112,0.489261,0.374937,-0.015899,0.482507,0.371767,-0.011097,0.477723,0.369165,-0.004607,0.449532,0.265654,0.017621,0.451345,0.263917,0.014463,0.453650,0.261819,0.012018,0.457368,0.258953,0.009736,0.463099,0.256794,0.007823,0.468731,0.256477,0.007314,0.474687,0.257510,0.008327,0.478957,0.260228,0.009639,0.521483,0.258135,0.008665,0.523360,0.258955,0.008470,0.526880,0.259698,0.006782,0.532527,0.260906,0.005542,0.538525,0.261034,0.005549,0.544750,0.259744,0.007107,0.548868,0.258203,0.009282,0.551790,0.256814,0.011224,0.499440,0.247593,-0.008843,0.499580,0.258673,-0.014833,0.499745,0.269093,-0.021518,0.499831,0.278819,-0.028851,0.000000,0.000000,0.000000,0.000000,0.000000,0.000000,0.000000,0.000000,0.000000,0.000000,0.000000,0.000000,0.000000,0.000000,0.000000,0.000000,0.000000,0.000000,0.000000,0.000000,0.000000,0.000000,0.000000,0.000000,0.000000,0.000000,0.000000,0.000000,0.000000,0.000000,0.000000,0.000000,0.000000,0.000000,0.000000,0.000000,0.000000,0.000000,0.000000,0.000000,0.000000,0.000000,0.000000,0.000000,0.000000,0.000000,0.000000,0.000000,0.000000,0.000000,0.000000,0.000000,0.000000,0.000000,0.000000,0.000000,0.000000,0.000000,0.000000,0.000000,0.000000,0.000000,0.000000,0.000000,0.000000,0.000000,0.000000,0.000000,0.000000,0.000000,0.000000,0.000000,0.000000,0.000000,0.000000,0.000000,0.000000,0.000000,0.000000,0.000000,0.000000,0.000000,0.000000,0.000000,0.000000,0.000000,0.000000,0.000000,0.000000,0.000000,0.000000,0.000000,0.000000,0.000000,0.000000,0.000000,0.000000,0.000000,0.000000,0.000000,0.000000,0.000000,0.000000,0.000000,0.000000,0.000000,0.000000,0.000000,0.000000,0.000000,0.000000,0.000000,0.000000,0.000000,0.000000,0.000000,0.000000,0.000000,0.000000,0.000000,0.000000,0.000000,0.000000,0.000000,0.000000,0.000000
-0.073844,-2.465183,-2.363884,-0.024659,-2.591501,-2.222731,0.015829,-2.593886,-2.223284,0.052256,-2.593647,-2.222112,-0.136690,-2.579037,-2.245142,-0.172574,-2.573897,-2.244991,-0.207339,-2.566091,-2.245999,0.102739,-2.528037,-1.192261,-0.239370,-2.493084,-1.298772,0.013238,-2.320055,-1.977418,-0.130276,-2.310045,-2.005517,0.477285,-1.760613,-0.479896,-0.502487,-1.715461,-0.647618,0.828794,-0.851142,-1.244893,-0.751720,-0.807542,-1.529204,0.374953,-1.011864,-3.337284,-0.484806,-0.923503,-3.804640,0.249951,-1.054286,-3.791298,-0.382161,-0.986224,-4.233219,0.216770,-1.189746,-3.706698,-0.360847,-1.142227,-4.243411,0.228452,-1.193013,-3.342696,-0.365278,-1.129538,-3.845989,0.329216,-0.013373,0.004093,-0.329216,0.013373,-0.004093,0.301676,1.371310,0.117849,-0.321634,1.348172,-0.059680,0.305677,2.625669,1.255512,-0.296349,2.598881,0.689307,0.314483,2.790814,1.290401,-0.306067,2.773285,0.721872,0.221715,3.037274,0.033963,-0.202317,2.981577,-0.638978,0.480772,0.361063,-0.002040,0.482448,0.357448,-0.007063,0.486694,0.353369,-0.012877,0.492398,0.348046,-0.018190,0.501340,0.343459,-0.022433,0.510437,0.343872,-0.023720,0.519554,0.341290,-0.022931,0.529536,0.343653,-0.019296,0.536394,0.347440,-0.014441,0.541633,0.350355,-0.008916,0.544084,0.353474,-0.004042,0.540662,0.357119,-0.008836,0.535899,0.360616,-0.014879,0.529157,0.365007,-0.019341,0.521078,0.368372,-0.022964,0.512273,0.369839,-0.023520,0.503666,0.370345,-0.022399,0.495678,0.368932,-0.018290,0.488987,0.366160,-0.013567,0.484247,0.363908,-0.007167,0.456695,0.263837,0.018550,0.458489,0.261977,0.015571,0.460729,0.259791,0.013270,0.464381,0.256872,0.011153,0.469990,0.254695,0.009398,0.475508,0.254445,0.008964,0.481381,0.255581,0.009911,0.485607,0.258368,0.011129,0.527089,0.256474,0.010562,0.528965,0.257323,0.010358,0.532441,0.258054,0.008672,0.537977,0.259218,0.007463,0.543863,0.259344,0.007485,0.549927,0.258124,0.009062,0.553911,0.256646,0.011268,0.556718,0.255302,0.013223,0.505726,0.245558,-0.006390,0.505902,0.255998,-0.012672,0.506091,0.265741,-0.019562,0.506218,0.274825,-0.027149,0.333029,0.886605,0.000000,0.376209,0.870869,-0.003179,0.423951,0.866420,-0.012779,0.461897,0.874847,-0.022937,0.488776,0.881122,-0.032687,0.411537,0.814883,-0.027509,0.453149,0.799567,-0.044852,0.482767,0.791703,-0.055106,0.505066,0.787115,-0.061782,0.396282,0.832443,-0.036348,0.446213,0.868231,-0.058455,0.437908,0.885610,-0.061451,0.422705,0.885714,-0.060633,0.380016,0.861648,-0.044402,0.426414,0.903395,-0.061782,0.411938,0.910217,-0.052282,0.396262,0.901669,-0.042899,0.364257,0.893384,-0.052576,0.404946,0.929171,-0.058777,0.395613,0.932197,-0.048145,0.382385,0.924177,-0.039635,0.684541,0.883548,0.000000,0.642574,0.882346,-0.004296,0.608358,0.866287,-0.012138,0.584622,0.855775,-0.022772,0.561330,0.853741,-0.033749,0.609430,0.790698,-0.009350,0.583942,0.746767,-0.024665,0.563860,0.720626,-0.034529,0.547207,0.700308,-0.040050,0.625294,0.784615,-0.017200,0.590049,0.763245,-0.036140,0.574283,0.762782,-0.043561,0.565065,0.759831,-0.045068,0.641255,0.791531,-0.025775,0.605120,0.813088,-0.047511,0.609275,0.851740,-0.044972,0.621041,0.874081,-0.036334,0.656073,0.808828,-0.034605,0.625372,0.829254,-0.048563,0.627087,0.858261,-0.042955,0.636392,0.875483,-0.034118
-0.013055,-2.311857,-2.201974,0.031089,-2.446542,-2.046890,0.070467,-2.447646,-2.047097,0.097440,-2.446704,-2.045673,-0.079837,-2.439701,-2.071951,-0.113864,-2.435556,-2.071900,-0.152591,-2.429094,-2.073093,0.146394,-2.388813,-0.964236,-0.194264,-2.360554,-1.071857,0.061545,-2.186553,-1.793180,-0.075270,-2.173492,-1.825536,0.490332,-1.705887,-0.229491,-0.456159,-1.666446,-0.549752,0.858022,-0.732936,-1.479639,-0.796972,-0.697106,-1.763830,0.378966,-1.198138,-3.786880,-0.431902,-1.111237,-3.985967,0.231380,-1.327850,-4.230776,-0.288704,-1.192726,-4.411008,0.201606,-1.435353,-4.062576,-0.268165,-1.317427,-4.334453,0.210792,-1.402910,-3.767680,-0.283936,-1.299713,-3.992194,0.327046,-0.000852,0.075520,-0.327046,0.000852,-0.075520,0.299372,1.360230,0.137618,-0.301886,1.297177,-0.285136,0.308582,2.548402,1.255576,-0.254346,2.506654,0.504215,0.323969,2.706204,1.285198,-0.277147,2.674657,0.534575,0.235013,2.928290,-0.029306,-0.150198,2.875455,-0.876582,0.478965,0.362872,0.000401,0.480710,0.359442,-0.004936,0.484960,0.355660,-0.011034,0.490606,0.350649,-0.016628,0.499413,0.346389,-0.021160,0.508402,0.346877,-0.022563,0.517470,0.344290,-0.021940,0.527441,0.346441,-0.018305,0.534373,0.349965,-0.013366,0.539718,0.352586,-0.007732,0.542265,0.355513,-0.002619,0.538821,0.359212,-0.007217,0.534009,0.362834,-0.013075,0.527233,0.367369,-0.017425,0.519140,0.370849,-0.020877,0.510285,0.372312,-0.021259,0.501688,0.372756,-0.020058,0.493748,0.371158,-0.015853,0.487128,0.368181,-0.011087,0.482421,0.365764,-0.004675,0.455012,0.265501,0.017800,0.456765,0.263760,0.014705,0.458992,0.261668,0.012316,0.462614,0.258829,0.010052,0.468243,0.256660,0.008160,0.473795,0.256345,0.007629,0.479668,0.257330,0.008605,0.483866,0.259990,0.009842,0.525295,0.257874,0.008608,0.527150,0.258680,0.008393,0.530632,0.259383,0.006719,0.536209,0.260557,0.005479,0.542134,0.260689,0.005459,0.548245,0.259449,0.006965,0.552292,0.257973,0.009073,0.555143,0.256620,0.010968,0.503757,0.247603,-0.008534,0.503869,0.258073,-0.014464,0.503997,0.268006,-0.021056,0.504057,0.277296,-0.028307,0.359728,0.790625,0.000000,0.406491,0.775853,0.000787,0.445423,0.758107,-0.012323,0.476231,0.757540,-0.028656,0.492352,0.771411,-0.045115,0.442203,0.681534,-0.022929,0.481144,0.655264,-0.042971,0.507370,0.631106,-0.056149,0.525872,0.608711,-0.065616,0.426829,0.691720,-0.036131,0.482534,0.732477,-0.060057,0.469041,0.757289,-0.061997,0.449601,0.754437,-0.060398,0.413037,0.719312,-0.048759,0.465969,0.763733,-0.069159,0.450571,0.780009,-0.060554,0.434516,0.772444,-0.051890,0.402712,0.754466,-0.061630,0.445176,0.790343,-0.070630,0.435187,0.800721,-0.061081,0.421538,0.793401,-0.053158,0.667580,0.762248,-0.000000,0.602086,0.765459,-0.002888,0.562483,0.743417,-0.012522,0.537894,0.725145,-0.024876,0.530700,0.712021,-0.037107,0.576800,0.644670,-0.009791,0.547325,0.598181,-0.025522,0.524786,0.571283,-0.034622,0.507349,0.546229,-0.042209,0.596336,0.644940,-0.020358,0.537963,0.664461,-0.042631,0.548377,0.703958,-0.042365,0.568594,0.708559,-0.038425,0.610802,0.662873,-0.032383,0.556239,0.695242,-0.052601,0.566869,0.725199,-0.040532,0.584699,0.721975,-0.028726,0.620614,0.692058,-0.045428,0.574918,0.714082,-0.057762,0.580629,0.736965,-0.048751,0.595541,0.739671,-0.039630
-0.013144,-2.353204,-2.559942,0.035015,-2.491105,-2.397985,0.075044,-2.492831,-2.398360,0.104592,-2.492382,-2.396860,-0.077504,-2.485832,-2.414448,-0.114019,-2.482143,-2.414514,-0.152011,-2.476943,-2.415866,0.155737,-2.436343,-1.254605,-0.196693,-2.411208,-1.314021,0.063762,-2.230042,-2.128981,-0.075681,-2.212820,-2.149542,0.506479,-1.761954,-0.462479,-0.460308,-1.698310,-0.709878,0.866703,-0.752037,-1.736346,-0.803155,-0.709418,-1.945236,0.380003,-1.224760,-4.122021,-0.432540,-1.150356,-4.315209,0.234438,-1.363747,-4.574415,-0.279394,-1.231651,-4.763647,0.200523,-1.478665,-4.411741,-0.256961,-1.354597,-4.686465,0.210045,-1.443092,-4.104042,-0.272990,-1.336153,-4.324745,0.335374,-0.000053,0.030475,-0.335374,0.000053,-0.030475,0.305116,1.387784,0.167765,-0.314961,1.317874,-0.242494,0.298481,2.595803,1.443874,-0.279980,2.552777,0.686352,0.311687,2.755274,1.480251,-0.301383,2.724638,0.730585,0.219426,2.984990,0.068004,-0.177177,2.932025,-0.782072,0.477660,0.363483,0.000451,0.479325,0.360247,-0.004841,0.483519,0.356560,-0.010835,0.489136,0.351569,-0.016335,0.497931,0.347279,-0.020816,0.506934,0.347709,-0.022133,0.515985,0.345056,-0.021474,0.525905,0.347114,-0.017775,0.532777,0.350557,-0.012855,0.538046,0.353092,-0.007225,0.540486,0.355818,-0.002105,0.537017,0.359287,-0.006800,0.532215,0.362625,-0.012682,0.525493,0.366954,-0.017004,0.517485,0.370337,-0.020356,0.508842,0.371734,-0.020728,0.500419,0.372318,-0.019595,0.492539,0.370930,-0.015605,0.485905,0.368206,-0.010954,0.481186,0.366132,-0.004605,0.452611,0.265424,0.017010,0.454427,0.263780,0.013880,0.456708,0.261778,0.011480,0.460371,0.259015,0.009219,0.465964,0.256827,0.007350,0.471455,0.256351,0.006860,0.477315,0.257063,0.007907,0.481507,0.259493,0.009222,0.523396,0.256835,0.008414,0.525242,0.257595,0.008219,0.528701,0.258293,0.006569,0.534265,0.259441,0.005366,0.540155,0.259534,0.005407,0.546266,0.258225,0.006945,0.550301,0.256730,0.009082,0.553164,0.255433,0.010996,0.501720,0.246746,-0.008995,0.501948,0.257520,-0.014818,0.502200,0.267797,-0.021328,0.502367,0.277410,-0.028478,0.353766,0.790549,0.000000,0.403270,0.769428,0.000421,0.445448,0.748590,-0.012720,0.477593,0.746495,-0.029295,0.486286,0.762545,-0.045796,0.440186,0.673182,-0.019208,0.479714,0.645110,-0.036612,0.504427,0.620533,-0.048558,0.522978,0.598152,-0.058167,0.426527,0.685203,-0.032832,0.482204,0.722124,-0.056375,0.469060,0.745927,-0.060030,0.451454,0.744618,-0.059945,0.414318,0.713457,-0.045860,0.466044,0.755717,-0.063075,0.449740,0.769211,-0.055266,0.433748,0.761484,-0.048334,0.405613,0.749034,-0.059686,0.447553,0.785150,-0.065980,0.435830,0.792934,-0.057715,0.421293,0.784280,-0.051669,0.658482,0.758957,-0.000000,0.594871,0.757379,-0.002717,0.556065,0.734621,-0.011899,0.532877,0.717221,-0.023797,0.527065,0.698763,-0.035510,0.573026,0.636432,-0.009637,0.544564,0.588592,-0.024958,0.523296,0.560928,-0.033937,0.506459,0.534922,-0.041466,0.592169,0.637445,-0.019838,0.534032,0.653508,-0.041661,0.543131,0.692763,-0.041910,0.562840,0.698807,-0.038435,0.605813,0.654949,-0.031340,0.551434,0.684050,-0.050926,0.561757,0.714464,-0.039173,0.579558,0.713240,-0.027718,0.614452,0.683235,-0.043845,0.569144,0.701424,-0.056102,0.574456,0.725164,-0.047252,0.588983,0.729837,-0.038149
-0.054178,-2.502037,-2.831293,-0.005172,-2.642066,-2.662571,0.035399,-2.643879,-2.663240,0.068120,-2.643454,-2.662491,-0.119096,-2.637835,-2.682578,-0.157353,-2.633869,-2.683154,-0.192435,-2.628934,-2.684659,0.116063,-2.584565,-1.551279,-0.238738,-2.560026,-1.625416,0.025262,-2.373449,-2.413919,-0.116115,-2.357263,-2.436812,0.480974,-1.833008,-0.797980,-0.510368,-1.769131,-0.909742,0.817534,-0.917081,-1.473610,-0.806553,-0.844111,-1.617277,0.437637,-0.820393,-3.451657,-0.486326,-0.767786,-3.698561,0.388160,-0.730855,-3.873657,-0.374760,-0.700499,-4.129036,0.279665,-0.908784,-3.901922,-0.337229,-0.884911,-4.156497,0.286213,-0.942632,-3.504004,-0.351432,-0.913164,-3.746935,0.336470,-0.013642,-0.040312,-0.336470,0.013642,0.040312,0.318790,1.332167,-0.329678,-0.315388,1.303950,-0.421919,0.322896,2.610082,0.786047,-0.301012,2.596476,0.220960,0.331481,2.794792,0.817118,-0.311085,2.799603,0.234339,0.237236,3.026977,-0.512414,-0.205479,2.971400,-1.154204,0.476130,0.365272,0.000544,0.477886,0.362009,-0.004814,0.482252,0.358361,-0.010854,0.488052,0.353373,-0.016385,0.497004,0.349048,-0.020830,0.506128,0.349428,-0.022049,0.515210,0.346683,-0.021300,0.525133,0.348648,-0.017433,0.532016,0.351980,-0.012352,0.537276,0.354427,-0.006549,0.539718,0.357141,-0.001283,0.536295,0.360835,-0.006012,0.531542,0.364410,-0.011995,0.524867,0.368983,-0.016398,0.516855,0.372551,-0.019896,0.508114,0.374086,-0.020392,0.499523,0.374708,-0.019337,0.491476,0.373267,-0.015386,0.484652,0.370401,-0.010753,0.479774,0.368114,-0.004415,0.450203,0.267063,0.016234,0.452046,0.265324,0.013094,0.454348,0.263215,0.010679,0.458064,0.260331,0.008430,0.463748,0.258057,0.006582,0.469337,0.257567,0.006132,0.475285,0.258378,0.007199,0.479564,0.260934,0.008572,0.521876,0.257820,0.008280,0.523740,0.258604,0.008114,0.527252,0.259316,0.006502,0.532890,0.260434,0.005346,0.538865,0.260434,0.005458,0.545025,0.258955,0.007053,0.549073,0.257267,0.009258,0.551922,0.255781,0.011203,0.500173,0.247791,-0.009487,0.500588,0.258773,-0.015242,0.501009,0.269114,-0.021721,0.501340,0.278755,-0.028825,0.170821,0.509461,0.000000,0.198377,0.496427,0.001613,0.225425,0.495857,-0.003293,0.243451,0.508345,-0.009640,0.254478,0.521599,-0.016390,0.230836,0.474889,-0.012384,0.251778,0.493384,-0.022216,0.257878,0.512535,-0.029199,0.259458,0.525863,-0.034024,0.220153,0.487220,-0.019261,0.241293,0.513268,-0.025943,0.246152,0.528850,-0.028864,0.247018,0.536356,-0.032421,0.207617,0.503197,-0.025728,0.226572,0.530728,-0.029980,0.227795,0.540639,-0.027934,0.225645,0.541278,-0.027756,0.195451,0.520694,-0.032430,0.210237,0.542312,-0.033559,0.210773,0.547183,-0.029982,0.208183,0.545091,-0.028181,0.000000,0.000000,0.000000,0.000000,0.000000,0.000000,0.000000,0.000000,0.000000,0.000000,0.000000,0.000000,0.000000,0.000000,0.000000,0.000000,0.000000,0.000000,0.000000,0.000000,0.000000,0.000000,0.000000,0.000000,0.000000,0.000000,0.000000,0.000000,0.000000,0.000000,0.000000,0.000000,0.000000,0.000000,0.000000,0.000000,0.000000,0.000000,0.000000,0.000000,0.000000,0.000000,0.000000,0.000000,0.000000,0.000000,0.000000,0.000000,0.000000,0.000000,0.000000,0.000000,0.000000,0.000000,0.000000,0.000000,0.000000,0.000000,0.000000,0.000000,0.000000,0.000000,0.000000
-0.096470,-2.607646,-2.494284,-0.047210,-2.739240,-2.333759,-0.007674,-2.741208,-2.334646,0.033130,-2.741459,-2.334680,-0.155509,-2.730592,-2.343987,-0.191236,-2.725507,-2.343961,-0.219887,-2.718299,-2.345554,0.086930,-2.678324,-1.322535,-0.254518,-2.641252,-1.291589,-0.003975,-2.461051,-2.103372,-0.152966,-2.455700,-2.096159,0.473074,-1.889040,-0.657633,-0.522982,-1.801285,-0.669323,0.683194,-1.046975,-0.740912,-0.760441,-0.962434,-1.003370,0.601579,-0.283349,-1.997387,-0.642579,-0.589918,-2.842714,0.623598,-0.037607,-2.354622,-0.615856,-0.410811,-3.293130,0.533815,-0.108074,-2.560373,-0.543584,-0.543274,-3.447925,0.500894,-0.197459,-2.128783,-0.536790,-0.604854,-2.964061,0.323531,-0.007225,-0.115190,-0.323531,0.007225,0.115190,0.270846,1.454636,-0.461228,-0.355370,1.419230,-0.564620,0.268781,2.816187,0.663925,-0.360999,2.804148,0.074717,0.277490,3.017731,0.682851,-0.355310,3.024496,0.083864,0.150838,3.228944,-0.799531,-0.294216,3.181669,-1.483489,0.476072,0.367532,0.001954,0.477465,0.364169,-0.003584,0.481359,0.360274,-0.009736,0.486787,0.355026,-0.015418,0.495602,0.350313,-0.020087,0.504760,0.350512,-0.021437,0.513958,0.347462,-0.020816,0.524122,0.349261,-0.016969,0.531121,0.352542,-0.011911,0.536357,0.355009,-0.006174,0.538808,0.357771,-0.000836,0.535525,0.361576,-0.005311,0.530891,0.365403,-0.010956,0.524315,0.370301,-0.015077,0.516265,0.374168,-0.018126,0.507441,0.375928,-0.018373,0.498758,0.376676,-0.017262,0.490781,0.375286,-0.013533,0.484151,0.372413,-0.009036,0.479572,0.370221,-0.002928,0.447586,0.269321,0.015698,0.449645,0.268496,0.012377,0.452250,0.267175,0.009876,0.456159,0.265233,0.007547,0.461718,0.263443,0.005546,0.466977,0.262558,0.004958,0.472603,0.261789,0.006149,0.476447,0.262518,0.007650,0.520617,0.257726,0.006795,0.522348,0.258144,0.006635,0.525600,0.258805,0.004971,0.530991,0.259929,0.003797,0.536792,0.259995,0.003900,0.543103,0.258762,0.005416,0.547371,0.257473,0.007470,0.550561,0.256439,0.009386,0.497606,0.248885,-0.010910,0.497988,0.260099,-0.016394,0.498392,0.270622,-0.022677,0.498721,0.280444,-0.029560,0.000000,0.000000,0.000000,0.000000,0.000000,0.000000,0.000000,0.000000,0.000000,0.000000,0.000000,0.000000,0.000000,0.000000,0.000000,0.000000,0.000000,0.000000,0.000000,0.000000,0.000000,0.000000,0.000000,0.000000,0.000000,0.000000,0.000000,0.000000,0.000000,0.000000,0.000000,0.000000,0.000000,0.000000,0.000000,0.000000,0.000000,0.000000,0.000000,0.000000,0.000000,0.000000,0.000000,0.000000,0.000000,0.000000,0.000000,0.000000,0.000000,0.000000,0.000000,0.000000,0.000000,0.000000,0.000000,0.000000,0.000000,0.000000,0.000000,0.000000,0.000000,0.000000,0.000000,0.000000,0.000000,0.000000,0.000000,0.000000,0.000000,0.000000,0.000000,0.000000,0.000000,0.000000,0.000000,0.000000,0.000000,0.000000,0.000000,0.000000,0.000000,0.000000,0.000000,0.000000,0.000000,0.000000,0.000000,0.000000,0.000000,0.000000,0.000000,0.000000,0.000000,0.000000,0.000000,0.000000,0.000000,0.000000,0.000000,0.000000,0.000000,0.000000,0.000000,0.000000,0.000000,0.000000,0.000000,0.000000,0.000000,0.000000,0.000000,0.000000,0.000000,0.000000,0.000000,0.000000,0.000000,0.000000,0.000000,0.000000,0.000000,0.000000,0.000000,0.000000,0.000000,0.000000
-0.080227,-2.614085,-2.391125,-0.029467,-2.744663,-2.246790,0.009543,-2.746654,-2.247606,0.049682,-2.747150,-2.247857,-0.143322,-2.735849,-2.254647,-0.181225,-2.730841,-2.254114,-0.209040,-2.723960,-2.255645,0.101724,-2.685683,-1.278443,-0.243067,-2.650141,-1.283805,0.011537,-2.467115,-2.022784,-0.140309,-2.462713,-2.024170,0.480006,-1.903849,-0.636699,-0.508662,-1.816224,-0.758587,0.698380,-1.069923,-0.659618,-0.751623,-0.968104,-0.899987,0.629876,-0.260432,-1.803436,-0.695284,-0.473430,-2.393505,0.654922,-0.007717,-2.125181,-0.682242,-0.264834,-2.787707,0.555289,-0.061354,-2.314210,-0.596411,-0.359231,-2.955633,0.522682,-0.154589,-1.925774,-0.584964,-0.434879,-2.511020,0.331042,-0.007004,-0.114544,-0.331042,0.007004,0.114544,0.272945,1.478743,-0.316202,-0.382330,1.462766,-0.352028,0.252105,2.835275,0.887636,-0.374132,2.826759,0.336326,0.265434,3.042053,0.917325,-0.368165,3.043720,0.353313,0.127867,3.258839,-0.515313,-0.304381,3.226965,-1.139819,0.469496,0.371825,0.003230,0.471233,0.368512,-0.002556,0.475534,0.364952,-0.009042,0.481258,0.360042,-0.015029,0.490254,0.355772,-0.019884,0.499547,0.356156,-0.021296,0.508860,0.353180,-0.020762,0.519105,0.354919,-0.016887,0.526221,0.358016,-0.011672,0.531686,0.360257,-0.005683,0.534323,0.362978,-0.000115,0.530895,0.367134,-0.004593,0.526073,0.371229,-0.010409,0.519264,0.376363,-0.014726,0.511037,0.380396,-0.018046,0.501970,0.382120,-0.018323,0.493104,0.382749,-0.017102,0.484905,0.381050,-0.012942,0.478034,0.377768,-0.008185,0.473163,0.375054,-0.001724,0.442680,0.270627,0.016168,0.444487,0.268961,0.012851,0.446793,0.266881,0.010299,0.450530,0.263996,0.007866,0.456304,0.261696,0.005809,0.462025,0.261155,0.005190,0.468068,0.261892,0.006213,0.472421,0.264416,0.007621,0.515500,0.260473,0.006207,0.517377,0.261200,0.006008,0.520942,0.261854,0.004364,0.526728,0.262912,0.003112,0.532835,0.262801,0.003125,0.539168,0.261158,0.004611,0.543352,0.259317,0.006728,0.546335,0.257674,0.008622,0.492921,0.251036,-0.011556,0.493345,0.262780,-0.017043,0.493754,0.273774,-0.023356,0.494065,0.283999,-0.030249,0.000000,0.000000,0.000000,0.000000,0.000000,0.000000,0.000000,0.000000,0.000000,0.000000,0.000000,0.000000,0.000000,0.000000,0.000000,0.000000,0.000000,0.000000,0.000000,0.000000,0.000000,0.000000,0.000000,0.000000,0.000000,0.000000,0.000000,0.000000,0.000000,0.000000,0.000000,0.000000,0.000000,0.000000,0.000000,0.000000,0.000000,0.000000,0.000000,0.000000,0.000000,0.000000,0.000000,0.000000,0.000000,0.000000,0.000000,0.000000,0.000000,0.000000,0.000000,0.000000,0.000000,0.000000,0.000000,0.000000,0.000000,0.000000,0.000000,0.000000,0.000000,0.000000,0.000000,0.000000,0.000000,0.000000,0.000000,0.000000,0.000000,0.000000,0.000000,0.000000,0.000000,0.000000,0.000000,0.000000,0.000000,0.000000,0.000000,0.000000,0.000000,0.000000,0.000000,0.000000,0.000000,0.000000,0.000000,0.000000,0.000000,0.000000,0.000000,0.000000,0.000000,0.000000,0.000000,0.000000,0.000000,0.000000,0.000000,0.000000,0.000000,0.000000,0.000000,0.000000,0.000000,0.000000,0.000000,0.000000,0.000000,0.000000,0.000000,0.000000,0.000000,0.000000,0.000000,0.000000,0.000000,0.000000,0.000000,0.000000,0.000000,0.000000,0.000000,0.000000,0.000000,0.000000
-0.063045,-2.607822,-2.570599,-0.010407,-2.741256,-2.415064,0.029630,-2.743953,-2.415941,0.069952,-2.744776,-2.416009,-0.126850,-2.734194,-2.418165,-0.165146,-2.730261,-2.418119,-0.193106,-2.724928,-2.419707,0.122671,-2.684279,-1.349793,-0.226335,-2.649443,-1.349472,0.029165,-2.463668,-2.162591,-0.123583,-2.459326,-2.163495,0.507573,-1.896497,-0.628083,-0.488164,-1.822165,-0.656437,0.752850,-1.045942,-1.035966,-0.737599,-0.984193,-1.006164,0.431239,-0.610717,-2.597132,-0.590848,-0.581558,-2.977487,0.376782,-0.372328,-2.998177,-0.535554,-0.373865,-3.436620,0.263075,-0.557125,-3.070895,-0.451269,-0.528215,-3.538367,0.264312,-0.630327,-2.668774,-0.455587,-0.638636,-3.071533,0.325833,-0.002297,-0.118143,-0.325833,0.002297,0.118143,0.249959,1.464275,-0.543063,-0.388580,1.401818,-0.783735,0.222843,2.825830,0.355688,-0.407064,2.803442,-0.328325,0.227958,3.026113,0.358822,-0.408034,3.028682,-0.337786,0.107780,3.248449,-1.098180,-0.338955,3.178348,-1.880772,0.471022,0.375837,0.003425,0.472663,0.372542,-0.002282,0.476768,0.369040,-0.008657,0.482298,0.364171,-0.014553,0.490988,0.359925,-0.019344,0.500040,0.360288,-0.020778,0.509137,0.357336,-0.020278,0.519217,0.359072,-0.016514,0.526272,0.362121,-0.011446,0.531700,0.364329,-0.005603,0.534325,0.367047,-0.000145,0.530974,0.371207,-0.004460,0.526233,0.375326,-0.010066,0.519539,0.380442,-0.014236,0.511459,0.384456,-0.017405,0.502561,0.386164,-0.017613,0.493885,0.386763,-0.016393,0.485914,0.385049,-0.012340,0.479262,0.381765,-0.007705,0.474577,0.379048,-0.001412,0.444483,0.275886,0.015888,0.446272,0.274262,0.012612,0.448549,0.272238,0.010099,0.452216,0.269429,0.007689,0.457875,0.267208,0.005645,0.463470,0.266716,0.005011,0.469369,0.267479,0.005987,0.473593,0.269982,0.007367,0.516009,0.266107,0.005799,0.517849,0.266797,0.005598,0.521347,0.267434,0.003967,0.527007,0.268461,0.002737,0.532994,0.268368,0.002734,0.539243,0.266760,0.004172,0.543399,0.264940,0.006228,0.546388,0.263328,0.008062,0.493552,0.256960,-0.011533,0.493904,0.268623,-0.016854,0.494250,0.279475,-0.022979,0.494493,0.289545,-0.029696,0.000000,0.000000,0.000000,0.000000,0.000000,0.000000,0.000000,0.000000,0.000000,0.000000,0.000000,0.000000,0.000000,0.000000,0.000000,0.000000,0.000000,0.000000,0.000000,0.000000,0.000000,0.000000,0.000000,0.000000,0.000000,0.000000,0.000000,0.000000,0.000000,0.000000,0.000000,0.000000,0.000000,0.000000,0.000000,0.000000,0.000000,0.000000,0.000000,0.000000,0.000000,0.000000,0.000000,0.000000,0.000000,0.000000,0.000000,0.000000,0.000000,0.000000,0.000000,0.000000,0.000000,0.000000,0.000000,0.000000,0.000000,0.000000,0.000000,0.000000,0.000000,0.000000,0.000000,0.000000,0.000000,0.000000,0.000000,0.000000,0.000000,0.000000,0.000000,0.000000,0.000000,0.000000,0.000000,0.000000,0.000000,0.000000,0.000000,0.000000,0.000000,0.000000,0.000000,0.000000,0.000000,0.000000,0.000000,0.000000,0.000000,0.000000,0.000000,0.000000,0.000000,0.000000,0.000000,0.000000,0.000000,0.000000,0.000000,0.000000,0.000000,0.000000,0.000000,0.000000,0.000000,0.000000,0.000000,0.000000,0.000000,0.000000,0.000000,0.000000,0.000000,0.000000,0.000000,0.000000,0.000000,0.000000,0.000000,0.000000,0.000000,0.000000,0.000000,0.000000,0.000000,0.000000
-0.045584,-2.187081,-2.106755,0.000024,-2.314833,-1.943320,0.037723,-2.317414,-1.943563,0.069558,-2.317802,-1.942214,-0.104445,-2.307498,-1.974208,-0.137708,-2.303366,-1.974202,-0.171255,-2.297137,-1.975486,0.119113,-2.263562,-0.908057,-0.203006,-2.230218,-1.034445,0.033445,-2.063134,-1.719753,-0.094281,-2.053383,-1.759218,0.457224,-1.588503,-0.179854,-0.450094,-1.553297,-0.598216,0.884622,-0.736168,-1.381665,-0.795864,-0.669561,-1.737634,0.411484,-1.120634,-3.451179,-0.441777,-1.041883,-3.707484,0.315806,-1.226029,-3.859424,-0.319103,-1.114039,-4.099851,0.249943,-1.302015,-3.672718,-0.285523,-1.226344,-4.018215,0.254540,-1.282443,-3.420256,-0.296284,-1.201746,-3.706291,0.308959,0.000581,0.085312,-0.308959,-0.000581,-0.085312,0.278204,1.294141,0.021403,-0.299503,1.218249,-0.362310,0.277516,2.455006,1.049451,-0.279969,2.419157,0.273071,0.286789,2.607003,1.081909,-0.287013,2.587789,0.287190,0.203779,2.823835,-0.161265,-0.196989,2.783250,-1.038948,0.475551,0.372523,0.001909,0.477033,0.369106,-0.003580,0.480957,0.365337,-0.009829,0.486266,0.360264,-0.015638,0.494827,0.355888,-0.020400,0.503790,0.356246,-0.021974,0.512956,0.353423,-0.021556,0.523200,0.355422,-0.018055,0.530339,0.358781,-0.013236,0.535839,0.361278,-0.007652,0.538501,0.364135,-0.002481,0.535074,0.367945,-0.006938,0.530234,0.371694,-0.012596,0.523416,0.376466,-0.016781,0.515274,0.380230,-0.019943,0.506384,0.381874,-0.020073,0.497886,0.382475,-0.018693,0.490064,0.380925,-0.014421,0.483559,0.377914,-0.009644,0.478986,0.375474,-0.003182,0.450022,0.273384,0.018079,0.451764,0.271727,0.014883,0.453978,0.269685,0.012418,0.457575,0.266873,0.010066,0.463133,0.264621,0.008030,0.468639,0.264119,0.007371,0.474457,0.264833,0.008275,0.478621,0.267263,0.009533,0.520613,0.263556,0.007352,0.522458,0.264269,0.007113,0.525930,0.264867,0.005396,0.531505,0.265879,0.004072,0.537426,0.265818,0.003973,0.543607,0.264345,0.005364,0.547726,0.262673,0.007378,0.550672,0.261165,0.009211,0.498070,0.254290,-0.009488,0.498239,0.265400,-0.015237,0.498409,0.275878,-0.021683,0.498487,0.285653,-0.028752,0.352253,0.812298,0.000000,0.399100,0.811394,-0.003701,0.434503,0.799557,-0.017922,0.459934,0.792481,-0.035158,0.457204,0.786297,-0.052853,0.430443,0.700901,-0.024810,0.468199,0.674330,-0.046232,0.496168,0.652731,-0.061703,0.517033,0.630623,-0.073184,0.407753,0.699428,-0.037173,0.454672,0.745314,-0.062878,0.443971,0.777608,-0.068296,0.428138,0.775562,-0.069472,0.387256,0.721168,-0.049354,0.431911,0.774423,-0.070866,0.422254,0.796945,-0.063954,0.408371,0.787371,-0.057067,0.371470,0.753813,-0.062449,0.409915,0.798474,-0.073776,0.404740,0.815171,-0.065449,0.391969,0.808186,-0.058307,0.687431,0.795731,-0.000000,0.643907,0.798838,-0.011481,0.605977,0.783149,-0.023881,0.581657,0.767369,-0.038111,0.579700,0.749445,-0.051990,0.602396,0.677776,-0.015980,0.574042,0.622546,-0.037257,0.552670,0.588631,-0.050014,0.536838,0.559428,-0.059437,0.628224,0.666128,-0.023025,0.587247,0.675422,-0.051532,0.594225,0.728624,-0.053471,0.610177,0.746471,-0.048480,0.654325,0.672358,-0.032550,0.615953,0.697274,-0.057108,0.621915,0.741176,-0.044719,0.636282,0.750243,-0.030393,0.678522,0.693002,-0.044025,0.646270,0.715541,-0.057998,0.643998,0.748186,-0.048356,0.652829,0.756485,-0.037181
-0.038254,-2.384769,-2.140665,0.018435,-2.526266,-1.963866,0.058366,-2.527877,-1.964270,0.087834,-2.526715,-1.962324,-0.093689,-2.518414,-1.966319,-0.127311,-2.514050,-1.966254,-0.166645,-2.507197,-1.967616,0.144309,-2.466157,-0.852422,-0.203531,-2.438746,-0.895363,0.041932,-2.257555,-1.728603,-0.092825,-2.246238,-1.736488,0.514697,-1.735344,-0.129057,-0.442523,-1.749299,-0.418041,1.001480,-0.844149,-1.558025,-0.864999,-0.768716,-1.758893,0.430692,-1.336609,-3.670326,-0.456672,-1.263807,-3.905893,0.312580,-1.466021,-4.077096,-0.307224,-1.363098,-4.331010,0.255140,-1.556445,-3.837783,-0.272941,-1.474723,-4.219447,0.259478,-1.523982,-3.619382,-0.280708,-1.446974,-3.894800,0.337065,0.001940,0.058058,-0.337065,-0.001940,-0.058058,0.299324,1.449291,0.033028,-0.326443,1.351038,-0.304900,0.290773,2.678760,1.217494,-0.305351,2.636404,0.486837,0.304460,2.846777,1.247907,-0.319623,2.821532,0.516456,0.195248,3.075744,-0.172171,-0.221351,3.029777,-0.982014,0.478987,0.370672,0.001989,0.480361,0.367107,-0.003490,0.484091,0.363083,-0.009761,0.489200,0.357691,-0.015623,0.497477,0.353074,-0.020535,0.506235,0.353384,-0.022338,0.515282,0.350557,-0.022103,0.525514,0.352766,-0.018862,0.532718,0.356387,-0.014311,0.538300,0.359090,-0.008958,0.541023,0.362099,-0.003900,0.537556,0.365686,-0.008253,0.532668,0.369254,-0.013653,0.525828,0.373909,-0.017627,0.517677,0.377621,-0.020464,0.508846,0.379268,-0.020348,0.500492,0.379898,-0.018832,0.492845,0.378454,-0.014507,0.486594,0.375599,-0.009720,0.482240,0.373377,-0.003239,0.453394,0.272003,0.019667,0.455114,0.270357,0.016420,0.457299,0.268367,0.013899,0.460863,0.265615,0.011467,0.466387,0.263380,0.009295,0.471862,0.262802,0.008487,0.477645,0.263278,0.009277,0.481753,0.265466,0.010443,0.523821,0.261334,0.007110,0.525698,0.262047,0.006809,0.529160,0.262661,0.005027,0.534756,0.263713,0.003593,0.540729,0.263674,0.003378,0.546992,0.262175,0.004667,0.551148,0.260467,0.006597,0.554128,0.258931,0.008393,0.500821,0.252059,-0.009149,0.500837,0.262767,-0.014920,0.500871,0.272928,-0.021376,0.500821,0.282484,-0.028483,0.356997,0.780666,0.000000,0.416538,0.777915,0.000610,0.455766,0.760670,-0.012281,0.483935,0.747583,-0.029653,0.475120,0.739666,-0.047258,0.445180,0.658775,-0.017740,0.484767,0.629619,-0.036532,0.512929,0.605778,-0.050035,0.531705,0.583595,-0.060592,0.422620,0.659127,-0.032017,0.476311,0.699824,-0.055946,0.465528,0.732175,-0.060299,0.446916,0.729708,-0.061196,0.405036,0.681046,-0.046015,0.456865,0.728366,-0.065449,0.445836,0.750922,-0.058815,0.428704,0.743234,-0.053019,0.393649,0.714272,-0.060827,0.435401,0.757076,-0.071008,0.430617,0.772650,-0.064581,0.417676,0.766234,-0.059430,0.684760,0.756661,-0.000000,0.633210,0.757337,-0.009150,0.592671,0.735031,-0.021540,0.569769,0.714034,-0.036551,0.567935,0.685540,-0.051014,0.591210,0.627431,-0.013244,0.558560,0.574759,-0.034603,0.537541,0.542313,-0.047248,0.522213,0.511330,-0.057028,0.618948,0.615103,-0.021827,0.571737,0.627971,-0.049734,0.583295,0.681048,-0.050418,0.602749,0.690487,-0.045535,0.645072,0.619980,-0.033027,0.600205,0.647594,-0.056038,0.610258,0.690985,-0.040526,0.628002,0.691607,-0.025639,0.668621,0.638847,-0.046279,0.629427,0.657492,-0.058565,0.631272,0.689447,-0.046747,0.644851,0.692284,-0.035145
-0.083312,-2.483137,-2.305845,-0.025030,-2.633407,-2.127324,0.016625,-2.637311,-2.127862,0.047748,-2.637786,-2.126269,-0.142126,-2.619937,-2.131564,-0.176733,-2.614885,-2.131632,-0.217352,-2.608771,-2.133013,0.107523,-2.579189,-0.975061,-0.255504,-2.548050,-0.976117,-0.000325,-2.359237,-1.876440,-0.140715,-2.339966,-1.881509,0.494173,-1.830336,-0.225645,-0.492236,-1.817060,-0.388715,0.983897,-0.867864,-1.606953,-0.932834,-0.816959,-1.638994,0.387733,-1.365103,-3.878387,-0.523617,-1.273065,-3.976916,0.264801,-1.495465,-4.321301,-0.369703,-1.379946,-4.429321,0.211869,-1.600537,-4.113446,-0.332344,-1.497655,-4.309511,0.216449,-1.573011,-3.841118,-0.338604,-1.468963,-3.973950,0.355714,-0.000659,0.016167,-0.355714,0.000659,-0.016167,0.333724,1.504597,-0.024413,-0.327622,1.424782,-0.343419,0.334168,2.790944,1.132125,-0.292134,2.753314,0.419833,0.352031,2.969097,1.156187,-0.305426,2.945025,0.445180,0.237275,3.205275,-0.305136,-0.198033,3.163085,-1.097232,0.478404,0.369151,0.002050,0.479645,0.365541,-0.003422,0.483215,0.361475,-0.009821,0.488154,0.356098,-0.015835,0.496332,0.351389,-0.020910,0.505044,0.351560,-0.022946,0.514267,0.348692,-0.022924,0.524797,0.350769,-0.019977,0.532277,0.354235,-0.015584,0.538136,0.356827,-0.010384,0.541038,0.359848,-0.005534,0.537384,0.363763,-0.009741,0.532213,0.367669,-0.015117,0.525086,0.372512,-0.019059,0.516710,0.376253,-0.021786,0.507741,0.378014,-0.021463,0.499396,0.378605,-0.019666,0.491877,0.377209,-0.014993,0.485822,0.374360,-0.009995,0.481602,0.372020,-0.003331,0.453485,0.272578,0.021776,0.455104,0.270854,0.018519,0.457214,0.268786,0.015976,0.460719,0.265976,0.013505,0.466222,0.263747,0.011248,0.471735,0.263276,0.010290,0.477507,0.263869,0.010884,0.481607,0.266115,0.011942,0.523494,0.261766,0.007352,0.525372,0.262468,0.007006,0.528823,0.263026,0.005127,0.534383,0.263951,0.003547,0.540356,0.263841,0.003146,0.546627,0.262350,0.004323,0.550842,0.260673,0.006166,0.553879,0.259129,0.007939,0.500197,0.252238,-0.007987,0.499995,0.262959,-0.013978,0.499765,0.272880,-0.020632,0.499483,0.282156,-0.027935,0.353330,0.809351,0.000000,0.409625,0.802421,-0.002353,0.446764,0.780406,-0.014877,0.472587,0.763807,-0.031249,0.473239,0.753205,-0.047604,0.437057,0.682390,-0.018918,0.474031,0.644446,-0.037968,0.499387,0.616548,-0.051059,0.517465,0.590714,-0.061180,0.415582,0.683427,-0.031515,0.465953,0.710914,-0.056889,0.460068,0.749055,-0.061883,0.444461,0.757575,-0.062383,0.398663,0.705568,-0.044099,0.446153,0.743985,-0.064056,0.438283,0.771368,-0.056874,0.422935,0.771643,-0.050050,0.387782,0.739381,-0.057862,0.427128,0.774973,-0.067990,0.422117,0.793462,-0.060936,0.408206,0.791997,-0.054958,0.654495,0.781055,-0.000000,0.620804,0.778215,-0.008882,0.584536,0.755093,-0.019687,0.562909,0.732252,-0.032137,0.563734,0.708233,-0.045335,0.591856,0.656249,-0.017141,0.564709,0.601856,-0.036328,0.541277,0.568659,-0.048698,0.524179,0.542224,-0.057941,0.616915,0.648149,-0.024710,0.575294,0.658397,-0.049465,0.578750,0.710319,-0.050312,0.590450,0.730155,-0.045604,0.640370,0.657087,-0.034033,0.599248,0.676053,-0.057292,0.600215,0.720939,-0.045719,0.611367,0.736400,-0.032183,0.661111,0.678075,-0.044675,0.625666,0.694655,-0.061624,0.621650,0.730048,-0.053651,0.629545,0.745306,-0.043203
-0.117780,-2.589411,-2.437046,-0.057843,-2.721855,-2.293638,-0.015485,-2.722293,-2.294550,0.025793,-2.720903,-2.294732,-0.171614,-2.715243,-2.271882,-0.207705,-2.709373,-2.272043,-0.235118,-2.702825,-2.273719,0.089119,-2.649583,-1.303390,-0.264702,-2.620225,-1.207199,-0.020827,-2.442239,-2.063899,-0.174327,-2.442017,-2.034066,0.482495,-1.854347,-0.659494,-0.516022,-1.822422,-0.616556,0.727167,-0.981935,-0.892570,-0.793687,-1.038916,-1.202560,0.636694,-0.338325,-2.159644,-0.716797,-0.692206,-3.365383,0.646503,-0.091630,-2.501093,-0.719009,-0.464239,-3.852237,0.554708,-0.171687,-2.688976,-0.639156,-0.587510,-3.978878,0.526012,-0.259679,-2.277520,-0.621710,-0.652794,-3.487980,0.325915,0.005760,-0.127899,-0.325915,-0.005760,0.127899,0.241425,1.378771,-0.557716,-0.392561,1.308950,-0.786400,0.225641,2.745342,0.400607,-0.391779,2.726173,-0.306703,0.238469,2.952125,0.410318,-0.385626,2.954756,-0.291113,0.101827,3.150563,-1.021961,-0.341090,3.104515,-1.757773,0.477878,0.368807,0.002963,0.479222,0.365253,-0.002648,0.482899,0.361421,-0.009241,0.487958,0.356324,-0.015427,0.496222,0.351970,-0.020625,0.505002,0.352313,-0.022682,0.514359,0.349508,-0.022714,0.525004,0.351466,-0.019696,0.532626,0.354757,-0.015160,0.538624,0.357178,-0.009811,0.541610,0.360154,-0.004835,0.537850,0.364308,-0.008988,0.532517,0.368468,-0.014412,0.525204,0.373512,-0.018416,0.516638,0.377338,-0.021217,0.507457,0.379084,-0.020884,0.498984,0.379488,-0.019010,0.491399,0.377820,-0.014210,0.485324,0.374646,-0.009132,0.481088,0.371970,-0.002394,0.454057,0.271686,0.021440,0.455674,0.269990,0.018155,0.457789,0.267950,0.015573,0.461309,0.265152,0.013069,0.466840,0.262949,0.010790,0.472392,0.262519,0.009821,0.478203,0.263182,0.010427,0.482315,0.265492,0.011501,0.524033,0.261766,0.006852,0.525895,0.262484,0.006515,0.529362,0.263079,0.004647,0.534950,0.264075,0.003051,0.540974,0.264034,0.002649,0.547300,0.262618,0.003828,0.551572,0.260987,0.005658,0.554649,0.259475,0.007437,0.500871,0.252046,-0.008659,0.500560,0.262906,-0.014611,0.500225,0.272971,-0.021227,0.499840,0.282353,-0.028480,0.000000,0.000000,0.000000,0.000000,0.000000,0.000000,0.000000,0.000000,0.000000,0.000000,0.000000,0.000000,0.000000,0.000000,0.000000,0.000000,0.000000,0.000000,0.000000,0.000000,0.000000,0.000000,0.000000,0.000000,0.000000,0.000000,0.000000,0.000000,0.000000,0.000000,0.000000,0.000000,0.000000,0.000000,0.000000,0.000000,0.000000,0.000000,0.000000,0.000000,0.000000,0.000000,0.000000,0.000000,0.000000,0.000000,0.000000,0.000000,0.000000,0.000000,0.000000,0.000000,0.000000,0.000000,0.000000,0.000000,0.000000,0.000000,0.000000,0.000000,0.000000,0.000000,0.000000,0.000000,0.000000,0.000000,0.000000,0.000000,0.000000,0.000000,0.000000,0.000000,0.000000,0.000000,0.000000,0.000000,0.000000,0.000000,0.000000,0.000000,0.000000,0.000000,0.000000,0.000000,0.000000,0.000000,0.000000,0.000000,0.000000,0.000000,0.000000,0.000000,0.000000,0.000000,0.000000,0.000000,0.000000,0.000000,0.000000,0.000000,0.000000,0.000000,0.000000,0.000000,0.000000,0.000000,0.000000,0.000000,0.000000,0.000000,0.000000,0.000000,0.000000,0.000000,0.000000,0.000000,0.000000,0.000000,0.000000,0.000000,0.000000,0.000000,0.000000,0.000000,0.000000,0.000000
-0.128254,-2.615515,-2.468615,-0.071170,-2.750682,-2.327600,-0.029506,-2.751574,-2.328544,0.013222,-2.751156,-2.328802,-0.184343,-2.743638,-2.320458,-0.220434,-2.738289,-2.320258,-0.245081,-2.732610,-2.321797,0.075964,-2.683149,-1.312612,-0.272452,-2.650812,-1.256351,-0.030665,-2.466762,-2.080951,-0.184756,-2.465518,-2.065484,0.467200,-1.895525,-0.604646,-0.528131,-1.849110,-0.689272,0.724346,-1.047853,-0.656612,-0.807603,-1.079938,-1.130735,0.621406,-0.278712,-1.854445,-0.766205,-0.646502,-3.162341,0.625542,-0.003210,-2.183380,-0.780166,-0.442744,-3.633499,0.523728,-0.066012,-2.384568,-0.687881,-0.537653,-3.792407,0.497400,-0.168958,-1.979470,-0.640468,-0.762701,-3.291431,0.326200,0.003996,-0.125513,-0.326200,-0.003996,0.125513,0.261122,1.496335,-0.369128,-0.379058,1.456964,-0.312796,0.246489,2.873673,0.808842,-0.375227,2.848996,0.354946,0.260677,3.083633,0.837474,-0.372858,3.069202,0.368195,0.122387,3.294739,-0.663454,-0.300422,3.263748,-1.191503,0.478592,0.369405,0.003330,0.480053,0.365895,-0.002322,0.483857,0.362157,-0.008850,0.489043,0.357180,-0.014954,0.497481,0.352933,-0.020038,0.506337,0.353372,-0.021902,0.515627,0.350557,-0.021787,0.526087,0.352473,-0.018556,0.533464,0.355752,-0.013821,0.539233,0.358161,-0.008330,0.542084,0.361121,-0.003197,0.538414,0.365295,-0.007354,0.533262,0.369533,-0.012790,0.526154,0.374644,-0.016833,0.517720,0.378543,-0.019760,0.508586,0.380256,-0.019594,0.500028,0.380634,-0.017897,0.492341,0.378862,-0.013295,0.486155,0.375504,-0.008353,0.481838,0.372666,-0.001830,0.454939,0.271773,0.019451,0.456627,0.270335,0.016196,0.458809,0.268502,0.013663,0.462371,0.265944,0.011212,0.467855,0.263880,0.009038,0.473305,0.263362,0.008187,0.479048,0.263765,0.008961,0.483082,0.265774,0.010119,0.524852,0.262072,0.006472,0.526632,0.262702,0.006189,0.529988,0.263281,0.004397,0.535446,0.264286,0.002935,0.541322,0.264283,0.002667,0.547564,0.262968,0.003908,0.551800,0.261463,0.005749,0.554875,0.260091,0.007528,0.502101,0.252943,-0.009625,0.501908,0.263769,-0.015355,0.501713,0.273928,-0.021751,0.501456,0.283424,-0.028789,0.000000,0.000000,0.000000,0.000000,0.000000,0.000000,0.000000,0.000000,0.000000,0.000000,0.000000,0.000000,0.000000,0.000000,0.000000,0.000000,0.000000,0.000000,0.000000,0.000000,0.000000,0.000000,0.000000,0.000000,0.000000,0.000000,0.000000,0.000000,0.000000,0.000000,0.000000,0.000000,0.000000,0.000000,0.000000,0.000000,0.000000,0.000000,0.000000,0.000000,0.000000,0.000000,0.000000,0.000000,0.000000,0.000000,0.000000,0.000000,0.000000,0.000000,0.000000,0.000000,0.000000,0.000000,0.000000,0.000000,0.000000,0.000000,0.000000,0.000000,0.000000,0.000000,0.000000,0.000000,0.000000,0.000000,0.000000,0.000000,0.000000,0.000000,0.000000,0.000000,0.000000,0.000000,0.000000,0.000000,0.000000,0.000000,0.000000,0.000000,0.000000,0.000000,0.000000,0.000000,0.000000,0.000000,0.000000,0.000000,0.000000,0.000000,0.000000,0.000000,0.000000,0.000000,0.000000,0.000000,0.000000,0.000000,0.000000,0.000000,0.000000,0.000000,0.000000,0.000000,0.000000,0.000000,0.000000,0.000000,0.000000,0.000000,0.000000,0.000000,0.000000,0.000000,0.000000,0.000000,0.000000,0.000000,0.000000,0.000000,0.000000,0.000000,0.000000,0.000000,0.000000,0.000000
-0.044607,-2.549036,-2.903337,0.011492,-2.676485,-2.722935,0.053335,-2.676008,-2.723591,0.090232,-2.674040,-2.723349,-0.102137,-2.672201,-2.737592,-0.139303,-2.669227,-2.738016,-0.171993,-2.663626,-2.739675,0.144108,-2.605991,-1.573928,-0.202869,-2.584594,-1.619837,0.043443,-2.397458,-2.469878,-0.106944,-2.399146,-2.485175,0.502512,-1.834272,-0.835880,-0.493733,-1.795273,-0.908506,0.862434,-0.996276,-1.565593,-0.796197,-0.979757,-1.652607,0.473155,-0.850698,-3.483900,-0.578251,-0.802488,-3.746078,0.397080,-0.732185,-3.897466,-0.442106,-0.694029,-4.201127,0.274447,-0.897724,-3.907057,-0.380770,-0.871331,-4.211286,0.285709,-0.956278,-3.525518,-0.403154,-0.908874,-3.794579,0.334914,0.001932,-0.080417,-0.334914,-0.001932,0.080417,0.278228,1.275166,-0.560597,-0.372007,1.220655,-0.838093,0.281347,2.592304,0.685858,-0.360634,2.577662,-0.009480,0.285593,2.780594,0.725350,-0.359856,2.787581,0.014769,0.191391,3.023275,-0.617570,-0.282087,2.967592,-1.363708,0.481647,0.366832,0.000445,0.483193,0.363233,-0.004859,0.487137,0.359254,-0.010948,0.492424,0.354009,-0.016594,0.500835,0.349604,-0.021283,0.509525,0.350144,-0.022961,0.518524,0.347683,-0.022574,0.528526,0.350237,-0.019296,0.535507,0.354112,-0.014725,0.540913,0.357020,-0.009422,0.543513,0.360163,-0.004475,0.540047,0.363651,-0.008955,0.535183,0.367099,-0.014509,0.528354,0.371517,-0.018582,0.520245,0.374936,-0.021612,0.511444,0.376331,-0.021689,0.503104,0.376681,-0.020280,0.495469,0.375032,-0.016006,0.489217,0.372028,-0.011233,0.484844,0.369650,-0.004795,0.458000,0.267657,0.019749,0.459721,0.265914,0.016612,0.461900,0.263840,0.014174,0.465482,0.261024,0.011851,0.471055,0.258889,0.009826,0.476588,0.258590,0.009130,0.482407,0.259566,0.009935,0.486531,0.262187,0.011074,0.528121,0.259904,0.008447,0.530006,0.260745,0.008177,0.533497,0.261468,0.006397,0.539062,0.262656,0.005010,0.544999,0.262789,0.004823,0.551155,0.261548,0.006195,0.555254,0.260030,0.008195,0.558161,0.258616,0.010038,0.505935,0.249502,-0.007886,0.505813,0.260158,-0.013937,0.505698,0.270125,-0.020611,0.505518,0.279446,-0.027942,0.242457,0.715716,0.000000,0.284417,0.706646,0.003452,0.319627,0.707060,0.003745,0.345219,0.718823,0.001948,0.364978,0.726732,0.001226,0.320498,0.668027,0.009249,0.350651,0.662276,0.008654,0.368249,0.662479,0.006290,0.381507,0.663052,0.003581,0.312633,0.680904,0.004870,0.342653,0.710773,0.003532,0.348692,0.730966,0.000138,0.351483,0.740061,-0.003554,0.302798,0.699457,0.000275,0.325506,0.734334,0.001001,0.318819,0.738962,0.002327,0.311058,0.733005,0.001608,0.292539,0.718550,-0.004583,0.306344,0.747854,-0.000380,0.301131,0.748818,0.003246,0.295333,0.742430,0.004573,0.557375,0.726654,-0.000000,0.517859,0.730300,0.001617,0.483410,0.724877,-0.004242,0.459507,0.725251,-0.012030,0.442696,0.735793,-0.021055,0.481621,0.670023,-0.014452,0.465835,0.653930,-0.029505,0.449608,0.644638,-0.040017,0.436053,0.638095,-0.048348,0.493631,0.676452,-0.024859,0.467069,0.725365,-0.042272,0.476331,0.740818,-0.045226,0.486204,0.738755,-0.046864,0.510400,0.696827,-0.035505,0.486655,0.743091,-0.051979,0.497146,0.751446,-0.046178,0.506202,0.745822,-0.040796,0.527501,0.720279,-0.046097,0.508013,0.753531,-0.060824,0.512835,0.759195,-0.058973,0.517811,0.751896,-0.055810
-0.003601,-2.313572,-2.100275,0.046366,-2.439858,-1.920693,0.084835,-2.439755,-1.920909,0.114005,-2.438297,-1.919422,-0.061313,-2.436686,-1.943683,-0.094375,-2.434307,-1.943393,-0.131664,-2.428625,-1.944535,0.163134,-2.376182,-0.826399,-0.168237,-2.355637,-0.917797,0.068720,-2.178500,-1.698544,-0.062735,-2.175542,-1.727787,0.493790,-1.670801,-0.115061,-0.428579,-1.686348,-0.500577,0.950247,-0.811257,-1.494309,-0.790115,-0.757045,-1.786909,0.455734,-1.336430,-3.563601,-0.383062,-1.181403,-3.848156,0.358565,-1.441371,-3.974318,-0.242169,-1.281590,-4.247241,0.293617,-1.508387,-3.643926,-0.214257,-1.377809,-4.097629,0.294354,-1.483716,-3.490872,-0.223104,-1.353011,-3.833496,0.317427,0.006425,0.041192,-0.317427,-0.006425,-0.041192,0.254061,1.347472,0.034937,-0.337534,1.250188,-0.265910,0.236061,2.540142,1.136197,-0.330601,2.497552,0.462631,0.245094,2.701719,1.165526,-0.346903,2.675052,0.489233,0.142742,2.915424,-0.145451,-0.247862,2.870020,-0.907106,0.484036,0.365977,-0.000086,0.485593,0.362299,-0.005304,0.489558,0.358235,-0.011267,0.494866,0.352925,-0.016771,0.503396,0.348322,-0.021237,0.512230,0.348655,-0.022673,0.521213,0.345956,-0.022066,0.531186,0.348189,-0.018555,0.538080,0.351853,-0.013795,0.543397,0.354672,-0.008336,0.545978,0.357807,-0.003370,0.542662,0.361527,-0.007901,0.537992,0.365218,-0.013587,0.531314,0.369913,-0.017781,0.523288,0.373580,-0.021032,0.514494,0.375165,-0.021332,0.506001,0.375710,-0.020102,0.498223,0.374157,-0.016029,0.491801,0.371194,-0.011393,0.487327,0.368827,-0.005128,0.459082,0.267509,0.018089,0.460832,0.265764,0.015025,0.463045,0.263679,0.012661,0.466620,0.260828,0.010457,0.472144,0.258597,0.008571,0.477622,0.258194,0.008024,0.483430,0.259082,0.008941,0.487568,0.261650,0.010172,0.528766,0.258845,0.008802,0.530624,0.259629,0.008575,0.534075,0.260304,0.006883,0.539586,0.261417,0.005636,0.545425,0.261462,0.005592,0.551493,0.260143,0.007055,0.555511,0.258614,0.009127,0.558373,0.257229,0.011002,0.507014,0.248706,-0.007898,0.507122,0.259431,-0.013855,0.507239,0.269419,-0.020467,0.507288,0.278709,-0.027716,0.365372,0.789957,0.000000,0.422554,0.785641,-0.000331,0.460105,0.766040,-0.012102,0.487916,0.751335,-0.028260,0.491222,0.738105,-0.044398,0.451492,0.664770,-0.013420,0.491084,0.629961,-0.030503,0.517799,0.604462,-0.042017,0.537538,0.581481,-0.050938,0.431729,0.665197,-0.027082,0.487465,0.697789,-0.052001,0.477169,0.734525,-0.057295,0.458371,0.739849,-0.057460,0.416318,0.684780,-0.040756,0.469599,0.724476,-0.061103,0.457674,0.752972,-0.053809,0.440514,0.752979,-0.046208,0.405778,0.715574,-0.055348,0.448105,0.749597,-0.066543,0.442125,0.771549,-0.059484,0.428649,0.772151,-0.052740,0.703852,0.752222,-0.000000,0.649994,0.752869,-0.007814,0.611771,0.732462,-0.019763,0.587412,0.713384,-0.034335,0.587721,0.692915,-0.048606,0.615483,0.627383,-0.012320,0.586315,0.574500,-0.032438,0.566942,0.541043,-0.045845,0.551549,0.508937,-0.056912,0.641565,0.616717,-0.021284,0.593340,0.635685,-0.047237,0.604251,0.681263,-0.049363,0.623700,0.689804,-0.046472,0.665966,0.625428,-0.032414,0.619753,0.659394,-0.052937,0.628772,0.695587,-0.039372,0.645570,0.696369,-0.026694,0.686628,0.649199,-0.045594,0.648039,0.675019,-0.057491,0.650283,0.701913,-0.047781,0.663025,0.703330,-0.037969
0.000801,-2.232424,-1.900671,0.053901,-2.363497,-1.732145,0.091605,-2.364693,-1.732475,0.116073,-2.363565,-1.730885,-0.054095,-2.357936,-1.760972,-0.087083,-2.355404,-1.760700,-0.125583,-2.351521,-1.762062,0.166019,-2.307592,-0.666032,-0.168055,-2.295414,-0.780150,0.069111,-2.115558,-1.502158,-0.056850,-2.105552,-1.539058,0.482850,-1.622131,0.065459,-0.413515,-1.665137,-0.375729,0.928908,-0.759903,-1.143697,-0.801706,-0.727624,-1.606781,0.445081,-1.304083,-3.131489,-0.374587,-1.188796,-3.597394,0.336909,-1.408408,-3.514326,-0.227913,-1.278800,-3.986043,0.282975,-1.486048,-3.303731,-0.200291,-1.381272,-3.872984,0.287399,-1.462578,-3.092377,-0.210915,-1.359828,-3.588747,0.319749,0.005503,0.072414,-0.319749,-0.005503,-0.072414,0.278342,1.364034,0.084026,-0.326291,1.276955,-0.267802,0.257322,2.527983,1.138734,-0.313435,2.490268,0.433809,0.267987,2.681133,1.162157,-0.331831,2.661612,0.457010,0.169065,2.906802,-0.145272,-0.226479,2.859969,-0.936892,0.485475,0.364971,-0.000963,0.487141,0.361437,-0.006077,0.491300,0.357497,-0.011922,0.496870,0.352318,-0.017280,0.505612,0.347955,-0.021611,0.514515,0.348527,-0.022927,0.523529,0.346072,-0.022221,0.533413,0.348549,-0.018601,0.540226,0.352358,-0.013786,0.545449,0.355273,-0.008292,0.547899,0.358368,-0.003344,0.544505,0.361833,-0.008060,0.539757,0.365178,-0.013946,0.533037,0.369505,-0.018279,0.524995,0.372839,-0.021715,0.516255,0.374121,-0.022159,0.507777,0.374538,-0.021036,0.499937,0.372914,-0.017014,0.493412,0.369997,-0.012371,0.488833,0.367741,-0.006049,0.461831,0.266046,0.017860,0.463645,0.264322,0.014834,0.465912,0.262263,0.012500,0.469565,0.259478,0.010339,0.475158,0.257371,0.008537,0.480648,0.257089,0.008072,0.486465,0.258113,0.009051,0.490598,0.260794,0.010291,0.531920,0.259210,0.009553,0.533774,0.260059,0.009345,0.537243,0.260848,0.007683,0.542770,0.262127,0.006475,0.548643,0.262341,0.006502,0.554722,0.261183,0.008044,0.558737,0.259764,0.010201,0.561578,0.258472,0.012122,0.510561,0.248374,-0.007473,0.510603,0.259044,-0.013539,0.510683,0.269102,-0.020234,0.510699,0.278496,-0.027583,0.368316,0.771334,0.000000,0.429759,0.768252,0.001791,0.467280,0.748556,-0.008974,0.494199,0.733153,-0.024376,0.495513,0.720629,-0.039570,0.456042,0.647141,-0.011717,0.495403,0.617440,-0.029239,0.521697,0.593145,-0.041503,0.540388,0.570991,-0.050898,0.437448,0.648239,-0.026132,0.494632,0.685234,-0.050643,0.481488,0.718833,-0.055134,0.461643,0.720832,-0.054702,0.423316,0.668454,-0.040585,0.477611,0.712609,-0.060631,0.462991,0.738657,-0.053265,0.445443,0.736400,-0.045677,0.414194,0.700085,-0.055832,0.455797,0.737542,-0.066319,0.446917,0.756635,-0.059210,0.432705,0.754346,-0.052735,0.688769,0.737660,-0.000000,0.632771,0.737307,-0.007322,0.594649,0.713749,-0.019169,0.572382,0.691395,-0.034030,0.571174,0.666061,-0.048496,0.599371,0.607029,-0.009992,0.569613,0.555062,-0.029422,0.549476,0.521916,-0.041460,0.533746,0.491696,-0.051360,0.626107,0.596501,-0.019409,0.576445,0.613974,-0.045269,0.587806,0.661980,-0.046190,0.607866,0.668964,-0.042309,0.649879,0.603818,-0.031240,0.602234,0.635949,-0.052214,0.612302,0.674546,-0.037616,0.630106,0.673641,-0.024315,0.669726,0.624984,-0.045119,0.629785,0.648786,-0.057021,0.633565,0.675972,-0.046652,0.647789,0.675626,-0.036503
0.013380,-2.249120,-1.929493,0.066877,-2.381587,-1.754188,0.105195,-2.383737,-1.754539,0.130125,-2.384314,-1.752839,-0.042928,-2.379388,-1.780521,-0.077804,-2.378499,-1.780409,-0.116681,-2.375889,-1.781878,0.179490,-2.332722,-0.688522,-0.160322,-2.325518,-0.790473,0.081059,-2.136589,-1.537279,-0.047224,-2.120804,-1.569977,0.495070,-1.639706,-0.031503,-0.424442,-1.675292,-0.422951,0.944346,-0.769129,-1.331497,-0.810989,-0.724282,-1.735211,0.436211,-1.317782,-3.313575,-0.366753,-1.190534,-3.733176,0.328278,-1.433330,-3.701212,-0.217014,-1.295395,-4.119322,0.279137,-1.506356,-3.466973,-0.185982,-1.392640,-3.984362,0.281346,-1.478154,-3.262779,-0.197559,-1.365127,-3.712371,0.329406,0.006353,0.078128,-0.329406,-0.006353,-0.078128,0.283314,1.378649,0.131631,-0.335081,1.296067,-0.205102,0.252342,2.557348,1.255995,-0.331418,2.516978,0.563293,0.262920,2.711817,1.288226,-0.352688,2.690084,0.595315,0.158938,2.945435,-0.004024,-0.244344,2.893352,-0.783958,0.483562,0.363387,-0.001737,0.485321,0.359923,-0.006782,0.489647,0.356048,-0.012543,0.495430,0.350915,-0.017798,0.504386,0.346621,-0.021994,0.513423,0.347268,-0.023159,0.522481,0.344854,-0.022280,0.532317,0.347356,-0.018476,0.539065,0.351205,-0.013514,0.544196,0.354157,-0.007896,0.546584,0.357200,-0.002893,0.543149,0.360559,-0.007781,0.538389,0.363737,-0.013852,0.531676,0.367850,-0.018339,0.523651,0.370980,-0.021996,0.514951,0.372173,-0.022607,0.506445,0.372570,-0.021611,0.498500,0.371045,-0.017692,0.491798,0.368246,-0.013070,0.487048,0.366105,-0.006770,0.459917,0.264685,0.017102,0.461779,0.262947,0.014127,0.464082,0.260881,0.011829,0.467782,0.258082,0.009733,0.473429,0.256005,0.008026,0.478939,0.255754,0.007681,0.484805,0.256867,0.008755,0.488984,0.259637,0.010041,0.530446,0.258630,0.010225,0.532292,0.259496,0.010054,0.535751,0.260319,0.008438,0.541278,0.261648,0.007317,0.547146,0.261906,0.007443,0.553210,0.260775,0.009097,0.557197,0.259377,0.011344,0.559992,0.258118,0.013320,0.509415,0.247505,-0.007283,0.509560,0.257994,-0.013398,0.509755,0.267955,-0.020135,0.509882,0.277288,-0.027543,0.368306,0.784708,0.000000,0.431169,0.778139,-0.000338,0.469332,0.755052,-0.011746,0.495583,0.737269,-0.027486,0.492806,0.727974,-0.042961,0.453953,0.655788,-0.012752,0.493886,0.624508,-0.030071,0.520312,0.598833,-0.042193,0.539188,0.575799,-0.051719,0.435554,0.658997,-0.026171,0.492668,0.695861,-0.051209,0.480747,0.728008,-0.056238,0.462227,0.730366,-0.056244,0.422553,0.681269,-0.039747,0.477205,0.728387,-0.059910,0.462562,0.752799,-0.053290,0.445544,0.751036,-0.046334,0.414924,0.713985,-0.054403,0.457556,0.754357,-0.064987,0.446740,0.772792,-0.058816,0.431865,0.771098,-0.053172,0.662504,0.745117,-0.000000,0.626656,0.742572,-0.006365,0.591327,0.717378,-0.018379,0.570445,0.692681,-0.033143,0.575510,0.672114,-0.048637,0.600253,0.618204,-0.012565,0.574729,0.566244,-0.032550,0.552702,0.532442,-0.044781,0.537583,0.502609,-0.054281,0.625836,0.609739,-0.022990,0.578522,0.623440,-0.046477,0.588843,0.674239,-0.043756,0.607136,0.681828,-0.036783,0.649754,0.619250,-0.035828,0.603363,0.644217,-0.057661,0.610590,0.685732,-0.041583,0.627567,0.686433,-0.025762,0.670799,0.640910,-0.050198,0.629635,0.656211,-0.065111,0.630651,0.688025,-0.054125,0.645062,0.692306,-0.042450
-0.012871,-2.562430,-2.824689,0.037407,-2.691182,-2.615257,0.079017,-2.689938,-2.615241,0.110809,-2.686437,-2.613072,-0.075889,-2.687222,-2.686603,-0.113267,-2.681757,-2.686198,-0.150254,-2.673656,-2.688927,0.161763,-2.612999,-1.421269,-0.192454,-2.595030,-1.521637,0.065474,-2.413689,-2.345233,-0.073742,-2.410949,-2.428261,0.508049,-1.831138,-0.672022,-0.486260,-1.816419,-0.777288,0.777880,-1.000644,-0.865317,-0.776205,-0.998264,-1.124433,0.522871,-0.475445,-2.209200,-0.549475,-0.720798,-2.969259,0.519223,-0.243268,-2.571290,-0.462798,-0.539645,-3.427775,0.407892,-0.360090,-2.719925,-0.379090,-0.696412,-3.539884,0.388574,-0.461382,-2.313071,-0.394267,-0.765825,-3.067966,0.332310,0.005892,-0.092856,-0.332310,-0.005892,0.092856,0.273323,1.397825,-0.538732,-0.363785,1.329992,-0.803636,0.244646,2.748073,0.470781,-0.400494,2.720387,-0.248509,0.244434,2.948327,0.481287,-0.397882,2.948382,-0.249101,0.135634,3.162184,-0.989129,-0.328174,3.088892,-1.801749,0.481605,0.359998,-0.001051,0.483328,0.356662,-0.006204,0.487661,0.352826,-0.012154,0.493442,0.347752,-0.017582,0.502406,0.343398,-0.021938,0.511521,0.343866,-0.023228,0.520679,0.341271,-0.022497,0.530720,0.343445,-0.018824,0.537690,0.346996,-0.013890,0.543017,0.349662,-0.008264,0.545495,0.352493,-0.003281,0.541955,0.356052,-0.008089,0.537051,0.359444,-0.014201,0.530211,0.363700,-0.018715,0.522094,0.366957,-0.022371,0.513313,0.368357,-0.022905,0.504773,0.368884,-0.021750,0.496781,0.367537,-0.017554,0.490022,0.364869,-0.012743,0.485182,0.362738,-0.006222,0.457720,0.262729,0.018219,0.459501,0.260939,0.015194,0.461755,0.258801,0.012854,0.465414,0.255944,0.010675,0.471051,0.253803,0.008880,0.476588,0.253550,0.008427,0.482476,0.254634,0.009415,0.486698,0.257366,0.010637,0.528311,0.255622,0.009949,0.530167,0.256436,0.009740,0.533637,0.257164,0.008073,0.539192,0.258351,0.006852,0.545116,0.258504,0.006886,0.551228,0.257296,0.008470,0.555257,0.255847,0.010657,0.558078,0.254517,0.012616,0.506823,0.244967,-0.007338,0.506964,0.255349,-0.013508,0.507131,0.265240,-0.020287,0.507230,0.274518,-0.027753,0.000000,0.000000,0.000000,0.000000,0.000000,0.000000,0.000000,0.000000,0.000000,0.000000,0.000000,0.000000,0.000000,0.000000,0.000000,0.000000,0.000000,0.000000,0.000000,0.000000,0.000000,0.000000,0.000000,0.000000,0.000000,0.000000,0.000000,0.000000,0.000000,0.000000,0.000000,0.000000,0.000000,0.000000,0.000000,0.000000,0.000000,0.000000,0.000000,0.000000,0.000000,0.000000,0.000000,0.000000,0.000000,0.000000,0.000000,0.000000,0.000000,0.000000,0.000000,0.000000,0.000000,0.000000,0.000000,0.000000,0.000000,0.000000,0.000000,0.000000,0.000000,0.000000,0.000000,0.000000,0.000000,0.000000,0.000000,0.000000,0.000000,0.000000,0.000000,0.000000,0.000000,0.000000,0.000000,0.000000,0.000000,0.000000,0.000000,0.000000,0.000000,0.000000,0.000000,0.000000,0.000000,0.000000,0.000000,0.000000,0.000000,0.000000,0.000000,0.000000,0.000000,0.000000,0.000000,0.000000,0.000000,0.000000,0.000000,0.000000,0.000000,0.000000,0.000000,0.000000,0.000000,0.000000,0.000000,0.000000,0.000000,0.000000,0.000000,0.000000,0.000000,0.000000,0.000000,0.000000,0.000000,0.000000,0.000000,0.000000,0.000000,0.000000,0.000000,0.000000,0.000000,0.000000
-0.038593,-2.614238,-2.517720,0.013257,-2.737476,-2.361715,0.053787,-2.737108,-2.362524,0.091600,-2.734842,-2.362561,-0.096292,-2.731461,-2.364940,-0.132000,-2.728228,-2.365173,-0.165975,-2.721030,-2.366903,0.144825,-2.664879,-1.336358,-0.203923,-2.638565,-1.335652,0.049624,-2.459544,-2.127371,-0.096716,-2.461415,-2.129495,0.504089,-1.857557,-0.647056,-0.490441,-1.863234,-0.750770,0.681609,-1.016111,-0.680712,-0.775106,-1.056931,-1.200697,0.682718,-0.211109,-1.929915,-0.724470,-0.681682,-3.145905,0.715220,0.050972,-2.250555,-0.751886,-0.470719,-3.596603,0.624931,-0.004114,-2.473933,-0.632710,-0.593632,-3.730260,0.587459,-0.107693,-2.064261,-0.607575,-0.765105,-3.275732,0.321339,0.008500,-0.096255,-0.321339,-0.008500,0.096255,0.247696,1.428782,-0.368018,-0.381050,1.364459,-0.367664,0.231956,2.777311,0.774011,-0.395360,2.732051,0.313573,0.242754,2.984106,0.804418,-0.396058,2.949299,0.316708,0.113470,3.185820,-0.614810,-0.329799,3.123416,-1.150331,0.486635,0.362078,0.001074,0.488154,0.358521,-0.004403,0.492218,0.354482,-0.010710,0.497717,0.349070,-0.016541,0.506506,0.344263,-0.021341,0.515680,0.344369,-0.022913,0.524984,0.341291,-0.022422,0.535438,0.343145,-0.018838,0.542755,0.346497,-0.013909,0.548406,0.348991,-0.008219,0.551120,0.351880,-0.003044,0.547619,0.355774,-0.007642,0.542688,0.359660,-0.013522,0.535753,0.364587,-0.017861,0.527463,0.368546,-0.021145,0.518400,0.370418,-0.021353,0.509641,0.371230,-0.019990,0.501572,0.369928,-0.015662,0.494878,0.367129,-0.010757,0.490155,0.364873,-0.004157,0.460561,0.264153,0.018686,0.462380,0.262531,0.015441,0.464677,0.260525,0.012929,0.468362,0.257758,0.010579,0.473978,0.255483,0.008506,0.479500,0.254811,0.007870,0.485397,0.255126,0.008787,0.489593,0.257159,0.010068,0.532427,0.252547,0.008117,0.534332,0.253240,0.007891,0.537844,0.253856,0.006119,0.543498,0.254868,0.004806,0.549534,0.254786,0.004715,0.555835,0.253282,0.006163,0.560026,0.251624,0.008239,0.563016,0.250160,0.010159,0.509410,0.242800,-0.008843,0.509580,0.253755,-0.014781,0.509747,0.263934,-0.021459,0.509844,0.273417,-0.028792,0.000000,0.000000,0.000000,0.000000,0.000000,0.000000,0.000000,0.000000,0.000000,0.000000,0.000000,0.000000,0.000000,0.000000,0.000000,0.000000,0.000000,0.000000,0.000000,0.000000,0.000000,0.000000,0.000000,0.000000,0.000000,0.000000,0.000000,0.000000,0.000000,0.000000,0.000000,0.000000,0.000000,0.000000,0.000000,0.000000,0.000000,0.000000,0.000000,0.000000,0.000000,0.000000,0.000000,0.000000,0.000000,0.000000,0.000000,0.000000,0.000000,0.000000,0.000000,0.000000,0.000000,0.000000,0.000000,0.000000,0.000000,0.000000,0.000000,0.000000,0.000000,0.000000,0.000000,0.000000,0.000000,0.000000,0.000000,0.000000,0.000000,0.000000,0.000000,0.000000,0.000000,0.000000,0.000000,0.000000,0.000000,0.000000,0.000000,0.000000,0.000000,0.000000,0.000000,0.000000,0.000000,0.000000,0.000000,0.000000,0.000000,0.000000,0.000000,0.000000,0.000000,0.000000,0.000000,0.000000,0.000000,0.000000,0.000000,0.000000,0.000000,0.000000,0.000000,0.000000,0.000000,0.000000,0.000000,0.000000,0.000000,0.000000,0.000000,0.000000,0.000000,0.000000,0.000000,0.000000,0.000000,0.000000,0.000000,0.000000,0.000000,0.000000,0.000000,0.000000,0.000000,0.000000
-0.004136,-2.356327,-1.578168,0.044217,-2.467633,-1.476708,0.081118,-2.466727,-1.476604,0.112804,-2.464512,-1.477086,-0.056600,-2.460629,-1.504732,-0.088144,-2.457995,-1.504007,-0.119436,-2.452492,-1.505097,0.163336,-2.402019,-0.782975,-0.152743,-2.387878,-0.877195,0.075457,-2.219117,-1.312583,-0.058345,-2.218403,-1.337594,0.472538,-1.663898,-0.283078,-0.407621,-1.717300,-0.754619,0.632527,-0.916230,-0.154873,-0.598559,-0.887191,-0.774876,0.746362,-0.162522,-0.801099,-0.476569,-0.191231,-1.441445,0.838105,0.042944,-0.986560,-0.469055,0.035759,-1.649956,0.770917,0.043242,-1.144950,-0.376782,-0.004845,-1.787503,0.715404,-0.032138,-0.905072,-0.369554,-0.087769,-1.516366,0.296040,0.003183,-0.000494,-0.296040,-0.003183,0.000494,0.238131,1.349219,0.059898,-0.344025,1.347433,-0.053931,0.213660,2.561718,1.174943,-0.343862,2.543307,0.626175,0.223520,2.747148,1.223534,-0.357677,2.725620,0.660248,0.125087,2.949914,0.175267,-0.252079,2.927739,-0.543195,0.488206,0.363314,0.003007,0.489718,0.359809,-0.002817,0.493754,0.355884,-0.009451,0.499219,0.350599,-0.015593,0.508058,0.345982,-0.020645,0.517329,0.346208,-0.022294,0.526851,0.343098,-0.021937,0.537586,0.344875,-0.018263,0.545104,0.348083,-0.013186,0.550890,0.350408,-0.007323,0.553625,0.353219,-0.001862,0.549981,0.357225,-0.006357,0.544878,0.361338,-0.012162,0.537751,0.366558,-0.016468,0.529236,0.370714,-0.019675,0.519926,0.372646,-0.019757,0.511060,0.373342,-0.018313,0.502944,0.371815,-0.013901,0.496297,0.368715,-0.008943,0.491666,0.366229,-0.002248,0.461996,0.263530,0.018216,0.463844,0.262095,0.014844,0.466179,0.260272,0.012210,0.469940,0.257725,0.009731,0.475654,0.255590,0.007538,0.481239,0.254913,0.006790,0.487142,0.255013,0.007766,0.491286,0.256800,0.009113,0.535030,0.252042,0.006747,0.536923,0.252675,0.006508,0.540452,0.253281,0.004725,0.546184,0.254334,0.003378,0.552324,0.254273,0.003284,0.558800,0.252776,0.004715,0.563133,0.251101,0.006755,0.566243,0.249592,0.008665,0.511338,0.242830,-0.010758,0.511380,0.254053,-0.016492,0.511437,0.264530,-0.023021,0.511421,0.274305,-0.030172,0.000000,0.000000,0.000000,0.000000,0.000000,0.000000,0.000000,0.000000,0.000000,0.000000,0.000000,0.000000,0.000000,0.000000,0.000000,0.000000,0.000000,0.000000,0.000000,0.000000,0.000000,0.000000,0.000000,0.000000,0.000000,0.000000,0.000000,0.000000,0.000000,0.000000,0.000000,0.000000,0.000000,0.000000,0.000000,0.000000,0.000000,0.000000,0.000000,0.000000,0.000000,0.000000,0.000000,0.000000,0.000000,0.000000,0.000000,0.000000,0.000000,0.000000,0.000000,0.000000,0.000000,0.000000,0.000000,0.000000,0.000000,0.000000,0.000000,0.000000,0.000000,0.000000,0.000000,0.000000,0.000000,0.000000,0.000000,0.000000,0.000000,0.000000,0.000000,0.000000,0.000000,0.000000,0.000000,0.000000,0.000000,0.000000,0.000000,0.000000,0.000000,0.000000,0.000000,0.000000,0.000000,0.000000,0.000000,0.000000,0.000000,0.000000,0.000000,0.000000,0.000000,0.000000,0.000000,0.000000,0.000000,0.000000,0.000000,0.000000,0.000000,0.000000,0.000000,0.000000,0.000000,0.000000,0.000000,0.000000,0.000000,0.000000,0.000000,0.000000,0.000000,0.000000,0.000000,0.000000,0.000000,0.000000,0.000000,0.000000,0.000000,0.000000,0.000000,0.000000,0.000000,0.000000
-0.002457,-2.237191,-1.497165,0.040878,-2.341697,-1.396792,0.074967,-2.341051,-1.396810,0.104151,-2.339177,-1.397228,-0.054382,-2.331398,-1.426496,-0.083845,-2.326071,-1.425950,-0.114610,-2.319860,-1.427012,0.149381,-2.279122,-0.716215,-0.147989,-2.257564,-0.823142,0.071146,-2.108196,-1.236558,-0.057594,-2.103919,-1.264576,0.433130,-1.576239,-0.183649,-0.380750,-1.613265,-0.763500,0.573309,-0.838651,-0.008515,-0.556395,-0.828381,-0.729547,0.678451,-0.115689,-0.586748,-0.486680,-0.142847,-1.365739,0.746812,0.085363,-0.747261,-0.501722,0.074245,-1.564824,0.682927,0.093437,-0.908829,-0.410525,0.060899,-1.709294,0.635691,0.019206,-0.687794,-0.393554,-0.021811,-1.442790,0.277107,0.002069,0.069451,-0.277107,-0.002069,-0.069451,0.232467,1.282420,0.065390,-0.297627,1.276452,-0.095551,0.216825,2.435837,1.100735,-0.295796,2.423678,0.506861,0.223389,2.614578,1.146343,-0.317937,2.603427,0.531833,0.152414,2.789241,0.161304,-0.203475,2.772666,-0.593755,0.488431,0.353498,-0.000549,0.489990,0.349941,-0.005956,0.494253,0.345695,-0.012151,0.500070,0.340067,-0.017799,0.509248,0.335024,-0.022341,0.518744,0.335059,-0.023650,0.528284,0.331858,-0.022875,0.538929,0.333613,-0.018970,0.546353,0.336970,-0.013760,0.551955,0.339497,-0.007865,0.554513,0.342318,-0.002602,0.550883,0.346141,-0.007561,0.545850,0.349960,-0.013833,0.538819,0.354840,-0.018430,0.530385,0.358734,-0.022053,0.521253,0.360664,-0.022560,0.512350,0.361591,-0.021433,0.504016,0.360539,-0.017325,0.497047,0.358019,-0.012463,0.492125,0.356059,-0.005821,0.460706,0.254297,0.017820,0.462688,0.252858,0.014567,0.465173,0.251012,0.012064,0.469034,0.248435,0.009785,0.474767,0.246222,0.007850,0.480330,0.245412,0.007368,0.486370,0.245283,0.008524,0.490630,0.246858,0.009946,0.534616,0.242325,0.009609,0.536523,0.242941,0.009437,0.540048,0.243575,0.007713,0.545762,0.244653,0.006509,0.551897,0.244634,0.006619,0.558328,0.243215,0.008289,0.562584,0.241702,0.010548,0.565616,0.240407,0.012626,0.511494,0.232143,-0.008560,0.511823,0.243085,-0.014732,0.512166,0.253380,-0.021648,0.512441,0.263034,-0.029233,0.000000,0.000000,0.000000,0.000000,0.000000,0.000000,0.000000,0.000000,0.000000,0.000000,0.000000,0.000000,0.000000,0.000000,0.000000,0.000000,0.000000,0.000000,0.000000,0.000000,0.000000,0.000000,0.000000,0.000000,0.000000,0.000000,0.000000,0.000000,0.000000,0.000000,0.000000,0.000000,0.000000,0.000000,0.000000,0.000000,0.000000,0.000000,0.000000,0.000000,0.000000,0.000000,0.000000,0.000000,0.000000,0.000000,0.000000,0.000000,0.000000,0.000000,0.000000,0.000000,0.000000,0.000000,0.000000,0.000000,0.000000,0.000000,0.000000,0.000000,0.000000,0.000000,0.000000,0.000000,0.000000,0.000000,0.000000,0.000000,0.000000,0.000000,0.000000,0.000000,0.000000,0.000000,0.000000,0.000000,0.000000,0.000000,0.000000,0.000000,0.000000,0.000000,0.000000,0.000000,0.000000,0.000000,0.000000,0.000000,0.000000,0.000000,0.000000,0.000000,0.000000,0.000000,0.000000,0.000000,0.000000,0.000000,0.000000,0.000000,0.000000,0.000000,0.000000,0.000000,0.000000,0.000000,0.000000,0.000000,0.000000,0.000000,0.000000,0.000000,0.000000,0.000000,0.000000,0.000000,0.000000,0.000000,0.000000,0.000000,0.000000,0.000000,0.000000,0.000000,0.000000,0.000000
