-0.079063,-2.455916,-1.790455,-0.010054,-2.571036,-1.666562,0.024936,-2.564407,-1.666417,0.064019,-2.556961,-1.666353,-0.129381,-2.580168,-1.647295,-0.167181,-2.576638,-1.646628,-0.201665,-2.572207,-1.647354,0.138605,-2.464813,-0.993562,-0.224611,-2.489060,-0.885304,-0.007719,-2.305822,-1.550671,-0.155748,-2.302088,-1.523348,0.463953,-1.646552,-0.811406,-0.484045,-1.630914,-0.493515,0.696960,-0.576598,-0.798909,-0.731494,-0.866237,-0.575484,0.534761,0.142482,-1.168415,-0.597876,-0.342830,-1.561424,0.537218,0.388318,-1.366094,-0.568467,-0.207131,-1.755828,0.420600,0.346877,-1.403457,-0.505348,-0.296542,-1.841397,0.397439,0.252232,-1.205775,-0.492434,-0.335061,-1.628743,0.297860,-0.009024,-0.234346,-0.297860,0.009024,0.234346,0.270843,1.343754,-0.403214,-0.275686,1.354444,0.169678,0.257687,2.537467,0.768993,-0.247467,2.508844,0.831433,0.288234,2.719496,0.814136,-0.248945,2.689682,0.862453,0.122777,2.927984,-0.347700,-0.208875,2.899570,-0.353445,0.469769,0.412921,-0.001491,0.470882,0.408911,-0.006511,0.474417,0.404387,-0.012646,0.479588,0.398681,-0.018507,0.488177,0.393999,-0.023662,0.497043,0.394775,-0.026109,0.506671,0.392976,-0.026366,0.517373,0.396960,-0.024015,0.524725,0.402039,-0.020295,0.530465,0.406126,-0.015712,0.533102,0.410095,-0.011504,0.529260,0.413381,-0.015877,0.523823,0.416319,-0.021295,0.516262,0.420027,-0.025139,0.507560,0.422607,-0.027660,0.498388,0.423468,-0.027016,0.489947,0.423242,-0.024820,0.482536,0.421388,-0.019814,0.476713,0.418332,-0.014514,0.472766,0.415906,-0.007433,0.451201,0.319162,0.027735,0.453025,0.317372,0.024419,0.455318,0.315338,0.021814,0.459048,0.312760,0.019326,0.464643,0.310965,0.016920,0.470057,0.311007,0.015721,0.475823,0.311967,0.015912,0.479854,0.314339,0.016763,0.522899,0.313206,0.010098,0.524960,0.314327,0.009623,0.528588,0.315391,0.007500,0.534246,0.316962,0.005580,0.540413,0.317482,0.004899,0.546958,0.316661,0.005871,0.551356,0.315365,0.007734,0.554550,0.314140,0.009499,0.499337,0.299098,-0.003334,0.498336,0.309628,-0.010219,0.497338,0.318819,-0.017705,0.496322,0.327246,-0.025876,0.000000,0.000000,0.000000,0.000000,0.000000,0.000000,0.000000,0.000000,0.000000,0.000000,0.000000,0.000000,0.000000,0.000000,0.000000,0.000000,0.000000,0.000000,0.000000,0.000000,0.000000,0.000000,0.000000,0.000000,0.000000,0.000000,0.000000,0.000000,0.000000,0.000000,0.000000,0.000000,0.000000,0.000000,0.000000,0.000000,0.000000,0.000000,0.000000,0.000000,0.000000,0.000000,0.000000,0.000000,0.000000,0.000000,0.000000,0.000000,0.000000,0.000000,0.000000,0.000000,0.000000,0.000000,0.000000,0.000000,0.000000,0.000000,0.000000,0.000000,0.000000,0.000000,0.000000,0.000000,0.000000,0.000000,0.000000,0.000000,0.000000,0.000000,0.000000,0.000000,0.000000,0.000000,0.000000,0.000000,0.000000,0.000000,0.000000,0.000000,0.000000,0.000000,0.000000,0.000000,0.000000,0.000000,0.000000,0.000000,0.000000,0.000000,0.000000,0.000000,0.000000,0.000000,0.000000,0.000000,0.000000,0.000000,0.000000,0.000000,0.000000,0.000000,0.000000,0.000000,0.000000,0.000000,0.000000,0.000000,0.000000,0.000000,0.000000,0.000000,0.000000,0.000000,0.000000,0.000000,0.000000,0.000000,0.000000,0.000000,0.000000,0.000000,0.000000,0.000000,0.000000,0.000000
-0.089887,-2.521230,-1.866123,-0.015328,-2.643224,-1.770936,0.027202,-2.634809,-1.770861,0.060307,-2.623837,-1.770924,-0.137306,-2.652657,-1.739576,-0.175009,-2.653231,-1.738983,-0.206377,-2.651482,-1.739620,0.133936,-2.539288,-1.092007,-0.222903,-2.572024,-0.909294,-0.008422,-2.357012,-1.612173,-0.162533,-2.354627,-1.561056,0.474488,-1.713286,-0.773521,-0.493373,-1.729868,-0.523998,0.669367,-0.903686,-0.812194,-0.741103,-0.945637,-0.979977,0.646797,-0.104521,-1.330632,-0.481140,-0.824852,-2.431670,0.667743,0.131500,-1.517969,-0.402633,-0.775783,-2.690239,0.557958,0.065873,-1.566067,-0.390517,-0.975771,-2.666233,0.527529,-0.023677,-1.373537,-0.381477,-0.989421,-2.458685,0.315558,-0.003373,-0.216470,-0.315558,0.003373,0.216470,0.272380,1.376478,-0.252792,-0.332937,1.378651,0.241968,0.230094,2.605564,1.087317,-0.332860,2.588775,1.084704,0.247053,2.784886,1.150372,-0.339056,2.775103,1.138653,0.112879,3.027806,-0.045266,-0.283721,2.994413,-0.133581,0.467698,0.418912,-0.000007,0.469222,0.415495,-0.005217,0.473182,0.411717,-0.011395,0.478598,0.406743,-0.017186,0.487343,0.402701,-0.022193,0.496185,0.403679,-0.024223,0.505513,0.401764,-0.024190,0.515825,0.405003,-0.021271,0.522830,0.409280,-0.017037,0.528284,0.412543,-0.012005,0.530836,0.415847,-0.007426,0.527072,0.419063,-0.011871,0.521823,0.422034,-0.017488,0.514548,0.425799,-0.021541,0.506089,0.428470,-0.024390,0.497091,0.429296,-0.024218,0.488617,0.429183,-0.022436,0.481039,0.427219,-0.017689,0.474976,0.424127,-0.012542,0.470806,0.421742,-0.005634,0.448948,0.321400,0.023504,0.450667,0.319888,0.020268,0.452941,0.318036,0.017716,0.456661,0.315608,0.015281,0.462316,0.313938,0.013041,0.467862,0.313977,0.012093,0.473640,0.315084,0.012597,0.477652,0.317638,0.013657,0.520180,0.317313,0.008828,0.522061,0.318204,0.008498,0.525513,0.319017,0.006542,0.531032,0.320391,0.004839,0.537035,0.320830,0.004403,0.543378,0.319955,0.005563,0.547676,0.318780,0.007447,0.550801,0.317618,0.009243,0.497484,0.305094,-0.005999,0.496705,0.316042,-0.012413,0.495949,0.325881,-0.019489,0.495205,0.335026,-0.027230,0.000000,0.000000,0.000000,0.000000,0.000000,0.000000,0.000000,0.000000,0.000000,0.000000,0.000000,0.000000,0.000000,0.000000,0.000000,0.000000,0.000000,0.000000,0.000000,0.000000,0.000000,0.000000,0.000000,0.000000,0.000000,0.000000,0.000000,0.000000,0.000000,0.000000,0.000000,0.000000,0.000000,0.000000,0.000000,0.000000,0.000000,0.000000,0.000000,0.000000,0.000000,0.000000,0.000000,0.000000,0.000000,0.000000,0.000000,0.000000,0.000000,0.000000,0.000000,0.000000,0.000000,0.000000,0.000000,0.000000,0.000000,0.000000,0.000000,0.000000,0.000000,0.000000,0.000000,0.000000,0.000000,0.000000,0.000000,0.000000,0.000000,0.000000,0.000000,0.000000,0.000000,0.000000,0.000000,0.000000,0.000000,0.000000,0.000000,0.000000,0.000000,0.000000,0.000000,0.000000,0.000000,0.000000,0.000000,0.000000,0.000000,0.000000,0.000000,0.000000,0.000000,0.000000,0.000000,0.000000,0.000000,0.000000,0.000000,0.000000,0.000000,0.000000,0.000000,0.000000,0.000000,0.000000,0.000000,0.000000,0.000000,0.000000,0.000000,0.000000,0.000000,0.000000,0.000000,0.000000,0.000000,0.000000,0.000000,0.000000,0.000000,0.000000,0.000000,0.000000,0.000000,0.000000
-0.098881,-2.523996,-1.839368,-0.027975,-2.656763,-1.762384,0.016424,-2.652905,-1.761973,0.050801,-2.648586,-1.762150,-0.150899,-2.654864,-1.730053,-0.190444,-2.650018,-1.728972,-0.217781,-2.646366,-1.729127,0.115406,-2.576663,-1.099016,-0.234852,-2.570767,-0.914374,-0.014385,-2.377396,-1.587421,-0.172599,-2.365350,-1.534464,0.486107,-1.758082,-0.727368,-0.502889,-1.773796,-0.580374,0.686296,-0.891216,-0.678305,-0.728498,-0.969014,-1.104991,0.740360,-0.069310,-1.163510,-0.495792,-0.892089,-2.715555,0.791421,0.162495,-1.342663,-0.457241,-0.957449,-3.009957,0.685135,0.123338,-1.448549,-0.416593,-1.098179,-2.996986,0.644086,0.035222,-1.231522,-0.402875,-1.102239,-2.759487,0.322594,-0.002489,-0.146473,-0.322594,0.002489,0.146473,0.277566,1.396265,0.055336,-0.340002,1.398706,0.440536,0.238664,2.620116,1.538279,-0.333638,2.607837,1.541445,0.256955,2.798310,1.617360,-0.339916,2.799191,1.624008,0.128336,3.042690,0.451540,-0.270836,3.018888,0.345529,0.472356,0.430297,0.001228,0.473791,0.426745,-0.004063,0.477481,0.422955,-0.010060,0.482571,0.417960,-0.015670,0.490862,0.413919,-0.020458,0.499415,0.414731,-0.022245,0.508337,0.412677,-0.022020,0.518152,0.415716,-0.018842,0.524880,0.419852,-0.014480,0.530063,0.423015,-0.009328,0.532574,0.426355,-0.004456,0.529250,0.429616,-0.008733,0.524533,0.432748,-0.013950,0.517825,0.436848,-0.017728,0.509789,0.439969,-0.020347,0.501037,0.441064,-0.020200,0.492764,0.441060,-0.018758,0.485360,0.439039,-0.014656,0.479413,0.435749,-0.010100,0.475351,0.433204,-0.003865,0.450799,0.332985,0.019594,0.452505,0.331393,0.016407,0.454701,0.329494,0.013909,0.458318,0.326962,0.011518,0.463895,0.325111,0.009387,0.469354,0.324954,0.008578,0.475031,0.325937,0.009293,0.479020,0.328498,0.010474,0.520586,0.326903,0.007126,0.522455,0.327804,0.006847,0.525890,0.328648,0.005085,0.531399,0.330041,0.003633,0.537324,0.330363,0.003400,0.543518,0.329203,0.004644,0.547643,0.327721,0.006555,0.550599,0.326294,0.008297,0.498556,0.316022,-0.008390,0.498152,0.326821,-0.014111,0.497753,0.336702,-0.020570,0.497321,0.345906,-0.027657,0.000000,0.000000,0.000000,0.000000,0.000000,0.000000,0.000000,0.000000,0.000000,0.000000,0.000000,0.000000,0.000000,0.000000,0.000000,0.000000,0.000000,0.000000,0.000000,0.000000,0.000000,0.000000,0.000000,0.000000,0.000000,0.000000,0.000000,0.000000,0.000000,0.000000,0.000000,0.000000,0.000000,0.000000,0.000000,0.000000,0.000000,0.000000,0.000000,0.000000,0.000000,0.000000,0.000000,0.000000,0.000000,0.000000,0.000000,0.000000,0.000000,0.000000,0.000000,0.000000,0.000000,0.000000,0.000000,0.000000,0.000000,0.000000,0.000000,0.000000,0.000000,0.000000,0.000000,0.000000,0.000000,0.000000,0.000000,0.000000,0.000000,0.000000,0.000000,0.000000,0.000000,0.000000,0.000000,0.000000,0.000000,0.000000,0.000000,0.000000,0.000000,0.000000,0.000000,0.000000,0.000000,0.000000,0.000000,0.000000,0.000000,0.000000,0.000000,0.000000,0.000000,0.000000,0.000000,0.000000,0.000000,0.000000,0.000000,0.000000,0.000000,0.000000,0.000000,0.000000,0.000000,0.000000,0.000000,0.000000,0.000000,0.000000,0.000000,0.000000,0.000000,0.000000,0.000000,0.000000,0.000000,0.000000,0.000000,0.000000,0.000000,0.000000,0.000000,0.000000,0.000000,0.000000
-0.102136,-2.608446,-2.033243,-0.039557,-2.743063,-1.924103,-0.000771,-2.739954,-1.924053,0.029213,-2.733926,-1.924531,-0.161398,-2.738543,-1.921896,-0.197539,-2.731775,-1.920925,-0.234214,-2.722681,-1.921549,0.094051,-2.657843,-1.126701,-0.266377,-2.646734,-1.067612,-0.016836,-2.459935,-1.728656,-0.180828,-2.447842,-1.721268,0.476136,-1.847944,-0.705656,-0.523350,-1.829927,-0.690795,0.671884,-0.928771,-0.638666,-0.770508,-1.017067,-1.098936,0.726505,-0.066730,-1.208624,-0.554309,-0.669781,-2.575043,0.782947,0.182927,-1.427765,-0.523888,-0.569774,-2.897586,0.674911,0.150916,-1.571362,-0.442040,-0.673136,-2.962240,0.632415,0.057116,-1.296987,-0.438540,-0.696924,-2.651319,0.331033,-0.009258,-0.124006,-0.331033,0.009258,0.124006,0.288911,1.473822,-0.172755,-0.360551,1.481610,0.073428,0.254427,2.806241,1.124305,-0.339850,2.785846,0.872966,0.270253,2.998001,1.177601,-0.341473,2.980659,0.916061,0.134643,3.245141,-0.109062,-0.269092,3.211185,-0.471617,0.494792,0.432398,-0.000317,0.496185,0.429087,-0.005200,0.499930,0.425365,-0.010768,0.505062,0.420362,-0.015977,0.513097,0.416161,-0.020272,0.521360,0.416657,-0.021734,0.529806,0.414439,-0.021243,0.539161,0.417099,-0.017965,0.545706,0.420887,-0.013637,0.550698,0.423774,-0.008572,0.553079,0.426758,-0.003932,0.549879,0.429892,-0.008280,0.545337,0.432763,-0.013623,0.538946,0.436556,-0.017504,0.531367,0.439526,-0.020405,0.523161,0.440691,-0.020557,0.515305,0.441065,-0.019352,0.508084,0.439630,-0.015552,0.502079,0.437018,-0.011158,0.497907,0.434995,-0.005147,0.472606,0.340201,0.017924,0.474319,0.338482,0.014985,0.476459,0.336484,0.012663,0.479934,0.333850,0.010505,0.485258,0.331902,0.008635,0.490467,0.331685,0.008033,0.495954,0.332720,0.008807,0.499875,0.335330,0.009969,0.539500,0.333370,0.008148,0.541321,0.334236,0.007930,0.544666,0.335023,0.006290,0.549949,0.336250,0.005035,0.555589,0.336430,0.004962,0.561437,0.335158,0.006298,0.565305,0.333649,0.008277,0.568041,0.332287,0.010043,0.518681,0.322662,-0.007236,0.518563,0.332893,-0.012833,0.518486,0.342262,-0.019113,0.518338,0.350935,-0.026019,0.000000,0.000000,0.000000,0.000000,0.000000,0.000000,0.000000,0.000000,0.000000,0.000000,0.000000,0.000000,0.000000,0.000000,0.000000,0.000000,0.000000,0.000000,0.000000,0.000000,0.000000,0.000000,0.000000,0.000000,0.000000,0.000000,0.000000,0.000000,0.000000,0.000000,0.000000,0.000000,0.000000,0.000000,0.000000,0.000000,0.000000,0.000000,0.000000,0.000000,0.000000,0.000000,0.000000,0.000000,0.000000,0.000000,0.000000,0.000000,0.000000,0.000000,0.000000,0.000000,0.000000,0.000000,0.000000,0.000000,0.000000,0.000000,0.000000,0.000000,0.000000,0.000000,0.000000,0.000000,0.000000,0.000000,0.000000,0.000000,0.000000,0.000000,0.000000,0.000000,0.000000,0.000000,0.000000,0.000000,0.000000,0.000000,0.000000,0.000000,0.000000,0.000000,0.000000,0.000000,0.000000,0.000000,0.000000,0.000000,0.000000,0.000000,0.000000,0.000000,0.000000,0.000000,0.000000,0.000000,0.000000,0.000000,0.000000,0.000000,0.000000,0.000000,0.000000,0.000000,0.000000,0.000000,0.000000,0.000000,0.000000,0.000000,0.000000,0.000000,0.000000,0.000000,0.000000,0.000000,0.000000,0.000000,0.000000,0.000000,0.000000,0.000000,0.000000,0.000000,0.000000,0.000000
-0.082163,-2.651892,-1.968476,-0.018832,-2.790755,-1.866965,0.019299,-2.788491,-1.866782,0.049474,-2.783637,-1.866518,-0.140688,-2.782720,-1.836605,-0.178931,-2.774816,-1.835512,-0.215017,-2.765463,-1.836108,0.116409,-2.709289,-1.066779,-0.250926,-2.692859,-0.889045,0.001373,-2.506913,-1.670796,-0.158013,-2.491117,-1.619964,0.505529,-1.885345,-0.554453,-0.494334,-1.892277,-0.550368,0.703796,-0.916851,-0.606402,-0.760377,-0.845285,-1.495324,0.784507,-0.035001,-1.626829,-0.612209,-1.247881,-3.826078,0.848984,0.236952,-1.882134,-0.544565,-1.470988,-4.261795,0.732569,0.183688,-2.011895,-0.544652,-1.606014,-4.243529,0.671959,0.089920,-1.717973,-0.536814,-1.531732,-3.874383,0.350231,-0.001100,-0.090231,-0.350231,0.001100,0.090231,0.293586,1.495603,-0.103195,-0.367649,1.485520,0.070963,0.256713,2.844865,1.269575,-0.369387,2.795500,1.003777,0.273956,3.039179,1.321446,-0.384853,2.975186,1.060911,0.148792,3.263261,0.013226,-0.290793,3.237658,-0.364210,0.504428,0.431813,-0.001357,0.505690,0.428366,-0.006097,0.509191,0.424475,-0.011492,0.514077,0.419339,-0.016530,0.521941,0.415048,-0.020761,0.530045,0.415491,-0.022304,0.538430,0.413376,-0.021870,0.547694,0.416175,-0.018802,0.554065,0.420181,-0.014689,0.558901,0.423265,-0.009862,0.561186,0.426418,-0.005382,0.558047,0.429353,-0.009725,0.553615,0.432087,-0.014910,0.547361,0.435741,-0.018685,0.539888,0.438629,-0.021444,0.531775,0.439793,-0.021501,0.524075,0.440137,-0.020260,0.517049,0.438732,-0.016443,0.511314,0.436198,-0.012122,0.507357,0.434249,-0.006235,0.482587,0.342573,0.019057,0.484281,0.340924,0.016152,0.486402,0.339006,0.013868,0.489840,0.336473,0.011719,0.495080,0.334567,0.009864,0.500174,0.334293,0.009241,0.505538,0.335078,0.009992,0.509347,0.337375,0.011083,0.548812,0.335133,0.008937,0.550614,0.335964,0.008686,0.553875,0.336682,0.007013,0.559042,0.337866,0.005705,0.564601,0.338086,0.005582,0.570399,0.336956,0.006893,0.574229,0.335604,0.008828,0.576957,0.334353,0.010594,0.528004,0.324956,-0.006161,0.527780,0.334482,-0.011938,0.527600,0.343381,-0.018340,0.527358,0.351719,-0.025386,0.356338,0.846295,0.000000,0.387640,0.823910,-0.015150,0.411131,0.784344,-0.023295,0.391388,0.763062,-0.030841,0.363359,0.775876,-0.039296,0.397206,0.712264,-0.014466,0.411173,0.656632,-0.026622,0.418694,0.619101,-0.036701,0.424093,0.589030,-0.043969,0.370583,0.706874,-0.017481,0.376186,0.645643,-0.027415,0.379229,0.604043,-0.037419,0.381735,0.570973,-0.044328,0.347856,0.716305,-0.022296,0.347377,0.657342,-0.032821,0.348830,0.618725,-0.042727,0.350993,0.587017,-0.049092,0.325664,0.738305,-0.028453,0.318208,0.697723,-0.037958,0.315090,0.669015,-0.042254,0.313666,0.641854,-0.044854,0.000000,0.000000,0.000000,0.000000,0.000000,0.000000,0.000000,0.000000,0.000000,0.000000,0.000000,0.000000,0.000000,0.000000,0.000000,0.000000,0.000000,0.000000,0.000000,0.000000,0.000000,0.000000,0.000000,0.000000,0.000000,0.000000,0.000000,0.000000,0.000000,0.000000,0.000000,0.000000,0.000000,0.000000,0.000000,0.000000,0.000000,0.000000,0.000000,0.000000,0.000000,0.000000,0.000000,0.000000,0.000000,0.000000,0.000000,0.000000,0.000000,0.000000,0.000000,0.000000,0.000000,0.000000,0.000000,0.000000,0.000000,0.000000,0.000000,0.000000,0.000000,0.000000,0.000000
-0.015336,-2.615014,-2.320777,0.043779,-2.751971,-2.195663,0.080258,-2.747164,-2.195901,0.111902,-2.742082,-2.195476,-0.074655,-2.749635,-2.184740,-0.112181,-2.743751,-2.184401,-0.146812,-2.737350,-2.185484,0.172824,-2.672013,-1.252185,-0.194959,-2.661321,-1.180785,0.064138,-2.464014,-1.968223,-0.091554,-2.457857,-1.947901,0.521936,-1.855023,-0.551304,-0.454268,-1.898086,-0.763828,0.748042,-0.897292,-0.517749,-0.767448,-0.838316,-1.804483,0.817247,-0.015662,-1.596930,-0.572359,-1.281609,-4.175001,0.871104,0.251530,-1.832505,-0.508598,-1.485043,-4.639786,0.764832,0.201066,-2.023520,-0.493807,-1.621753,-4.636562,0.704517,0.111559,-1.708512,-0.474641,-1.546378,-4.224566,0.345676,0.003404,-0.034594,-0.345676,-0.003404,0.034594,0.289035,1.487776,-0.038196,-0.357512,1.453862,-0.119776,0.265704,2.839434,1.235773,-0.346134,2.779912,0.712119,0.279076,3.032610,1.280753,-0.356881,2.960639,0.750579,0.173877,3.247308,-0.064711,-0.279901,3.202419,-0.741574,0.506325,0.434547,-0.000287,0.507646,0.431205,-0.005095,0.511162,0.427534,-0.010527,0.516026,0.422674,-0.015590,0.523899,0.418603,-0.019810,0.532012,0.419056,-0.021276,0.540322,0.416915,-0.020848,0.549471,0.419450,-0.017708,0.555746,0.423156,-0.013493,0.560531,0.425984,-0.008583,0.562811,0.429004,-0.004049,0.559720,0.432122,-0.008247,0.555368,0.435100,-0.013353,0.549205,0.438977,-0.017092,0.541812,0.442016,-0.019839,0.533743,0.443230,-0.019929,0.526012,0.443508,-0.018748,0.518979,0.441960,-0.015021,0.513240,0.439233,-0.010782,0.509273,0.437105,-0.005011,0.484517,0.345307,0.017723,0.486182,0.343815,0.014821,0.488280,0.342037,0.012550,0.491672,0.339652,0.010424,0.496839,0.337840,0.008593,0.501878,0.337557,0.007981,0.507183,0.338247,0.008769,0.510927,0.340408,0.009914,0.549645,0.338308,0.007971,0.551390,0.339086,0.007749,0.554586,0.339791,0.006135,0.559682,0.340963,0.004882,0.565152,0.341166,0.004788,0.570850,0.340045,0.006090,0.574622,0.338717,0.007986,0.577313,0.337503,0.009708,0.529386,0.328317,-0.007075,0.529249,0.338086,-0.012601,0.529150,0.347136,-0.018767,0.528997,0.355577,-0.025545,0.359253,0.842930,0.000000,0.395030,0.818539,-0.015421,0.420003,0.769521,-0.020916,0.398323,0.742500,-0.025650,0.367803,0.755474,-0.031102,0.402118,0.699061,-0.011095,0.415976,0.642497,-0.020458,0.422423,0.605477,-0.028943,0.426793,0.574836,-0.035835,0.374428,0.693508,-0.013386,0.380661,0.629401,-0.020667,0.384262,0.587820,-0.029203,0.386459,0.555235,-0.035853,0.351322,0.702627,-0.017762,0.352149,0.642365,-0.025893,0.355386,0.603469,-0.035751,0.358301,0.571243,-0.042999,0.328986,0.724186,-0.023788,0.323055,0.682603,-0.031408,0.320468,0.653575,-0.036218,0.318591,0.625790,-0.040200,0.000000,0.000000,0.000000,0.000000,0.000000,0.000000,0.000000,0.000000,0.000000,0.000000,0.000000,0.000000,0.000000,0.000000,0.000000,0.000000,0.000000,0.000000,0.000000,0.000000,0.000000,0.000000,0.000000,0.000000,0.000000,0.000000,0.000000,0.000000,0.000000,0.000000,0.000000,0.000000,0.000000,0.000000,0.000000,0.000000,0.000000,0.000000,0.000000,0.000000,0.000000,0.000000,0.000000,0.000000,0.000000,0.000000,0.000000,0.000000,0.000000,0.000000,0.000000,0.000000,0.000000,0.000000,0.000000,0.000000,0.000000,0.000000,0.000000,0.000000,0.000000,0.000000,0.000000
-0.018504,-2.586510,-2.569355,0.040862,-2.729347,-2.438298,0.079866,-2.724015,-2.438511,0.109884,-2.719314,-2.438023,-0.076462,-2.730104,-2.436438,-0.112876,-2.727803,-2.436198,-0.147894,-2.724980,-2.437236,0.170522,-2.653222,-1.449916,-0.191605,-2.650084,-1.421400,0.062791,-2.434101,-2.197912,-0.092766,-2.430106,-2.189854,0.517517,-1.845699,-0.677886,-0.455761,-1.841547,-0.907317,0.743576,-0.909475,-0.587851,-0.757164,-0.821438,-1.797094,0.787932,-0.040941,-1.729876,-0.559658,-1.155879,-4.173326,0.826677,0.218546,-1.976802,-0.500068,-1.395734,-4.642428,0.726324,0.165669,-2.154747,-0.479768,-1.514138,-4.652008,0.670136,0.077353,-1.837134,-0.458912,-1.450406,-4.227353,0.342077,-0.000276,-0.043172,-0.342077,0.000276,0.043172,0.291964,1.487945,-0.070835,-0.347686,1.466829,-0.134480,0.272597,2.841366,1.268775,-0.338081,2.805357,0.719311,0.285652,3.034687,1.313670,-0.348227,2.989627,0.757225,0.179382,3.252402,-0.085669,-0.270788,3.231266,-0.780027,0.504631,0.436569,0.000065,0.505980,0.433240,-0.004850,0.509472,0.429595,-0.010354,0.514257,0.424737,-0.015465,0.522059,0.420630,-0.019734,0.530153,0.421034,-0.021230,0.538425,0.418700,-0.020812,0.547587,0.420989,-0.017656,0.553898,0.424504,-0.013404,0.558748,0.427186,-0.008462,0.561137,0.430113,-0.003865,0.558052,0.433345,-0.008020,0.553694,0.436515,-0.013104,0.547541,0.440576,-0.016823,0.540150,0.443769,-0.019554,0.532051,0.445140,-0.019630,0.524281,0.445494,-0.018425,0.517240,0.443984,-0.014675,0.511523,0.441255,-0.010430,0.507576,0.439101,-0.004666,0.481935,0.346184,0.017640,0.483528,0.344649,0.014750,0.485569,0.342798,0.012473,0.488919,0.340307,0.010309,0.494121,0.338431,0.008465,0.499256,0.338165,0.007861,0.504657,0.339004,0.008632,0.508487,0.341339,0.009766,0.547166,0.339012,0.007720,0.548899,0.339757,0.007496,0.552099,0.340386,0.005882,0.557232,0.341475,0.004614,0.562738,0.341588,0.004511,0.568463,0.340358,0.005814,0.572266,0.338931,0.007696,0.574972,0.337619,0.009432,0.526801,0.329581,-0.007419,0.526706,0.339423,-0.012903,0.526633,0.348541,-0.019048,0.526522,0.357083,-0.025806,0.370276,0.886176,0.000000,0.402350,0.860901,-0.017310,0.427310,0.824674,-0.028396,0.432860,0.797635,-0.038940,0.428295,0.783661,-0.050166,0.402335,0.750294,-0.023697,0.411285,0.691781,-0.040653,0.415980,0.656076,-0.053422,0.419776,0.625254,-0.062424,0.376030,0.751089,-0.027636,0.376741,0.687281,-0.042207,0.376463,0.648114,-0.053674,0.376888,0.616446,-0.062149,0.352994,0.766538,-0.033442,0.348090,0.707103,-0.047362,0.345874,0.671228,-0.056706,0.346617,0.639449,-0.063468,0.331845,0.793576,-0.040933,0.319065,0.754604,-0.054872,0.312061,0.727609,-0.061173,0.308519,0.699778,-0.065267,0.000000,0.000000,0.000000,0.000000,0.000000,0.000000,0.000000,0.000000,0.000000,0.000000,0.000000,0.000000,0.000000,0.000000,0.000000,0.000000,0.000000,0.000000,0.000000,0.000000,0.000000,0.000000,0.000000,0.000000,0.000000,0.000000,0.000000,0.000000,0.000000,0.000000,0.000000,0.000000,0.000000,0.000000,0.000000,0.000000,0.000000,0.000000,0.000000,0.000000,0.000000,0.000000,0.000000,0.000000,0.000000,0.000000,0.000000,0.000000,0.000000,0.000000,0.000000,0.000000,0.000000,0.000000,0.000000,0.000000,0.000000,0.000000,0.000000,0.000000,0.000000,0.000000,0.000000
-0.102223,-2.653114,-2.431445,-0.041045,-2.788341,-2.286376,0.001766,-2.783417,-2.287061,0.035729,-2.777929,-2.287339,-0.158724,-2.786600,-2.275071,-0.194399,-2.783429,-2.274556,-0.230456,-2.778835,-2.275154,0.094212,-2.708823,-1.306161,-0.265604,-2.701135,-1.252091,-0.009825,-2.492484,-2.071517,-0.174615,-2.489370,-2.055116,0.456647,-1.876894,-0.752798,-0.543342,-1.877246,-0.749953,0.684911,-0.998664,-0.783512,-0.782926,-1.036985,-1.681168,0.775063,-0.111647,-1.636467,-0.510723,-0.991194,-3.861612,0.856001,0.153762,-1.881671,-0.436037,-1.018906,-4.283690,0.752483,0.130051,-2.070183,-0.456391,-1.141883,-4.268170,0.703921,0.029441,-1.741163,-0.434703,-1.139828,-3.919836,0.329986,-0.007162,-0.128496,-0.329986,0.007162,0.128496,0.298599,1.528369,-0.365207,-0.334174,1.527781,-0.097584,0.294712,2.939512,0.906409,-0.301380,2.916887,0.665412,0.310750,3.148386,0.942482,-0.301739,3.124402,0.685606,0.192960,3.356859,-0.537393,-0.233284,3.330066,-0.878040,0.502853,0.439809,0.000670,0.504176,0.436447,-0.004296,0.507571,0.432792,-0.009792,0.512266,0.427927,-0.014900,0.519964,0.423842,-0.019204,0.527982,0.424264,-0.020724,0.536214,0.421992,-0.020327,0.545279,0.424378,-0.017171,0.551489,0.427968,-0.012962,0.556222,0.430695,-0.008047,0.558517,0.433672,-0.003360,0.555533,0.436792,-0.007452,0.551267,0.439891,-0.012333,0.545197,0.443955,-0.015868,0.537861,0.447177,-0.018341,0.529797,0.448534,-0.018312,0.522105,0.448842,-0.017171,0.515137,0.447260,-0.013654,0.509512,0.444461,-0.009592,0.505686,0.442308,-0.003983,0.479944,0.348703,0.017008,0.481573,0.347250,0.014041,0.483639,0.345489,0.011718,0.487025,0.343103,0.009530,0.492234,0.341249,0.007620,0.497360,0.340912,0.006975,0.502749,0.341575,0.007775,0.506561,0.343765,0.008971,0.545440,0.341172,0.006900,0.547178,0.341931,0.006687,0.550392,0.342622,0.005087,0.555556,0.343788,0.003832,0.561121,0.343923,0.003740,0.566902,0.342626,0.005030,0.570736,0.341099,0.006892,0.573467,0.339698,0.008609,0.524955,0.331827,-0.008301,0.524844,0.341866,-0.013579,0.524749,0.351141,-0.019593,0.524613,0.359841,-0.026180,0.000000,0.000000,0.000000,0.000000,0.000000,0.000000,0.000000,0.000000,0.000000,0.000000,0.000000,0.000000,0.000000,0.000000,0.000000,0.000000,0.000000,0.000000,0.000000,0.000000,0.000000,0.000000,0.000000,0.000000,0.000000,0.000000,0.000000,0.000000,0.000000,0.000000,0.000000,0.000000,0.000000,0.000000,0.000000,0.000000,0.000000,0.000000,0.000000,0.000000,0.000000,0.000000,0.000000,0.000000,0.000000,0.000000,0.000000,0.000000,0.000000,0.000000,0.000000,0.000000,0.000000,0.000000,0.000000,0.000000,0.000000,0.000000,0.000000,0.000000,0.000000,0.000000,0.000000,0.000000,0.000000,0.000000,0.000000,0.000000,0.000000,0.000000,0.000000,0.000000,0.000000,0.000000,0.000000,0.000000,0.000000,0.000000,0.000000,0.000000,0.000000,0.000000,0.000000,0.000000,0.000000,0.000000,0.000000,0.000000,0.000000,0.000000,0.000000,0.000000,0.000000,0.000000,0.000000,0.000000,0.000000,0.000000,0.000000,0.000000,0.000000,0.000000,0.000000,0.000000,0.000000,0.000000,0.000000,0.000000,0.000000,0.000000,0.000000,0.000000,0.000000,0.000000,0.000000,0.000000,0.000000,0.000000,0.000000,0.000000,0.000000,0.000000,0.000000,0.000000,0.000000,0.000000
-0.097208,-2.689194,-2.358620,-0.036342,-2.821965,-2.219741,0.006760,-2.817478,-2.220060,0.045918,-2.811717,-2.220537,-0.151867,-2.818187,-2.217818,-0.186596,-2.813656,-2.216974,-0.220210,-2.807388,-2.217844,0.104035,-2.740569,-1.305148,-0.245994,-2.730292,-1.271458,-0.000909,-2.530560,-2.019304,-0.166917,-2.525105,-2.007951,0.468964,-1.909780,-0.762348,-0.526265,-1.881666,-0.855770,0.695102,-1.034793,-0.687738,-0.752355,-1.050295,-1.021386,0.800668,-0.086603,-1.481674,-0.687175,-0.373341,-2.451967,0.877225,0.178109,-1.748169,-0.683306,-0.161968,-2.798220,0.766840,0.172545,-1.929978,-0.584356,-0.222814,-2.964060,0.715725,0.071129,-1.597291,-0.570096,-0.301814,-2.568286,0.332097,-0.007452,-0.138678,-0.332097,0.007452,0.138678,0.300312,1.526853,-0.350465,-0.345008,1.538313,-0.046092,0.278265,2.917620,0.931166,-0.346770,2.913064,0.670428,0.296547,3.130953,0.977178,-0.349145,3.132435,0.696314,0.146490,3.351710,-0.413749,-0.279121,3.331798,-0.783968,0.501398,0.442226,0.002253,0.502740,0.438952,-0.002914,0.506156,0.435467,-0.008654,0.510883,0.430780,-0.014019,0.518599,0.426910,-0.018565,0.526685,0.427412,-0.020202,0.535034,0.425081,-0.019969,0.544275,0.427292,-0.016860,0.550666,0.430697,-0.012593,0.555548,0.433244,-0.007582,0.557912,0.436119,-0.002744,0.554809,0.439423,-0.006725,0.550420,0.442740,-0.011570,0.544237,0.447043,-0.015092,0.536777,0.450428,-0.017547,0.528586,0.451838,-0.017400,0.520843,0.452084,-0.016108,0.513816,0.450365,-0.012369,0.508160,0.447330,-0.008165,0.504294,0.444938,-0.002411,0.478702,0.350625,0.017138,0.480309,0.349169,0.014077,0.482358,0.347388,0.011682,0.485731,0.344955,0.009390,0.490955,0.343036,0.007369,0.496103,0.342637,0.006626,0.501495,0.343244,0.007408,0.505306,0.345412,0.008587,0.544577,0.342416,0.005826,0.546321,0.343143,0.005589,0.549556,0.343793,0.003969,0.554768,0.344923,0.002652,0.560374,0.345037,0.002497,0.566221,0.343721,0.003720,0.570118,0.342173,0.005528,0.572902,0.340749,0.007215,0.523575,0.333480,-0.009462,0.523438,0.343650,-0.014623,0.523316,0.353190,-0.020511,0.523136,0.362146,-0.026954,0.000000,0.000000,0.000000,0.000000,0.000000,0.000000,0.000000,0.000000,0.000000,0.000000,0.000000,0.000000,0.000000,0.000000,0.000000,0.000000,0.000000,0.000000,0.000000,0.000000,0.000000,0.000000,0.000000,0.000000,0.000000,0.000000,0.000000,0.000000,0.000000,0.000000,0.000000,0.000000,0.000000,0.000000,0.000000,0.000000,0.000000,0.000000,0.000000,0.000000,0.000000,0.000000,0.000000,0.000000,0.000000,0.000000,0.000000,0.000000,0.000000,0.000000,0.000000,0.000000,0.000000,0.000000,0.000000,0.000000,0.000000,0.000000,0.000000,0.000000,0.000000,0.000000,0.000000,0.000000,0.000000,0.000000,0.000000,0.000000,0.000000,0.000000,0.000000,0.000000,0.000000,0.000000,0.000000,0.000000,0.000000,0.000000,0.000000,0.000000,0.000000,0.000000,0.000000,0.000000,0.000000,0.000000,0.000000,0.000000,0.000000,0.000000,0.000000,0.000000,0.000000,0.000000,0.000000,0.000000,0.000000,0.000000,0.000000,0.000000,0.000000,0.000000,0.000000,0.000000,0.000000,0.000000,0.000000,0.000000,0.000000,0.000000,0.000000,0.000000,0.000000,0.000000,0.000000,0.000000,0.000000,0.000000,0.000000,0.000000,0.000000,0.000000,0.000000,0.000000,0.000000,0.000000
-0.077611,-2.668173,-2.227987,-0.012895,-2.800986,-2.097191,0.030625,-2.795904,-2.097326,0.070157,-2.789151,-2.097901,-0.128320,-2.797133,-2.094228,-0.162979,-2.791926,-2.093316,-0.195440,-2.785608,-2.094156,0.129082,-2.716744,-1.225956,-0.217892,-2.710224,-1.180878,0.019660,-2.509049,-1.903789,-0.145560,-2.504633,-1.890866,0.495038,-1.889737,-0.702256,-0.499038,-1.868833,-0.808911,0.715128,-1.013986,-0.630879,-0.717584,-1.033783,-1.080377,0.832514,-0.077302,-1.372596,-0.689256,-0.358565,-2.540826,0.917516,0.180279,-1.625235,-0.704604,-0.151295,-2.884886,0.809113,0.181449,-1.806811,-0.608138,-0.205111,-3.043991,0.753918,0.082922,-1.488261,-0.583890,-0.280441,-2.655985,0.333717,-0.005548,-0.131524,-0.333717,0.005548,0.131524,0.305838,1.515583,-0.253318,-0.349820,1.521087,-0.007961,0.281252,2.895286,1.041746,-0.342410,2.885121,0.750365,0.298627,3.107075,1.093362,-0.347186,3.101009,0.782992,0.154308,3.324947,-0.238758,-0.267031,3.302941,-0.664287,0.501830,0.441514,0.001257,0.503225,0.438161,-0.003823,0.506731,0.434604,-0.009468,0.511543,0.429851,-0.014730,0.519404,0.425905,-0.019137,0.527581,0.426452,-0.020644,0.535945,0.424138,-0.020240,0.545149,0.426456,-0.016983,0.551455,0.429996,-0.012613,0.556288,0.432694,-0.007532,0.558663,0.435678,-0.002718,0.555606,0.438949,-0.006817,0.551278,0.442195,-0.011828,0.545119,0.446410,-0.015481,0.537673,0.449726,-0.018135,0.529460,0.451070,-0.018151,0.521587,0.451322,-0.016971,0.514456,0.449598,-0.013292,0.508704,0.446577,-0.009095,0.504758,0.444217,-0.003382,0.479066,0.350104,0.016709,0.480702,0.348630,0.013719,0.482778,0.346828,0.011368,0.486172,0.344358,0.009156,0.491424,0.342444,0.007224,0.496599,0.342083,0.006593,0.502038,0.342787,0.007427,0.505882,0.345044,0.008642,0.545047,0.342590,0.006632,0.546791,0.343348,0.006428,0.550023,0.344045,0.004828,0.555225,0.345230,0.003591,0.560785,0.345396,0.003504,0.566576,0.344169,0.004802,0.570423,0.342712,0.006682,0.573168,0.341386,0.008415,0.524447,0.333106,-0.008811,0.524372,0.343234,-0.014069,0.524313,0.352637,-0.020072,0.524203,0.361444,-0.026649,0.000000,0.000000,0.000000,0.000000,0.000000,0.000000,0.000000,0.000000,0.000000,0.000000,0.000000,0.000000,0.000000,0.000000,0.000000,0.000000,0.000000,0.000000,0.000000,0.000000,0.000000,0.000000,0.000000,0.000000,0.000000,0.000000,0.000000,0.000000,0.000000,0.000000,0.000000,0.000000,0.000000,0.000000,0.000000,0.000000,0.000000,0.000000,0.000000,0.000000,0.000000,0.000000,0.000000,0.000000,0.000000,0.000000,0.000000,0.000000,0.000000,0.000000,0.000000,0.000000,0.000000,0.000000,0.000000,0.000000,0.000000,0.000000,0.000000,0.000000,0.000000,0.000000,0.000000,0.000000,0.000000,0.000000,0.000000,0.000000,0.000000,0.000000,0.000000,0.000000,0.000000,0.000000,0.000000,0.000000,0.000000,0.000000,0.000000,0.000000,0.000000,0.000000,0.000000,0.000000,0.000000,0.000000,0.000000,0.000000,0.000000,0.000000,0.000000,0.000000,0.000000,0.000000,0.000000,0.000000,0.000000,0.000000,0.000000,0.000000,0.000000,0.000000,0.000000,0.000000,0.000000,0.000000,0.000000,0.000000,0.000000,0.000000,0.000000,0.000000,0.000000,0.000000,0.000000,0.000000,0.000000,0.000000,0.000000,0.000000,0.000000,0.000000,0.000000,0.000000,0.000000,0.000000
-0.101976,-2.636516,-2.422606,-0.036154,-2.775151,-2.294544,0.007299,-2.772328,-2.294750,0.045816,-2.767253,-2.294521,-0.151909,-2.773106,-2.277333,-0.186517,-2.770270,-2.276728,-0.219334,-2.765324,-2.277517,0.104030,-2.698363,-1.347432,-0.241866,-2.691341,-1.246338,-0.007794,-2.483190,-2.070151,-0.172329,-2.477959,-2.037850,0.478877,-1.865424,-0.663360,-0.508415,-1.841353,-0.820275,0.699356,-0.947169,-0.631551,-0.734695,-0.824773,-1.832008,0.776309,-0.061133,-1.681734,-0.593003,-1.135882,-4.394399,0.837068,0.208135,-1.936220,-0.549623,-1.347891,-4.887347,0.725379,0.160467,-2.107563,-0.499290,-1.465973,-4.906214,0.662309,0.071041,-1.789642,-0.483510,-1.414620,-4.462410,0.345035,-0.001933,-0.099863,-0.345035,0.001933,0.099863,0.308547,1.498061,-0.069752,-0.330304,1.478914,0.052159,0.307289,2.867039,1.303175,-0.293327,2.822195,0.980803,0.326837,3.067533,1.352263,-0.298074,3.017974,1.026663,0.211223,3.276296,-0.049139,-0.216359,3.249182,-0.479011,0.499508,0.441649,0.001065,0.500811,0.438312,-0.003959,0.504240,0.434672,-0.009626,0.508968,0.429856,-0.014907,0.516709,0.425810,-0.019380,0.524802,0.426228,-0.021043,0.533196,0.423926,-0.020804,0.542534,0.426258,-0.017813,0.548975,0.429763,-0.013648,0.553905,0.432428,-0.008757,0.556309,0.435374,-0.004129,0.553196,0.438653,-0.008173,0.548769,0.441889,-0.013129,0.542540,0.446054,-0.016739,0.535054,0.449302,-0.019277,0.526848,0.450714,-0.019193,0.519093,0.451030,-0.017851,0.512056,0.449441,-0.013953,0.506366,0.446587,-0.009620,0.502439,0.444301,-0.003739,0.477186,0.351546,0.018524,0.478734,0.349962,0.015524,0.480740,0.348069,0.013174,0.484078,0.345535,0.010919,0.489295,0.343581,0.008930,0.494464,0.343269,0.008175,0.499862,0.344040,0.008862,0.503711,0.346340,0.009962,0.542674,0.343405,0.006924,0.544437,0.344168,0.006675,0.547685,0.344788,0.005011,0.552890,0.345853,0.003647,0.558490,0.345925,0.003423,0.564292,0.344624,0.004638,0.568145,0.343104,0.006461,0.570880,0.341663,0.008143,0.521748,0.334095,-0.007849,0.521580,0.344074,-0.013293,0.521421,0.353343,-0.019424,0.521218,0.362027,-0.026123,0.362726,0.879419,0.000000,0.388757,0.863682,-0.013883,0.409641,0.844727,-0.024658,0.395092,0.832886,-0.034904,0.374196,0.831955,-0.046388,0.399583,0.781033,-0.018148,0.411052,0.741355,-0.031153,0.419201,0.713545,-0.042312,0.424921,0.688519,-0.050113,0.374798,0.776772,-0.021361,0.379341,0.733257,-0.031812,0.382290,0.700074,-0.042817,0.385060,0.670484,-0.050592,0.351905,0.785498,-0.025721,0.350343,0.741841,-0.037810,0.350500,0.709535,-0.048482,0.351393,0.679638,-0.055410,0.329290,0.806528,-0.030775,0.319485,0.776891,-0.042394,0.312953,0.756856,-0.046730,0.308469,0.736347,-0.048929,0.000000,0.000000,0.000000,0.000000,0.000000,0.000000,0.000000,0.000000,0.000000,0.000000,0.000000,0.000000,0.000000,0.000000,0.000000,0.000000,0.000000,0.000000,0.000000,0.000000,0.000000,0.000000,0.000000,0.000000,0.000000,0.000000,0.000000,0.000000,0.000000,0.000000,0.000000,0.000000,0.000000,0.000000,0.000000,0.000000,0.000000,0.000000,0.000000,0.000000,0.000000,0.000000,0.000000,0.000000,0.000000,0.000000,0.000000,0.000000,0.000000,0.000000,0.000000,0.000000,0.000000,0.000000,0.000000,0.000000,0.000000,0.000000,0.000000,0.000000,0.000000,0.000000,0.000000
-0.095443,-2.653785,-2.261532,-0.038781,-2.793070,-2.131921,0.004569,-2.791343,-2.132033,0.040468,-2.787899,-2.131899,-0.156872,-2.786987,-2.112844,-0.192934,-2.782788,-2.111961,-0.227607,-2.776593,-2.112343,0.097468,-2.722636,-1.205261,-0.254531,-2.701718,-1.080953,-0.007017,-2.498523,-1.922741,-0.167242,-2.490036,-1.886305,0.477245,-1.881819,-0.590139,-0.512707,-1.865893,-0.730639,0.706203,-0.936191,-0.579565,-0.761548,-0.835444,-1.891216,0.844419,-0.019446,-1.563442,-0.596918,-1.279711,-4.456975,0.933085,0.247560,-1.791799,-0.551087,-1.505707,-4.944017,0.822341,0.222653,-1.954335,-0.521106,-1.632613,-4.931186,0.748432,0.133325,-1.670660,-0.504255,-1.554266,-4.513325,0.346262,-0.010730,-0.100870,-0.346262,0.010730,0.100870,0.321232,1.510970,-0.166299,-0.316123,1.535346,-0.009082,0.330062,2.898144,1.220355,-0.273584,2.881120,0.863357,0.353067,3.098583,1.264192,-0.280210,3.058156,0.906885,0.235066,3.295448,-0.152738,-0.193905,3.321075,-0.636383,0.500778,0.441527,0.001201,0.502060,0.438178,-0.003835,0.505435,0.434555,-0.009468,0.510107,0.429741,-0.014723,0.517782,0.425723,-0.019160,0.525843,0.426209,-0.020758,0.534194,0.423912,-0.020450,0.543491,0.426278,-0.017357,0.549914,0.429841,-0.013141,0.554840,0.432536,-0.008191,0.557243,0.435504,-0.003474,0.554170,0.438698,-0.007541,0.549793,0.441856,-0.012481,0.543599,0.446019,-0.016074,0.536133,0.449324,-0.018622,0.527943,0.450697,-0.018550,0.520207,0.451005,-0.017276,0.513195,0.449368,-0.013519,0.507535,0.446444,-0.009293,0.503659,0.444163,-0.003518,0.477954,0.350602,0.017583,0.479552,0.349040,0.014589,0.481578,0.347173,0.012238,0.484928,0.344635,0.010006,0.490146,0.342664,0.008038,0.495301,0.342298,0.007339,0.500700,0.343039,0.008100,0.504531,0.345343,0.009256,0.543625,0.342449,0.006708,0.545384,0.343207,0.006472,0.548636,0.343868,0.004843,0.553847,0.344974,0.003544,0.559427,0.345076,0.003392,0.565228,0.343781,0.004647,0.569083,0.342247,0.006488,0.571824,0.340824,0.008189,0.522681,0.333267,-0.008426,0.522554,0.343344,-0.013738,0.522433,0.352715,-0.019768,0.522253,0.361495,-0.026368,0.371662,0.845974,0.000000,0.401288,0.822207,-0.016960,0.423817,0.788644,-0.028306,0.404051,0.772068,-0.038944,0.379081,0.772926,-0.050676,0.409445,0.715449,-0.022079,0.421134,0.659487,-0.037509,0.427398,0.623196,-0.049260,0.431464,0.592673,-0.057614,0.381808,0.712885,-0.025662,0.385478,0.650784,-0.038688,0.387256,0.609204,-0.050273,0.388248,0.574347,-0.058662,0.358016,0.725118,-0.030944,0.355694,0.666385,-0.044218,0.355648,0.628452,-0.055606,0.356805,0.594703,-0.063410,0.335169,0.749176,-0.037526,0.324266,0.709739,-0.050223,0.317467,0.682594,-0.056515,0.312789,0.655266,-0.060590,0.000000,0.000000,0.000000,0.000000,0.000000,0.000000,0.000000,0.000000,0.000000,0.000000,0.000000,0.000000,0.000000,0.000000,0.000000,0.000000,0.000000,0.000000,0.000000,0.000000,0.000000,0.000000,0.000000,0.000000,0.000000,0.000000,0.000000,0.000000,0.000000,0.000000,0.000000,0.000000,0.000000,0.000000,0.000000,0.000000,0.000000,0.000000,0.000000,0.000000,0.000000,0.000000,0.000000,0.000000,0.000000,0.000000,0.000000,0.000000,0.000000,0.000000,0.000000,0.000000,0.000000,0.000000,0.000000,0.000000,0.000000,0.000000,0.000000,0.000000,0.000000,0.000000,0.000000
-0.096955,-2.644070,-2.298502,-0.039221,-2.788085,-2.170238,0.004039,-2.786771,-2.170310,0.039829,-2.784346,-2.170146,-0.156663,-2.785911,-2.144455,-0.191656,-2.785100,-2.143616,-0.226750,-2.780690,-2.144104,0.097641,-2.723297,-1.236334,-0.256313,-2.706628,-1.087460,-0.009487,-2.489460,-1.956254,-0.167657,-2.487053,-1.912297,0.477438,-1.887141,-0.615763,-0.515037,-1.887956,-0.738088,0.711017,-0.932710,-0.586170,-0.759088,-0.850622,-1.926507,0.829184,-0.001437,-1.499426,-0.590702,-1.310218,-4.524403,0.908825,0.275574,-1.720916,-0.551857,-1.530446,-5.018878,0.791223,0.252592,-1.882329,-0.525876,-1.664737,-5.005967,0.721566,0.158279,-1.600668,-0.506259,-1.584565,-4.581660,0.347152,-0.009181,-0.101301,-0.347152,0.009181,0.101301,0.321531,1.521368,-0.152770,-0.315134,1.537761,0.000903,0.325680,2.913574,1.246164,-0.281566,2.896120,0.896928,0.348581,3.115089,1.293424,-0.289520,3.076903,0.941964,0.224441,3.316018,-0.137437,-0.207514,3.336285,-0.615152,0.501552,0.442127,0.001963,0.502833,0.438850,-0.003145,0.506243,0.435332,-0.008854,0.510976,0.430605,-0.014195,0.518663,0.426727,-0.018741,0.526700,0.427313,-0.020386,0.535048,0.425122,-0.020161,0.544321,0.427587,-0.017099,0.550754,0.431211,-0.012891,0.555659,0.433931,-0.007937,0.558021,0.436883,-0.003163,0.554922,0.440057,-0.007171,0.550523,0.443165,-0.012034,0.544326,0.447282,-0.015564,0.536856,0.450524,-0.018017,0.528665,0.451797,-0.017858,0.520950,0.452003,-0.016539,0.513954,0.450242,-0.012765,0.508318,0.447204,-0.008530,0.504450,0.444839,-0.002730,0.479310,0.351189,0.017504,0.480960,0.349786,0.014438,0.483057,0.348078,0.012042,0.486466,0.345740,0.009754,0.491671,0.343894,0.007712,0.496762,0.343482,0.006955,0.502107,0.343967,0.007728,0.505872,0.345983,0.008901,0.545199,0.343242,0.006025,0.546953,0.344000,0.005783,0.550178,0.344723,0.004152,0.555368,0.345941,0.002828,0.560947,0.346131,0.002663,0.566778,0.344895,0.003874,0.570658,0.343421,0.005677,0.573425,0.342065,0.007366,0.524127,0.333783,-0.009052,0.523945,0.343908,-0.014240,0.523774,0.353369,-0.020170,0.523546,0.362228,-0.026652,0.374154,0.841327,0.000000,0.404648,0.816029,-0.014631,0.428220,0.774555,-0.022364,0.407241,0.753389,-0.029638,0.378726,0.764326,-0.038028,0.411245,0.707695,-0.016519,0.422819,0.650369,-0.028437,0.428638,0.613574,-0.037886,0.432321,0.583114,-0.045087,0.383997,0.704193,-0.020239,0.388479,0.641891,-0.029995,0.390347,0.599586,-0.039992,0.390549,0.565001,-0.047639,0.361031,0.715526,-0.025549,0.358757,0.657625,-0.036112,0.358898,0.618756,-0.047519,0.359569,0.585273,-0.055753,0.338823,0.739019,-0.032110,0.326485,0.700445,-0.042715,0.318510,0.673271,-0.049059,0.312101,0.646967,-0.053707,0.000000,0.000000,0.000000,0.000000,0.000000,0.000000,0.000000,0.000000,0.000000,0.000000,0.000000,0.000000,0.000000,0.000000,0.000000,0.000000,0.000000,0.000000,0.000000,0.000000,0.000000,0.000000,0.000000,0.000000,0.000000,0.000000,0.000000,0.000000,0.000000,0.000000,0.000000,0.000000,0.000000,0.000000,0.000000,0.000000,0.000000,0.000000,0.000000,0.000000,0.000000,0.000000,0.000000,0.000000,0.000000,0.000000,0.000000,0.000000,0.000000,0.000000,0.000000,0.000000,0.000000,0.000000,0.000000,0.000000,0.000000,0.000000,0.000000,0.000000,0.000000,0.000000,0.000000
-0.086495,-2.641072,-2.419310,-0.026572,-2.784822,-2.287607,0.016236,-2.783407,-2.287721,0.051929,-2.780732,-2.287477,-0.143119,-2.783182,-2.268651,-0.177877,-2.782821,-2.267801,-0.212880,-2.779254,-2.268359,0.111062,-2.718124,-1.334155,-0.242026,-2.705118,-1.216779,0.000038,-2.486593,-2.068098,-0.157039,-2.484780,-2.034067,0.489728,-1.885926,-0.669469,-0.500177,-1.882427,-0.809634,0.721042,-0.928463,-0.626120,-0.746458,-0.853294,-1.892858,0.846358,0.001483,-1.551828,-0.577762,-1.270115,-4.454531,0.933723,0.275876,-1.783980,-0.538295,-1.502992,-4.952156,0.825987,0.250297,-1.958563,-0.515029,-1.632142,-4.950128,0.752510,0.156379,-1.658613,-0.494695,-1.557874,-4.515744,0.348252,-0.007647,-0.106753,-0.348252,0.007647,0.106753,0.315839,1.519418,-0.118817,-0.327849,1.528799,-0.014082,0.314348,2.905073,1.349700,-0.300312,2.884215,0.930951,0.335666,3.106449,1.402707,-0.307076,3.067775,0.980384,0.211314,3.310058,-0.036907,-0.229849,3.319506,-0.586568,0.504157,0.440854,0.000315,0.505461,0.437417,-0.004640,0.508816,0.433679,-0.010184,0.513465,0.428789,-0.015329,0.521172,0.424708,-0.019703,0.529211,0.425145,-0.021330,0.537525,0.422898,-0.021020,0.546704,0.425310,-0.018027,0.552956,0.428959,-0.013920,0.557723,0.431792,-0.009114,0.560043,0.434873,-0.004534,0.557033,0.438109,-0.008588,0.552713,0.441323,-0.013463,0.546577,0.445444,-0.017000,0.539160,0.448664,-0.019514,0.531003,0.450041,-0.019442,0.523259,0.450295,-0.018173,0.516294,0.448654,-0.014414,0.510729,0.445773,-0.010195,0.506938,0.443476,-0.004465,0.482136,0.350725,0.018503,0.483691,0.349157,0.015545,0.485689,0.347264,0.013229,0.489027,0.344725,0.011011,0.494238,0.342776,0.009074,0.499388,0.342492,0.008372,0.504768,0.343332,0.009080,0.508591,0.345677,0.010174,0.547379,0.343312,0.007414,0.549114,0.344093,0.007152,0.552320,0.344762,0.005494,0.557468,0.345901,0.004153,0.563016,0.346067,0.003958,0.568789,0.344902,0.005197,0.572646,0.343494,0.007034,0.575396,0.342155,0.008745,0.526705,0.334044,-0.007411,0.526470,0.343834,-0.012931,0.526262,0.353009,-0.019120,0.526017,0.361640,-0.025889,0.372724,0.863464,0.000000,0.401471,0.840271,-0.016706,0.424801,0.804158,-0.026695,0.414617,0.779743,-0.035977,0.394804,0.779590,-0.046001,0.409889,0.731532,-0.020174,0.422881,0.676366,-0.033875,0.428408,0.641208,-0.044486,0.431887,0.612312,-0.052345,0.383347,0.728065,-0.023276,0.387303,0.667295,-0.035201,0.388819,0.628274,-0.045507,0.389689,0.597357,-0.053028,0.359808,0.739773,-0.028113,0.356457,0.681407,-0.040778,0.356045,0.645839,-0.051104,0.357379,0.615610,-0.058281,0.337094,0.763738,-0.034351,0.322819,0.726510,-0.047453,0.313753,0.700986,-0.054026,0.307950,0.675539,-0.058207,0.000000,0.000000,0.000000,0.000000,0.000000,0.000000,0.000000,0.000000,0.000000,0.000000,0.000000,0.000000,0.000000,0.000000,0.000000,0.000000,0.000000,0.000000,0.000000,0.000000,0.000000,0.000000,0.000000,0.000000,0.000000,0.000000,0.000000,0.000000,0.000000,0.000000,0.000000,0.000000,0.000000,0.000000,0.000000,0.000000,0.000000,0.000000,0.000000,0.000000,0.000000,0.000000,0.000000,0.000000,0.000000,0.000000,0.000000,0.000000,0.000000,0.000000,0.000000,0.000000,0.000000,0.000000,0.000000,0.000000,0.000000,0.000000,0.000000,0.000000,0.000000,0.000000,0.000000
-0.085364,-2.650518,-2.332397,-0.025944,-2.782104,-2.191178,0.016012,-2.779869,-2.191601,0.052554,-2.775942,-2.192257,-0.138933,-2.778108,-2.192599,-0.172837,-2.775980,-2.191756,-0.206963,-2.770678,-2.192700,0.111652,-2.709081,-1.258325,-0.233258,-2.695903,-1.260247,0.004157,-2.495764,-1.984699,-0.153679,-2.495423,-1.979636,0.482434,-1.890853,-0.699279,-0.510927,-1.856091,-0.808938,0.695141,-1.018684,-0.636202,-0.737022,-1.035968,-1.065937,0.798368,-0.084469,-1.498464,-0.671399,-0.426158,-2.584924,0.869564,0.175361,-1.801739,-0.661815,-0.222405,-2.945854,0.765460,0.178309,-1.994875,-0.543193,-0.290952,-3.098893,0.716933,0.079229,-1.627000,-0.536985,-0.365256,-2.695269,0.328390,-0.008615,-0.120938,-0.328390,0.008615,0.120938,0.301335,1.504767,-0.399453,-0.339995,1.514387,-0.177899,0.290644,2.893750,0.793252,-0.331155,2.895281,0.502178,0.308274,3.106756,0.829393,-0.332951,3.115807,0.518883,0.169116,3.320076,-0.570899,-0.263270,3.297732,-0.974342,0.503753,0.443502,0.001627,0.504956,0.440195,-0.003428,0.508214,0.436587,-0.009079,0.512757,0.431804,-0.014344,0.520305,0.427760,-0.018852,0.528268,0.428106,-0.020534,0.536570,0.425785,-0.020355,0.545835,0.428027,-0.017395,0.552233,0.431453,-0.013301,0.557125,0.434041,-0.008475,0.559495,0.436946,-0.003821,0.556479,0.440183,-0.007775,0.552132,0.443426,-0.012556,0.545973,0.447648,-0.016011,0.538553,0.450960,-0.018354,0.530418,0.452399,-0.018159,0.522763,0.452744,-0.016830,0.515857,0.451156,-0.013069,0.510311,0.448309,-0.008864,0.506552,0.446065,-0.003118,0.480762,0.353582,0.018114,0.482319,0.352117,0.015075,0.484315,0.350331,0.012710,0.487641,0.347907,0.010435,0.492818,0.345972,0.008401,0.497949,0.345593,0.007615,0.503297,0.346194,0.008307,0.507085,0.348309,0.009432,0.546027,0.344904,0.006233,0.547776,0.345612,0.005975,0.551001,0.346203,0.004326,0.556183,0.347232,0.002953,0.561761,0.347256,0.002734,0.567571,0.345908,0.003913,0.571450,0.344354,0.005692,0.574231,0.342904,0.007360,0.524930,0.336273,-0.008555,0.524774,0.346406,-0.013842,0.524608,0.355759,-0.019828,0.524394,0.364507,-0.026365,0.000000,0.000000,0.000000,0.000000,0.000000,0.000000,0.000000,0.000000,0.000000,0.000000,0.000000,0.000000,0.000000,0.000000,0.000000,0.000000,0.000000,0.000000,0.000000,0.000000,0.000000,0.000000,0.000000,0.000000,0.000000,0.000000,0.000000,0.000000,0.000000,0.000000,0.000000,0.000000,0.000000,0.000000,0.000000,0.000000,0.000000,0.000000,0.000000,0.000000,0.000000,0.000000,0.000000,0.000000,0.000000,0.000000,0.000000,0.000000,0.000000,0.000000,0.000000,0.000000,0.000000,0.000000,0.000000,0.000000,0.000000,0.000000,0.000000,0.000000,0.000000,0.000000,0.000000,0.000000,0.000000,0.000000,0.000000,0.000000,0.000000,0.000000,0.000000,0.000000,0.000000,0.000000,0.000000,0.000000,0.000000,0.000000,0.000000,0.000000,0.000000,0.000000,0.000000,0.000000,0.000000,0.000000,0.000000,0.000000,0.000000,0.000000,0.000000,0.000000,0.000000,0.000000,0.000000,0.000000,0.000000,0.000000,0.000000,0.000000,0.000000,0.000000,0.000000,0.000000,0.000000,0.000000,0.000000,0.000000,0.000000,0.000000,0.000000,0.000000,0.000000,0.000000,0.000000,0.000000,0.000000,0.000000,0.000000,0.000000,0.000000,0.000000,0.000000,0.000000,0.000000,0.000000
-0.095712,-2.660647,-2.102658,-0.037912,-2.794144,-1.977371,0.003798,-2.792840,-1.977528,0.043274,-2.789557,-1.978329,-0.149753,-2.786367,-1.975025,-0.183354,-2.782036,-1.973983,-0.216489,-2.774603,-1.974772,0.101052,-2.722502,-1.129710,-0.239506,-2.699847,-1.083493,-0.001699,-2.507216,-1.785650,-0.160810,-2.504376,-1.773020,0.478668,-1.910642,-0.684560,-0.519343,-1.867779,-0.730564,0.690169,-1.040153,-0.644136,-0.746701,-1.043908,-1.013846,0.778421,-0.096877,-1.300898,-0.775948,-0.384157,-2.378387,0.860977,0.164591,-1.544164,-0.818839,-0.191946,-2.705193,0.751918,0.175268,-1.719225,-0.725347,-0.226789,-2.889244,0.699404,0.076878,-1.411958,-0.691452,-0.295237,-2.505386,0.327036,-0.011300,-0.130513,-0.327036,0.011300,0.130513,0.310448,1.512313,-0.242271,-0.336035,1.527490,0.030051,0.303839,2.906763,1.008015,-0.313898,2.903587,0.748622,0.322634,3.119691,1.054566,-0.315666,3.117467,0.781693,0.185111,3.331487,-0.270988,-0.239259,3.314853,-0.661432,0.502958,0.446118,0.001245,0.504244,0.442780,-0.003793,0.507595,0.439191,-0.009352,0.512238,0.434433,-0.014521,0.519960,0.430467,-0.018888,0.528065,0.430974,-0.020395,0.536383,0.428639,-0.020031,0.545541,0.430929,-0.016847,0.551774,0.434421,-0.012584,0.556517,0.437086,-0.007591,0.558837,0.440020,-0.002811,0.555885,0.443249,-0.006880,0.551630,0.446465,-0.011772,0.545589,0.450696,-0.015323,0.538226,0.454063,-0.017856,0.530069,0.455479,-0.017822,0.522311,0.455769,-0.016654,0.515290,0.454059,-0.013086,0.509634,0.451083,-0.008995,0.505798,0.448769,-0.003364,0.479654,0.354404,0.016651,0.481250,0.352967,0.013677,0.483280,0.351188,0.011341,0.486634,0.348754,0.009136,0.491849,0.346826,0.007215,0.496993,0.346440,0.006569,0.502387,0.347098,0.007397,0.506200,0.349278,0.008602,0.545240,0.346416,0.006526,0.546960,0.347149,0.006313,0.550172,0.347811,0.004730,0.555340,0.348950,0.003483,0.560899,0.349066,0.003393,0.566673,0.347788,0.004682,0.570516,0.346247,0.006547,0.573242,0.344814,0.008252,0.524580,0.337571,-0.008847,0.524553,0.347854,-0.014055,0.524526,0.357404,-0.020012,0.524451,0.366380,-0.026523,0.000000,0.000000,0.000000,0.000000,0.000000,0.000000,0.000000,0.000000,0.000000,0.000000,0.000000,0.000000,0.000000,0.000000,0.000000,0.000000,0.000000,0.000000,0.000000,0.000000,0.000000,0.000000,0.000000,0.000000,0.000000,0.000000,0.000000,0.000000,0.000000,0.000000,0.000000,0.000000,0.000000,0.000000,0.000000,0.000000,0.000000,0.000000,0.000000,0.000000,0.000000,0.000000,0.000000,0.000000,0.000000,0.000000,0.000000,0.000000,0.000000,0.000000,0.000000,0.000000,0.000000,0.000000,0.000000,0.000000,0.000000,0.000000,0.000000,0.000000,0.000000,0.000000,0.000000,0.000000,0.000000,0.000000,0.000000,0.000000,0.000000,0.000000,0.000000,0.000000,0.000000,0.000000,0.000000,0.000000,0.000000,0.000000,0.000000,0.000000,0.000000,0.000000,0.000000,0.000000,0.000000,0.000000,0.000000,0.000000,0.000000,0.000000,0.000000,0.000000,0.000000,0.000000,0.000000,0.000000,0.000000,0.000000,0.000000,0.000000,0.000000,0.000000,0.000000,0.000000,0.000000,0.000000,0.000000,0.000000,0.000000,0.000000,0.000000,0.000000,0.000000,0.000000,0.000000,0.000000,0.000000,0.000000,0.000000,0.000000,0.000000,0.000000,0.000000,0.000000,0.000000,0.000000
-0.085512,-2.641222,-2.117367,-0.035744,-2.770004,-1.978345,0.003550,-2.768713,-1.978522,0.039866,-2.765452,-1.979070,-0.145580,-2.761481,-1.985983,-0.179875,-2.756711,-1.985063,-0.213593,-2.749611,-1.985696,0.090801,-2.698518,-1.074312,-0.242100,-2.675029,-1.088952,0.001442,-2.486863,-1.782385,-0.156198,-2.483024,-1.786136,0.462217,-1.894760,-0.611791,-0.522847,-1.844667,-0.776458,0.676526,-1.035627,-0.593706,-0.743504,-1.035950,-1.237260,0.781576,-0.094217,-1.342041,-0.661452,-0.522552,-2.932722,0.860239,0.164647,-1.593991,-0.645011,-0.369419,-3.299342,0.755710,0.171858,-1.772166,-0.555884,-0.442198,-3.413785,0.704038,0.078268,-1.454752,-0.546358,-0.494944,-3.033558,0.323912,-0.016935,-0.096160,-0.323912,0.016935,0.096160,0.306824,1.494001,-0.275054,-0.332915,1.518366,-0.073008,0.305982,2.877523,0.905816,-0.299969,2.870708,0.570824,0.323236,3.087929,0.941882,-0.302627,3.077376,0.588850,0.202994,3.288521,-0.419811,-0.213605,3.277139,-0.868441,0.509268,0.443178,-0.001430,0.511124,0.440260,-0.006173,0.515318,0.437140,-0.011255,0.520905,0.432798,-0.015800,0.529355,0.429210,-0.019336,0.537656,0.430012,-0.019977,0.545634,0.427898,-0.018759,0.553934,0.430160,-0.014679,0.559418,0.433535,-0.009809,0.563507,0.436058,-0.004317,0.565411,0.438650,0.000677,0.562642,0.441774,-0.003872,0.558742,0.444689,-0.009422,0.553149,0.448454,-0.013496,0.546223,0.451316,-0.016935,0.538530,0.452348,-0.017777,0.530659,0.452578,-0.017401,0.523291,0.450930,-0.014574,0.516988,0.448077,-0.010836,0.512523,0.445866,-0.005539,0.486221,0.349742,0.011430,0.487986,0.348248,0.008683,0.490167,0.346421,0.006577,0.493684,0.343932,0.004667,0.499048,0.342169,0.003278,0.504283,0.342088,0.003198,0.509806,0.343414,0.004428,0.513764,0.346235,0.005879,0.552275,0.346079,0.008359,0.553924,0.346954,0.008336,0.557117,0.347842,0.007025,0.562209,0.349170,0.006245,0.567634,0.349424,0.006653,0.573155,0.348250,0.008419,0.576763,0.346808,0.010662,0.579268,0.345513,0.012564,0.534132,0.336048,-0.008999,0.534600,0.346684,-0.014104,0.535102,0.356527,-0.019975,0.535550,0.365713,-0.026402,0.000000,0.000000,0.000000,0.000000,0.000000,0.000000,0.000000,0.000000,0.000000,0.000000,0.000000,0.000000,0.000000,0.000000,0.000000,0.000000,0.000000,0.000000,0.000000,0.000000,0.000000,0.000000,0.000000,0.000000,0.000000,0.000000,0.000000,0.000000,0.000000,0.000000,0.000000,0.000000,0.000000,0.000000,0.000000,0.000000,0.000000,0.000000,0.000000,0.000000,0.000000,0.000000,0.000000,0.000000,0.000000,0.000000,0.000000,0.000000,0.000000,0.000000,0.000000,0.000000,0.000000,0.000000,0.000000,0.000000,0.000000,0.000000,0.000000,0.000000,0.000000,0.000000,0.000000,0.000000,0.000000,0.000000,0.000000,0.000000,0.000000,0.000000,0.000000,0.000000,0.000000,0.000000,0.000000,0.000000,0.000000,0.000000,0.000000,0.000000,0.000000,0.000000,0.000000,0.000000,0.000000,0.000000,0.000000,0.000000,0.000000,0.000000,0.000000,0.000000,0.000000,0.000000,0.000000,0.000000,0.000000,0.000000,0.000000,0.000000,0.000000,0.000000,0.000000,0.000000,0.000000,0.000000,0.000000,0.000000,0.000000,0.000000,0.000000,0.000000,0.000000,0.000000,0.000000,0.000000,0.000000,0.000000,0.000000,0.000000,0.000000,0.000000,0.000000,0.000000,0.000000,0.000000
-0.071144,-2.562525,-2.202886,-0.018742,-2.700198,-2.077818,0.019985,-2.699194,-2.077816,0.050338,-2.696576,-2.077726,-0.131590,-2.691710,-2.079045,-0.167313,-2.687739,-2.078183,-0.201578,-2.682130,-2.078639,0.096082,-2.632230,-1.169207,-0.235135,-2.608494,-1.135080,0.009556,-2.413645,-1.867712,-0.144225,-2.406023,-1.859593,0.464314,-1.831866,-0.533557,-0.502853,-1.782776,-0.781002,0.684210,-0.921069,-0.466404,-0.710925,-0.816344,-1.753288,0.748764,-0.084687,-1.526051,-0.578522,-1.114707,-4.168002,0.814997,0.176155,-1.774999,-0.547363,-1.326460,-4.635899,0.713149,0.137277,-1.930994,-0.519222,-1.439623,-4.668913,0.649784,0.050774,-1.627251,-0.493934,-1.386246,-4.236132,0.334616,-0.010971,-0.070855,-0.334616,0.010971,0.070855,0.299072,1.462742,-0.008631,-0.316817,1.471627,0.017540,0.286640,2.805387,1.356174,-0.292987,2.784810,0.958915,0.303185,2.998163,1.406459,-0.303501,2.961108,1.016058,0.196856,3.199775,0.071993,-0.219244,3.202217,-0.509276,0.509445,0.444154,0.000042,0.511231,0.441108,-0.004864,0.515311,0.438008,-0.010151,0.520742,0.433704,-0.014933,0.529049,0.430176,-0.018698,0.537325,0.430927,-0.019518,0.545412,0.428730,-0.018519,0.553912,0.430866,-0.014607,0.559593,0.434148,-0.009769,0.563857,0.436609,-0.004293,0.565884,0.439321,0.000761,0.563085,0.442748,-0.003555,0.559139,0.446073,-0.008903,0.553470,0.450304,-0.012844,0.546405,0.453548,-0.016104,0.538486,0.454768,-0.016778,0.530498,0.454919,-0.016222,0.523138,0.452999,-0.013187,0.516968,0.449750,-0.009381,0.512635,0.447142,-0.004062,0.486984,0.351507,0.011980,0.488711,0.350002,0.009148,0.490874,0.348168,0.006970,0.494353,0.345652,0.004965,0.499664,0.343814,0.003437,0.504868,0.343646,0.003207,0.510371,0.344850,0.004349,0.514313,0.347595,0.005778,0.552673,0.346759,0.007211,0.554343,0.347608,0.007136,0.557553,0.348459,0.005802,0.562690,0.349751,0.004924,0.568160,0.349982,0.005228,0.573750,0.348747,0.006858,0.577406,0.347239,0.008998,0.579974,0.345877,0.010830,0.533987,0.336948,-0.009710,0.534325,0.347560,-0.014675,0.534688,0.357338,-0.020423,0.534999,0.366436,-0.026716,0.352081,0.889869,0.000000,0.382081,0.868853,-0.016310,0.406731,0.843680,-0.027311,0.414953,0.822286,-0.037355,0.417725,0.804710,-0.047873,0.389492,0.772709,-0.021819,0.401423,0.724839,-0.037252,0.408788,0.691999,-0.049606,0.413626,0.662436,-0.057987,0.363235,0.769152,-0.024277,0.366835,0.716322,-0.038063,0.368730,0.678825,-0.050331,0.370624,0.646378,-0.058504,0.339120,0.778066,-0.028088,0.336833,0.727734,-0.042325,0.336223,0.690024,-0.053274,0.336669,0.656790,-0.060114,0.316667,0.800115,-0.032874,0.304758,0.765286,-0.046709,0.297094,0.740281,-0.052492,0.292163,0.715230,-0.055186,0.000000,0.000000,0.000000,0.000000,0.000000,0.000000,0.000000,0.000000,0.000000,0.000000,0.000000,0.000000,0.000000,0.000000,0.000000,0.000000,0.000000,0.000000,0.000000,0.000000,0.000000,0.000000,0.000000,0.000000,0.000000,0.000000,0.000000,0.000000,0.000000,0.000000,0.000000,0.000000,0.000000,0.000000,0.000000,0.000000,0.000000,0.000000,0.000000,0.000000,0.000000,0.000000,0.000000,0.000000,0.000000,0.000000,0.000000,0.000000,0.000000,0.000000,0.000000,0.000000,0.000000,0.000000,0.000000,0.000000,0.000000,0.000000,0.000000,0.000000,0.000000,0.000000,0.000000
-0.016578,-2.604088,-2.371561,0.044362,-2.752183,-2.221426,0.085167,-2.749371,-2.221713,0.114616,-2.746139,-2.221298,-0.073526,-2.750806,-2.209412,-0.110850,-2.749528,-2.209116,-0.149059,-2.747552,-2.209763,0.169263,-2.681812,-1.200156,-0.194505,-2.672022,-1.105308,0.060031,-2.451341,-1.995919,-0.093265,-2.451457,-1.972255,0.523234,-1.860395,-0.516787,-0.463004,-1.917127,-0.671954,0.755738,-0.896032,-0.520319,-0.789919,-0.886200,-1.804146,0.894287,0.036285,-1.504858,-0.556840,-1.396213,-4.225334,0.983517,0.303454,-1.743530,-0.508397,-1.602339,-4.706632,0.875367,0.275700,-1.908571,-0.477654,-1.728884,-4.674475,0.796572,0.189245,-1.613876,-0.450269,-1.652210,-4.271498,0.343874,0.002409,-0.129384,-0.343874,-0.002409,0.129384,0.287343,1.560060,-0.287470,-0.348235,1.534194,-0.037987,0.255998,2.968304,1.052765,-0.339161,2.908380,0.765477,0.269890,3.171189,1.089587,-0.346822,3.091181,0.800593,0.156313,3.358448,-0.387342,-0.282398,3.342659,-0.811969,0.511558,0.444854,0.001006,0.513081,0.441694,-0.004035,0.516773,0.438398,-0.009517,0.521780,0.433894,-0.014558,0.529732,0.430254,-0.018652,0.537855,0.431048,-0.019824,0.546065,0.428943,-0.019151,0.554939,0.431418,-0.015568,0.560986,0.434970,-0.010996,0.565557,0.437659,-0.005734,0.567800,0.440525,-0.000758,0.564847,0.443785,-0.004942,0.560670,0.446934,-0.010033,0.554722,0.451018,-0.013785,0.547452,0.454185,-0.016686,0.539406,0.455292,-0.016985,0.531588,0.455404,-0.016105,0.524471,0.453467,-0.012765,0.518611,0.450267,-0.008806,0.514562,0.447749,-0.003339,0.488974,0.351029,0.014086,0.490663,0.349551,0.011184,0.492797,0.347745,0.008935,0.496255,0.345281,0.006823,0.501570,0.343486,0.005100,0.506754,0.343322,0.004672,0.512160,0.344416,0.005672,0.515982,0.347043,0.006984,0.555116,0.345962,0.006698,0.556800,0.346763,0.006543,0.559998,0.347547,0.005087,0.565128,0.348853,0.004039,0.570620,0.349124,0.004161,0.576348,0.347980,0.005611,0.580148,0.346543,0.007605,0.582867,0.345203,0.009368,0.535210,0.336424,-0.009652,0.535228,0.346829,-0.014701,0.535281,0.356603,-0.020487,0.535276,0.365739,-0.026830,0.362349,0.815030,0.000000,0.396278,0.792813,-0.017437,0.422312,0.747487,-0.025497,0.404348,0.717990,-0.032569,0.375046,0.725405,-0.040506,0.403255,0.670537,-0.017320,0.415032,0.610944,-0.029671,0.420965,0.572970,-0.039946,0.424722,0.541229,-0.047829,0.375511,0.666231,-0.019860,0.381073,0.600449,-0.029850,0.383001,0.557632,-0.040077,0.383569,0.523419,-0.047909,0.351589,0.677291,-0.024365,0.350781,0.614463,-0.034800,0.350838,0.573533,-0.045902,0.351506,0.539637,-0.053974,0.328241,0.701017,-0.030548,0.318335,0.657370,-0.040811,0.312027,0.627308,-0.047079,0.307165,0.599069,-0.051750,0.000000,0.000000,0.000000,0.000000,0.000000,0.000000,0.000000,0.000000,0.000000,0.000000,0.000000,0.000000,0.000000,0.000000,0.000000,0.000000,0.000000,0.000000,0.000000,0.000000,0.000000,0.000000,0.000000,0.000000,0.000000,0.000000,0.000000,0.000000,0.000000,0.000000,0.000000,0.000000,0.000000,0.000000,0.000000,0.000000,0.000000,0.000000,0.000000,0.000000,0.000000,0.000000,0.000000,0.000000,0.000000,0.000000,0.000000,0.000000,0.000000,0.000000,0.000000,0.000000,0.000000,0.000000,0.000000,0.000000,0.000000,0.000000,0.000000,0.000000,0.000000,0.000000,0.000000
-0.003106,-2.563700,-2.485697,0.056251,-2.710197,-2.339726,0.095231,-2.707092,-2.340135,0.122635,-2.703989,-2.339582,-0.061111,-2.710867,-2.333503,-0.098189,-2.710508,-2.333403,-0.136507,-2.710587,-2.334268,0.176900,-2.641127,-1.305468,-0.187907,-2.640981,-1.254110,0.070173,-2.414104,-2.105124,-0.081743,-2.415655,-2.090389,0.517106,-1.837863,-0.582672,-0.460711,-1.899143,-0.782971,0.748724,-0.883403,-0.504637,-0.781766,-0.879196,-1.840305,0.891583,0.041225,-1.557974,-0.544118,-1.380262,-4.247700,0.978574,0.312848,-1.792181,-0.492861,-1.568464,-4.730050,0.880128,0.286132,-2.007828,-0.465704,-1.697782,-4.710329,0.803802,0.195187,-1.684456,-0.440320,-1.623773,-4.295788,0.340022,0.001815,-0.091725,-0.340022,-0.001815,0.091725,0.287068,1.532513,-0.110055,-0.345697,1.505964,-0.051485,0.259322,2.910388,1.300715,-0.328671,2.855451,0.844754,0.271501,3.110831,1.347549,-0.334187,3.037084,0.887214,0.166682,3.300419,-0.092288,-0.269631,3.280038,-0.688262,0.511999,0.444304,0.001311,0.513477,0.441045,-0.003830,0.517073,0.437673,-0.009399,0.522009,0.433119,-0.014545,0.529958,0.429432,-0.018804,0.538117,0.430169,-0.020132,0.546379,0.428057,-0.019577,0.555313,0.430494,-0.016105,0.561357,0.434068,-0.011603,0.565935,0.436772,-0.006392,0.568163,0.439734,-0.001403,0.565233,0.443045,-0.005496,0.561054,0.446315,-0.010468,0.555064,0.450539,-0.014105,0.547738,0.453787,-0.016799,0.539591,0.454967,-0.016933,0.531701,0.455016,-0.015964,0.524584,0.453004,-0.012579,0.518820,0.449743,-0.008610,0.514899,0.447180,-0.003121,0.489197,0.351002,0.015029,0.490880,0.349595,0.012025,0.493010,0.347863,0.009699,0.496486,0.345493,0.007501,0.501824,0.343729,0.005656,0.507073,0.343537,0.005115,0.512557,0.344488,0.006064,0.516425,0.346946,0.007376,0.555890,0.345623,0.006355,0.557618,0.346422,0.006189,0.560867,0.347188,0.004668,0.566066,0.348481,0.003526,0.571645,0.348758,0.003565,0.577443,0.347624,0.004960,0.581295,0.346201,0.006930,0.584042,0.344880,0.008689,0.535694,0.336015,-0.009783,0.535651,0.346540,-0.014886,0.535628,0.356263,-0.020772,0.535549,0.365338,-0.027210,0.361568,0.814192,0.000000,0.395551,0.791959,-0.017765,0.421560,0.746585,-0.025889,0.404619,0.716379,-0.033006,0.375175,0.723211,-0.040900,0.402652,0.669236,-0.017187,0.414416,0.609998,-0.029495,0.420409,0.572178,-0.039866,0.424134,0.540338,-0.047886,0.374843,0.664855,-0.019656,0.380222,0.599743,-0.029690,0.382380,0.556754,-0.040086,0.383000,0.521936,-0.048082,0.350886,0.675867,-0.024139,0.349710,0.613599,-0.034591,0.349800,0.572860,-0.045689,0.350493,0.538797,-0.053783,0.327554,0.699364,-0.030381,0.317553,0.656186,-0.040573,0.311300,0.626461,-0.046823,0.306602,0.598465,-0.051523,0.000000,0.000000,0.000000,0.000000,0.000000,0.000000,0.000000,0.000000,0.000000,0.000000,0.000000,0.000000,0.000000,0.000000,0.000000,0.000000,0.000000,0.000000,0.000000,0.000000,0.000000,0.000000,0.000000,0.000000,0.000000,0.000000,0.000000,0.000000,0.000000,0.000000,0.000000,0.000000,0.000000,0.000000,0.000000,0.000000,0.000000,0.000000,0.000000,0.000000,0.000000,0.000000,0.000000,0.000000,0.000000,0.000000,0.000000,0.000000,0.000000,0.000000,0.000000,0.000000,0.000000,0.000000,0.000000,0.000000,0.000000,0.000000,0.000000,0.000000,0.000000,0.000000,0.000000
-0.023015,-2.480972,-2.445156,0.033161,-2.622329,-2.307184,0.071008,-2.619799,-2.307355,0.097395,-2.617041,-2.307001,-0.079207,-2.623270,-2.317425,-0.114764,-2.623392,-2.316926,-0.151600,-2.623005,-2.317614,0.149105,-2.556997,-1.305517,-0.200935,-2.556855,-1.327526,0.048210,-2.338181,-2.071153,-0.097945,-2.338947,-2.077213,0.475917,-1.789718,-0.565346,-0.466235,-1.788102,-0.899360,0.699434,-0.868090,-0.408125,-0.739710,-0.820045,-1.853398,0.845210,-0.010949,-1.431563,-0.548055,-1.135620,-4.253364,0.931978,0.241012,-1.654527,-0.492788,-1.338009,-4.724453,0.846044,0.215473,-1.850885,-0.470648,-1.451273,-4.753935,0.772543,0.132927,-1.547668,-0.450440,-1.405512,-4.317209,0.330147,-0.007448,-0.056876,-0.330147,0.007448,0.056876,0.298067,1.451898,0.099527,-0.313065,1.450642,-0.013027,0.290246,2.769273,1.567744,-0.289929,2.740713,1.019974,0.303903,2.959757,1.624629,-0.296891,2.916250,1.077809,0.207591,3.155512,0.258605,-0.213320,3.149604,-0.454941,0.509855,0.441687,0.001902,0.511460,0.438595,-0.003321,0.515292,0.435431,-0.009132,0.520453,0.431111,-0.014497,0.528610,0.427657,-0.018914,0.536940,0.428489,-0.020281,0.545429,0.426381,-0.019796,0.554650,0.428694,-0.016294,0.560992,0.432082,-0.011646,0.565842,0.434575,-0.006285,0.568183,0.437380,-0.001248,0.565013,0.440787,-0.005396,0.560554,0.444118,-0.010632,0.554271,0.448329,-0.014493,0.546700,0.451535,-0.017435,0.538330,0.452704,-0.017619,0.530287,0.452712,-0.016507,0.523002,0.450686,-0.012760,0.517052,0.447375,-0.008483,0.512920,0.444696,-0.002664,0.488564,0.349849,0.015548,0.490236,0.348393,0.012539,0.492371,0.346626,0.010174,0.495864,0.344239,0.007961,0.501236,0.342506,0.006074,0.506491,0.342361,0.005503,0.511953,0.343354,0.006419,0.515813,0.345837,0.007700,0.555371,0.344735,0.006360,0.557110,0.345550,0.006185,0.560377,0.346339,0.004639,0.565599,0.347662,0.003458,0.571210,0.347975,0.003457,0.577043,0.346892,0.004835,0.580919,0.345504,0.006792,0.583670,0.344191,0.008549,0.534967,0.334757,-0.009767,0.534813,0.345010,-0.014954,0.534686,0.354528,-0.020893,0.534517,0.363392,-0.027401,0.363638,0.890195,0.000000,0.395940,0.868779,-0.017330,0.423020,0.839215,-0.028492,0.434347,0.815935,-0.038994,0.433124,0.800791,-0.050340,0.397243,0.776484,-0.026911,0.407671,0.722914,-0.043027,0.414575,0.694453,-0.054472,0.420775,0.669605,-0.062447,0.370476,0.777633,-0.030047,0.372189,0.725891,-0.043837,0.373582,0.695974,-0.053877,0.375296,0.671071,-0.061608,0.346539,0.792872,-0.034795,0.340444,0.746215,-0.048129,0.337629,0.717007,-0.057208,0.337711,0.689775,-0.064300,0.325610,0.818521,-0.041053,0.308989,0.792505,-0.054498,0.298297,0.775651,-0.060474,0.290752,0.757507,-0.064631,0.000000,0.000000,0.000000,0.000000,0.000000,0.000000,0.000000,0.000000,0.000000,0.000000,0.000000,0.000000,0.000000,0.000000,0.000000,0.000000,0.000000,0.000000,0.000000,0.000000,0.000000,0.000000,0.000000,0.000000,0.000000,0.000000,0.000000,0.000000,0.000000,0.000000,0.000000,0.000000,0.000000,0.000000,0.000000,0.000000,0.000000,0.000000,0.000000,0.000000,0.000000,0.000000,0.000000,0.000000,0.000000,0.000000,0.000000,0.000000,0.000000,0.000000,0.000000,0.000000,0.000000,0.000000,0.000000,0.000000,0.000000,0.000000,0.000000,0.000000,0.000000,0.000000,0.000000
-0.088742,-2.663897,-2.628765,-0.029572,-2.802728,-2.467672,0.012298,-2.800162,-2.468395,0.047402,-2.795673,-2.468675,-0.142894,-2.800894,-2.465476,-0.177820,-2.799982,-2.464967,-0.214952,-2.796842,-2.465822,0.102669,-2.726146,-1.402410,-0.256328,-2.721835,-1.404346,0.000208,-2.507121,-2.231982,-0.160925,-2.508177,-2.230363,0.455915,-1.910891,-0.758285,-0.542515,-1.905699,-0.814032,0.683008,-1.015647,-0.699634,-0.796511,-1.081819,-1.270939,0.760955,-0.115844,-1.651895,-0.669701,-0.511559,-3.047451,0.824806,0.147998,-1.932592,-0.658067,-0.304771,-3.457092,0.731538,0.144826,-2.146816,-0.562422,-0.377563,-3.628831,0.680380,0.046519,-1.777410,-0.552247,-0.449011,-3.175785,0.334811,-0.009673,-0.140967,-0.334811,0.009673,0.140967,0.309026,1.533692,-0.455628,-0.335618,1.537449,-0.340147,0.306649,2.959469,0.765727,-0.306565,2.952689,0.346117,0.323512,3.176933,0.794326,-0.307308,3.177500,0.359293,0.200401,3.379920,-0.719427,-0.237759,3.358191,-1.252744,0.507102,0.440038,0.000153,0.508578,0.436884,-0.004783,0.512325,0.433481,-0.010329,0.517396,0.428900,-0.015454,0.525409,0.425170,-0.019729,0.533582,0.425876,-0.021115,0.541951,0.423829,-0.020626,0.551077,0.426390,-0.017297,0.557353,0.430052,-0.012907,0.562142,0.432773,-0.007822,0.564424,0.435651,-0.003080,0.561326,0.438742,-0.007393,0.556939,0.441680,-0.012658,0.550756,0.445530,-0.016492,0.543300,0.448510,-0.019353,0.535109,0.449638,-0.019534,0.527284,0.449757,-0.018403,0.520127,0.447986,-0.014671,0.514235,0.445048,-0.010413,0.510135,0.442734,-0.004568,0.484963,0.348550,0.016894,0.486633,0.347011,0.013935,0.488750,0.345172,0.011628,0.492235,0.342715,0.009474,0.497560,0.340874,0.007643,0.502771,0.340658,0.007070,0.508224,0.341547,0.007934,0.512100,0.343944,0.009148,0.551473,0.342441,0.007682,0.553241,0.343297,0.007489,0.556505,0.344090,0.005905,0.561687,0.345388,0.004671,0.567274,0.345660,0.004645,0.573049,0.344539,0.006017,0.576860,0.343146,0.007979,0.579547,0.341828,0.009741,0.531144,0.332161,-0.008009,0.531094,0.342288,-0.013497,0.531051,0.351656,-0.019679,0.530960,0.360377,-0.026440,0.000000,0.000000,0.000000,0.000000,0.000000,0.000000,0.000000,0.000000,0.000000,0.000000,0.000000,0.000000,0.000000,0.000000,0.000000,0.000000,0.000000,0.000000,0.000000,0.000000,0.000000,0.000000,0.000000,0.000000,0.000000,0.000000,0.000000,0.000000,0.000000,0.000000,0.000000,0.000000,0.000000,0.000000,0.000000,0.000000,0.000000,0.000000,0.000000,0.000000,0.000000,0.000000,0.000000,0.000000,0.000000,0.000000,0.000000,0.000000,0.000000,0.000000,0.000000,0.000000,0.000000,0.000000,0.000000,0.000000,0.000000,0.000000,0.000000,0.000000,0.000000,0.000000,0.000000,0.000000,0.000000,0.000000,0.000000,0.000000,0.000000,0.000000,0.000000,0.000000,0.000000,0.000000,0.000000,0.000000,0.000000,0.000000,0.000000,0.000000,0.000000,0.000000,0.000000,0.000000,0.000000,0.000000,0.000000,0.000000,0.000000,0.000000,0.000000,0.000000,0.000000,0.000000,0.000000,0.000000,0.000000,0.000000,0.000000,0.000000,0.000000,0.000000,0.000000,0.000000,0.000000,0.000000,0.000000,0.000000,0.000000,0.000000,0.000000,0.000000,0.000000,0.000000,0.000000,0.000000,0.000000,0.000000,0.000000,0.000000,0.000000,0.000000,0.000000,0.000000,0.000000,0.000000
-0.084716,-2.669301,-2.342715,-0.024331,-2.794790,-2.195069,0.017070,-2.791972,-2.195459,0.055169,-2.786205,-2.196021,-0.135186,-2.785422,-2.198071,-0.168285,-2.780010,-2.197214,-0.201833,-2.773365,-2.198148,0.111356,-2.710917,-1.240488,-0.230143,-2.695940,-1.229810,0.011996,-2.510441,-1.987787,-0.150969,-2.509191,-1.984189,0.470353,-1.899876,-0.654164,-0.516418,-1.855296,-0.810032,0.685300,-1.042123,-0.591217,-0.742210,-1.060454,-1.110548,0.802111,-0.076072,-1.440184,-0.693729,-0.406072,-2.649692,0.891061,0.183138,-1.709049,-0.690551,-0.201203,-3.020039,0.792851,0.198188,-1.910863,-0.599527,-0.254672,-3.194892,0.735202,0.099815,-1.566659,-0.583223,-0.328432,-2.772077,0.325649,-0.010450,-0.129486,-0.325649,0.010450,0.129486,0.307399,1.497925,-0.391007,-0.333084,1.512368,-0.133802,0.308277,2.878588,0.835764,-0.303450,2.880239,0.545623,0.325958,3.093023,0.874522,-0.302841,3.097430,0.563164,0.191506,3.295621,-0.520923,-0.233103,3.284484,-0.927760,0.501979,0.438086,0.000939,0.503227,0.434903,-0.003921,0.506670,0.431342,-0.009503,0.511426,0.426644,-0.014726,0.519369,0.422621,-0.019127,0.527614,0.423060,-0.020635,0.536139,0.420637,-0.020345,0.545606,0.422758,-0.017214,0.552024,0.426101,-0.012944,0.556933,0.428667,-0.008041,0.559292,0.431489,-0.003550,0.556118,0.434666,-0.007632,0.551618,0.437815,-0.012778,0.545311,0.441836,-0.016504,0.537729,0.444994,-0.019194,0.529490,0.446356,-0.019245,0.521617,0.446731,-0.017931,0.514522,0.445268,-0.014081,0.508808,0.442602,-0.009706,0.504906,0.440530,-0.003841,0.480843,0.349619,0.017422,0.482521,0.348725,0.014468,0.484689,0.347420,0.012198,0.488090,0.345585,0.010065,0.493077,0.343986,0.008179,0.497898,0.343397,0.007514,0.503037,0.343138,0.008353,0.506554,0.344246,0.009541,0.545539,0.341201,0.007179,0.547126,0.341705,0.006958,0.550074,0.342327,0.005334,0.554923,0.343435,0.004055,0.560214,0.343638,0.003930,0.565931,0.342693,0.005147,0.569806,0.341619,0.006899,0.572674,0.340676,0.008584,0.524717,0.332174,-0.007596,0.524505,0.342066,-0.012990,0.524302,0.351195,-0.019052,0.524082,0.359751,-0.025702,0.000000,0.000000,0.000000,0.000000,0.000000,0.000000,0.000000,0.000000,0.000000,0.000000,0.000000,0.000000,0.000000,0.000000,0.000000,0.000000,0.000000,0.000000,0.000000,0.000000,0.000000,0.000000,0.000000,0.000000,0.000000,0.000000,0.000000,0.000000,0.000000,0.000000,0.000000,0.000000,0.000000,0.000000,0.000000,0.000000,0.000000,0.000000,0.000000,0.000000,0.000000,0.000000,0.000000,0.000000,0.000000,0.000000,0.000000,0.000000,0.000000,0.000000,0.000000,0.000000,0.000000,0.000000,0.000000,0.000000,0.000000,0.000000,0.000000,0.000000,0.000000,0.000000,0.000000,0.000000,0.000000,0.000000,0.000000,0.000000,0.000000,0.000000,0.000000,0.000000,0.000000,0.000000,0.000000,0.000000,0.000000,0.000000,0.000000,0.000000,0.000000,0.000000,0.000000,0.000000,0.000000,0.000000,0.000000,0.000000,0.000000,0.000000,0.000000,0.000000,0.000000,0.000000,0.000000,0.000000,0.000000,0.000000,0.000000,0.000000,0.000000,0.000000,0.000000,0.000000,0.000000,0.000000,0.000000,0.000000,0.000000,0.000000,0.000000,0.000000,0.000000,0.000000,0.000000,0.000000,0.000000,0.000000,0.000000,0.000000,0.000000,0.000000,0.000000,0.000000,0.000000,0.000000
-0.080343,-2.669419,-2.342622,-0.022576,-2.794640,-2.196332,0.018528,-2.792058,-2.196769,0.058992,-2.786555,-2.197325,-0.131438,-2.785460,-2.194521,-0.164356,-2.779945,-2.193628,-0.196724,-2.772859,-2.194383,0.115729,-2.710527,-1.228852,-0.221600,-2.694443,-1.198492,0.015462,-2.509460,-1.982687,-0.146190,-2.508271,-1.973989,0.484288,-1.889745,-0.650468,-0.508835,-1.854099,-0.761831,0.696427,-1.040807,-0.620328,-0.743625,-1.061386,-1.123205,0.764745,-0.092017,-1.555259,-0.591366,-0.629153,-2.890555,0.827413,0.171474,-1.850941,-0.560461,-0.357543,-3.261990,0.716726,0.160259,-2.041951,-0.461332,-0.441547,-3.371857,0.671895,0.056879,-1.677514,-0.468431,-0.768801,-2.974194,0.328014,-0.007783,-0.130519,-0.328014,0.007783,0.130519,0.308794,1.514715,-0.434622,-0.331383,1.523715,-0.183430,0.300415,2.906310,0.736091,-0.308586,2.904361,0.432538,0.318983,3.117153,0.766999,-0.311236,3.119051,0.443159,0.177208,3.327249,-0.679187,-0.241360,3.313771,-1.094295,0.500439,0.436870,-0.000369,0.501844,0.433687,-0.005137,0.505438,0.430132,-0.010617,0.510302,0.425371,-0.015705,0.518108,0.421353,-0.019980,0.526176,0.421757,-0.021491,0.534462,0.419450,-0.021113,0.543659,0.421674,-0.018034,0.550054,0.425080,-0.013860,0.555007,0.427636,-0.008995,0.557407,0.430401,-0.004540,0.554212,0.433446,-0.008803,0.549722,0.436350,-0.014056,0.543463,0.440159,-0.017898,0.536032,0.443188,-0.020743,0.527971,0.444503,-0.020833,0.520308,0.444934,-0.019560,0.513278,0.443614,-0.015635,0.507502,0.441154,-0.011228,0.503454,0.439248,-0.005229,0.478604,0.348176,0.018395,0.480153,0.346455,0.015535,0.482130,0.344455,0.013265,0.485424,0.341769,0.011144,0.490597,0.339737,0.009295,0.495715,0.339444,0.008694,0.501121,0.340390,0.009397,0.504990,0.342912,0.010478,0.543127,0.340569,0.008241,0.544899,0.341389,0.008004,0.548144,0.342044,0.006374,0.553318,0.343134,0.005081,0.558837,0.343243,0.004934,0.564514,0.341992,0.006217,0.568262,0.340543,0.008108,0.570895,0.339206,0.009829,0.522946,0.330621,-0.006541,0.522837,0.340386,-0.012172,0.522749,0.349416,-0.018438,0.522608,0.357867,-0.025315,0.000000,0.000000,0.000000,0.000000,0.000000,0.000000,0.000000,0.000000,0.000000,0.000000,0.000000,0.000000,0.000000,0.000000,0.000000,0.000000,0.000000,0.000000,0.000000,0.000000,0.000000,0.000000,0.000000,0.000000,0.000000,0.000000,0.000000,0.000000,0.000000,0.000000,0.000000,0.000000,0.000000,0.000000,0.000000,0.000000,0.000000,0.000000,0.000000,0.000000,0.000000,0.000000,0.000000,0.000000,0.000000,0.000000,0.000000,0.000000,0.000000,0.000000,0.000000,0.000000,0.000000,0.000000,0.000000,0.000000,0.000000,0.000000,0.000000,0.000000,0.000000,0.000000,0.000000,0.000000,0.000000,0.000000,0.000000,0.000000,0.000000,0.000000,0.000000,0.000000,0.000000,0.000000,0.000000,0.000000,0.000000,0.000000,0.000000,0.000000,0.000000,0.000000,0.000000,0.000000,0.000000,0.000000,0.000000,0.000000,0.000000,0.000000,0.000000,0.000000,0.000000,0.000000,0.000000,0.000000,0.000000,0.000000,0.000000,0.000000,0.000000,0.000000,0.000000,0.000000,0.000000,0.000000,0.000000,0.000000,0.000000,0.000000,0.000000,0.000000,0.000000,0.000000,0.000000,0.000000,0.000000,0.000000,0.000000,0.000000,0.000000,0.000000,0.000000,0.000000,0.000000,0.000000
-0.102224,-2.588996,-2.178936,-0.044869,-2.721120,-2.054439,-0.003615,-2.720028,-2.054565,0.036341,-2.715899,-2.054590,-0.152761,-2.711091,-2.047416,-0.185661,-2.706250,-2.046739,-0.217475,-2.698970,-2.047271,0.091209,-2.645514,-1.185607,-0.243715,-2.623427,-1.114486,-0.012665,-2.438236,-1.852640,-0.167453,-2.427070,-1.832531,0.466840,-1.829752,-0.600315,-0.517681,-1.782477,-0.767733,0.677336,-0.914875,-0.559594,-0.743791,-0.793420,-1.706591,0.781109,-0.056092,-1.570822,-0.583023,-1.094454,-4.112537,0.862280,0.201108,-1.794536,-0.549754,-1.313847,-4.570707,0.756594,0.174742,-1.964853,-0.537485,-1.428002,-4.587786,0.687490,0.089965,-1.676694,-0.519943,-1.373511,-4.174358,0.343139,-0.014818,-0.084439,-0.343139,0.014818,0.084439,0.297281,1.466160,-0.022823,-0.336487,1.489612,0.033182,0.290107,2.823655,1.387194,-0.310997,2.807192,0.984430,0.308043,3.024139,1.441514,-0.321118,2.992966,1.037586,0.200613,3.222478,0.113811,-0.232141,3.230586,-0.445092,0.496186,0.439742,0.001188,0.497539,0.436592,-0.003796,0.501061,0.433100,-0.009503,0.505874,0.428416,-0.014827,0.513712,0.424414,-0.019335,0.521900,0.424740,-0.020961,0.530334,0.422246,-0.020733,0.539755,0.424193,-0.017679,0.546308,0.427347,-0.013451,0.551366,0.429692,-0.008509,0.553817,0.432387,-0.003907,0.550625,0.435705,-0.008031,0.546094,0.438959,-0.013200,0.539770,0.443130,-0.016960,0.532234,0.446432,-0.019657,0.524026,0.447932,-0.019622,0.516240,0.448425,-0.018238,0.509122,0.447048,-0.014219,0.503292,0.444408,-0.009742,0.499233,0.442288,-0.003680,0.473477,0.350391,0.018394,0.475007,0.348797,0.015411,0.476997,0.346864,0.013059,0.480307,0.344238,0.010832,0.485502,0.342167,0.008857,0.490655,0.341727,0.008138,0.496078,0.342390,0.008833,0.499956,0.344630,0.009946,0.538768,0.341208,0.007021,0.540520,0.341936,0.006775,0.543763,0.342512,0.005115,0.548979,0.343503,0.003753,0.554552,0.343515,0.003539,0.560325,0.342179,0.004762,0.564164,0.340671,0.006594,0.566896,0.339286,0.008285,0.517889,0.332055,-0.007757,0.517838,0.342215,-0.013245,0.517787,0.351602,-0.019404,0.517677,0.360369,-0.026141,0.350817,0.896976,0.000000,0.379453,0.878354,-0.016737,0.401772,0.852153,-0.028820,0.383209,0.839075,-0.040179,0.359388,0.841985,-0.052652,0.387514,0.774502,-0.022778,0.401360,0.718990,-0.038092,0.408119,0.681285,-0.049561,0.412769,0.650349,-0.057385,0.359919,0.771898,-0.026142,0.363537,0.711863,-0.038712,0.364848,0.670735,-0.049945,0.366358,0.637063,-0.057669,0.336287,0.783925,-0.030966,0.333670,0.727414,-0.043793,0.332712,0.689843,-0.054536,0.333044,0.657130,-0.061496,0.314200,0.808757,-0.036962,0.301834,0.772639,-0.049510,0.294551,0.747639,-0.054720,0.289292,0.722744,-0.057411,0.000000,0.000000,0.000000,0.000000,0.000000,0.000000,0.000000,0.000000,0.000000,0.000000,0.000000,0.000000,0.000000,0.000000,0.000000,0.000000,0.000000,0.000000,0.000000,0.000000,0.000000,0.000000,0.000000,0.000000,0.000000,0.000000,0.000000,0.000000,0.000000,0.000000,0.000000,0.000000,0.000000,0.000000,0.000000,0.000000,0.000000,0.000000,0.000000,0.000000,0.000000,0.000000,0.000000,0.000000,0.000000,0.000000,0.000000,0.000000,0.000000,0.000000,0.000000,0.000000,0.000000,0.000000,0.000000,0.000000,0.000000,0.000000,0.000000,0.000000,0.000000,0.000000,0.000000
-0.069348,-2.610535,-2.319177,-0.013536,-2.743314,-2.184223,0.027869,-2.742615,-2.184316,0.066957,-2.739545,-2.184035,-0.123841,-2.734447,-2.174885,-0.158934,-2.730312,-2.174154,-0.192080,-2.724019,-2.174667,0.120430,-2.673808,-1.247008,-0.225707,-2.649745,-1.162447,0.017339,-2.459707,-1.976591,-0.137519,-2.448234,-1.954067,0.487034,-1.843210,-0.606308,-0.494950,-1.848100,-0.793962,0.734033,-0.899334,-0.542484,-0.784172,-0.811648,-1.860508,0.898270,0.012684,-1.462815,-0.599083,-1.271126,-4.278275,0.997056,0.275319,-1.668372,-0.551816,-1.493217,-4.744253,0.894857,0.257564,-1.848185,-0.528148,-1.623803,-4.729833,0.817001,0.172442,-1.570398,-0.502969,-1.544642,-4.330599,0.343758,-0.006637,-0.082198,-0.343758,0.006637,0.082198,0.288945,1.495670,-0.031220,-0.346551,1.494204,0.007533,0.252932,2.848219,1.408255,-0.347623,2.816900,0.926565,0.268074,3.041317,1.458092,-0.356942,2.993785,0.968832,0.150430,3.248832,0.099129,-0.283356,3.250651,-0.544414,0.492302,0.438713,0.001810,0.493744,0.435496,-0.003443,0.497356,0.432098,-0.009400,0.502270,0.427495,-0.014940,0.510312,0.423657,-0.019652,0.518713,0.424210,-0.021352,0.527375,0.421731,-0.021125,0.536947,0.423778,-0.017959,0.543577,0.427034,-0.013564,0.548710,0.429451,-0.008426,0.551274,0.432253,-0.003589,0.548066,0.435710,-0.007721,0.543456,0.439154,-0.012931,0.536986,0.443489,-0.016751,0.529222,0.446880,-0.019485,0.520689,0.448355,-0.019425,0.512584,0.448632,-0.017988,0.505287,0.446943,-0.013850,0.499394,0.443929,-0.009261,0.495323,0.441491,-0.003128,0.469875,0.347124,0.018599,0.471398,0.345494,0.015538,0.473408,0.343526,0.013092,0.476802,0.340871,0.010762,0.482204,0.338871,0.008705,0.487581,0.338597,0.007957,0.493176,0.339590,0.008636,0.497172,0.342140,0.009780,0.536846,0.339594,0.006652,0.538620,0.340383,0.006405,0.541939,0.341040,0.004718,0.547285,0.342157,0.003320,0.553022,0.342260,0.003095,0.558956,0.340954,0.004344,0.562916,0.339397,0.006204,0.565714,0.337917,0.007945,0.515627,0.330248,-0.008568,0.515441,0.340558,-0.014079,0.515263,0.350070,-0.020323,0.515050,0.358990,-0.027152,0.340293,0.865763,0.000000,0.372882,0.838899,-0.018250,0.396632,0.794587,-0.027494,0.369860,0.773376,-0.035840,0.338318,0.784057,-0.045001,0.380807,0.719265,-0.017284,0.393416,0.659448,-0.030128,0.400206,0.620382,-0.040603,0.404616,0.587812,-0.048600,0.351229,0.714281,-0.019994,0.355264,0.647775,-0.030400,0.356845,0.604030,-0.041043,0.356937,0.567953,-0.049030,0.326703,0.725725,-0.024800,0.323941,0.664096,-0.035832,0.322934,0.623531,-0.047170,0.322914,0.588489,-0.055180,0.303331,0.751219,-0.031314,0.289989,0.709270,-0.041798,0.282146,0.680066,-0.047610,0.276683,0.651397,-0.051798,0.000000,0.000000,0.000000,0.000000,0.000000,0.000000,0.000000,0.000000,0.000000,0.000000,0.000000,0.000000,0.000000,0.000000,0.000000,0.000000,0.000000,0.000000,0.000000,0.000000,0.000000,0.000000,0.000000,0.000000,0.000000,0.000000,0.000000,0.000000,0.000000,0.000000,0.000000,0.000000,0.000000,0.000000,0.000000,0.000000,0.000000,0.000000,0.000000,0.000000,0.000000,0.000000,0.000000,0.000000,0.000000,0.000000,0.000000,0.000000,0.000000,0.000000,0.000000,0.000000,0.000000,0.000000,0.000000,0.000000,0.000000,0.000000,0.000000,0.000000,0.000000,0.000000,0.000000
-0.029403,-2.563100,-2.226844,0.027816,-2.692461,-2.088832,0.067564,-2.691289,-2.089013,0.105204,-2.688107,-2.088821,-0.082821,-2.687680,-2.087681,-0.118562,-2.685630,-2.087081,-0.151101,-2.681083,-2.087730,0.150021,-2.624983,-1.156356,-0.187532,-2.611874,-1.124386,0.049776,-2.413574,-1.886073,-0.102356,-2.408556,-1.876975,0.485002,-1.814298,-0.526772,-0.486000,-1.827326,-0.765339,0.771399,-0.920670,-0.469690,-0.746298,-0.789830,-1.810366,0.975235,-0.039540,-1.436024,-0.580950,-1.210880,-4.223260,1.075803,0.206766,-1.645584,-0.537324,-1.432621,-4.682425,0.976555,0.185314,-1.818855,-0.513140,-1.555371,-4.674443,0.898513,0.112832,-1.543380,-0.492531,-1.484085,-4.274878,0.339733,-0.003870,-0.062918,-0.339733,0.003870,0.062918,0.288525,1.486837,-0.040745,-0.328205,1.478687,-0.093462,0.253825,2.827836,1.314392,-0.329391,2.792231,0.782477,0.265218,3.020605,1.361722,-0.341297,2.965414,0.825615,0.160928,3.222350,0.019653,-0.262905,3.220203,-0.684059,0.487450,0.437957,0.002255,0.488982,0.434830,-0.003141,0.492673,0.431468,-0.009172,0.497668,0.426922,-0.014719,0.505768,0.423199,-0.019430,0.514148,0.423908,-0.021080,0.522809,0.421562,-0.020809,0.532342,0.423690,-0.017577,0.538939,0.427034,-0.013099,0.544025,0.429472,-0.007872,0.546503,0.432241,-0.002891,0.543179,0.435723,-0.006995,0.538483,0.439227,-0.012169,0.531970,0.443554,-0.015960,0.524195,0.446807,-0.018717,0.515723,0.448131,-0.018665,0.507662,0.448253,-0.017295,0.500396,0.446425,-0.013243,0.494535,0.443295,-0.008721,0.490476,0.440788,-0.002649,0.465172,0.343451,0.018004,0.466727,0.341893,0.014899,0.468780,0.339997,0.012461,0.472238,0.337451,0.010089,0.477715,0.335604,0.008050,0.483169,0.335496,0.007323,0.488773,0.336610,0.008093,0.492766,0.339237,0.009254,0.533078,0.337733,0.006418,0.534818,0.338500,0.006171,0.538128,0.339175,0.004500,0.543461,0.340373,0.003128,0.549231,0.340585,0.002943,0.555240,0.339426,0.004237,0.559287,0.337959,0.006107,0.562161,0.336551,0.007879,0.511732,0.328437,-0.009498,0.511436,0.338668,-0.014953,0.511154,0.348366,-0.021121,0.510861,0.357535,-0.027851,0.330888,0.874131,0.000000,0.364222,0.848968,-0.020275,0.390942,0.804958,-0.030618,0.373000,0.779407,-0.039659,0.344012,0.785384,-0.049382,0.371140,0.726053,-0.021004,0.383177,0.664327,-0.035103,0.388690,0.624370,-0.046293,0.392168,0.591083,-0.054805,0.340677,0.722137,-0.023251,0.343039,0.654333,-0.035239,0.343294,0.610216,-0.046668,0.342988,0.574422,-0.055298,0.315405,0.734488,-0.027632,0.312322,0.671177,-0.040158,0.311041,0.630473,-0.051964,0.311264,0.595150,-0.060477,0.291710,0.760566,-0.033854,0.276890,0.718845,-0.046267,0.267527,0.690176,-0.053116,0.260913,0.661286,-0.058002,0.000000,0.000000,0.000000,0.000000,0.000000,0.000000,0.000000,0.000000,0.000000,0.000000,0.000000,0.000000,0.000000,0.000000,0.000000,0.000000,0.000000,0.000000,0.000000,0.000000,0.000000,0.000000,0.000000,0.000000,0.000000,0.000000,0.000000,0.000000,0.000000,0.000000,0.000000,0.000000,0.000000,0.000000,0.000000,0.000000,0.000000,0.000000,0.000000,0.000000,0.000000,0.000000,0.000000,0.000000,0.000000,0.000000,0.000000,0.000000,0.000000,0.000000,0.000000,0.000000,0.000000,0.000000,0.000000,0.000000,0.000000,0.000000,0.000000,0.000000,0.000000,0.000000,0.000000
-0.088126,-2.604740,-1.925418,-0.020601,-2.735311,-1.822249,0.021333,-2.730580,-1.822030,0.061801,-2.724458,-1.821906,-0.144975,-2.731296,-1.796893,-0.184451,-2.724785,-1.795853,-0.212953,-2.717021,-1.796627,0.109011,-2.650936,-1.062361,-0.240628,-2.638753,-0.918812,-0.001384,-2.459039,-1.639734,-0.167120,-2.455705,-1.601527,0.463984,-1.843024,-0.617651,-0.534652,-1.891381,-0.637091,0.744114,-0.932905,-0.673866,-0.815251,-1.029930,-1.400659,0.688986,-0.129656,-1.477441,-0.618637,-1.010202,-3.323825,0.695480,0.143757,-1.715864,-0.609042,-0.924145,-3.704610,0.570369,0.067732,-1.799117,-0.500454,-1.060106,-3.712092,0.542483,-0.025549,-1.539249,-0.482457,-1.088099,-3.379424,0.345688,0.001319,-0.091441,-0.345688,-0.001319,0.091441,0.296934,1.481778,-0.081021,-0.362259,1.453491,0.107961,0.278561,2.821058,1.217952,-0.318173,2.756084,0.926804,0.295409,3.016743,1.267491,-0.326510,2.941425,0.972350,0.178304,3.231174,-0.029198,-0.227772,3.184484,-0.418722,0.473844,0.420092,0.003430,0.475461,0.417099,-0.002258,0.479344,0.413897,-0.008628,0.484551,0.409493,-0.014478,0.492957,0.405932,-0.019475,0.501625,0.406825,-0.021220,0.510633,0.404506,-0.021048,0.520527,0.406720,-0.017747,0.527405,0.410099,-0.013111,0.532757,0.412500,-0.007673,0.535381,0.415199,-0.002496,0.531833,0.418753,-0.006662,0.526857,0.422303,-0.011996,0.519996,0.426640,-0.015913,0.511899,0.429841,-0.018724,0.503137,0.431057,-0.018613,0.494834,0.431066,-0.017117,0.487347,0.429090,-0.012816,0.481277,0.425757,-0.008044,0.477011,0.423081,-0.001677,0.451767,0.321589,0.018559,0.453330,0.320028,0.015310,0.455423,0.318088,0.012775,0.458991,0.315512,0.010265,0.464682,0.313694,0.008101,0.470368,0.313705,0.007299,0.476183,0.315047,0.008061,0.480320,0.317891,0.009253,0.522103,0.316977,0.005866,0.523861,0.317746,0.005608,0.527251,0.318439,0.003884,0.532727,0.319703,0.002436,0.538674,0.319970,0.002197,0.544894,0.318864,0.003489,0.549126,0.317376,0.005370,0.552124,0.315918,0.007163,0.499973,0.307450,-0.010551,0.499565,0.318183,-0.016078,0.499157,0.328391,-0.022319,0.498748,0.338023,-0.029133,0.000000,0.000000,0.000000,0.000000,0.000000,0.000000,0.000000,0.000000,0.000000,0.000000,0.000000,0.000000,0.000000,0.000000,0.000000,0.000000,0.000000,0.000000,0.000000,0.000000,0.000000,0.000000,0.000000,0.000000,0.000000,0.000000,0.000000,0.000000,0.000000,0.000000,0.000000,0.000000,0.000000,0.000000,0.000000,0.000000,0.000000,0.000000,0.000000,0.000000,0.000000,0.000000,0.000000,0.000000,0.000000,0.000000,0.000000,0.000000,0.000000,0.000000,0.000000,0.000000,0.000000,0.000000,0.000000,0.000000,0.000000,0.000000,0.000000,0.000000,0.000000,0.000000,0.000000,0.000000,0.000000,0.000000,0.000000,0.000000,0.000000,0.000000,0.000000,0.000000,0.000000,0.000000,0.000000,0.000000,0.000000,0.000000,0.000000,0.000000,0.000000,0.000000,0.000000,0.000000,0.000000,0.000000,0.000000,0.000000,0.000000,0.000000,0.000000,0.000000,0.000000,0.000000,0.000000,0.000000,0.000000,0.000000,0.000000,0.000000,0.000000,0.000000,0.000000,0.000000,0.000000,0.000000,0.000000,0.000000,0.000000,0.000000,0.000000,0.000000,0.000000,0.000000,0.000000,0.000000,0.000000,0.000000,0.000000,0.000000,0.000000,0.000000,0.000000,0.000000,0.000000,0.000000
-0.108130,-2.559747,-2.009975,-0.041306,-2.694294,-1.896907,0.001997,-2.689887,-1.896770,0.043436,-2.686428,-1.896955,-0.172473,-2.695362,-1.881785,-0.208102,-2.690246,-1.880535,-0.238842,-2.686352,-1.880938,0.095954,-2.619387,-1.103218,-0.272295,-2.613257,-1.003809,-0.020835,-2.413285,-1.712636,-0.186654,-2.409594,-1.684183,0.451547,-1.795454,-0.688050,-0.548038,-1.821331,-0.675460,0.686074,-0.921826,-0.742701,-0.746231,-0.986867,-1.321185,0.671581,-0.025292,-1.514219,-0.480129,-0.813498,-3.211523,0.712732,0.242923,-1.755819,-0.441583,-0.787639,-3.591644,0.589076,0.202410,-1.886155,-0.412071,-1.046993,-3.614719,0.550475,0.101186,-1.603560,-0.382844,-0.985993,-3.278805,0.330852,-0.003653,-0.128469,-0.330852,0.003653,0.128469,0.294334,1.462371,-0.225150,-0.346316,1.460421,0.012206,0.268636,2.771598,1.054267,-0.326138,2.737846,0.758275,0.288479,2.965726,1.099898,-0.332109,2.929793,0.789635,0.148606,3.194693,-0.221397,-0.254429,3.166142,-0.612544,0.459391,0.394621,0.002635,0.461070,0.391471,-0.003197,0.465220,0.388139,-0.009818,0.470800,0.383532,-0.015901,0.479757,0.379793,-0.021129,0.488903,0.380865,-0.022972,0.498421,0.378633,-0.022777,0.508850,0.381315,-0.019332,0.516067,0.385087,-0.014524,0.521673,0.387777,-0.008863,0.524363,0.390735,-0.003589,0.520613,0.394431,-0.008023,0.515362,0.398088,-0.013744,0.508084,0.402548,-0.017910,0.499523,0.405763,-0.020828,0.490283,0.406852,-0.020752,0.481473,0.406685,-0.019170,0.473574,0.404404,-0.014663,0.467184,0.400738,-0.009601,0.462727,0.397836,-0.002810,0.436710,0.290926,0.020261,0.438470,0.289491,0.016826,0.440828,0.287683,0.014125,0.444713,0.285287,0.011539,0.450708,0.283652,0.009232,0.456631,0.283702,0.008352,0.462691,0.284847,0.009091,0.466938,0.287468,0.010405,0.511374,0.287007,0.006755,0.513275,0.287855,0.006505,0.516843,0.288719,0.004643,0.522595,0.290182,0.003087,0.528853,0.290549,0.002814,0.535420,0.289472,0.004170,0.539877,0.288014,0.006181,0.543047,0.286599,0.008094,0.487988,0.275471,-0.010023,0.487504,0.287369,-0.016005,0.487003,0.298092,-0.022803,0.486522,0.308119,-0.030183,0.000000,0.000000,0.000000,0.000000,0.000000,0.000000,0.000000,0.000000,0.000000,0.000000,0.000000,0.000000,0.000000,0.000000,0.000000,0.000000,0.000000,0.000000,0.000000,0.000000,0.000000,0.000000,0.000000,0.000000,0.000000,0.000000,0.000000,0.000000,0.000000,0.000000,0.000000,0.000000,0.000000,0.000000,0.000000,0.000000,0.000000,0.000000,0.000000,0.000000,0.000000,0.000000,0.000000,0.000000,0.000000,0.000000,0.000000,0.000000,0.000000,0.000000,0.000000,0.000000,0.000000,0.000000,0.000000,0.000000,0.000000,0.000000,0.000000,0.000000,0.000000,0.000000,0.000000,0.000000,0.000000,0.000000,0.000000,0.000000,0.000000,0.000000,0.000000,0.000000,0.000000,0.000000,0.000000,0.000000,0.000000,0.000000,0.000000,0.000000,0.000000,0.000000,0.000000,0.000000,0.000000,0.000000,0.000000,0.000000,0.000000,0.000000,0.000000,0.000000,0.000000,0.000000,0.000000,0.000000,0.000000,0.000000,0.000000,0.000000,0.000000,0.000000,0.000000,0.000000,0.000000,0.000000,0.000000,0.000000,0.000000,0.000000,0.000000,0.000000,0.000000,0.000000,0.000000,0.000000,0.000000,0.000000,0.000000,0.000000,0.000000,0.000000,0.000000,0.000000,0.000000,0.000000
-0.116878,-2.562506,-1.758265,-0.059402,-2.695084,-1.651876,-0.016638,-2.692274,-1.651881,0.023494,-2.687192,-1.652143,-0.190805,-2.698260,-1.633061,-0.230643,-2.695420,-1.631961,-0.271316,-2.691675,-1.632203,0.072834,-2.614062,-0.945580,-0.313345,-2.610419,-0.799606,-0.033172,-2.387665,-1.499746,-0.194781,-2.376173,-1.462559,0.438779,-1.760647,-0.667702,-0.553748,-1.777684,-0.546873,0.699443,-0.881809,-0.816958,-0.628619,-0.898773,-1.270287,0.669138,-0.061940,-1.490457,-0.505153,-0.992997,-3.237463,0.690120,0.204095,-1.705519,-0.527167,-1.083676,-3.597536,0.544071,0.158274,-1.786318,-0.512223,-1.228741,-3.631016,0.516289,0.053544,-1.557542,-0.484883,-1.201806,-3.314295,0.318312,-0.003364,-0.148240,-0.318312,0.003364,0.148240,0.276152,1.369579,0.057741,-0.324377,1.367820,0.377363,0.240063,2.567092,1.611684,-0.320692,2.538238,1.461578,0.257049,2.752510,1.692705,-0.327508,2.718078,1.537188,0.143229,2.965102,0.534985,-0.256858,2.957388,0.285130,0.433068,0.373319,0.003008,0.435074,0.369810,-0.003738,0.439908,0.366018,-0.011332,0.446391,0.360753,-0.018232,0.456648,0.356514,-0.024063,0.467057,0.357883,-0.025976,0.477873,0.355326,-0.025602,0.489723,0.358401,-0.021408,0.497988,0.362745,-0.015709,0.504400,0.365804,-0.009083,0.507482,0.369057,-0.002900,0.503216,0.373225,-0.008070,0.497198,0.377307,-0.014728,0.488919,0.382321,-0.019655,0.479169,0.385883,-0.023339,0.468637,0.387002,-0.023428,0.458567,0.386849,-0.021755,0.449500,0.384249,-0.016639,0.442123,0.380133,-0.010878,0.436934,0.376914,-0.003121,0.406389,0.253379,0.021721,0.408408,0.251687,0.017851,0.411090,0.249590,0.014856,0.415573,0.246817,0.011923,0.422502,0.244998,0.009430,0.429267,0.245222,0.008576,0.436146,0.246783,0.009585,0.440965,0.249961,0.011106,0.491890,0.250783,0.008085,0.494008,0.251765,0.007797,0.498036,0.252755,0.005754,0.504542,0.254528,0.004109,0.511625,0.255106,0.003958,0.519085,0.254106,0.005652,0.524169,0.252607,0.008003,0.527762,0.251077,0.010236,0.465460,0.237843,-0.012158,0.464973,0.250965,-0.018948,0.464509,0.263219,-0.026600,0.464032,0.274758,-0.034924,0.000000,0.000000,0.000000,0.000000,0.000000,0.000000,0.000000,0.000000,0.000000,0.000000,0.000000,0.000000,0.000000,0.000000,0.000000,0.000000,0.000000,0.000000,0.000000,0.000000,0.000000,0.000000,0.000000,0.000000,0.000000,0.000000,0.000000,0.000000,0.000000,0.000000,0.000000,0.000000,0.000000,0.000000,0.000000,0.000000,0.000000,0.000000,0.000000,0.000000,0.000000,0.000000,0.000000,0.000000,0.000000,0.000000,0.000000,0.000000,0.000000,0.000000,0.000000,0.000000,0.000000,0.000000,0.000000,0.000000,0.000000,0.000000,0.000000,0.000000,0.000000,0.000000,0.000000,0.000000,0.000000,0.000000,0.000000,0.000000,0.000000,0.000000,0.000000,0.000000,0.000000,0.000000,0.000000,0.000000,0.000000,0.000000,0.000000,0.000000,0.000000,0.000000,0.000000,0.000000,0.000000,0.000000,0.000000,0.000000,0.000000,0.000000,0.000000,0.000000,0.000000,0.000000,0.000000,0.000000,0.000000,0.000000,0.000000,0.000000,0.000000,0.000000,0.000000,0.000000,0.000000,0.000000,0.000000,0.000000,0.000000,0.000000,0.000000,0.000000,0.000000,0.000000,0.000000,0.000000,0.000000,0.000000,0.000000,0.000000,0.000000,0.000000,0.000000,0.000000,0.000000,0.000000
