-0.022841,-2.710741,-2.716444,0.043370,-2.855662,-2.590268,0.081530,-2.853222,-2.591286,0.112589,-2.849569,-2.592479,-0.083228,-2.849502,-2.598094,-0.122654,-2.846095,-2.598677,-0.162735,-2.838959,-2.600287,0.181044,-2.772921,-1.655122,-0.193993,-2.754402,-1.653719,0.063926,-2.561431,-2.353019,-0.091854,-2.564712,-2.353855,0.517283,-1.835427,-1.060284,-0.480005,-1.837943,-0.986733,0.685785,-0.794006,-0.693397,-0.661509,-0.833052,-0.650749,0.743813,0.187523,-1.477676,-0.757436,0.037226,-1.562106,0.803176,0.529230,-1.713132,-0.826605,0.283604,-1.792163,0.773118,0.448831,-1.951035,-0.766704,0.272734,-2.089819,0.707006,0.326238,-1.595682,-0.709402,0.151930,-1.705707,0.346420,0.001220,-0.127939,-0.346420,-0.001220,0.127939,0.304334,1.449782,0.353600,-0.335100,1.433876,0.602606,0.292362,2.680810,2.185628,-0.322353,2.675038,2.059413,0.308400,2.888841,2.303205,-0.323790,2.890417,2.161865,0.196729,3.115568,1.111735,-0.260902,3.096777,0.863692,0.469642,0.246015,0.000334,0.471350,0.243416,-0.004143,0.475212,0.240708,-0.009244,0.480226,0.237018,-0.013908,0.487895,0.234039,-0.017639,0.495601,0.234867,-0.018651,0.503383,0.233092,-0.018046,0.511688,0.235171,-0.014828,0.517403,0.238160,-0.010625,0.521923,0.240355,-0.005815,0.524109,0.242773,-0.001520,0.521075,0.245629,-0.005486,0.516811,0.248352,-0.010593,0.510919,0.251658,-0.014385,0.503970,0.254075,-0.017396,0.496447,0.254925,-0.017859,0.489017,0.254905,-0.016934,0.482255,0.253307,-0.013457,0.476617,0.250689,-0.009440,0.472572,0.248512,-0.003942,0.451529,0.163682,0.014186,0.452973,0.161864,0.011615,0.454789,0.159873,0.009604,0.457915,0.157286,0.007740,0.462915,0.155620,0.006205,0.467880,0.155877,0.005842,0.473065,0.157671,0.006535,0.476827,0.160907,0.007619,0.511627,0.161519,0.007134,0.513235,0.162506,0.006959,0.516316,0.163414,0.005581,0.521216,0.164754,0.004572,0.526405,0.165160,0.004594,0.531660,0.164221,0.005901,0.535089,0.162865,0.007779,0.537452,0.161557,0.009385,0.494151,0.150796,-0.007132,0.494027,0.160150,-0.012094,0.493941,0.168481,-0.017704,0.493807,0.176227,-0.023819,0.000000,0.000000,0.000000,0.000000,0.000000,0.000000,0.000000,0.000000,0.000000,0.000000,0.000000,0.000000,0.000000,0.000000,0.000000,0.000000,0.000000,0.000000,0.000000,0.000000,0.000000,0.000000,0.000000,0.000000,0.000000,0.000000,0.000000,0.000000,0.000000,0.000000,0.000000,0.000000,0.000000,0.000000,0.000000,0.000000,0.000000,0.000000,0.000000,0.000000,0.000000,0.000000,0.000000,0.000000,0.000000,0.000000,0.000000,0.000000,0.000000,0.000000,0.000000,0.000000,0.000000,0.000000,0.000000,0.000000,0.000000,0.000000,0.000000,0.000000,0.000000,0.000000,0.000000,0.000000,0.000000,0.000000,0.000000,0.000000,0.000000,0.000000,0.000000,0.000000,0.000000,0.000000,0.000000,0.000000,0.000000,0.000000,0.000000,0.000000,0.000000,0.000000,0.000000,0.000000,0.000000,0.000000,0.000000,0.000000,0.000000,0.000000,0.000000,0.000000,0.000000,0.000000,0.000000,0.000000,0.000000,0.000000,0.000000,0.000000,0.000000,0.000000,0.000000,0.000000,0.000000,0.000000,0.000000,0.000000,0.000000,0.000000,0.000000,0.000000,0.000000,0.000000,0.000000,0.000000,0.000000,0.000000,0.000000,0.000000,0.000000,0.000000,0.000000,0.000000,0.000000,0.000000
-0.034150,-2.732256,-3.565812,0.033755,-2.871920,-3.411307,0.071041,-2.867112,-3.412333,0.105951,-2.861727,-3.413229,-0.098612,-2.872956,-3.438466,-0.139960,-2.869147,-3.439531,-0.180677,-2.861758,-3.441345,0.167267,-2.780223,-2.283981,-0.217488,-2.771694,-2.390079,0.047139,-2.558750,-3.132553,-0.109495,-2.551763,-3.162632,0.485514,-1.864123,-1.446155,-0.509340,-1.848242,-1.545643,0.658087,-0.837276,-0.905499,-0.687503,-0.814455,-1.256098,0.750050,0.137413,-1.789414,-0.780405,0.162179,-2.317886,0.821423,0.456737,-2.040359,-0.864869,0.475730,-2.591228,0.737793,0.450597,-2.329348,-0.795488,0.477465,-2.942590,0.686305,0.304924,-1.928941,-0.750917,0.353412,-2.478247,0.328573,0.004354,-0.106537,-0.328573,-0.004354,0.106537,0.281800,1.531758,0.468140,-0.361045,1.503835,0.583732,0.276951,2.817523,2.473823,-0.326950,2.812655,2.192322,0.286574,3.017357,2.598011,-0.319418,3.010948,2.303897,0.200963,3.252750,1.293178,-0.253904,3.244252,0.873140,0.469597,0.244645,0.001483,0.471251,0.242064,-0.003150,0.475034,0.239479,-0.008521,0.479966,0.235977,-0.013456,0.487667,0.233224,-0.017475,0.495425,0.234145,-0.018723,0.503438,0.232334,-0.018334,0.512091,0.234281,-0.015284,0.518053,0.237103,-0.011002,0.522748,0.239153,-0.006110,0.525019,0.241462,-0.001691,0.521847,0.244628,-0.005517,0.517437,0.247678,-0.010551,0.511377,0.251327,-0.014325,0.504189,0.253996,-0.017312,0.496343,0.254965,-0.017590,0.488906,0.254864,-0.016397,0.482110,0.253064,-0.012620,0.476511,0.250091,-0.008429,0.472506,0.247533,-0.002804,0.453051,0.163702,0.015078,0.454442,0.162164,0.012435,0.456222,0.160408,0.010342,0.459276,0.158079,0.008401,0.464137,0.156513,0.006722,0.468989,0.156638,0.006226,0.474090,0.158132,0.006918,0.477763,0.161001,0.007963,0.512170,0.161322,0.006543,0.513737,0.162192,0.006374,0.516751,0.162981,0.004970,0.521620,0.164211,0.003876,0.526811,0.164506,0.003807,0.532096,0.163498,0.005045,0.535578,0.162113,0.006824,0.537960,0.160748,0.008430,0.494382,0.151281,-0.007558,0.494150,0.160467,-0.012453,0.493927,0.168836,-0.018026,0.493676,0.176651,-0.024113,0.000000,0.000000,0.000000,0.000000,0.000000,0.000000,0.000000,0.000000,0.000000,0.000000,0.000000,0.000000,0.000000,0.000000,0.000000,0.000000,0.000000,0.000000,0.000000,0.000000,0.000000,0.000000,0.000000,0.000000,0.000000,0.000000,0.000000,0.000000,0.000000,0.000000,0.000000,0.000000,0.000000,0.000000,0.000000,0.000000,0.000000,0.000000,0.000000,0.000000,0.000000,0.000000,0.000000,0.000000,0.000000,0.000000,0.000000,0.000000,0.000000,0.000000,0.000000,0.000000,0.000000,0.000000,0.000000,0.000000,0.000000,0.000000,0.000000,0.000000,0.000000,0.000000,0.000000,0.000000,0.000000,0.000000,0.000000,0.000000,0.000000,0.000000,0.000000,0.000000,0.000000,0.000000,0.000000,0.000000,0.000000,0.000000,0.000000,0.000000,0.000000,0.000000,0.000000,0.000000,0.000000,0.000000,0.000000,0.000000,0.000000,0.000000,0.000000,0.000000,0.000000,0.000000,0.000000,0.000000,0.000000,0.000000,0.000000,0.000000,0.000000,0.000000,0.000000,0.000000,0.000000,0.000000,0.000000,0.000000,0.000000,0.000000,0.000000,0.000000,0.000000,0.000000,0.000000,0.000000,0.000000,0.000000,0.000000,0.000000,0.000000,0.000000,0.000000,0.000000,0.000000,0.000000
-0.034771,-2.706238,-2.907936,0.032509,-2.841380,-2.739149,0.070571,-2.834946,-2.740386,0.103729,-2.828104,-2.740878,-0.095220,-2.843605,-2.761915,-0.135706,-2.837684,-2.762593,-0.175220,-2.830117,-2.764442,0.167191,-2.744601,-1.639943,-0.211209,-2.742979,-1.727046,0.045541,-2.532098,-2.493863,-0.109472,-2.527203,-2.518575,0.479439,-1.845356,-0.851463,-0.502420,-1.834345,-1.040579,0.651351,-0.831570,-0.376636,-0.678195,-0.819310,-0.876763,0.741897,0.117730,-1.389518,-0.763884,0.037080,-2.094860,0.816844,0.447801,-1.651910,-0.847628,0.332963,-2.414522,0.732599,0.450992,-1.945092,-0.745392,0.322355,-2.723542,0.681281,0.297205,-1.535881,-0.700235,0.178957,-2.244965,0.325349,0.006932,-0.105881,-0.325349,-0.006932,0.105881,0.281016,1.455651,0.195053,-0.353988,1.419778,0.324341,0.287234,2.725592,2.323350,-0.302914,2.709593,1.964893,0.301277,2.912911,2.458344,-0.295900,2.905200,2.081196,0.209826,3.145695,1.220668,-0.224095,3.109435,0.707435,0.469955,0.244308,0.001671,0.471651,0.241721,-0.002980,0.475490,0.239117,-0.008383,0.480473,0.235584,-0.013361,0.488209,0.232805,-0.017379,0.495966,0.233739,-0.018619,0.503980,0.231956,-0.018237,0.512635,0.233948,-0.015169,0.518648,0.236801,-0.010871,0.523411,0.238867,-0.005957,0.525710,0.241192,-0.001541,0.522474,0.244375,-0.005359,0.517986,0.247428,-0.010437,0.511848,0.251034,-0.014248,0.504626,0.253654,-0.017303,0.496778,0.254579,-0.017582,0.489331,0.254467,-0.016360,0.482536,0.252685,-0.012523,0.476918,0.249743,-0.008289,0.472884,0.247201,-0.002631,0.453791,0.162963,0.014934,0.455178,0.161401,0.012338,0.456964,0.159631,0.010269,0.460024,0.157312,0.008347,0.464883,0.155808,0.006711,0.469707,0.156002,0.006221,0.474749,0.157563,0.006920,0.478376,0.160471,0.007940,0.512816,0.160998,0.006574,0.514370,0.161874,0.006395,0.517365,0.162677,0.004996,0.522202,0.163934,0.003919,0.527351,0.164259,0.003855,0.532614,0.163303,0.005080,0.536080,0.161945,0.006842,0.538467,0.160600,0.008419,0.495139,0.150980,-0.007567,0.494867,0.159981,-0.012449,0.494612,0.168222,-0.017969,0.494330,0.175906,-0.024021,0.000000,0.000000,0.000000,0.000000,0.000000,0.000000,0.000000,0.000000,0.000000,0.000000,0.000000,0.000000,0.000000,0.000000,0.000000,0.000000,0.000000,0.000000,0.000000,0.000000,0.000000,0.000000,0.000000,0.000000,0.000000,0.000000,0.000000,0.000000,0.000000,0.000000,0.000000,0.000000,0.000000,0.000000,0.000000,0.000000,0.000000,0.000000,0.000000,0.000000,0.000000,0.000000,0.000000,0.000000,0.000000,0.000000,0.000000,0.000000,0.000000,0.000000,0.000000,0.000000,0.000000,0.000000,0.000000,0.000000,0.000000,0.000000,0.000000,0.000000,0.000000,0.000000,0.000000,0.000000,0.000000,0.000000,0.000000,0.000000,0.000000,0.000000,0.000000,0.000000,0.000000,0.000000,0.000000,0.000000,0.000000,0.000000,0.000000,0.000000,0.000000,0.000000,0.000000,0.000000,0.000000,0.000000,0.000000,0.000000,0.000000,0.000000,0.000000,0.000000,0.000000,0.000000,0.000000,0.000000,0.000000,0.000000,0.000000,0.000000,0.000000,0.000000,0.000000,0.000000,0.000000,0.000000,0.000000,0.000000,0.000000,0.000000,0.000000,0.000000,0.000000,0.000000,0.000000,0.000000,0.000000,0.000000,0.000000,0.000000,0.000000,0.000000,0.000000,0.000000,0.000000,0.000000
-0.016195,-2.671260,-2.884694,0.052411,-2.818063,-2.741078,0.091127,-2.813747,-2.741807,0.124164,-2.810224,-2.741965,-0.076904,-2.816044,-2.760451,-0.118080,-2.810571,-2.760887,-0.158066,-2.805432,-2.762517,0.188919,-2.734124,-1.666614,-0.194200,-2.730605,-1.738453,0.064535,-2.511990,-2.467544,-0.093434,-2.504759,-2.492743,0.490780,-1.846708,-0.841339,-0.486202,-1.846146,-1.053262,0.683040,-0.835887,-0.445231,-0.731407,-0.795940,-2.032018,0.770565,0.080607,-1.474672,-0.490649,-1.091416,-4.400501,0.838551,0.418015,-1.703752,-0.407387,-1.238020,-4.848410,0.760489,0.424027,-1.951459,-0.400871,-1.380351,-4.882357,0.712605,0.275362,-1.582929,-0.399746,-1.346092,-4.445340,0.330023,0.004036,-0.037298,-0.330023,-0.004036,0.037298,0.274800,1.425940,0.306636,-0.364707,1.407807,0.326743,0.285342,2.690900,1.927325,-0.328133,2.676280,1.601471,0.296794,2.864608,2.018451,-0.333769,2.845304,1.679274,0.199172,3.108329,0.699725,-0.244981,3.081027,0.286699,0.469203,0.249061,0.003296,0.470863,0.245619,-0.001725,0.474363,0.242675,-0.007371,0.479008,0.238864,-0.012633,0.486496,0.235921,-0.016844,0.494174,0.236785,-0.018228,0.502182,0.234944,-0.017908,0.510798,0.237076,-0.014838,0.516696,0.240194,-0.010405,0.521391,0.242608,-0.005370,0.523893,0.245807,-0.000643,0.520996,0.250080,-0.003916,0.516822,0.254369,-0.008349,0.510902,0.259204,-0.011748,0.503608,0.262713,-0.014430,0.495348,0.264025,-0.014520,0.487477,0.263591,-0.013265,0.480713,0.260972,-0.009568,0.475451,0.256838,-0.005655,0.471821,0.253023,-0.000565,0.452044,0.165786,0.014180,0.453433,0.164293,0.011498,0.455240,0.162569,0.009400,0.458308,0.160308,0.007386,0.463168,0.158835,0.005649,0.468045,0.159002,0.005058,0.473105,0.160481,0.005708,0.476729,0.163296,0.006775,0.511247,0.163204,0.004894,0.512793,0.164052,0.004687,0.515760,0.164842,0.003290,0.520557,0.166058,0.002216,0.525693,0.166312,0.002117,0.530974,0.165269,0.003237,0.534489,0.163830,0.004921,0.536962,0.162394,0.006448,0.493314,0.153711,-0.009004,0.493001,0.162890,-0.013600,0.492690,0.171078,-0.018889,0.492357,0.178689,-0.024717,0.359657,0.673637,0.000000,0.384141,0.661597,-0.008342,0.403853,0.637785,-0.012533,0.407823,0.619417,-0.017196,0.405256,0.606969,-0.021819,0.392664,0.578490,-0.003130,0.400268,0.542667,-0.011295,0.407354,0.521959,-0.019194,0.414462,0.507927,-0.024098,0.378583,0.573242,-0.004856,0.383129,0.535535,-0.011324,0.389916,0.517856,-0.018000,0.396544,0.509457,-0.022247,0.364632,0.574378,-0.008165,0.368080,0.538278,-0.013919,0.373494,0.521886,-0.017418,0.379183,0.513878,-0.019064,0.350969,0.582441,-0.012631,0.351906,0.550740,-0.016670,0.355209,0.533242,-0.017010,0.359373,0.522884,-0.016438,0.000000,0.000000,0.000000,0.000000,0.000000,0.000000,0.000000,0.000000,0.000000,0.000000,0.000000,0.000000,0.000000,0.000000,0.000000,0.000000,0.000000,0.000000,0.000000,0.000000,0.000000,0.000000,0.000000,0.000000,0.000000,0.000000,0.000000,0.000000,0.000000,0.000000,0.000000,0.000000,0.000000,0.000000,0.000000,0.000000,0.000000,0.000000,0.000000,0.000000,0.000000,0.000000,0.000000,0.000000,0.000000,0.000000,0.000000,0.000000,0.000000,0.000000,0.000000,0.000000,0.000000,0.000000,0.000000,0.000000,0.000000,0.000000,0.000000,0.000000,0.000000,0.000000,0.000000
-0.023170,-2.802277,-2.350206,0.051839,-2.963473,-2.236657,0.093215,-2.960377,-2.237054,0.127431,-2.957505,-2.237372,-0.084264,-2.959070,-2.218819,-0.127023,-2.952932,-2.218190,-0.169168,-2.946883,-2.219362,0.198897,-2.883915,-1.285099,-0.207410,-2.882693,-1.181929,0.063109,-2.638425,-1.986193,-0.102132,-2.636466,-1.958215,0.507769,-1.956359,-0.759651,-0.482444,-2.030023,-0.641321,0.719497,-0.867143,-0.680482,-0.799527,-0.901962,-1.890695,0.812486,0.141440,-1.625902,-0.359710,-1.353631,-4.203546,0.887735,0.515474,-1.909368,-0.266381,-1.522336,-4.650973,0.802047,0.522976,-2.095233,-0.252782,-1.643356,-4.583375,0.751273,0.356023,-1.720995,-0.259483,-1.583720,-4.204012,0.351987,0.006081,-0.145297,-0.351987,-0.006081,0.145297,0.306183,1.517730,0.272030,-0.357717,1.485513,0.799963,0.293726,2.880112,1.874704,-0.334542,2.830664,2.304973,0.315102,3.064210,1.953823,-0.349823,3.008931,2.420853,0.190652,3.324203,0.616411,-0.273771,3.271400,1.004115,0.472530,0.245467,0.002911,0.474176,0.242123,-0.002048,0.477783,0.239198,-0.007715,0.482571,0.235521,-0.012991,0.490240,0.232737,-0.017156,0.498025,0.233707,-0.018519,0.506200,0.232097,-0.018206,0.514946,0.234368,-0.015172,0.520939,0.237587,-0.010691,0.525684,0.240098,-0.005621,0.528119,0.243250,-0.000962,0.525052,0.247453,-0.004306,0.520698,0.251522,-0.008862,0.514608,0.256063,-0.012349,0.507196,0.259264,-0.015155,0.498931,0.260350,-0.015275,0.491117,0.259806,-0.013987,0.484323,0.257206,-0.010208,0.478967,0.253169,-0.006222,0.475230,0.249455,-0.001022,0.456706,0.163460,0.014726,0.458137,0.162052,0.012070,0.459978,0.160437,0.009996,0.463073,0.158336,0.008002,0.467892,0.156955,0.006300,0.472706,0.157168,0.005719,0.477734,0.158596,0.006402,0.481312,0.161279,0.007423,0.515240,0.161970,0.005565,0.516759,0.162831,0.005346,0.519713,0.163670,0.003944,0.524481,0.164960,0.002851,0.529596,0.165311,0.002749,0.534844,0.164406,0.003894,0.538338,0.163105,0.005571,0.540770,0.161800,0.007122,0.497802,0.152054,-0.008411,0.497458,0.160932,-0.013160,0.497092,0.169055,-0.018563,0.496730,0.176605,-0.024502,0.410933,0.612880,0.000000,0.441274,0.610929,-0.014762,0.467306,0.594141,-0.024102,0.460482,0.576622,-0.032411,0.439846,0.561496,-0.042323,0.465433,0.510643,-0.022930,0.483802,0.463518,-0.033877,0.494317,0.432229,-0.041206,0.501771,0.402859,-0.046579,0.441392,0.501004,-0.026988,0.446324,0.441624,-0.036543,0.448048,0.402487,-0.047578,0.447640,0.369655,-0.055409,0.420987,0.511549,-0.031496,0.415026,0.465224,-0.047785,0.411832,0.428762,-0.064768,0.407114,0.398070,-0.076569,0.404339,0.535430,-0.036370,0.417961,0.534484,-0.054291,0.428612,0.557117,-0.062494,0.434715,0.579446,-0.067345,0.000000,0.000000,0.000000,0.000000,0.000000,0.000000,0.000000,0.000000,0.000000,0.000000,0.000000,0.000000,0.000000,0.000000,0.000000,0.000000,0.000000,0.000000,0.000000,0.000000,0.000000,0.000000,0.000000,0.000000,0.000000,0.000000,0.000000,0.000000,0.000000,0.000000,0.000000,0.000000,0.000000,0.000000,0.000000,0.000000,0.000000,0.000000,0.000000,0.000000,0.000000,0.000000,0.000000,0.000000,0.000000,0.000000,0.000000,0.000000,0.000000,0.000000,0.000000,0.000000,0.000000,0.000000,0.000000,0.000000,0.000000,0.000000,0.000000,0.000000,0.000000,0.000000,0.000000
-0.018392,-2.804665,-2.351681,0.056394,-2.964284,-2.237748,0.098427,-2.961923,-2.238152,0.132248,-2.959095,-2.238374,-0.083565,-2.959074,-2.234490,-0.126484,-2.952506,-2.233997,-0.170022,-2.944764,-2.235170,0.202236,-2.885956,-1.274880,-0.207939,-2.879941,-1.239254,0.068101,-2.639026,-1.981693,-0.097576,-2.638041,-1.972842,0.512442,-1.955155,-0.699774,-0.484850,-2.021498,-0.731528,0.719684,-0.868904,-0.581502,-0.805634,-0.899374,-2.006337,0.812729,0.113300,-1.537466,-0.340719,-1.340686,-4.186888,0.886114,0.477216,-1.803291,-0.224001,-1.502705,-4.633158,0.801755,0.481777,-2.009776,-0.209390,-1.630064,-4.561573,0.752504,0.334512,-1.641634,-0.222764,-1.576693,-4.186912,0.355571,0.005280,-0.053540,-0.355571,-0.005280,0.053540,0.315029,1.523279,0.432691,-0.363181,1.492391,0.826056,0.292762,2.865051,2.101967,-0.342278,2.808833,2.457723,0.311043,3.040584,2.193762,-0.362403,2.979045,2.590077,0.191953,3.317816,0.881192,-0.254069,3.266187,1.160888,0.472606,0.246138,0.003266,0.474342,0.243049,-0.001738,0.478113,0.240388,-0.007465,0.483019,0.236868,-0.012779,0.490731,0.234248,-0.017020,0.498508,0.235353,-0.018344,0.506658,0.233711,-0.018018,0.515404,0.235943,-0.014876,0.521480,0.239069,-0.010333,0.526349,0.241394,-0.005176,0.528862,0.244335,-0.000464,0.525740,0.248284,-0.003963,0.521289,0.252143,-0.008721,0.515111,0.256493,-0.012370,0.507662,0.259573,-0.015298,0.499375,0.260579,-0.015486,0.491539,0.260051,-0.014205,0.484690,0.257487,-0.010313,0.479237,0.253531,-0.006182,0.475381,0.249947,-0.000778,0.457166,0.162825,0.014401,0.458591,0.161402,0.011725,0.460436,0.159762,0.009623,0.463553,0.157648,0.007621,0.468447,0.156280,0.005916,0.473331,0.156515,0.005365,0.478382,0.157988,0.006076,0.481963,0.160731,0.007131,0.516185,0.161548,0.005395,0.517721,0.162414,0.005198,0.520695,0.163258,0.003798,0.525479,0.164555,0.002722,0.530612,0.164910,0.002642,0.535870,0.164021,0.003811,0.539377,0.162723,0.005492,0.541806,0.161401,0.007039,0.498597,0.151632,-0.008844,0.498221,0.160699,-0.013579,0.497833,0.168912,-0.018979,0.497442,0.176548,-0.024907,0.416795,0.620746,0.000000,0.446612,0.619579,-0.012850,0.472722,0.601699,-0.020728,0.469045,0.586417,-0.027798,0.448610,0.575447,-0.036569,0.473034,0.517598,-0.021150,0.490744,0.470127,-0.030425,0.501142,0.438988,-0.036411,0.509111,0.409516,-0.041024,0.449513,0.507687,-0.025212,0.455207,0.452189,-0.033524,0.457919,0.414607,-0.043268,0.458740,0.383023,-0.050287,0.429026,0.517637,-0.029624,0.422969,0.472978,-0.044494,0.419937,0.436746,-0.060966,0.415774,0.406767,-0.072586,0.412103,0.540877,-0.034320,0.425998,0.542488,-0.050691,0.435460,0.565809,-0.058991,0.441240,0.587921,-0.064234,0.000000,0.000000,0.000000,0.000000,0.000000,0.000000,0.000000,0.000000,0.000000,0.000000,0.000000,0.000000,0.000000,0.000000,0.000000,0.000000,0.000000,0.000000,0.000000,0.000000,0.000000,0.000000,0.000000,0.000000,0.000000,0.000000,0.000000,0.000000,0.000000,0.000000,0.000000,0.000000,0.000000,0.000000,0.000000,0.000000,0.000000,0.000000,0.000000,0.000000,0.000000,0.000000,0.000000,0.000000,0.000000,0.000000,0.000000,0.000000,0.000000,0.000000,0.000000,0.000000,0.000000,0.000000,0.000000,0.000000,0.000000,0.000000,0.000000,0.000000,0.000000,0.000000,0.000000
-0.014373,-2.772764,-2.449569,0.059575,-2.930381,-2.328719,0.101288,-2.928644,-2.329154,0.134008,-2.926133,-2.329234,-0.079750,-2.924162,-2.333853,-0.122592,-2.917288,-2.333376,-0.167029,-2.908522,-2.334518,0.202938,-2.854336,-1.333670,-0.202878,-2.842464,-1.341535,0.071083,-2.607726,-2.067302,-0.092541,-2.606512,-2.070435,0.509065,-1.933755,-0.699761,-0.481080,-1.978053,-0.831896,0.713097,-0.869257,-0.475979,-0.796116,-0.861686,-1.998917,0.804615,0.086961,-1.476180,-0.361856,-1.266162,-4.236139,0.875434,0.437583,-1.737281,-0.258405,-1.439430,-4.687969,0.794970,0.439832,-1.957236,-0.252617,-1.568347,-4.652594,0.747007,0.289573,-1.586614,-0.261547,-1.520565,-4.251928,0.354402,0.004330,-0.039097,-0.354402,-0.004330,0.039097,0.329536,1.504936,0.474430,-0.342649,1.483222,0.799631,0.318130,2.823814,2.192355,-0.314646,2.776236,2.443077,0.334605,2.997041,2.287689,-0.335685,2.944345,2.577255,0.229673,3.273542,0.971447,-0.213906,3.230936,1.145115,0.472286,0.245952,0.002711,0.473997,0.242676,-0.002313,0.477730,0.239773,-0.008041,0.482629,0.236006,-0.013347,0.490357,0.233143,-0.017581,0.498189,0.234123,-0.018929,0.506356,0.232383,-0.018560,0.515153,0.234641,-0.015423,0.521215,0.237866,-0.010848,0.525999,0.240316,-0.005674,0.528444,0.243392,-0.000908,0.525383,0.247494,-0.004415,0.521027,0.251502,-0.009128,0.514934,0.256053,-0.012760,0.507517,0.259311,-0.015709,0.499192,0.260461,-0.015911,0.491315,0.260025,-0.014661,0.484402,0.257493,-0.010787,0.478913,0.253502,-0.006686,0.475057,0.249848,-0.001331,0.456033,0.162669,0.014843,0.457490,0.161195,0.012138,0.459356,0.159499,0.010036,0.462493,0.157278,0.008018,0.467409,0.155777,0.006300,0.472304,0.155921,0.005758,0.477377,0.157314,0.006482,0.480981,0.160009,0.007530,0.515717,0.160201,0.005862,0.517287,0.161041,0.005653,0.520309,0.161818,0.004231,0.525142,0.163024,0.003137,0.530317,0.163305,0.003062,0.535625,0.162373,0.004260,0.539172,0.161054,0.005989,0.541628,0.159732,0.007581,0.497715,0.150632,-0.008617,0.497416,0.159691,-0.013496,0.497099,0.167974,-0.019022,0.496773,0.175670,-0.025091,0.406337,0.655695,0.000000,0.431930,0.642352,-0.015175,0.454518,0.615944,-0.022920,0.457393,0.595804,-0.029758,0.445631,0.581377,-0.036527,0.440903,0.537736,-0.012523,0.449567,0.494546,-0.022944,0.459508,0.471541,-0.032185,0.471066,0.455424,-0.038246,0.420718,0.536005,-0.013428,0.420799,0.489296,-0.020828,0.426615,0.462505,-0.028980,0.435710,0.445899,-0.035001,0.404294,0.547888,-0.016398,0.403056,0.509246,-0.026766,0.409094,0.484002,-0.036561,0.417161,0.467487,-0.043275,0.391798,0.570123,-0.020741,0.402368,0.552408,-0.031297,0.412020,0.550433,-0.036285,0.420799,0.552328,-0.039202,0.000000,0.000000,0.000000,0.000000,0.000000,0.000000,0.000000,0.000000,0.000000,0.000000,0.000000,0.000000,0.000000,0.000000,0.000000,0.000000,0.000000,0.000000,0.000000,0.000000,0.000000,0.000000,0.000000,0.000000,0.000000,0.000000,0.000000,0.000000,0.000000,0.000000,0.000000,0.000000,0.000000,0.000000,0.000000,0.000000,0.000000,0.000000,0.000000,0.000000,0.000000,0.000000,0.000000,0.000000,0.000000,0.000000,0.000000,0.000000,0.000000,0.000000,0.000000,0.000000,0.000000,0.000000,0.000000,0.000000,0.000000,0.000000,0.000000,0.000000,0.000000,0.000000,0.000000
-0.028202,-2.630822,-3.099688,0.042902,-2.764631,-2.953301,0.078385,-2.760293,-2.954340,0.114630,-2.754877,-2.955072,-0.088602,-2.764273,-2.981910,-0.129503,-2.759061,-2.982616,-0.169155,-2.752211,-2.984439,0.176786,-2.674664,-1.896635,-0.208583,-2.680840,-2.009672,0.051413,-2.475333,-2.693561,-0.107397,-2.473916,-2.725595,0.484109,-1.793368,-1.060415,-0.489534,-1.799566,-1.288284,0.644157,-0.796560,-0.485686,-0.680599,-0.803261,-1.024423,0.721427,0.147304,-1.328335,-0.777624,0.012307,-2.036914,0.790986,0.464588,-1.529955,-0.871219,0.274715,-2.302395,0.713110,0.465728,-1.859020,-0.786032,0.294391,-2.610950,0.665251,0.308196,-1.480481,-0.723983,0.151450,-2.184204,0.318289,0.005779,-0.072334,-0.318289,-0.005779,0.072334,0.252579,1.503921,0.419310,-0.387285,1.480463,0.291166,0.237935,2.766692,2.083590,-0.348852,2.744589,1.577329,0.249329,2.952129,2.174041,-0.332924,2.930534,1.653820,0.141032,3.185594,0.904083,-0.284403,3.166643,0.247713,0.474747,0.246989,0.001862,0.476419,0.243728,-0.003035,0.480087,0.240842,-0.008622,0.484950,0.237141,-0.013798,0.492741,0.234389,-0.017908,0.500623,0.235555,-0.019212,0.508889,0.234039,-0.018796,0.517730,0.236583,-0.015669,0.523738,0.240006,-0.011180,0.528468,0.242653,-0.006100,0.530862,0.245790,-0.001452,0.527764,0.249705,-0.005063,0.523372,0.253481,-0.009841,0.517228,0.257759,-0.013498,0.509758,0.260750,-0.016466,0.501439,0.261658,-0.016689,0.493597,0.261071,-0.015456,0.486731,0.258460,-0.011650,0.481279,0.254460,-0.007581,0.477481,0.250840,-0.002218,0.458715,0.162946,0.015047,0.460181,0.161497,0.012381,0.462059,0.159834,0.010304,0.465234,0.157681,0.008334,0.470181,0.156338,0.006670,0.475077,0.156661,0.006154,0.480154,0.158273,0.006863,0.483749,0.161132,0.007917,0.518750,0.162455,0.006502,0.520305,0.163355,0.006290,0.523310,0.164227,0.004871,0.528130,0.165582,0.003783,0.533302,0.166015,0.003730,0.538629,0.165219,0.004962,0.542184,0.163992,0.006726,0.544652,0.162713,0.008343,0.500836,0.152118,-0.007911,0.500452,0.161286,-0.012895,0.500068,0.169603,-0.018515,0.499672,0.177355,-0.024681,0.000000,0.000000,0.000000,0.000000,0.000000,0.000000,0.000000,0.000000,0.000000,0.000000,0.000000,0.000000,0.000000,0.000000,0.000000,0.000000,0.000000,0.000000,0.000000,0.000000,0.000000,0.000000,0.000000,0.000000,0.000000,0.000000,0.000000,0.000000,0.000000,0.000000,0.000000,0.000000,0.000000,0.000000,0.000000,0.000000,0.000000,0.000000,0.000000,0.000000,0.000000,0.000000,0.000000,0.000000,0.000000,0.000000,0.000000,0.000000,0.000000,0.000000,0.000000,0.000000,0.000000,0.000000,0.000000,0.000000,0.000000,0.000000,0.000000,0.000000,0.000000,0.000000,0.000000,0.000000,0.000000,0.000000,0.000000,0.000000,0.000000,0.000000,0.000000,0.000000,0.000000,0.000000,0.000000,0.000000,0.000000,0.000000,0.000000,0.000000,0.000000,0.000000,0.000000,0.000000,0.000000,0.000000,0.000000,0.000000,0.000000,0.000000,0.000000,0.000000,0.000000,0.000000,0.000000,0.000000,0.000000,0.000000,0.000000,0.000000,0.000000,0.000000,0.000000,0.000000,0.000000,0.000000,0.000000,0.000000,0.000000,0.000000,0.000000,0.000000,0.000000,0.000000,0.000000,0.000000,0.000000,0.000000,0.000000,0.000000,0.000000,0.000000,0.000000,0.000000,0.000000,0.000000
-0.030351,-2.649307,-3.273196,0.042139,-2.777470,-3.118896,0.079665,-2.772523,-3.119875,0.114242,-2.767305,-3.120695,-0.091204,-2.773898,-3.150750,-0.131469,-2.767112,-3.151583,-0.171864,-2.758940,-3.153338,0.179003,-2.682694,-2.050232,-0.207356,-2.679255,-2.176763,0.053314,-2.483241,-2.868169,-0.110088,-2.480823,-2.903931,0.487356,-1.793111,-1.238422,-0.490587,-1.782615,-1.447028,0.648024,-0.792930,-0.676135,-0.669280,-0.757984,-1.123908,0.724607,0.148891,-1.488131,-0.765912,0.079501,-2.190653,0.797294,0.472733,-1.689524,-0.845581,0.348568,-2.465329,0.716622,0.472736,-1.989187,-0.757834,0.354407,-2.776351,0.678959,0.308906,-1.630843,-0.717376,0.224258,-2.338097,0.319144,0.006543,-0.056777,-0.319144,-0.006543,0.056777,0.260930,1.534713,0.456071,-0.384163,1.509520,0.388029,0.250117,2.819737,2.247988,-0.343531,2.815762,1.766950,0.263239,3.011882,2.351030,-0.331679,3.003071,1.849096,0.156914,3.243423,1.057524,-0.268716,3.251058,0.409667,0.471438,0.246145,0.000886,0.473070,0.242915,-0.003827,0.476788,0.239750,-0.009319,0.481726,0.235622,-0.014412,0.489522,0.232435,-0.018566,0.497324,0.233444,-0.019964,0.505446,0.231763,-0.019613,0.514230,0.234457,-0.016622,0.520233,0.238125,-0.012351,0.524954,0.240915,-0.007460,0.527310,0.244000,-0.003030,0.524239,0.247357,-0.006837,0.519857,0.250527,-0.011770,0.513723,0.254297,-0.015507,0.506344,0.257029,-0.018465,0.498202,0.257941,-0.018660,0.490481,0.257657,-0.017374,0.483607,0.255546,-0.013407,0.478088,0.252214,-0.009137,0.474204,0.249334,-0.003495,0.455569,0.162939,0.016744,0.457033,0.161460,0.014055,0.458914,0.159783,0.011979,0.462074,0.157625,0.009982,0.466957,0.156173,0.008262,0.471795,0.156307,0.007690,0.476864,0.157541,0.008355,0.480477,0.160052,0.009338,0.515366,0.160276,0.007259,0.516980,0.161185,0.007023,0.519995,0.162028,0.005545,0.524814,0.163321,0.004371,0.530001,0.163679,0.004241,0.535311,0.162799,0.005408,0.538836,0.161537,0.007134,0.541265,0.160255,0.008737,0.497342,0.149907,-0.006723,0.497003,0.158658,-0.011912,0.496659,0.166686,-0.017715,0.496306,0.174217,-0.024092,0.000000,0.000000,0.000000,0.000000,0.000000,0.000000,0.000000,0.000000,0.000000,0.000000,0.000000,0.000000,0.000000,0.000000,0.000000,0.000000,0.000000,0.000000,0.000000,0.000000,0.000000,0.000000,0.000000,0.000000,0.000000,0.000000,0.000000,0.000000,0.000000,0.000000,0.000000,0.000000,0.000000,0.000000,0.000000,0.000000,0.000000,0.000000,0.000000,0.000000,0.000000,0.000000,0.000000,0.000000,0.000000,0.000000,0.000000,0.000000,0.000000,0.000000,0.000000,0.000000,0.000000,0.000000,0.000000,0.000000,0.000000,0.000000,0.000000,0.000000,0.000000,0.000000,0.000000,0.000000,0.000000,0.000000,0.000000,0.000000,0.000000,0.000000,0.000000,0.000000,0.000000,0.000000,0.000000,0.000000,0.000000,0.000000,0.000000,0.000000,0.000000,0.000000,0.000000,0.000000,0.000000,0.000000,0.000000,0.000000,0.000000,0.000000,0.000000,0.000000,0.000000,0.000000,0.000000,0.000000,0.000000,0.000000,0.000000,0.000000,0.000000,0.000000,0.000000,0.000000,0.000000,0.000000,0.000000,0.000000,0.000000,0.000000,0.000000,0.000000,0.000000,0.000000,0.000000,0.000000,0.000000,0.000000,0.000000,0.000000,0.000000,0.000000,0.000000,0.000000,0.000000,0.000000
-0.033759,-2.650789,-3.242920,0.036616,-2.778281,-3.090178,0.076182,-2.773947,-3.091278,0.107833,-2.769097,-3.092044,-0.094913,-2.774487,-3.121653,-0.134733,-2.768465,-3.122535,-0.175876,-2.760113,-3.124344,0.170835,-2.686912,-2.018573,-0.209442,-2.680275,-2.149104,0.050953,-2.487052,-2.835162,-0.111845,-2.484215,-2.871844,0.484968,-1.802582,-1.196287,-0.493814,-1.785399,-1.399882,0.647261,-0.798916,-0.702373,-0.667826,-0.760474,-1.104891,0.726080,0.131946,-1.598708,-0.778518,0.139459,-2.114974,0.802618,0.463387,-1.827173,-0.862108,0.437541,-2.390526,0.720641,0.470306,-2.128843,-0.774606,0.457398,-2.711503,0.680418,0.306729,-1.743875,-0.755643,0.278496,-2.265143,0.318690,0.007068,-0.050362,-0.318690,-0.007068,0.050362,0.265441,1.530149,0.319452,-0.376269,1.502803,0.222095,0.253414,2.818149,1.907181,-0.338281,2.813721,1.393460,0.265488,3.011566,1.986947,-0.329055,3.005359,1.455855,0.163086,3.240204,0.714978,-0.262523,3.244028,0.046642,0.468852,0.248734,0.002178,0.470516,0.245474,-0.002689,0.474213,0.242439,-0.008326,0.479065,0.238495,-0.013587,0.486813,0.235454,-0.017798,0.494647,0.236428,-0.019181,0.502845,0.234678,-0.018858,0.511761,0.237086,-0.015803,0.517899,0.240444,-0.011377,0.522793,0.243002,-0.006339,0.525305,0.246040,-0.001780,0.522160,0.249774,-0.005400,0.517687,0.253343,-0.010264,0.511458,0.257454,-0.013995,0.503978,0.260410,-0.016989,0.495698,0.261416,-0.017170,0.487908,0.261130,-0.015824,0.481031,0.258916,-0.011825,0.475519,0.255394,-0.007585,0.471643,0.252226,-0.002019,0.452881,0.165166,0.015604,0.454292,0.163703,0.012953,0.456116,0.162039,0.010879,0.459209,0.159880,0.008901,0.464063,0.158478,0.007203,0.468921,0.158691,0.006639,0.473972,0.160118,0.007318,0.477574,0.162839,0.008315,0.512077,0.163249,0.006409,0.513638,0.164092,0.006189,0.516627,0.164870,0.004746,0.521436,0.166080,0.003634,0.526583,0.166364,0.003516,0.531863,0.165428,0.004673,0.535379,0.164115,0.006374,0.537823,0.162790,0.007942,0.494163,0.153280,-0.007658,0.493804,0.162275,-0.012624,0.493450,0.170432,-0.018217,0.493080,0.178036,-0.024373,0.000000,0.000000,0.000000,0.000000,0.000000,0.000000,0.000000,0.000000,0.000000,0.000000,0.000000,0.000000,0.000000,0.000000,0.000000,0.000000,0.000000,0.000000,0.000000,0.000000,0.000000,0.000000,0.000000,0.000000,0.000000,0.000000,0.000000,0.000000,0.000000,0.000000,0.000000,0.000000,0.000000,0.000000,0.000000,0.000000,0.000000,0.000000,0.000000,0.000000,0.000000,0.000000,0.000000,0.000000,0.000000,0.000000,0.000000,0.000000,0.000000,0.000000,0.000000,0.000000,0.000000,0.000000,0.000000,0.000000,0.000000,0.000000,0.000000,0.000000,0.000000,0.000000,0.000000,0.000000,0.000000,0.000000,0.000000,0.000000,0.000000,0.000000,0.000000,0.000000,0.000000,0.000000,0.000000,0.000000,0.000000,0.000000,0.000000,0.000000,0.000000,0.000000,0.000000,0.000000,0.000000,0.000000,0.000000,0.000000,0.000000,0.000000,0.000000,0.000000,0.000000,0.000000,0.000000,0.000000,0.000000,0.000000,0.000000,0.000000,0.000000,0.000000,0.000000,0.000000,0.000000,0.000000,0.000000,0.000000,0.000000,0.000000,0.000000,0.000000,0.000000,0.000000,0.000000,0.000000,0.000000,0.000000,0.000000,0.000000,0.000000,0.000000,0.000000,0.000000,0.000000,0.000000
-0.034361,-2.654316,-2.906914,0.035307,-2.786951,-2.753690,0.075742,-2.783032,-2.754368,0.106567,-2.778369,-2.753559,-0.095615,-2.782869,-2.769081,-0.135671,-2.777107,-2.769396,-0.177353,-2.768046,-2.771354,0.169101,-2.697850,-1.682211,-0.211271,-2.688562,-1.756273,0.051133,-2.495101,-2.511524,-0.111756,-2.490613,-2.523777,0.483625,-1.837360,-1.035139,-0.502280,-1.792933,-0.875576,0.671308,-0.824429,-1.876030,-0.675477,-0.724626,-0.427691,0.492587,-1.022980,-4.302286,-0.785846,0.160139,-1.398984,0.431701,-1.078491,-4.778402,-0.863148,0.463798,-1.612105,0.424647,-1.220871,-4.773942,-0.808484,0.433794,-1.905161,0.426939,-1.219951,-4.345512,-0.769989,0.271004,-1.526043,0.318927,0.004243,-0.049480,-0.318927,-0.004243,0.049480,0.317637,1.504921,0.511224,-0.374849,1.494622,0.366924,0.309939,2.785631,2.302728,-0.333537,2.780607,1.783215,0.324824,2.980260,2.409832,-0.332517,2.967292,1.875860,0.226037,3.232742,1.094618,-0.226895,3.237919,0.426465,0.470213,0.247612,0.001942,0.471933,0.244591,-0.002874,0.475689,0.241850,-0.008317,0.480604,0.238254,-0.013333,0.488339,0.235488,-0.017302,0.496139,0.236480,-0.018481,0.504177,0.234768,-0.017981,0.512761,0.236915,-0.014788,0.518635,0.239956,-0.010307,0.523258,0.242257,-0.005232,0.525592,0.245049,-0.000598,0.522572,0.248806,-0.004217,0.518332,0.252485,-0.009044,0.512383,0.256686,-0.012743,0.505166,0.259681,-0.015772,0.497116,0.260718,-0.016104,0.489416,0.260364,-0.014995,0.482558,0.258072,-0.011331,0.476992,0.254431,-0.007335,0.473060,0.251148,-0.002043,0.453268,0.164753,0.013849,0.454677,0.163171,0.011254,0.456484,0.161388,0.009205,0.459577,0.159054,0.007278,0.464509,0.157604,0.005669,0.469439,0.157924,0.005213,0.474553,0.159764,0.005946,0.478234,0.162923,0.007030,0.512592,0.163894,0.006147,0.514136,0.164791,0.005985,0.517158,0.165604,0.004622,0.522031,0.166857,0.003621,0.527204,0.167158,0.003618,0.532464,0.166155,0.004885,0.535935,0.164731,0.006691,0.538313,0.163294,0.008282,0.495175,0.154019,-0.008311,0.494977,0.163214,-0.013063,0.494787,0.171514,-0.018488,0.494577,0.179220,-0.024443,0.000000,0.000000,0.000000,0.000000,0.000000,0.000000,0.000000,0.000000,0.000000,0.000000,0.000000,0.000000,0.000000,0.000000,0.000000,0.000000,0.000000,0.000000,0.000000,0.000000,0.000000,0.000000,0.000000,0.000000,0.000000,0.000000,0.000000,0.000000,0.000000,0.000000,0.000000,0.000000,0.000000,0.000000,0.000000,0.000000,0.000000,0.000000,0.000000,0.000000,0.000000,0.000000,0.000000,0.000000,0.000000,0.000000,0.000000,0.000000,0.000000,0.000000,0.000000,0.000000,0.000000,0.000000,0.000000,0.000000,0.000000,0.000000,0.000000,0.000000,0.000000,0.000000,0.000000,0.496371,0.523681,-0.000000,0.504023,0.495354,-0.004779,0.503738,0.467481,-0.007503,0.501627,0.444462,-0.010380,0.498067,0.428023,-0.012763,0.475402,0.460017,-0.001917,0.471981,0.449154,-0.008323,0.477854,0.459117,-0.014585,0.482849,0.468241,-0.018169,0.466389,0.472605,-0.002099,0.465301,0.462948,-0.007604,0.472403,0.472749,-0.011882,0.478667,0.483897,-0.014161,0.460385,0.486282,-0.003111,0.459774,0.478208,-0.007990,0.466512,0.486292,-0.007756,0.472223,0.496393,-0.006648,0.456986,0.499749,-0.004623,0.455375,0.492221,-0.007685,0.460843,0.498411,-0.005606,0.465948,0.505662,-0.003003
-0.032934,-2.601090,-2.057523,0.036504,-2.755356,-1.931695,0.073851,-2.755765,-1.932379,0.103447,-2.755435,-1.931945,-0.089824,-2.756093,-1.934215,-0.130144,-2.753597,-1.933868,-0.170658,-2.750627,-1.935735,0.159088,-2.693176,-1.005512,-0.207967,-2.684183,-0.999589,0.044850,-2.467444,-1.708435,-0.109081,-2.455787,-1.708637,0.450970,-1.912336,-0.553319,-0.501067,-1.818684,-0.262065,0.720932,-0.886656,-1.533452,-0.680380,-0.711031,0.188516,0.240826,-1.482656,-3.428626,-0.791269,0.226879,-0.458502,0.168628,-1.665463,-3.819991,-0.874383,0.515776,-0.585301,0.151031,-1.765781,-3.619918,-0.805415,0.534483,-0.875559,0.152851,-1.714527,-3.380453,-0.773285,0.337331,-0.582668,0.320595,-0.003248,-0.054341,-0.320595,0.003248,0.054341,0.311013,1.490734,0.551375,-0.397477,1.458341,0.508019,0.286982,2.782718,2.215561,-0.357977,2.756147,1.787125,0.297341,2.959759,2.324634,-0.368692,2.929184,1.879417,0.207058,3.230697,1.125134,-0.221617,3.201749,0.546136,0.467986,0.246956,0.001239,0.469606,0.243757,-0.003485,0.473263,0.240708,-0.008949,0.478065,0.236741,-0.014018,0.485694,0.233623,-0.018098,0.493434,0.234502,-0.019438,0.501505,0.232767,-0.019054,0.510272,0.235144,-0.016027,0.516322,0.238459,-0.011701,0.521085,0.240958,-0.006773,0.523469,0.243898,-0.002314,0.520414,0.247498,-0.006011,0.516064,0.250954,-0.010869,0.509989,0.254991,-0.014557,0.502664,0.257943,-0.017524,0.494542,0.258987,-0.017740,0.486887,0.258765,-0.016484,0.480084,0.256671,-0.012632,0.474597,0.253299,-0.008481,0.470759,0.250289,-0.002971,0.451048,0.164863,0.015719,0.452474,0.163351,0.013082,0.454316,0.161648,0.011019,0.457408,0.159427,0.009085,0.462257,0.157954,0.007420,0.467079,0.158103,0.006873,0.472090,0.159472,0.007544,0.475664,0.162142,0.008555,0.510300,0.162283,0.006925,0.511901,0.163155,0.006713,0.514919,0.163958,0.005281,0.519740,0.165158,0.004180,0.524888,0.165415,0.004087,0.530137,0.164441,0.005287,0.533606,0.163101,0.007035,0.536007,0.161749,0.008634,0.492298,0.152149,-0.007080,0.492039,0.161126,-0.012125,0.491782,0.169182,-0.017788,0.491495,0.176680,-0.024004,0.000000,0.000000,0.000000,0.000000,0.000000,0.000000,0.000000,0.000000,0.000000,0.000000,0.000000,0.000000,0.000000,0.000000,0.000000,0.000000,0.000000,0.000000,0.000000,0.000000,0.000000,0.000000,0.000000,0.000000,0.000000,0.000000,0.000000,0.000000,0.000000,0.000000,0.000000,0.000000,0.000000,0.000000,0.000000,0.000000,0.000000,0.000000,0.000000,0.000000,0.000000,0.000000,0.000000,0.000000,0.000000,0.000000,0.000000,0.000000,0.000000,0.000000,0.000000,0.000000,0.000000,0.000000,0.000000,0.000000,0.000000,0.000000,0.000000,0.000000,0.000000,0.000000,0.000000,0.567497,0.567733,0.000000,0.539688,0.559551,-0.012507,0.514114,0.542401,-0.020683,0.514842,0.524518,-0.027669,0.530453,0.509083,-0.035355,0.514569,0.459509,-0.018525,0.495839,0.414618,-0.028090,0.485912,0.384110,-0.034296,0.478555,0.356636,-0.040045,0.537872,0.450284,-0.023527,0.530817,0.393957,-0.031778,0.528282,0.356870,-0.038689,0.526690,0.324734,-0.044356,0.559705,0.458384,-0.030071,0.558350,0.416487,-0.043676,0.555850,0.382738,-0.056006,0.554783,0.352195,-0.065355,0.579787,0.478988,-0.037107,0.564024,0.474037,-0.052665,0.549394,0.492307,-0.058780,0.538487,0.510261,-0.063190
-0.034082,-2.615583,-2.533110,0.032227,-2.765435,-2.398636,0.069719,-2.765310,-2.398982,0.099426,-2.764956,-2.398738,-0.088763,-2.766796,-2.419045,-0.127674,-2.764362,-2.419068,-0.166507,-2.761409,-2.420681,0.154889,-2.701005,-1.375593,-0.205265,-2.695453,-1.432362,0.042201,-2.478063,-2.140371,-0.108080,-2.467858,-2.160679,0.461537,-1.915642,-0.800341,-0.502256,-1.811167,-0.555498,0.758542,-0.892030,-1.717905,-0.687053,-0.677349,-0.011443,0.230380,-1.354777,-3.782315,-0.801693,0.260436,-0.754888,0.125183,-1.531390,-4.211868,-0.900431,0.572436,-0.919767,0.103765,-1.654663,-4.093577,-0.817033,0.582891,-1.214757,0.116500,-1.596077,-3.772500,-0.794582,0.375049,-0.877748,0.324934,-0.000861,-0.046506,-0.324934,0.000861,0.046506,0.306096,1.506472,0.668285,-0.402555,1.474499,0.530097,0.288659,2.807724,2.411818,-0.357985,2.783790,1.896834,0.296858,2.986395,2.532782,-0.364198,2.960788,1.993044,0.211345,3.267182,1.321552,-0.237937,3.235386,0.636502,0.466184,0.247640,0.000662,0.467806,0.244233,-0.004095,0.471418,0.241028,-0.009485,0.476184,0.236940,-0.014487,0.483897,0.233718,-0.018461,0.491731,0.234546,-0.019726,0.499801,0.232761,-0.019222,0.508460,0.235146,-0.016102,0.514307,0.238539,-0.011711,0.518908,0.241204,-0.006730,0.521260,0.244349,-0.002201,0.518354,0.248084,-0.005890,0.514183,0.251689,-0.010684,0.508271,0.255925,-0.014336,0.501009,0.259030,-0.017303,0.492856,0.260179,-0.017584,0.485050,0.259932,-0.016435,0.478174,0.257709,-0.012743,0.472690,0.254193,-0.008744,0.468902,0.251061,-0.003462,0.448644,0.164967,0.015351,0.450072,0.163412,0.012756,0.451900,0.161667,0.010713,0.454997,0.159393,0.008799,0.459885,0.157885,0.007194,0.464772,0.158062,0.006715,0.469850,0.159546,0.007432,0.473482,0.162339,0.008461,0.508069,0.162669,0.007301,0.509661,0.163544,0.007096,0.512685,0.164329,0.005676,0.517503,0.165524,0.004613,0.522636,0.165792,0.004560,0.527847,0.164844,0.005814,0.531280,0.163536,0.007620,0.533646,0.162240,0.009238,0.490380,0.152712,-0.006962,0.490201,0.161627,-0.012072,0.490014,0.169662,-0.017805,0.489821,0.177139,-0.024122,0.000000,0.000000,0.000000,0.000000,0.000000,0.000000,0.000000,0.000000,0.000000,0.000000,0.000000,0.000000,0.000000,0.000000,0.000000,0.000000,0.000000,0.000000,0.000000,0.000000,0.000000,0.000000,0.000000,0.000000,0.000000,0.000000,0.000000,0.000000,0.000000,0.000000,0.000000,0.000000,0.000000,0.000000,0.000000,0.000000,0.000000,0.000000,0.000000,0.000000,0.000000,0.000000,0.000000,0.000000,0.000000,0.000000,0.000000,0.000000,0.000000,0.000000,0.000000,0.000000,0.000000,0.000000,0.000000,0.000000,0.000000,0.000000,0.000000,0.000000,0.000000,0.000000,0.000000,0.556659,0.596714,0.000000,0.529010,0.592535,-0.015004,0.502260,0.581089,-0.026114,0.502581,0.570414,-0.035289,0.520912,0.559106,-0.045605,0.500800,0.505496,-0.025272,0.481218,0.460856,-0.035536,0.469478,0.432510,-0.042356,0.459912,0.405648,-0.048851,0.523299,0.495314,-0.029572,0.510604,0.442297,-0.039427,0.504665,0.405750,-0.047481,0.500130,0.373502,-0.054228,0.545116,0.500429,-0.035129,0.540419,0.457958,-0.051084,0.537645,0.423650,-0.064055,0.536448,0.391760,-0.073675,0.565121,0.516750,-0.041049,0.547494,0.511330,-0.059163,0.539264,0.534958,-0.065043,0.534957,0.556484,-0.069187
-0.032841,-2.659778,-2.354065,0.034986,-2.807986,-2.210531,0.073202,-2.808356,-2.211052,0.103558,-2.807524,-2.210722,-0.088575,-2.808003,-2.226940,-0.127947,-2.803760,-2.226902,-0.167548,-2.799054,-2.228616,0.160191,-2.742348,-1.187193,-0.206717,-2.728383,-1.243386,0.044981,-2.516025,-1.971700,-0.108573,-2.504075,-1.987818,0.482569,-1.929454,-0.627663,-0.503647,-1.833176,-0.493268,0.785125,-0.891327,-1.644775,-0.695363,-0.676428,-0.066232,0.242087,-1.390265,-3.862441,-0.816930,0.305893,-0.812496,0.144827,-1.571635,-4.316429,-0.927014,0.621411,-0.984237,0.127309,-1.689803,-4.179537,-0.834792,0.653306,-1.277704,0.133976,-1.629114,-3.849421,-0.812923,0.424873,-0.937980,0.328886,0.000186,-0.004395,-0.328886,-0.000186,0.004395,0.284575,1.549624,0.724648,-0.416906,1.516654,0.492930,0.266836,2.873134,2.482821,-0.374402,2.845119,1.871446,0.275043,3.054750,2.604275,-0.379055,3.022028,1.968660,0.184911,3.338806,1.381547,-0.269560,3.306924,0.600298,0.468397,0.245864,0.000392,0.470051,0.242663,-0.004304,0.473753,0.239558,-0.009629,0.478628,0.235528,-0.014547,0.486394,0.232354,-0.018495,0.494216,0.233225,-0.019737,0.502251,0.231484,-0.019217,0.510872,0.233917,-0.016098,0.516712,0.237313,-0.011745,0.521295,0.239944,-0.006787,0.523600,0.242919,-0.002289,0.520654,0.246347,-0.006117,0.516446,0.249643,-0.011036,0.510498,0.253551,-0.014767,0.503268,0.256406,-0.017790,0.495218,0.257429,-0.018106,0.487506,0.257231,-0.016981,0.480628,0.255171,-0.013269,0.475060,0.251900,-0.009208,0.471175,0.249030,-0.003821,0.451196,0.163384,0.015455,0.452613,0.161750,0.012859,0.454434,0.159928,0.010818,0.457532,0.157563,0.008887,0.462470,0.156021,0.007285,0.467406,0.156232,0.006830,0.472530,0.157871,0.007549,0.476215,0.160846,0.008574,0.510872,0.161270,0.007500,0.512479,0.162181,0.007299,0.515545,0.162968,0.005881,0.520421,0.164162,0.004815,0.525608,0.164434,0.004774,0.530844,0.163449,0.006045,0.534283,0.162085,0.007879,0.536627,0.160725,0.009513,0.493243,0.151384,-0.006907,0.493052,0.160258,-0.012036,0.492858,0.168306,-0.017780,0.492655,0.175825,-0.024113,0.000000,0.000000,0.000000,0.000000,0.000000,0.000000,0.000000,0.000000,0.000000,0.000000,0.000000,0.000000,0.000000,0.000000,0.000000,0.000000,0.000000,0.000000,0.000000,0.000000,0.000000,0.000000,0.000000,0.000000,0.000000,0.000000,0.000000,0.000000,0.000000,0.000000,0.000000,0.000000,0.000000,0.000000,0.000000,0.000000,0.000000,0.000000,0.000000,0.000000,0.000000,0.000000,0.000000,0.000000,0.000000,0.000000,0.000000,0.000000,0.000000,0.000000,0.000000,0.000000,0.000000,0.000000,0.000000,0.000000,0.000000,0.000000,0.000000,0.000000,0.000000,0.000000,0.000000,0.566168,0.593254,0.000000,0.537646,0.584097,-0.010937,0.513264,0.566388,-0.018921,0.515005,0.551833,-0.026236,0.532905,0.541840,-0.034543,0.517227,0.490185,-0.015395,0.500559,0.448398,-0.024330,0.490556,0.420168,-0.031388,0.481198,0.394365,-0.038248,0.538504,0.483447,-0.021099,0.530207,0.433959,-0.029347,0.526847,0.401447,-0.036773,0.523361,0.372460,-0.043227,0.558687,0.490764,-0.028324,0.555213,0.449464,-0.042038,0.551970,0.418722,-0.053428,0.549563,0.390639,-0.062106,0.577808,0.509031,-0.035990,0.562907,0.496741,-0.051165,0.552589,0.516933,-0.055690,0.545827,0.537062,-0.059136
-0.021884,-2.639208,-2.830447,0.045860,-2.772222,-2.659082,0.083808,-2.770119,-2.660524,0.113299,-2.765019,-2.661174,-0.076514,-2.772602,-2.697847,-0.115068,-2.767072,-2.698271,-0.154993,-2.759808,-2.700336,0.167949,-2.694357,-1.587389,-0.191941,-2.684205,-1.741407,0.058245,-2.490495,-2.431371,-0.096322,-2.482747,-2.473898,0.495878,-1.801938,-0.882502,-0.487516,-1.771273,-1.051684,0.658564,-0.731624,-0.596715,-0.664485,-0.692428,-0.832809,0.699312,-0.096459,-1.893760,-0.754085,0.191605,-1.914428,0.793727,0.169325,-2.209662,-0.831972,0.477722,-2.211069,0.712752,0.112584,-2.501415,-0.778235,0.446359,-2.527958,0.653981,0.001014,-2.051847,-0.745066,0.323218,-2.066319,0.320330,0.010653,0.005602,-0.320330,-0.010653,-0.005602,0.274796,1.560961,0.327816,-0.394638,1.524073,0.149230,0.261401,2.845402,1.893557,-0.351861,2.836458,1.334007,0.279905,3.038160,1.975689,-0.347279,3.026006,1.397137,0.161322,3.274564,0.716427,-0.276312,3.279273,0.007208,0.466985,0.248383,0.001494,0.468651,0.245139,-0.003308,0.472307,0.242047,-0.008777,0.477100,0.238006,-0.013839,0.484718,0.234764,-0.017927,0.492462,0.235519,-0.019253,0.500432,0.233599,-0.018834,0.509073,0.235744,-0.015749,0.515017,0.238918,-0.011395,0.519703,0.241328,-0.006441,0.522097,0.244261,-0.001906,0.519182,0.247931,-0.005586,0.514973,0.251544,-0.010414,0.509023,0.255841,-0.014062,0.501777,0.259028,-0.016956,0.493672,0.260246,-0.017186,0.485913,0.260133,-0.015989,0.479037,0.258009,-0.012226,0.473542,0.254614,-0.008148,0.469722,0.251638,-0.002712,0.449154,0.164525,0.015334,0.450560,0.162925,0.012663,0.452380,0.161108,0.010580,0.455468,0.158730,0.008598,0.460368,0.157111,0.006912,0.465282,0.157228,0.006374,0.470403,0.158717,0.007048,0.474080,0.161577,0.008100,0.508619,0.161252,0.006504,0.510245,0.162146,0.006298,0.513312,0.162920,0.004869,0.518217,0.164083,0.003769,0.523429,0.164254,0.003684,0.528695,0.163135,0.004887,0.532152,0.161669,0.006661,0.534534,0.160246,0.008242,0.490728,0.151396,-0.007606,0.490552,0.160655,-0.012580,0.490365,0.168924,-0.018212,0.490160,0.176613,-0.024398,0.000000,0.000000,0.000000,0.000000,0.000000,0.000000,0.000000,0.000000,0.000000,0.000000,0.000000,0.000000,0.000000,0.000000,0.000000,0.000000,0.000000,0.000000,0.000000,0.000000,0.000000,0.000000,0.000000,0.000000,0.000000,0.000000,0.000000,0.000000,0.000000,0.000000,0.000000,0.000000,0.000000,0.000000,0.000000,0.000000,0.000000,0.000000,0.000000,0.000000,0.000000,0.000000,0.000000,0.000000,0.000000,0.000000,0.000000,0.000000,0.000000,0.000000,0.000000,0.000000,0.000000,0.000000,0.000000,0.000000,0.000000,0.000000,0.000000,0.000000,0.000000,0.000000,0.000000,0.000000,0.000000,0.000000,0.000000,0.000000,0.000000,0.000000,0.000000,0.000000,0.000000,0.000000,0.000000,0.000000,0.000000,0.000000,0.000000,0.000000,0.000000,0.000000,0.000000,0.000000,0.000000,0.000000,0.000000,0.000000,0.000000,0.000000,0.000000,0.000000,0.000000,0.000000,0.000000,0.000000,0.000000,0.000000,0.000000,0.000000,0.000000,0.000000,0.000000,0.000000,0.000000,0.000000,0.000000,0.000000,0.000000,0.000000,0.000000,0.000000,0.000000,0.000000,0.000000,0.000000,0.000000,0.000000,0.000000,0.000000,0.000000,0.000000,0.000000,0.000000,0.000000,0.000000
-0.035834,-2.649670,-3.287351,0.031794,-2.781785,-3.139352,0.071007,-2.779345,-3.140484,0.100229,-2.773816,-3.141164,-0.090876,-2.781497,-3.167322,-0.129445,-2.775384,-3.168086,-0.170407,-2.767357,-3.169952,0.156252,-2.699845,-2.068036,-0.205422,-2.692479,-2.176061,0.045802,-2.499944,-2.878252,-0.111158,-2.491993,-2.908289,0.486313,-1.810360,-1.253086,-0.498015,-1.780978,-1.426867,0.648003,-0.777965,-0.802628,-0.671295,-0.732893,-1.164349,0.741534,0.123432,-1.769179,-0.767374,0.167931,-2.224447,0.818030,0.449753,-2.022069,-0.857599,0.446543,-2.513677,0.739622,0.446872,-2.330235,-0.768742,0.472972,-2.840168,0.694223,0.287629,-1.920319,-0.727333,0.321989,-2.379078,0.321918,0.012564,-0.048491,-0.321918,-0.012564,0.048491,0.259141,1.553090,0.385461,-0.387553,1.524747,0.307940,0.248989,2.852490,2.045918,-0.342110,2.844448,1.572728,0.262666,3.039972,2.133260,-0.334066,3.027049,1.645601,0.151064,3.274702,0.818915,-0.277836,3.283100,0.206530,0.467012,0.247739,0.000648,0.468605,0.244500,-0.004047,0.472221,0.241387,-0.009416,0.477005,0.237357,-0.014391,0.484667,0.234136,-0.018375,0.492441,0.234981,-0.019688,0.500507,0.233244,-0.019219,0.509237,0.235708,-0.016183,0.515194,0.239076,-0.011886,0.519874,0.241667,-0.006986,0.522240,0.244653,-0.002527,0.519250,0.248240,-0.006271,0.514999,0.251698,-0.011127,0.508998,0.255770,-0.014795,0.501718,0.258749,-0.017708,0.493621,0.259813,-0.017949,0.485946,0.259614,-0.016756,0.479113,0.257493,-0.013029,0.473607,0.254094,-0.008964,0.469774,0.251069,-0.003545,0.449215,0.164817,0.015672,0.450645,0.163150,0.013052,0.452478,0.161328,0.010985,0.455602,0.158964,0.009057,0.460551,0.157463,0.007403,0.465494,0.157731,0.006892,0.470617,0.159417,0.007524,0.474293,0.162440,0.008557,0.509276,0.162788,0.007190,0.510908,0.163736,0.007000,0.513989,0.164578,0.005559,0.518896,0.165810,0.004472,0.524123,0.166061,0.004398,0.529422,0.164990,0.005642,0.532896,0.163511,0.007464,0.535263,0.162028,0.009088,0.491236,0.152245,-0.006839,0.491012,0.161470,-0.011905,0.490793,0.169609,-0.017634,0.490549,0.177151,-0.023926,0.000000,0.000000,0.000000,0.000000,0.000000,0.000000,0.000000,0.000000,0.000000,0.000000,0.000000,0.000000,0.000000,0.000000,0.000000,0.000000,0.000000,0.000000,0.000000,0.000000,0.000000,0.000000,0.000000,0.000000,0.000000,0.000000,0.000000,0.000000,0.000000,0.000000,0.000000,0.000000,0.000000,0.000000,0.000000,0.000000,0.000000,0.000000,0.000000,0.000000,0.000000,0.000000,0.000000,0.000000,0.000000,0.000000,0.000000,0.000000,0.000000,0.000000,0.000000,0.000000,0.000000,0.000000,0.000000,0.000000,0.000000,0.000000,0.000000,0.000000,0.000000,0.000000,0.000000,0.000000,0.000000,0.000000,0.000000,0.000000,0.000000,0.000000,0.000000,0.000000,0.000000,0.000000,0.000000,0.000000,0.000000,0.000000,0.000000,0.000000,0.000000,0.000000,0.000000,0.000000,0.000000,0.000000,0.000000,0.000000,0.000000,0.000000,0.000000,0.000000,0.000000,0.000000,0.000000,0.000000,0.000000,0.000000,0.000000,0.000000,0.000000,0.000000,0.000000,0.000000,0.000000,0.000000,0.000000,0.000000,0.000000,0.000000,0.000000,0.000000,0.000000,0.000000,0.000000,0.000000,0.000000,0.000000,0.000000,0.000000,0.000000,0.000000,0.000000,0.000000,0.000000,0.000000
-0.039250,-2.611686,-3.024101,0.026967,-2.740988,-2.871050,0.066076,-2.738201,-2.872131,0.094742,-2.732312,-2.872895,-0.093851,-2.740065,-2.902210,-0.131694,-2.733046,-2.902898,-0.172028,-2.724314,-2.904603,0.151113,-2.658274,-1.796121,-0.206391,-2.651579,-1.916555,0.041500,-2.464135,-2.613988,-0.114117,-2.455887,-2.648058,0.476661,-1.785986,-0.977745,-0.492862,-1.761806,-1.221002,0.639680,-0.771753,-0.427764,-0.661749,-0.769246,-0.978669,0.737450,0.137653,-1.335958,-0.753911,0.068429,-2.083602,0.810925,0.461819,-1.570145,-0.836544,0.359300,-2.383219,0.728786,0.463832,-1.875940,-0.736958,0.360278,-2.684600,0.681511,0.312814,-1.483681,-0.689401,0.224583,-2.225144,0.320513,0.010952,-0.047035,-0.320513,-0.010952,0.047035,0.261724,1.521318,0.615476,-0.372711,1.496142,0.502914,0.256113,2.782861,2.430361,-0.326353,2.780264,1.939689,0.268674,2.962619,2.540383,-0.314900,2.958380,2.033380,0.161619,3.203312,1.285067,-0.257087,3.205009,0.645733,0.466871,0.246717,0.000408,0.468414,0.243529,-0.004163,0.471959,0.240355,-0.009424,0.476655,0.236274,-0.014315,0.484230,0.233026,-0.018303,0.491922,0.233873,-0.019682,0.499915,0.232159,-0.019292,0.508583,0.234682,-0.016402,0.514461,0.238126,-0.012283,0.519074,0.240787,-0.007546,0.521395,0.243733,-0.003218,0.518444,0.247019,-0.006995,0.514223,0.250142,-0.011813,0.508273,0.253875,-0.015442,0.501089,0.256623,-0.018296,0.493136,0.257602,-0.018475,0.485629,0.257492,-0.017226,0.478888,0.255593,-0.013449,0.473423,0.252503,-0.009344,0.469608,0.249780,-0.003867,0.449593,0.164160,0.016355,0.450961,0.162471,0.013769,0.452731,0.160582,0.011736,0.455776,0.158139,0.009808,0.460663,0.156560,0.008152,0.465566,0.156796,0.007612,0.470658,0.158546,0.008217,0.474337,0.161670,0.009174,0.508724,0.161875,0.007360,0.510340,0.162820,0.007142,0.513409,0.163617,0.005693,0.518308,0.164795,0.004544,0.523508,0.165025,0.004405,0.528762,0.163929,0.005590,0.532207,0.162441,0.007366,0.534568,0.160941,0.008950,0.490865,0.151825,-0.006348,0.490633,0.160913,-0.011457,0.490402,0.169060,-0.017195,0.490146,0.176660,-0.023499,0.000000,0.000000,0.000000,0.000000,0.000000,0.000000,0.000000,0.000000,0.000000,0.000000,0.000000,0.000000,0.000000,0.000000,0.000000,0.000000,0.000000,0.000000,0.000000,0.000000,0.000000,0.000000,0.000000,0.000000,0.000000,0.000000,0.000000,0.000000,0.000000,0.000000,0.000000,0.000000,0.000000,0.000000,0.000000,0.000000,0.000000,0.000000,0.000000,0.000000,0.000000,0.000000,0.000000,0.000000,0.000000,0.000000,0.000000,0.000000,0.000000,0.000000,0.000000,0.000000,0.000000,0.000000,0.000000,0.000000,0.000000,0.000000,0.000000,0.000000,0.000000,0.000000,0.000000,0.000000,0.000000,0.000000,0.000000,0.000000,0.000000,0.000000,0.000000,0.000000,0.000000,0.000000,0.000000,0.000000,0.000000,0.000000,0.000000,0.000000,0.000000,0.000000,0.000000,0.000000,0.000000,0.000000,0.000000,0.000000,0.000000,0.000000,0.000000,0.000000,0.000000,0.000000,0.000000,0.000000,0.000000,0.000000,0.000000,0.000000,0.000000,0.000000,0.000000,0.000000,0.000000,0.000000,0.000000,0.000000,0.000000,0.000000,0.000000,0.000000,0.000000,0.000000,0.000000,0.000000,0.000000,0.000000,0.000000,0.000000,0.000000,0.000000,0.000000,0.000000,0.000000,0.000000
-0.035331,-2.655334,-2.233702,0.034304,-2.790562,-2.120633,0.075115,-2.787452,-2.120897,0.105392,-2.781697,-2.121070,-0.090620,-2.789124,-2.122552,-0.129586,-2.781541,-2.122629,-0.170969,-2.772796,-2.124006,0.164875,-2.704702,-1.219886,-0.206014,-2.698384,-1.229155,0.047948,-2.502736,-1.891623,-0.112468,-2.494356,-1.894409,0.499467,-1.802877,-0.638164,-0.496357,-1.826548,-0.712416,0.677420,-0.788624,-0.400287,-0.739979,-0.802868,-1.658735,0.774364,0.116107,-1.353191,-0.600284,-1.014135,-3.888264,0.845707,0.451825,-1.569101,-0.573467,-1.118024,-4.302559,0.765230,0.458064,-1.791067,-0.546588,-1.257776,-4.347545,0.710540,0.305006,-1.459352,-0.527582,-1.236697,-3.942997,0.333664,0.023101,-0.035502,-0.333664,-0.023101,0.035502,0.269072,1.485732,0.354978,-0.381631,1.452443,0.282066,0.259820,2.796599,1.748311,-0.368060,2.766354,1.333572,0.275415,2.969191,1.817393,-0.385166,2.940917,1.398408,0.161542,3.229041,0.642190,-0.281993,3.183028,0.083330,0.467177,0.248473,0.001814,0.468722,0.245385,-0.002958,0.472250,0.242345,-0.008425,0.476920,0.238358,-0.013512,0.484435,0.235187,-0.017693,0.492111,0.236032,-0.019147,0.500108,0.234232,-0.018857,0.508842,0.236591,-0.015940,0.514851,0.239868,-0.011773,0.519588,0.242342,-0.006967,0.521985,0.245168,-0.002511,0.519005,0.248533,-0.006173,0.514721,0.251786,-0.010914,0.508705,0.255667,-0.014486,0.501457,0.258537,-0.017230,0.493439,0.259579,-0.017310,0.485892,0.259466,-0.015997,0.479148,0.257511,-0.012160,0.473712,0.254338,-0.008005,0.469915,0.251556,-0.002469,0.449520,0.165381,0.016073,0.450895,0.163798,0.013387,0.452683,0.162001,0.011272,0.455754,0.159673,0.009257,0.460669,0.158135,0.007493,0.465592,0.158309,0.006872,0.470692,0.159864,0.007479,0.474362,0.162782,0.008476,0.509136,0.162730,0.006209,0.510754,0.163636,0.005992,0.513818,0.164426,0.004526,0.518735,0.165626,0.003359,0.523966,0.165850,0.003195,0.529279,0.164746,0.004335,0.532784,0.163258,0.006057,0.535203,0.161768,0.007615,0.490874,0.152857,-0.007547,0.490598,0.162081,-0.012467,0.490327,0.170354,-0.018066,0.490021,0.178072,-0.024199,0.217658,0.473230,0.000000,0.231976,0.474197,-0.013549,0.243840,0.463163,-0.020735,0.247400,0.450740,-0.026249,0.248645,0.440963,-0.031609,0.244684,0.423303,-0.015661,0.249597,0.398803,-0.023958,0.253525,0.383221,-0.030324,0.257154,0.371084,-0.034414,0.234541,0.415987,-0.013327,0.238368,0.391902,-0.020708,0.242032,0.379567,-0.025682,0.245378,0.371664,-0.028673,0.223943,0.414178,-0.012203,0.226619,0.390646,-0.018386,0.229434,0.378168,-0.021279,0.232188,0.369223,-0.022727,0.213541,0.416673,-0.012293,0.214805,0.396138,-0.017074,0.216037,0.383928,-0.018472,0.217402,0.375028,-0.018861,0.000000,0.000000,0.000000,0.000000,0.000000,0.000000,0.000000,0.000000,0.000000,0.000000,0.000000,0.000000,0.000000,0.000000,0.000000,0.000000,0.000000,0.000000,0.000000,0.000000,0.000000,0.000000,0.000000,0.000000,0.000000,0.000000,0.000000,0.000000,0.000000,0.000000,0.000000,0.000000,0.000000,0.000000,0.000000,0.000000,0.000000,0.000000,0.000000,0.000000,0.000000,0.000000,0.000000,0.000000,0.000000,0.000000,0.000000,0.000000,0.000000,0.000000,0.000000,0.000000,0.000000,0.000000,0.000000,0.000000,0.000000,0.000000,0.000000,0.000000,0.000000,0.000000,0.000000
-0.026860,-2.666139,-2.469154,0.045284,-2.809055,-2.330940,0.085954,-2.806345,-2.331352,0.117165,-2.801569,-2.331387,-0.082501,-2.811318,-2.333379,-0.122320,-2.805539,-2.333251,-0.163838,-2.798620,-2.334636,0.178404,-2.728535,-1.307174,-0.199687,-2.729087,-1.314819,0.055706,-2.517811,-2.085281,-0.104987,-2.510674,-2.088535,0.498771,-1.825377,-0.673947,-0.490353,-1.930492,-0.776824,0.699809,-0.788558,-0.465814,-0.792132,-0.850515,-1.954340,0.790391,0.132166,-1.513675,-0.472537,-1.213741,-4.309810,0.864344,0.478492,-1.773303,-0.411928,-1.357514,-4.766173,0.785028,0.485651,-1.990093,-0.405537,-1.494247,-4.792159,0.730707,0.320108,-1.622770,-0.397679,-1.436683,-4.357283,0.341611,0.016376,-0.055376,-0.341611,-0.016376,0.055376,0.275774,1.494453,0.339210,-0.377115,1.454673,0.477272,0.257263,2.820728,1.964141,-0.361306,2.775340,1.862869,0.269236,3.000650,2.043638,-0.379189,2.946886,1.957570,0.169281,3.244250,0.722816,-0.271459,3.201355,0.498787,0.468428,0.246507,0.000362,0.469989,0.243401,-0.004214,0.473617,0.240214,-0.009484,0.478409,0.236083,-0.014368,0.486062,0.232818,-0.018324,0.493797,0.233678,-0.019639,0.501801,0.231926,-0.019204,0.510468,0.234415,-0.016238,0.516369,0.237875,-0.012055,0.520986,0.240533,-0.007278,0.523263,0.243401,-0.002949,0.520218,0.246495,-0.006777,0.515918,0.249432,-0.011672,0.509910,0.252982,-0.015364,0.502709,0.255591,-0.018293,0.494830,0.256509,-0.018527,0.487351,0.256426,-0.017333,0.480587,0.254660,-0.013595,0.475071,0.251781,-0.009471,0.471204,0.249330,-0.003959,0.451553,0.163711,0.016055,0.452970,0.162177,0.013461,0.454788,0.160457,0.011428,0.457852,0.158224,0.009513,0.462694,0.156752,0.007880,0.467517,0.156926,0.007371,0.472560,0.158357,0.008063,0.476173,0.161123,0.009046,0.510738,0.161616,0.007518,0.512325,0.162491,0.007307,0.515328,0.163299,0.005867,0.520153,0.164541,0.004764,0.525295,0.164857,0.004670,0.530544,0.163927,0.005891,0.534000,0.162616,0.007665,0.536372,0.161320,0.009270,0.492862,0.151446,-0.006500,0.492591,0.160203,-0.011612,0.492338,0.168258,-0.017339,0.492066,0.175834,-0.023627,0.362874,0.648414,0.000000,0.388477,0.643851,-0.013835,0.411131,0.628664,-0.023966,0.403182,0.615961,-0.033342,0.385402,0.601100,-0.044608,0.406664,0.543948,-0.024783,0.423055,0.494576,-0.035731,0.432150,0.463953,-0.043132,0.438947,0.434256,-0.048564,0.382006,0.535668,-0.029479,0.384510,0.476262,-0.037869,0.384543,0.436686,-0.048172,0.383875,0.403150,-0.055920,0.361822,0.548511,-0.034481,0.350440,0.502000,-0.049863,0.343023,0.465864,-0.066919,0.335935,0.436082,-0.079364,0.345557,0.574951,-0.039730,0.355887,0.572579,-0.057531,0.367074,0.594801,-0.065525,0.375073,0.617205,-0.070434,0.000000,0.000000,0.000000,0.000000,0.000000,0.000000,0.000000,0.000000,0.000000,0.000000,0.000000,0.000000,0.000000,0.000000,0.000000,0.000000,0.000000,0.000000,0.000000,0.000000,0.000000,0.000000,0.000000,0.000000,0.000000,0.000000,0.000000,0.000000,0.000000,0.000000,0.000000,0.000000,0.000000,0.000000,0.000000,0.000000,0.000000,0.000000,0.000000,0.000000,0.000000,0.000000,0.000000,0.000000,0.000000,0.000000,0.000000,0.000000,0.000000,0.000000,0.000000,0.000000,0.000000,0.000000,0.000000,0.000000,0.000000,0.000000,0.000000,0.000000,0.000000,0.000000,0.000000
-0.026688,-2.701148,-2.461612,0.046358,-2.843498,-2.329588,0.087246,-2.840916,-2.329992,0.119468,-2.836063,-2.330039,-0.083390,-2.845783,-2.331364,-0.123929,-2.840003,-2.331235,-0.165214,-2.833195,-2.332558,0.181609,-2.762477,-1.319376,-0.201817,-2.764224,-1.321259,0.057198,-2.549927,-2.080821,-0.105308,-2.543351,-2.082098,0.504216,-1.848596,-0.687752,-0.487116,-1.944919,-0.777089,0.708704,-0.798545,-0.464166,-0.796582,-0.866681,-1.904226,0.797651,0.134861,-1.470277,-0.464309,-1.198773,-4.234946,0.871232,0.484230,-1.726185,-0.397172,-1.344382,-4.688576,0.790890,0.493214,-1.948306,-0.389585,-1.482668,-4.679425,0.739333,0.327174,-1.579909,-0.385817,-1.428948,-4.263113,0.344966,0.015291,-0.050549,-0.344966,-0.015291,0.050549,0.289729,1.516637,0.386511,-0.372587,1.480056,0.498538,0.269725,2.855099,2.051517,-0.353262,2.809336,1.871393,0.283159,3.034460,2.138055,-0.371673,2.981879,1.969817,0.180400,3.288550,0.827332,-0.259178,3.244820,0.517579,0.469623,0.246660,0.000305,0.471257,0.243552,-0.004346,0.474969,0.240504,-0.009634,0.479854,0.236529,-0.014525,0.487592,0.233391,-0.018483,0.495379,0.234322,-0.019763,0.503402,0.232633,-0.019275,0.512012,0.235144,-0.016222,0.517854,0.238554,-0.011953,0.522434,0.241158,-0.007069,0.524709,0.244031,-0.002626,0.521742,0.247350,-0.006477,0.517527,0.250520,-0.011389,0.511583,0.254314,-0.015093,0.504384,0.257080,-0.018046,0.496389,0.258034,-0.018336,0.488762,0.257825,-0.017188,0.481909,0.255797,-0.013489,0.476331,0.252566,-0.009416,0.472419,0.249767,-0.003958,0.452261,0.163386,0.015791,0.453681,0.161729,0.013186,0.455508,0.159882,0.011118,0.458622,0.157491,0.009188,0.463592,0.155963,0.007547,0.468549,0.156239,0.007052,0.473690,0.158000,0.007730,0.477388,0.161101,0.008745,0.512271,0.161717,0.007416,0.513897,0.162657,0.007224,0.516994,0.163486,0.005788,0.521943,0.164730,0.004687,0.527181,0.165007,0.004620,0.532471,0.163971,0.005879,0.535935,0.162530,0.007716,0.538296,0.161095,0.009337,0.494450,0.151475,-0.006772,0.494260,0.160657,-0.011894,0.494078,0.168891,-0.017660,0.493874,0.176565,-0.023994,0.365886,0.651112,0.000000,0.393213,0.645587,-0.014934,0.416514,0.627119,-0.024789,0.404707,0.613128,-0.033520,0.382112,0.600305,-0.044036,0.411014,0.543832,-0.024297,0.427268,0.495326,-0.035129,0.436413,0.463760,-0.042401,0.442765,0.433180,-0.047800,0.385938,0.534949,-0.028474,0.390179,0.476257,-0.036907,0.391108,0.436769,-0.047388,0.390037,0.403219,-0.055058,0.365280,0.547064,-0.033089,0.354809,0.501170,-0.048833,0.348548,0.465066,-0.066403,0.341668,0.434531,-0.078964,0.348202,0.573174,-0.038021,0.360010,0.573245,-0.056099,0.371030,0.596841,-0.064484,0.377896,0.618986,-0.069608,0.000000,0.000000,0.000000,0.000000,0.000000,0.000000,0.000000,0.000000,0.000000,0.000000,0.000000,0.000000,0.000000,0.000000,0.000000,0.000000,0.000000,0.000000,0.000000,0.000000,0.000000,0.000000,0.000000,0.000000,0.000000,0.000000,0.000000,0.000000,0.000000,0.000000,0.000000,0.000000,0.000000,0.000000,0.000000,0.000000,0.000000,0.000000,0.000000,0.000000,0.000000,0.000000,0.000000,0.000000,0.000000,0.000000,0.000000,0.000000,0.000000,0.000000,0.000000,0.000000,0.000000,0.000000,0.000000,0.000000,0.000000,0.000000,0.000000,0.000000,0.000000,0.000000,0.000000
-0.028088,-2.667516,-3.467291,0.043744,-2.799517,-3.295352,0.081372,-2.794574,-3.296382,0.115155,-2.787572,-3.297094,-0.084573,-2.804064,-3.334980,-0.124556,-2.799208,-3.335722,-0.163592,-2.791599,-3.337523,0.176504,-2.713722,-2.151007,-0.203050,-2.718693,-2.312743,0.053011,-2.512507,-3.036452,-0.107602,-2.510898,-3.082397,0.495338,-1.812494,-1.351982,-0.492390,-1.816093,-1.507646,0.677827,-0.790715,-0.843553,-0.710555,-0.684362,-1.328543,0.764205,0.141244,-1.700954,-0.785923,-0.042210,-2.467512,0.832161,0.465749,-1.940764,-0.845618,0.231029,-2.766118,0.758577,0.458725,-2.233826,-0.781461,0.142885,-3.093314,0.726613,0.296994,-1.842131,-0.739928,0.041062,-2.626263,0.330582,-0.004918,-0.059484,-0.330582,0.004918,0.059484,0.301924,1.564458,0.558541,-0.366946,1.557191,0.563483,0.313678,2.876251,2.496549,-0.321776,2.883535,2.074951,0.333093,3.076041,2.610905,-0.315811,3.081677,2.172413,0.219701,3.317489,1.244062,-0.239718,3.331342,0.694387,0.473617,0.246617,0.000711,0.475321,0.243556,-0.003986,0.479091,0.240611,-0.009273,0.484018,0.236742,-0.014150,0.491731,0.233732,-0.018083,0.499463,0.234735,-0.019297,0.507397,0.233083,-0.018770,0.515891,0.235591,-0.015625,0.521684,0.238982,-0.011279,0.526229,0.241549,-0.006316,0.528493,0.244409,-0.001780,0.525570,0.247770,-0.005602,0.521407,0.250991,-0.010500,0.515528,0.254849,-0.014202,0.508387,0.257654,-0.017184,0.500413,0.258583,-0.017527,0.492778,0.258306,-0.016451,0.485920,0.256149,-0.012833,0.480337,0.252759,-0.008827,0.476413,0.249825,-0.003454,0.456541,0.162418,0.014875,0.457971,0.160759,0.012267,0.459797,0.158908,0.010206,0.462925,0.156509,0.008279,0.467914,0.154990,0.006655,0.472884,0.155294,0.006195,0.478029,0.157153,0.006915,0.481732,0.160360,0.007974,0.516386,0.161127,0.006978,0.518008,0.162084,0.006811,0.521117,0.162931,0.005416,0.526079,0.164208,0.004364,0.531324,0.164496,0.004340,0.536605,0.163442,0.005623,0.540062,0.161957,0.007466,0.542412,0.160476,0.009076,0.498769,0.150977,-0.007398,0.498583,0.160320,-0.012371,0.498407,0.168699,-0.018009,0.498210,0.176483,-0.024201,0.000000,0.000000,0.000000,0.000000,0.000000,0.000000,0.000000,0.000000,0.000000,0.000000,0.000000,0.000000,0.000000,0.000000,0.000000,0.000000,0.000000,0.000000,0.000000,0.000000,0.000000,0.000000,0.000000,0.000000,0.000000,0.000000,0.000000,0.000000,0.000000,0.000000,0.000000,0.000000,0.000000,0.000000,0.000000,0.000000,0.000000,0.000000,0.000000,0.000000,0.000000,0.000000,0.000000,0.000000,0.000000,0.000000,0.000000,0.000000,0.000000,0.000000,0.000000,0.000000,0.000000,0.000000,0.000000,0.000000,0.000000,0.000000,0.000000,0.000000,0.000000,0.000000,0.000000,0.000000,0.000000,0.000000,0.000000,0.000000,0.000000,0.000000,0.000000,0.000000,0.000000,0.000000,0.000000,0.000000,0.000000,0.000000,0.000000,0.000000,0.000000,0.000000,0.000000,0.000000,0.000000,0.000000,0.000000,0.000000,0.000000,0.000000,0.000000,0.000000,0.000000,0.000000,0.000000,0.000000,0.000000,0.000000,0.000000,0.000000,0.000000,0.000000,0.000000,0.000000,0.000000,0.000000,0.000000,0.000000,0.000000,0.000000,0.000000,0.000000,0.000000,0.000000,0.000000,0.000000,0.000000,0.000000,0.000000,0.000000,0.000000,0.000000,0.000000,0.000000,0.000000,0.000000
-0.031347,-2.603994,-3.218634,0.036503,-2.732819,-3.067924,0.071068,-2.727153,-3.068964,0.103808,-2.719274,-3.069767,-0.087291,-2.738080,-3.106242,-0.127016,-2.734086,-3.106849,-0.164002,-2.726539,-3.108554,0.162089,-2.645255,-1.976626,-0.208577,-2.654866,-2.131602,0.045932,-2.453198,-2.801142,-0.110872,-2.452979,-2.844522,0.472762,-1.784743,-1.139036,-0.494049,-1.774331,-1.394285,0.647203,-0.786437,-0.581851,-0.668455,-0.758417,-1.085172,0.733801,0.137288,-1.451474,-0.775794,0.150792,-2.131561,0.805509,0.457274,-1.675736,-0.874992,0.446892,-2.410794,0.725877,0.452124,-1.983153,-0.785960,0.466198,-2.742790,0.680805,0.305208,-1.598858,-0.728290,0.320546,-2.285743,0.318929,0.002959,-0.037603,-0.318929,-0.002959,0.037603,0.257333,1.517454,0.414776,-0.381176,1.499196,0.342680,0.255825,2.800426,2.101806,-0.329309,2.796821,1.626882,0.268439,2.982776,2.194284,-0.311135,2.977126,1.705746,0.160956,3.223654,0.909494,-0.263172,3.228903,0.293981,0.470825,0.249464,0.000449,0.472509,0.246591,-0.004175,0.476300,0.243628,-0.009483,0.481282,0.239704,-0.014369,0.489098,0.236626,-0.018395,0.496874,0.237672,-0.019679,0.504873,0.235975,-0.019233,0.513485,0.238572,-0.016181,0.519289,0.242051,-0.011949,0.523816,0.244664,-0.007114,0.526014,0.247392,-0.002695,0.522998,0.250405,-0.006629,0.518737,0.253229,-0.011657,0.512756,0.256709,-0.015396,0.505567,0.259272,-0.018345,0.497658,0.260058,-0.018643,0.490087,0.259918,-0.017507,0.483206,0.257991,-0.013769,0.477592,0.254915,-0.009576,0.473634,0.252333,-0.003948,0.454700,0.165563,0.016050,0.456153,0.164080,0.013361,0.458016,0.162359,0.011266,0.461169,0.160118,0.009288,0.466107,0.158630,0.007592,0.470988,0.158785,0.007075,0.476110,0.160204,0.007781,0.479779,0.162957,0.008817,0.515111,0.163252,0.007268,0.516723,0.164157,0.007070,0.519762,0.165004,0.005619,0.524665,0.166299,0.004483,0.529892,0.166649,0.004412,0.535240,0.165721,0.005638,0.538776,0.164398,0.007445,0.541213,0.163065,0.009079,0.496942,0.153031,-0.006943,0.496634,0.162384,-0.012065,0.496354,0.170907,-0.017850,0.496047,0.178916,-0.024168,0.000000,0.000000,0.000000,0.000000,0.000000,0.000000,0.000000,0.000000,0.000000,0.000000,0.000000,0.000000,0.000000,0.000000,0.000000,0.000000,0.000000,0.000000,0.000000,0.000000,0.000000,0.000000,0.000000,0.000000,0.000000,0.000000,0.000000,0.000000,0.000000,0.000000,0.000000,0.000000,0.000000,0.000000,0.000000,0.000000,0.000000,0.000000,0.000000,0.000000,0.000000,0.000000,0.000000,0.000000,0.000000,0.000000,0.000000,0.000000,0.000000,0.000000,0.000000,0.000000,0.000000,0.000000,0.000000,0.000000,0.000000,0.000000,0.000000,0.000000,0.000000,0.000000,0.000000,0.000000,0.000000,0.000000,0.000000,0.000000,0.000000,0.000000,0.000000,0.000000,0.000000,0.000000,0.000000,0.000000,0.000000,0.000000,0.000000,0.000000,0.000000,0.000000,0.000000,0.000000,0.000000,0.000000,0.000000,0.000000,0.000000,0.000000,0.000000,0.000000,0.000000,0.000000,0.000000,0.000000,0.000000,0.000000,0.000000,0.000000,0.000000,0.000000,0.000000,0.000000,0.000000,0.000000,0.000000,0.000000,0.000000,0.000000,0.000000,0.000000,0.000000,0.000000,0.000000,0.000000,0.000000,0.000000,0.000000,0.000000,0.000000,0.000000,0.000000,0.000000,0.000000,0.000000
-0.036430,-2.602599,-3.284350,0.029524,-2.729458,-3.134482,0.067312,-2.724644,-3.135465,0.097792,-2.717221,-3.136301,-0.091185,-2.732349,-3.166937,-0.128986,-2.727709,-3.167669,-0.166152,-2.719864,-3.169439,0.157183,-2.641169,-2.025761,-0.208123,-2.647800,-2.184963,0.043787,-2.454221,-2.860626,-0.112599,-2.450903,-2.909488,0.472213,-1.780804,-1.183980,-0.493018,-1.767420,-1.444970,0.647289,-0.782348,-0.647631,-0.664855,-0.740578,-1.135589,0.732413,0.143980,-1.512473,-0.770721,0.154248,-2.159864,0.806098,0.461449,-1.733471,-0.873800,0.448505,-2.434175,0.722969,0.464541,-2.043379,-0.777376,0.474807,-2.754224,0.673884,0.318430,-1.660482,-0.719517,0.326989,-2.309079,0.316821,0.006830,-0.040717,-0.316821,-0.006830,0.040717,0.250919,1.534171,0.374651,-0.388388,1.505235,0.284189,0.240136,2.823221,1.991109,-0.348026,2.819963,1.488907,0.251791,3.006126,2.074949,-0.333687,2.997100,1.555480,0.144457,3.246867,0.788667,-0.279670,3.260201,0.131875,0.468117,0.246262,0.000513,0.469773,0.243608,-0.004042,0.473612,0.240766,-0.009401,0.478641,0.236891,-0.014335,0.486389,0.233777,-0.018385,0.494151,0.234606,-0.019700,0.502168,0.232802,-0.019308,0.510911,0.235077,-0.016304,0.516997,0.238234,-0.012107,0.521794,0.240509,-0.007268,0.524100,0.242907,-0.002954,0.520860,0.245823,-0.006957,0.516349,0.248493,-0.012168,0.510177,0.251796,-0.016055,0.502946,0.254259,-0.019093,0.495141,0.255129,-0.019361,0.487722,0.255208,-0.018131,0.480877,0.253666,-0.014213,0.475190,0.251069,-0.009858,0.471094,0.248890,-0.003988,0.451275,0.164775,0.016451,0.452707,0.163088,0.013786,0.454539,0.161246,0.011682,0.457658,0.158836,0.009716,0.462567,0.157225,0.008019,0.467435,0.157338,0.007494,0.472560,0.158762,0.008131,0.476260,0.161598,0.009142,0.511378,0.161452,0.007459,0.513038,0.162397,0.007261,0.516125,0.163217,0.005795,0.521062,0.164448,0.004662,0.526317,0.164721,0.004555,0.531648,0.163657,0.005789,0.535130,0.162232,0.007602,0.537503,0.160830,0.009234,0.493115,0.150720,-0.006537,0.492870,0.159776,-0.011692,0.492648,0.168006,-0.017487,0.492389,0.175705,-0.023851,0.000000,0.000000,0.000000,0.000000,0.000000,0.000000,0.000000,0.000000,0.000000,0.000000,0.000000,0.000000,0.000000,0.000000,0.000000,0.000000,0.000000,0.000000,0.000000,0.000000,0.000000,0.000000,0.000000,0.000000,0.000000,0.000000,0.000000,0.000000,0.000000,0.000000,0.000000,0.000000,0.000000,0.000000,0.000000,0.000000,0.000000,0.000000,0.000000,0.000000,0.000000,0.000000,0.000000,0.000000,0.000000,0.000000,0.000000,0.000000,0.000000,0.000000,0.000000,0.000000,0.000000,0.000000,0.000000,0.000000,0.000000,0.000000,0.000000,0.000000,0.000000,0.000000,0.000000,0.000000,0.000000,0.000000,0.000000,0.000000,0.000000,0.000000,0.000000,0.000000,0.000000,0.000000,0.000000,0.000000,0.000000,0.000000,0.000000,0.000000,0.000000,0.000000,0.000000,0.000000,0.000000,0.000000,0.000000,0.000000,0.000000,0.000000,0.000000,0.000000,0.000000,0.000000,0.000000,0.000000,0.000000,0.000000,0.000000,0.000000,0.000000,0.000000,0.000000,0.000000,0.000000,0.000000,0.000000,0.000000,0.000000,0.000000,0.000000,0.000000,0.000000,0.000000,0.000000,0.000000,0.000000,0.000000,0.000000,0.000000,0.000000,0.000000,0.000000,0.000000,0.000000,0.000000
-0.041625,-2.664678,-2.893229,0.026068,-2.794647,-2.723328,0.067064,-2.790344,-2.724416,0.097177,-2.783527,-2.725437,-0.097098,-2.796202,-2.766294,-0.135666,-2.790076,-2.766753,-0.176245,-2.781378,-2.768280,0.157154,-2.705563,-1.663064,-0.213301,-2.707246,-1.781916,0.043224,-2.512381,-2.496453,-0.118837,-2.508010,-2.536201,0.485290,-1.825987,-0.923320,-0.504947,-1.798462,-1.038313,0.709332,-0.847833,-1.609781,-0.680932,-0.742341,-0.763953,0.697436,-0.740690,-4.022501,-0.786849,0.148588,-1.799796,0.726520,-0.658850,-4.481911,-0.893757,0.452220,-2.061011,0.742431,-0.848188,-4.585857,-0.799136,0.484161,-2.356293,0.696578,-0.867266,-4.125213,-0.734400,0.328218,-1.937122,0.321400,0.010139,-0.018274,-0.321400,-0.010139,0.018274,0.309122,1.571666,0.511302,-0.362358,1.562842,0.331963,0.318900,2.863397,2.276024,-0.312539,2.879538,1.678115,0.334917,3.054797,2.375640,-0.308032,3.063358,1.760237,0.238076,3.298461,1.029571,-0.219488,3.336596,0.275531,0.464956,0.242111,0.000181,0.466598,0.239369,-0.004289,0.470454,0.236384,-0.009663,0.475504,0.232397,-0.014641,0.483371,0.229138,-0.018710,0.491242,0.229870,-0.020074,0.499390,0.227988,-0.019759,0.508306,0.230235,-0.016855,0.514468,0.233395,-0.012701,0.519345,0.235731,-0.007916,0.521695,0.238205,-0.003729,0.518362,0.241184,-0.007752,0.513712,0.243862,-0.013060,0.507390,0.247097,-0.017021,0.500051,0.249504,-0.020157,0.492182,0.250404,-0.020407,0.484737,0.250581,-0.019057,0.477859,0.249229,-0.014924,0.472113,0.246816,-0.010429,0.467973,0.244731,-0.004423,0.449076,0.161708,0.017461,0.450453,0.160020,0.014865,0.452223,0.158135,0.012811,0.455263,0.155695,0.010880,0.460090,0.154046,0.009210,0.464909,0.154134,0.008663,0.469986,0.155536,0.009242,0.473667,0.158335,0.010169,0.508218,0.157766,0.008059,0.509848,0.158657,0.007833,0.512881,0.159397,0.006343,0.517743,0.160502,0.005152,0.522934,0.160671,0.004984,0.528205,0.159576,0.006159,0.531655,0.158154,0.007929,0.534018,0.156764,0.009526,0.490138,0.147428,-0.005562,0.489885,0.156194,-0.010879,0.489644,0.164249,-0.016780,0.489379,0.171807,-0.023266,0.000000,0.000000,0.000000,0.000000,0.000000,0.000000,0.000000,0.000000,0.000000,0.000000,0.000000,0.000000,0.000000,0.000000,0.000000,0.000000,0.000000,0.000000,0.000000,0.000000,0.000000,0.000000,0.000000,0.000000,0.000000,0.000000,0.000000,0.000000,0.000000,0.000000,0.000000,0.000000,0.000000,0.000000,0.000000,0.000000,0.000000,0.000000,0.000000,0.000000,0.000000,0.000000,0.000000,0.000000,0.000000,0.000000,0.000000,0.000000,0.000000,0.000000,0.000000,0.000000,0.000000,0.000000,0.000000,0.000000,0.000000,0.000000,0.000000,0.000000,0.000000,0.000000,0.000000,0.000000,0.000000,0.000000,0.000000,0.000000,0.000000,0.000000,0.000000,0.000000,0.000000,0.000000,0.000000,0.000000,0.000000,0.000000,0.000000,0.000000,0.000000,0.000000,0.000000,0.000000,0.000000,0.000000,0.000000,0.000000,0.000000,0.000000,0.000000,0.000000,0.000000,0.000000,0.000000,0.000000,0.000000,0.000000,0.000000,0.000000,0.000000,0.000000,0.000000,0.000000,0.000000,0.000000,0.000000,0.000000,0.000000,0.000000,0.000000,0.000000,0.000000,0.000000,0.000000,0.000000,0.000000,0.000000,0.000000,0.000000,0.000000,0.000000,0.000000,0.000000,0.000000,0.000000
-0.042582,-2.509081,-2.256171,0.021289,-2.638825,-2.133875,0.060168,-2.635804,-2.134145,0.088691,-2.631458,-2.133496,-0.096557,-2.638216,-2.126586,-0.132946,-2.632990,-2.126287,-0.170409,-2.624841,-2.127906,0.145571,-2.560811,-1.208896,-0.206654,-2.552011,-1.166381,0.037818,-2.366491,-1.910696,-0.113875,-2.359084,-1.898069,0.473346,-1.827217,-0.641196,-0.488643,-1.706475,-0.396506,0.770677,-0.781308,-1.465524,-0.656628,-0.658738,0.075468,0.538795,-1.290588,-3.427515,-0.756214,0.210501,-0.608210,0.506011,-1.488222,-3.811527,-0.843926,0.503099,-0.731903,0.480690,-1.582274,-3.718127,-0.766548,0.527060,-1.007827,0.459380,-1.514642,-3.422298,-0.712127,0.382737,-0.722533,0.308552,-0.004066,-0.045026,-0.308552,0.004066,0.045026,0.287083,1.455509,0.496646,-0.387951,1.409933,0.414857,0.242105,2.700573,2.080480,-0.367132,2.660304,1.629058,0.249548,2.871124,2.186204,-0.380188,2.823873,1.716103,0.160893,3.130028,1.022344,-0.237427,3.097507,0.404337,0.465503,0.241512,-0.000880,0.467123,0.238649,-0.005277,0.470940,0.235481,-0.010482,0.475955,0.231282,-0.015272,0.483737,0.227875,-0.019185,0.491516,0.228603,-0.020467,0.499494,0.226766,-0.019992,0.508174,0.229184,-0.017035,0.514135,0.232589,-0.012913,0.518791,0.235147,-0.008184,0.521006,0.237748,-0.004007,0.517829,0.240489,-0.008097,0.513406,0.242956,-0.013312,0.507316,0.246089,-0.017213,0.500144,0.248445,-0.020306,0.492419,0.249339,-0.020633,0.485035,0.249509,-0.019460,0.478195,0.248176,-0.015582,0.472506,0.245833,-0.011263,0.468438,0.243922,-0.005438,0.448886,0.161096,0.017202,0.450312,0.159380,0.014607,0.452109,0.157506,0.012557,0.455168,0.155059,0.010649,0.460006,0.153380,0.009008,0.464818,0.153436,0.008531,0.469912,0.154781,0.009194,0.473601,0.157539,0.010156,0.508404,0.157303,0.008624,0.510068,0.158219,0.008409,0.513129,0.158997,0.006931,0.518000,0.160170,0.005795,0.523187,0.160416,0.005690,0.528430,0.159405,0.006954,0.531850,0.158065,0.008788,0.534154,0.156777,0.010448,0.490345,0.146648,-0.005346,0.490147,0.155198,-0.010730,0.489961,0.163104,-0.016699,0.489760,0.170536,-0.023264,0.000000,0.000000,0.000000,0.000000,0.000000,0.000000,0.000000,0.000000,0.000000,0.000000,0.000000,0.000000,0.000000,0.000000,0.000000,0.000000,0.000000,0.000000,0.000000,0.000000,0.000000,0.000000,0.000000,0.000000,0.000000,0.000000,0.000000,0.000000,0.000000,0.000000,0.000000,0.000000,0.000000,0.000000,0.000000,0.000000,0.000000,0.000000,0.000000,0.000000,0.000000,0.000000,0.000000,0.000000,0.000000,0.000000,0.000000,0.000000,0.000000,0.000000,0.000000,0.000000,0.000000,0.000000,0.000000,0.000000,0.000000,0.000000,0.000000,0.000000,0.000000,0.000000,0.000000,0.667338,0.600403,0.000000,0.641103,0.589656,-0.015879,0.623697,0.568986,-0.025903,0.639599,0.556970,-0.033541,0.660925,0.547732,-0.042036,0.628789,0.497473,-0.022853,0.617886,0.450691,-0.032596,0.612256,0.420027,-0.039654,0.607375,0.391080,-0.046207,0.654018,0.487843,-0.025990,0.651796,0.434781,-0.033312,0.652114,0.398415,-0.040907,0.652526,0.365602,-0.047535,0.676093,0.496633,-0.030516,0.684053,0.456329,-0.043783,0.689027,0.422968,-0.056550,0.694015,0.393583,-0.066536,0.696201,0.517517,-0.035657,0.687904,0.514496,-0.052726,0.675783,0.535006,-0.058762,0.666521,0.554210,-0.062848
-0.055438,-2.556395,-2.143217,0.011593,-2.688629,-2.012352,0.052729,-2.685438,-2.012705,0.085371,-2.681689,-2.011996,-0.106008,-2.686723,-2.016039,-0.142964,-2.680707,-2.015740,-0.181948,-2.672815,-2.017437,0.143846,-2.608383,-1.095541,-0.210013,-2.599808,-1.097248,0.030359,-2.412055,-1.804644,-0.123120,-2.403744,-1.804483,0.478359,-1.837848,-0.563728,-0.499267,-1.737956,-0.378609,0.802316,-0.815095,-1.252633,-0.666745,-0.670335,0.088710,0.527480,-1.165812,-3.192310,-0.770719,0.227591,-0.680996,0.474923,-1.317986,-3.582848,-0.847716,0.523594,-0.827476,0.453038,-1.422414,-3.504687,-0.785515,0.561464,-1.108397,0.444928,-1.375328,-3.192385,-0.738864,0.356699,-0.798391,0.314320,-0.004858,-0.035084,-0.314320,0.004858,0.035084,0.304075,1.473588,0.554998,-0.377319,1.432149,0.401151,0.281774,2.738460,2.140880,-0.337679,2.706797,1.601566,0.289925,2.913995,2.243874,-0.345068,2.875714,1.686279,0.209506,3.180048,1.099748,-0.213672,3.149499,0.392898,0.463035,0.242097,0.000336,0.464477,0.239252,-0.004090,0.468041,0.236166,-0.009473,0.472756,0.232060,-0.014488,0.480254,0.228671,-0.018683,0.487916,0.229303,-0.020244,0.495963,0.227375,-0.020093,0.504902,0.229618,-0.017432,0.511139,0.232783,-0.013517,0.516107,0.235121,-0.008949,0.518551,0.237648,-0.004885,0.515287,0.240596,-0.008782,0.510673,0.243281,-0.013845,0.504398,0.246592,-0.017606,0.497084,0.249107,-0.020427,0.489252,0.250124,-0.020463,0.481981,0.250344,-0.018978,0.475315,0.249040,-0.014810,0.469830,0.246663,-0.010328,0.465914,0.244639,-0.004318,0.446343,0.162314,0.018659,0.447679,0.160605,0.016010,0.449392,0.158710,0.013913,0.452372,0.156252,0.011947,0.457151,0.154534,0.010148,0.461959,0.154554,0.009485,0.467012,0.155857,0.009929,0.470670,0.158568,0.010809,0.505011,0.157391,0.007706,0.506695,0.158286,0.007445,0.509770,0.158992,0.005899,0.514668,0.160021,0.004603,0.519888,0.160092,0.004326,0.525162,0.158866,0.005401,0.528626,0.157350,0.007097,0.530992,0.155880,0.008679,0.486435,0.147045,-0.005230,0.486133,0.156015,-0.010570,0.485828,0.164015,-0.016506,0.485495,0.171511,-0.023012,0.000000,0.000000,0.000000,0.000000,0.000000,0.000000,0.000000,0.000000,0.000000,0.000000,0.000000,0.000000,0.000000,0.000000,0.000000,0.000000,0.000000,0.000000,0.000000,0.000000,0.000000,0.000000,0.000000,0.000000,0.000000,0.000000,0.000000,0.000000,0.000000,0.000000,0.000000,0.000000,0.000000,0.000000,0.000000,0.000000,0.000000,0.000000,0.000000,0.000000,0.000000,0.000000,0.000000,0.000000,0.000000,0.000000,0.000000,0.000000,0.000000,0.000000,0.000000,0.000000,0.000000,0.000000,0.000000,0.000000,0.000000,0.000000,0.000000,0.000000,0.000000,0.000000,0.000000,0.659121,0.643985,0.000000,0.630776,0.634168,-0.017462,0.609618,0.615171,-0.028426,0.624951,0.603617,-0.036704,0.651442,0.593498,-0.046132,0.613049,0.545923,-0.027553,0.601619,0.495794,-0.038462,0.594855,0.463483,-0.045638,0.589669,0.433675,-0.052255,0.637242,0.534049,-0.030354,0.632705,0.479973,-0.038403,0.631526,0.442456,-0.046503,0.631338,0.408985,-0.053931,0.659083,0.539577,-0.034556,0.665697,0.497741,-0.048441,0.669404,0.463200,-0.063184,0.673252,0.431762,-0.075193,0.678550,0.556346,-0.039512,0.670067,0.560811,-0.058196,0.661463,0.584724,-0.067078,0.654905,0.604203,-0.073733
-0.056435,-2.564490,-2.176439,0.011479,-2.695467,-2.046232,0.052056,-2.692337,-2.046628,0.084675,-2.688477,-2.045934,-0.106689,-2.693256,-2.048934,-0.143652,-2.686791,-2.048574,-0.182421,-2.679056,-2.050261,0.143344,-2.614144,-1.129423,-0.210561,-2.606222,-1.127344,0.029796,-2.419971,-1.838558,-0.124050,-2.411721,-1.837453,0.477818,-1.836620,-0.582735,-0.500825,-1.742325,-0.401343,0.805514,-0.814085,-1.220411,-0.669037,-0.669549,0.074227,0.539706,-1.180091,-3.082955,-0.771980,0.238566,-0.664387,0.490624,-1.345544,-3.460058,-0.841120,0.529844,-0.796426,0.466903,-1.447746,-3.379891,-0.786866,0.576393,-1.083961,0.456846,-1.396628,-3.080685,-0.740950,0.359124,-0.782847,0.314434,-0.005296,-0.033467,-0.314434,0.005296,0.033467,0.304432,1.469750,0.548672,-0.376178,1.433155,0.418077,0.279558,2.737164,2.155042,-0.338018,2.708982,1.644459,0.287763,2.912560,2.259580,-0.346543,2.879073,1.733142,0.207624,3.179511,1.112162,-0.210988,3.149832,0.430448,0.466118,0.242251,0.000279,0.467642,0.239395,-0.004211,0.471253,0.236373,-0.009529,0.475997,0.232340,-0.014457,0.483528,0.229058,-0.018534,0.491213,0.229743,-0.019968,0.499212,0.227810,-0.019673,0.508001,0.229989,-0.016851,0.514076,0.233106,-0.012811,0.518901,0.235434,-0.008136,0.521272,0.237962,-0.003946,0.518098,0.240964,-0.007857,0.513639,0.243774,-0.012888,0.507504,0.247254,-0.016637,0.500277,0.249901,-0.019514,0.492444,0.250953,-0.019659,0.485099,0.251101,-0.018320,0.478387,0.249631,-0.014368,0.472881,0.247046,-0.010056,0.468968,0.244869,-0.004252,0.449035,0.161446,0.017414,0.450376,0.159714,0.014800,0.452094,0.157797,0.012704,0.455078,0.155281,0.010764,0.459901,0.153542,0.009039,0.464743,0.153587,0.008460,0.469828,0.155022,0.009005,0.473509,0.157890,0.009936,0.507952,0.157154,0.007607,0.509606,0.158054,0.007376,0.512679,0.158786,0.005886,0.517592,0.159885,0.004676,0.522799,0.160026,0.004491,0.528075,0.158868,0.005653,0.531525,0.157387,0.007414,0.533881,0.155954,0.009009,0.489605,0.146969,-0.005831,0.489364,0.155982,-0.011077,0.489132,0.164108,-0.016936,0.488868,0.171704,-0.023361,0.000000,0.000000,0.000000,0.000000,0.000000,0.000000,0.000000,0.000000,0.000000,0.000000,0.000000,0.000000,0.000000,0.000000,0.000000,0.000000,0.000000,0.000000,0.000000,0.000000,0.000000,0.000000,0.000000,0.000000,0.000000,0.000000,0.000000,0.000000,0.000000,0.000000,0.000000,0.000000,0.000000,0.000000,0.000000,0.000000,0.000000,0.000000,0.000000,0.000000,0.000000,0.000000,0.000000,0.000000,0.000000,0.000000,0.000000,0.000000,0.000000,0.000000,0.000000,0.000000,0.000000,0.000000,0.000000,0.000000,0.000000,0.000000,0.000000,0.000000,0.000000,0.000000,0.000000,0.667700,0.634226,0.000000,0.640773,0.625037,-0.016268,0.620836,0.603229,-0.026183,0.634620,0.587922,-0.034379,0.658588,0.577834,-0.043403,0.627961,0.531785,-0.020497,0.617174,0.487440,-0.030654,0.612148,0.458686,-0.038439,0.607541,0.431960,-0.045387,0.650687,0.523247,-0.023168,0.648142,0.472995,-0.030082,0.649034,0.439624,-0.037261,0.649413,0.409649,-0.043889,0.670632,0.530809,-0.027737,0.674457,0.493219,-0.039181,0.674972,0.466070,-0.050564,0.675555,0.440956,-0.059775,0.689039,0.548345,-0.033463,0.683234,0.541452,-0.048032,0.676704,0.556387,-0.054157,0.671282,0.568575,-0.058804
-0.050660,-2.630137,-3.362397,0.018361,-2.762954,-3.203117,0.059760,-2.759928,-3.204272,0.091947,-2.755857,-3.204911,-0.102136,-2.760142,-3.225806,-0.140445,-2.753043,-3.226778,-0.180013,-2.745128,-3.228808,0.151855,-2.680183,-2.116537,-0.207764,-2.672381,-2.202462,0.037178,-2.482510,-2.951985,-0.120101,-2.475079,-2.975793,0.485485,-1.792261,-1.300188,-0.500250,-1.771871,-1.465952,0.699623,-0.743251,-0.944674,-0.679913,-0.708365,-1.214533,0.741220,0.030598,-2.022050,-0.762444,0.216745,-2.264860,0.856365,0.401513,-2.295064,-0.843998,0.514984,-2.548451,0.762330,0.311778,-2.586719,-0.793729,0.474376,-2.876329,0.708407,0.163034,-2.169464,-0.743943,0.373347,-2.418091,0.316834,0.007180,-0.019743,-0.316834,-0.007180,0.019743,0.297831,1.579796,0.327874,-0.367281,1.570348,0.265210,0.300101,2.869865,1.947713,-0.327455,2.898601,1.449476,0.312399,3.069096,2.029049,-0.324728,3.092403,1.508185,0.219548,3.294409,0.730696,-0.250361,3.339036,0.067058,0.465343,0.245927,0.001585,0.466920,0.243131,-0.003066,0.470586,0.240160,-0.008533,0.475393,0.236147,-0.013603,0.482915,0.232859,-0.017836,0.490533,0.233566,-0.019327,0.498413,0.231609,-0.019108,0.507096,0.233755,-0.016257,0.513177,0.236850,-0.012189,0.518028,0.239107,-0.007469,0.520425,0.241619,-0.003183,0.517315,0.244659,-0.006955,0.512882,0.247531,-0.011893,0.506772,0.251089,-0.015549,0.499561,0.253780,-0.018264,0.491751,0.254807,-0.018337,0.484309,0.254932,-0.016988,0.477560,0.253348,-0.013038,0.472061,0.250701,-0.008726,0.468170,0.248512,-0.002927,0.448147,0.163888,0.016945,0.449510,0.162282,0.014241,0.451296,0.160485,0.012102,0.454361,0.158146,0.010067,0.459211,0.156530,0.008253,0.464066,0.156576,0.007601,0.469155,0.157860,0.008139,0.472811,0.160535,0.009119,0.507444,0.159670,0.006382,0.509111,0.160564,0.006151,0.512175,0.161326,0.004653,0.517091,0.162480,0.003433,0.522317,0.162648,0.003219,0.527615,0.161466,0.004313,0.531085,0.159965,0.006003,0.533473,0.158519,0.007551,0.489041,0.149437,-0.006958,0.488777,0.158607,-0.011966,0.488517,0.166772,-0.017630,0.488239,0.174376,-0.023857,0.000000,0.000000,0.000000,0.000000,0.000000,0.000000,0.000000,0.000000,0.000000,0.000000,0.000000,0.000000,0.000000,0.000000,0.000000,0.000000,0.000000,0.000000,0.000000,0.000000,0.000000,0.000000,0.000000,0.000000,0.000000,0.000000,0.000000,0.000000,0.000000,0.000000,0.000000,0.000000,0.000000,0.000000,0.000000,0.000000,0.000000,0.000000,0.000000,0.000000,0.000000,0.000000,0.000000,0.000000,0.000000,0.000000,0.000000,0.000000,0.000000,0.000000,0.000000,0.000000,0.000000,0.000000,0.000000,0.000000,0.000000,0.000000,0.000000,0.000000,0.000000,0.000000,0.000000,0.000000,0.000000,0.000000,0.000000,0.000000,0.000000,0.000000,0.000000,0.000000,0.000000,0.000000,0.000000,0.000000,0.000000,0.000000,0.000000,0.000000,0.000000,0.000000,0.000000,0.000000,0.000000,0.000000,0.000000,0.000000,0.000000,0.000000,0.000000,0.000000,0.000000,0.000000,0.000000,0.000000,0.000000,0.000000,0.000000,0.000000,0.000000,0.000000,0.000000,0.000000,0.000000,0.000000,0.000000,0.000000,0.000000,0.000000,0.000000,0.000000,0.000000,0.000000,0.000000,0.000000,0.000000,0.000000,0.000000,0.000000,0.000000,0.000000,0.000000,0.000000,0.000000,0.000000
-0.053642,-2.662338,-3.310828,0.013935,-2.794689,-3.165020,0.055037,-2.791120,-3.165861,0.086008,-2.785445,-3.166586,-0.108015,-2.793718,-3.184127,-0.145919,-2.786913,-3.184616,-0.185715,-2.778483,-3.186354,0.146254,-2.708460,-2.095781,-0.218105,-2.705123,-2.156254,0.031587,-2.514050,-2.904226,-0.128365,-2.506456,-2.920494,0.480645,-1.816224,-1.299674,-0.514427,-1.797245,-1.396692,0.662960,-0.774907,-0.767063,-0.698943,-0.757383,-1.107708,0.758265,0.185967,-1.572790,-0.777327,0.204187,-2.153463,0.831798,0.493005,-1.806521,-0.875190,0.498886,-2.417941,0.744639,0.496574,-2.084617,-0.771572,0.517891,-2.754532,0.693271,0.350720,-1.708718,-0.734058,0.361563,-2.307275,0.323652,0.004473,-0.118626,-0.323652,-0.004473,0.118626,0.283797,1.587458,0.285567,-0.370444,1.569225,0.417639,0.278385,2.909819,2.055194,-0.334145,2.908034,1.757836,0.291944,3.102504,2.152268,-0.325736,3.098102,1.842111,0.182293,3.346973,0.802380,-0.264534,3.353735,0.354205,0.468051,0.244926,0.002057,0.469809,0.242336,-0.002752,0.473683,0.239802,-0.008244,0.478707,0.236329,-0.013300,0.486473,0.233625,-0.017391,0.494259,0.234628,-0.018639,0.502283,0.232847,-0.018200,0.510933,0.234888,-0.015034,0.516937,0.237772,-0.010608,0.521706,0.239838,-0.005549,0.524068,0.242195,-0.000955,0.520907,0.245476,-0.004761,0.516461,0.248624,-0.009809,0.510339,0.252314,-0.013618,0.503077,0.254990,-0.016637,0.495113,0.255901,-0.016937,0.487527,0.255728,-0.015772,0.480658,0.253803,-0.011983,0.475004,0.250677,-0.007787,0.470963,0.247961,-0.002191,0.451631,0.162549,0.014528,0.453015,0.160985,0.011874,0.454814,0.159219,0.009756,0.457913,0.156903,0.007784,0.462881,0.155419,0.006102,0.467841,0.155659,0.005608,0.473000,0.157364,0.006328,0.476722,0.160428,0.007399,0.511267,0.161012,0.006139,0.512843,0.161897,0.005978,0.515892,0.162707,0.004596,0.520829,0.163957,0.003524,0.526068,0.164247,0.003482,0.531402,0.163185,0.004733,0.534917,0.161724,0.006530,0.537323,0.160266,0.008129,0.493531,0.151202,-0.008280,0.493271,0.160501,-0.013085,0.493035,0.168927,-0.018593,0.492775,0.176779,-0.024636,0.000000,0.000000,0.000000,0.000000,0.000000,0.000000,0.000000,0.000000,0.000000,0.000000,0.000000,0.000000,0.000000,0.000000,0.000000,0.000000,0.000000,0.000000,0.000000,0.000000,0.000000,0.000000,0.000000,0.000000,0.000000,0.000000,0.000000,0.000000,0.000000,0.000000,0.000000,0.000000,0.000000,0.000000,0.000000,0.000000,0.000000,0.000000,0.000000,0.000000,0.000000,0.000000,0.000000,0.000000,0.000000,0.000000,0.000000,0.000000,0.000000,0.000000,0.000000,0.000000,0.000000,0.000000,0.000000,0.000000,0.000000,0.000000,0.000000,0.000000,0.000000,0.000000,0.000000,0.000000,0.000000,0.000000,0.000000,0.000000,0.000000,0.000000,0.000000,0.000000,0.000000,0.000000,0.000000,0.000000,0.000000,0.000000,0.000000,0.000000,0.000000,0.000000,0.000000,0.000000,0.000000,0.000000,0.000000,0.000000,0.000000,0.000000,0.000000,0.000000,0.000000,0.000000,0.000000,0.000000,0.000000,0.000000,0.000000,0.000000,0.000000,0.000000,0.000000,0.000000,0.000000,0.000000,0.000000,0.000000,0.000000,0.000000,0.000000,0.000000,0.000000,0.000000,0.000000,0.000000,0.000000,0.000000,0.000000,0.000000,0.000000,0.000000,0.000000,0.000000,0.000000,0.000000
-0.050294,-2.620770,-3.270886,0.015987,-2.751806,-3.122384,0.055146,-2.748061,-3.123256,0.084946,-2.741701,-3.123956,-0.105722,-2.751113,-3.150897,-0.143140,-2.744308,-3.151544,-0.181928,-2.735746,-3.153268,0.144923,-2.665284,-2.058208,-0.217353,-2.662818,-2.166162,0.031321,-2.474177,-2.865461,-0.127302,-2.465795,-2.896166,0.473726,-1.787121,-1.239725,-0.508327,-1.771410,-1.427675,0.657071,-0.777457,-0.677244,-0.689587,-0.749769,-1.131250,0.751298,0.164954,-1.469418,-0.768176,0.181494,-2.130275,0.824878,0.468724,-1.675649,-0.867786,0.464904,-2.387740,0.739416,0.470934,-1.975164,-0.763733,0.507746,-2.712670,0.687045,0.321002,-1.612493,-0.727656,0.335734,-2.279608,0.319942,0.004801,-0.092372,-0.319942,-0.004801,0.092372,0.279031,1.557989,0.245060,-0.364429,1.538405,0.237928,0.273262,2.859704,1.855610,-0.323999,2.858835,1.420996,0.287627,3.047190,1.934578,-0.315510,3.044332,1.485909,0.176302,3.292260,0.621217,-0.253339,3.293533,0.034820,0.469589,0.246333,0.002762,0.471461,0.243754,-0.002079,0.475413,0.241308,-0.007534,0.480456,0.237898,-0.012522,0.488106,0.235261,-0.016555,0.495751,0.236329,-0.017694,0.503496,0.234488,-0.017200,0.511794,0.236423,-0.013929,0.517567,0.239240,-0.009457,0.522161,0.241238,-0.004372,0.524473,0.243595,0.000313,0.521504,0.246910,-0.003386,0.517312,0.250136,-0.008295,0.511494,0.253984,-0.012012,0.504481,0.256803,-0.015039,0.496675,0.257774,-0.015409,0.489101,0.257585,-0.014383,0.482241,0.255520,-0.010755,0.476578,0.252241,-0.006706,0.472514,0.249418,-0.001300,0.452944,0.162501,0.013040,0.454315,0.160908,0.010421,0.456093,0.159087,0.008356,0.459161,0.156683,0.006386,0.464092,0.155147,0.004757,0.469004,0.155386,0.004316,0.474101,0.157185,0.005097,0.477781,0.160382,0.006192,0.511975,0.161059,0.005292,0.513521,0.161949,0.005145,0.516541,0.162744,0.003830,0.521423,0.164005,0.002838,0.526574,0.164296,0.002846,0.531805,0.163234,0.004087,0.535244,0.161773,0.005857,0.537609,0.160328,0.007404,0.494584,0.151613,-0.009268,0.494454,0.160902,-0.013797,0.494335,0.169422,-0.019033,0.494180,0.177363,-0.024792,0.000000,0.000000,0.000000,0.000000,0.000000,0.000000,0.000000,0.000000,0.000000,0.000000,0.000000,0.000000,0.000000,0.000000,0.000000,0.000000,0.000000,0.000000,0.000000,0.000000,0.000000,0.000000,0.000000,0.000000,0.000000,0.000000,0.000000,0.000000,0.000000,0.000000,0.000000,0.000000,0.000000,0.000000,0.000000,0.000000,0.000000,0.000000,0.000000,0.000000,0.000000,0.000000,0.000000,0.000000,0.000000,0.000000,0.000000,0.000000,0.000000,0.000000,0.000000,0.000000,0.000000,0.000000,0.000000,0.000000,0.000000,0.000000,0.000000,0.000000,0.000000,0.000000,0.000000,0.000000,0.000000,0.000000,0.000000,0.000000,0.000000,0.000000,0.000000,0.000000,0.000000,0.000000,0.000000,0.000000,0.000000,0.000000,0.000000,0.000000,0.000000,0.000000,0.000000,0.000000,0.000000,0.000000,0.000000,0.000000,0.000000,0.000000,0.000000,0.000000,0.000000,0.000000,0.000000,0.000000,0.000000,0.000000,0.000000,0.000000,0.000000,0.000000,0.000000,0.000000,0.000000,0.000000,0.000000,0.000000,0.000000,0.000000,0.000000,0.000000,0.000000,0.000000,0.000000,0.000000,0.000000,0.000000,0.000000,0.000000,0.000000,0.000000,0.000000,0.000000,0.000000,0.000000
