0.043905,-2.550632,-2.329753,0.103977,-2.672487,-2.200211,0.141512,-2.671569,-2.200719,0.176915,-2.668042,-2.201586,-0.023127,-2.668421,-2.217331,-0.064456,-2.664356,-2.216736,-0.104939,-2.657146,-2.218138,0.245464,-2.600721,-1.294571,-0.141404,-2.582548,-1.332267,0.130234,-2.385405,-1.983971,-0.022028,-2.363554,-1.992448,0.549958,-1.750537,-0.581411,-0.367772,-1.842721,-0.967772,0.659431,-0.895199,-0.341267,-0.606724,-0.964854,-0.877228,0.785250,-0.132931,-1.210280,-0.727524,0.003325,-1.786421,0.872722,0.092727,-1.430438,-0.788341,0.267353,-2.046753,0.809026,0.113225,-1.625050,-0.695471,0.287453,-2.287940,0.752211,0.026509,-1.333656,-0.654828,0.192261,-1.915386,0.313276,0.015422,-0.031308,-0.313276,-0.015422,0.031308,0.286044,1.461299,0.170654,-0.295075,1.438763,0.189463,0.248004,2.724904,1.794722,-0.333553,2.732865,1.348894,0.255906,2.933322,1.878600,-0.369444,2.952869,1.420261,0.166516,3.114842,0.619638,-0.223930,3.126489,-0.038188,0.438620,0.339917,-0.004375,0.440300,0.335476,-0.010101,0.444895,0.329931,-0.016754,0.451251,0.322771,-0.022882,0.461387,0.316487,-0.027832,0.471792,0.316649,-0.029606,0.482382,0.313771,-0.028845,0.494212,0.317342,-0.024975,0.502418,0.322581,-0.019794,0.508744,0.326681,-0.013772,0.511620,0.330554,-0.008412,0.507568,0.334126,-0.014199,0.501846,0.337319,-0.021158,0.493822,0.341739,-0.026206,0.484383,0.345232,-0.029998,0.474348,0.346712,-0.030290,0.464574,0.347632,-0.028853,0.455397,0.346437,-0.024085,0.447833,0.344060,-0.018545,0.442542,0.342423,-0.010844,0.408574,0.228333,0.025372,0.410710,0.225821,0.021800,0.413312,0.223174,0.019046,0.417620,0.219753,0.016422,0.424203,0.217279,0.014252,0.430657,0.217095,0.013537,0.437573,0.218327,0.014431,0.442564,0.221488,0.015729,0.491657,0.218923,0.013872,0.494128,0.220210,0.013502,0.498455,0.221248,0.011386,0.505166,0.222735,0.009825,0.512264,0.222945,0.009717,0.519467,0.221397,0.011513,0.524051,0.219521,0.014158,0.527193,0.217884,0.016466,0.465909,0.203730,-0.005163,0.466017,0.215436,-0.012940,0.466146,0.226265,-0.021420,0.466199,0.236372,-0.030758,0.000000,0.000000,0.000000,0.000000,0.000000,0.000000,0.000000,0.000000,0.000000,0.000000,0.000000,0.000000,0.000000,0.000000,0.000000,0.000000,0.000000,0.000000,0.000000,0.000000,0.000000,0.000000,0.000000,0.000000,0.000000,0.000000,0.000000,0.000000,0.000000,0.000000,0.000000,0.000000,0.000000,0.000000,0.000000,0.000000,0.000000,0.000000,0.000000,0.000000,0.000000,0.000000,0.000000,0.000000,0.000000,0.000000,0.000000,0.000000,0.000000,0.000000,0.000000,0.000000,0.000000,0.000000,0.000000,0.000000,0.000000,0.000000,0.000000,0.000000,0.000000,0.000000,0.000000,0.000000,0.000000,0.000000,0.000000,0.000000,0.000000,0.000000,0.000000,0.000000,0.000000,0.000000,0.000000,0.000000,0.000000,0.000000,0.000000,0.000000,0.000000,0.000000,0.000000,0.000000,0.000000,0.000000,0.000000,0.000000,0.000000,0.000000,0.000000,0.000000,0.000000,0.000000,0.000000,0.000000,0.000000,0.000000,0.000000,0.000000,0.000000,0.000000,0.000000,0.000000,0.000000,0.000000,0.000000,0.000000,0.000000,0.000000,0.000000,0.000000,0.000000,0.000000,0.000000,0.000000,0.000000,0.000000,0.000000,0.000000,0.000000,0.000000,0.000000,0.000000,0.000000,0.000000
0.021188,-2.790890,-2.968711,0.090435,-2.923517,-2.827566,0.138476,-2.922038,-2.827965,0.172079,-2.917917,-2.828524,-0.045263,-2.918012,-2.824813,-0.089789,-2.910424,-2.822863,-0.124607,-2.901570,-2.824080,0.230770,-2.840046,-1.767195,-0.161535,-2.819026,-1.693214,0.112354,-2.624155,-2.564678,-0.055764,-2.613744,-2.545016,0.566983,-1.925106,-1.027777,-0.420495,-1.995200,-1.167768,0.705771,-0.951554,-0.749405,-0.710430,-1.073892,-1.175778,0.857919,-0.005020,-1.647243,-0.905733,-0.135096,-2.429543,0.942356,0.295790,-1.926871,-0.992727,0.145971,-2.740032,0.864498,0.342689,-2.131890,-0.884733,0.183980,-3.035894,0.811656,0.223231,-1.773646,-0.840841,0.078505,-2.586889,0.339175,-0.010303,-0.199368,-0.339175,0.010303,0.199368,0.341588,1.502818,-0.006101,-0.305812,1.537832,1.314350,0.360480,2.843280,1.773634,-0.255375,2.867628,3.417647,0.382726,3.057840,1.868358,-0.262948,3.101549,3.585670,0.252104,3.313648,0.327530,-0.155639,3.277520,1.947827,0.445055,0.335376,-0.001449,0.446865,0.331156,-0.007476,0.451546,0.326193,-0.014467,0.457845,0.319593,-0.020953,0.467765,0.313900,-0.026293,0.477938,0.314299,-0.028240,0.488410,0.311431,-0.027722,0.500150,0.314725,-0.023925,0.508414,0.319543,-0.018623,0.514868,0.323166,-0.012472,0.517891,0.326803,-0.006920,0.513794,0.330504,-0.012397,0.508016,0.333927,-0.019160,0.499949,0.338657,-0.024089,0.490413,0.342397,-0.027688,0.480219,0.343887,-0.027822,0.470425,0.344619,-0.026195,0.461355,0.343038,-0.021210,0.453987,0.340173,-0.015591,0.448841,0.338130,-0.007823,0.417914,0.223938,0.024766,0.419940,0.221642,0.021127,0.422477,0.219181,0.018276,0.426671,0.215959,0.015547,0.433145,0.213539,0.013187,0.439535,0.213301,0.012365,0.446309,0.214370,0.013195,0.451110,0.217389,0.014486,0.499124,0.214627,0.011442,0.501533,0.215815,0.011073,0.505764,0.216821,0.008975,0.512419,0.218297,0.007388,0.519452,0.218435,0.007185,0.526567,0.216813,0.008842,0.531134,0.214896,0.011315,0.534248,0.213188,0.013503,0.473366,0.200357,-0.007152,0.473256,0.212164,-0.014488,0.473147,0.222982,-0.022592,0.473003,0.233088,-0.031544,0.000000,0.000000,0.000000,0.000000,0.000000,0.000000,0.000000,0.000000,0.000000,0.000000,0.000000,0.000000,0.000000,0.000000,0.000000,0.000000,0.000000,0.000000,0.000000,0.000000,0.000000,0.000000,0.000000,0.000000,0.000000,0.000000,0.000000,0.000000,0.000000,0.000000,0.000000,0.000000,0.000000,0.000000,0.000000,0.000000,0.000000,0.000000,0.000000,0.000000,0.000000,0.000000,0.000000,0.000000,0.000000,0.000000,0.000000,0.000000,0.000000,0.000000,0.000000,0.000000,0.000000,0.000000,0.000000,0.000000,0.000000,0.000000,0.000000,0.000000,0.000000,0.000000,0.000000,0.000000,0.000000,0.000000,0.000000,0.000000,0.000000,0.000000,0.000000,0.000000,0.000000,0.000000,0.000000,0.000000,0.000000,0.000000,0.000000,0.000000,0.000000,0.000000,0.000000,0.000000,0.000000,0.000000,0.000000,0.000000,0.000000,0.000000,0.000000,0.000000,0.000000,0.000000,0.000000,0.000000,0.000000,0.000000,0.000000,0.000000,0.000000,0.000000,0.000000,0.000000,0.000000,0.000000,0.000000,0.000000,0.000000,0.000000,0.000000,0.000000,0.000000,0.000000,0.000000,0.000000,0.000000,0.000000,0.000000,0.000000,0.000000,0.000000,0.000000,0.000000,0.000000,0.000000
-0.027803,-2.700829,-2.585213,0.043300,-2.824711,-2.444406,0.089563,-2.822682,-2.444790,0.122301,-2.818127,-2.445461,-0.085980,-2.823557,-2.446911,-0.129026,-2.817362,-2.445663,-0.160982,-2.808709,-2.446591,0.180060,-2.733634,-1.462572,-0.193632,-2.724069,-1.419683,0.058089,-2.542020,-2.215464,-0.106351,-2.544025,-2.203924,0.513606,-1.852036,-0.872944,-0.475611,-1.866273,-0.980209,0.638235,-0.913540,-0.693288,-0.704639,-0.999780,-0.907542,0.766383,0.018441,-1.572417,-0.860956,-0.144391,-2.134446,0.836037,0.322884,-1.825887,-0.935596,0.092181,-2.443786,0.754081,0.337392,-2.048172,-0.846470,0.113118,-2.721870,0.703964,0.216341,-1.706731,-0.803969,0.021047,-2.284537,0.331113,-0.017401,-0.227861,-0.331113,0.017401,0.227861,0.343244,1.463336,0.076007,-0.290361,1.455077,0.823118,0.357120,2.753167,1.926602,-0.229601,2.719570,2.431732,0.374538,2.971074,2.033905,-0.230724,2.936280,2.557380,0.257043,3.213629,0.638110,-0.146908,3.107265,1.056789,0.450362,0.333188,-0.001289,0.452051,0.328711,-0.007326,0.456492,0.323471,-0.014237,0.462619,0.316609,-0.020668,0.472563,0.310825,-0.026159,0.482660,0.311549,-0.028235,0.493225,0.308977,-0.027806,0.504950,0.313023,-0.024145,0.512930,0.318600,-0.018996,0.519054,0.322920,-0.013059,0.521845,0.327046,-0.007569,0.517792,0.330463,-0.012891,0.512107,0.333732,-0.019295,0.504088,0.338296,-0.023867,0.494509,0.341795,-0.026928,0.484254,0.342972,-0.026851,0.474435,0.343300,-0.025205,0.465520,0.341284,-0.020536,0.458522,0.338044,-0.015129,0.453799,0.335880,-0.007660,0.424713,0.218633,0.024904,0.426941,0.217173,0.021091,0.429755,0.215463,0.018167,0.434185,0.213151,0.015404,0.440581,0.211279,0.012910,0.446712,0.210823,0.011981,0.453311,0.210695,0.012909,0.457807,0.212290,0.014322,0.507690,0.209874,0.010823,0.509963,0.210876,0.010482,0.513962,0.212002,0.008296,0.520357,0.213794,0.006651,0.527260,0.214331,0.006421,0.534556,0.213275,0.007996,0.539387,0.211893,0.010348,0.542807,0.210701,0.012539,0.481149,0.195116,-0.007543,0.480662,0.207260,-0.014810,0.480190,0.218278,-0.022920,0.479720,0.228595,-0.031836,0.000000,0.000000,0.000000,0.000000,0.000000,0.000000,0.000000,0.000000,0.000000,0.000000,0.000000,0.000000,0.000000,0.000000,0.000000,0.000000,0.000000,0.000000,0.000000,0.000000,0.000000,0.000000,0.000000,0.000000,0.000000,0.000000,0.000000,0.000000,0.000000,0.000000,0.000000,0.000000,0.000000,0.000000,0.000000,0.000000,0.000000,0.000000,0.000000,0.000000,0.000000,0.000000,0.000000,0.000000,0.000000,0.000000,0.000000,0.000000,0.000000,0.000000,0.000000,0.000000,0.000000,0.000000,0.000000,0.000000,0.000000,0.000000,0.000000,0.000000,0.000000,0.000000,0.000000,0.000000,0.000000,0.000000,0.000000,0.000000,0.000000,0.000000,0.000000,0.000000,0.000000,0.000000,0.000000,0.000000,0.000000,0.000000,0.000000,0.000000,0.000000,0.000000,0.000000,0.000000,0.000000,0.000000,0.000000,0.000000,0.000000,0.000000,0.000000,0.000000,0.000000,0.000000,0.000000,0.000000,0.000000,0.000000,0.000000,0.000000,0.000000,0.000000,0.000000,0.000000,0.000000,0.000000,0.000000,0.000000,0.000000,0.000000,0.000000,0.000000,0.000000,0.000000,0.000000,0.000000,0.000000,0.000000,0.000000,0.000000,0.000000,0.000000,0.000000,0.000000,0.000000,0.000000
-0.048206,-2.564065,-2.377329,0.021892,-2.686477,-2.237632,0.066471,-2.681897,-2.237628,0.098372,-2.676203,-2.238335,-0.104619,-2.686453,-2.253422,-0.146468,-2.682163,-2.252867,-0.175690,-2.676893,-2.253685,0.154610,-2.591636,-1.338556,-0.207917,-2.588785,-1.358932,0.033512,-2.407847,-2.045475,-0.126571,-2.411217,-2.050753,0.472459,-1.746338,-0.750107,-0.479785,-1.758837,-1.053373,0.630940,-0.884940,-0.510797,-0.687087,-0.941354,-1.054708,0.791436,0.010122,-1.320378,-0.791321,-0.122146,-2.146309,0.875414,0.264311,-1.552574,-0.861717,0.104152,-2.432795,0.791241,0.280267,-1.755847,-0.768764,0.115936,-2.657917,0.739290,0.177530,-1.440665,-0.728185,0.028439,-2.276946,0.318503,-0.002838,-0.118623,-0.318503,0.002838,0.118623,0.274661,1.405154,0.237259,-0.314835,1.437633,0.421458,0.244810,2.647542,1.968364,-0.314951,2.673854,1.715569,0.261516,2.851602,2.069688,-0.323975,2.871617,1.806493,0.137013,3.054515,0.828649,-0.229828,3.078890,0.375468,0.443453,0.331949,0.000765,0.445629,0.327910,-0.005708,0.450887,0.323230,-0.013354,0.457828,0.316974,-0.020431,0.468636,0.311685,-0.026148,0.479558,0.312446,-0.028064,0.490807,0.309554,-0.027620,0.503383,0.312728,-0.023479,0.512188,0.317339,-0.017621,0.519162,0.320772,-0.010881,0.522402,0.324291,-0.004944,0.517752,0.328430,-0.010519,0.511291,0.332240,-0.017878,0.502433,0.337186,-0.023337,0.492153,0.340927,-0.027579,0.481261,0.342249,-0.027832,0.470783,0.342805,-0.026049,0.461119,0.340899,-0.020398,0.453207,0.337634,-0.014194,0.447599,0.335171,-0.005783,0.418713,0.216926,0.024457,0.420752,0.214577,0.020695,0.423339,0.212072,0.017732,0.427685,0.208793,0.014877,0.434435,0.206481,0.012443,0.441083,0.206446,0.011616,0.448114,0.207912,0.012499,0.453098,0.211341,0.013869,0.502558,0.209974,0.010798,0.504944,0.211192,0.010421,0.509257,0.212238,0.008319,0.516096,0.213852,0.006705,0.523346,0.214164,0.006502,0.530749,0.212701,0.008205,0.535550,0.210849,0.010724,0.538833,0.209121,0.012963,0.476327,0.194778,-0.008785,0.475995,0.207002,-0.016153,0.475711,0.218395,-0.024306,0.475396,0.229029,-0.033308,0.000000,0.000000,0.000000,0.000000,0.000000,0.000000,0.000000,0.000000,0.000000,0.000000,0.000000,0.000000,0.000000,0.000000,0.000000,0.000000,0.000000,0.000000,0.000000,0.000000,0.000000,0.000000,0.000000,0.000000,0.000000,0.000000,0.000000,0.000000,0.000000,0.000000,0.000000,0.000000,0.000000,0.000000,0.000000,0.000000,0.000000,0.000000,0.000000,0.000000,0.000000,0.000000,0.000000,0.000000,0.000000,0.000000,0.000000,0.000000,0.000000,0.000000,0.000000,0.000000,0.000000,0.000000,0.000000,0.000000,0.000000,0.000000,0.000000,0.000000,0.000000,0.000000,0.000000,0.000000,0.000000,0.000000,0.000000,0.000000,0.000000,0.000000,0.000000,0.000000,0.000000,0.000000,0.000000,0.000000,0.000000,0.000000,0.000000,0.000000,0.000000,0.000000,0.000000,0.000000,0.000000,0.000000,0.000000,0.000000,0.000000,0.000000,0.000000,0.000000,0.000000,0.000000,0.000000,0.000000,0.000000,0.000000,0.000000,0.000000,0.000000,0.000000,0.000000,0.000000,0.000000,0.000000,0.000000,0.000000,0.000000,0.000000,0.000000,0.000000,0.000000,0.000000,0.000000,0.000000,0.000000,0.000000,0.000000,0.000000,0.000000,0.000000,0.000000,0.000000,0.000000,0.000000
0.027305,-2.583016,-3.119011,0.097856,-2.709312,-2.964883,0.142232,-2.704667,-2.965405,0.173227,-2.698836,-2.965263,-0.032819,-2.709446,-2.946844,-0.076433,-2.705324,-2.946584,-0.109137,-2.699458,-2.947999,0.232073,-2.613436,-1.879893,-0.142362,-2.609478,-1.768538,0.108782,-2.423228,-2.707451,-0.055148,-2.424258,-2.677616,0.547841,-1.747509,-1.112590,-0.416030,-1.776780,-0.850273,0.688093,-0.831239,-1.553696,-0.683847,-0.937170,-1.011497,0.536497,-0.445457,-3.163926,-0.594052,-0.406304,-2.797732,0.462568,-0.355867,-3.550670,-0.526056,-0.209147,-3.185991,0.304508,-0.701962,-3.558130,-0.463604,-0.365395,-3.296907,0.300191,-0.758345,-3.215344,-0.476171,-0.432234,-2.891600,0.325774,0.016880,-0.191372,-0.325774,-0.016880,0.191372,0.240866,1.460123,-0.069013,-0.386883,1.411312,-0.177291,0.176908,2.736923,1.516119,-0.429974,2.741336,0.962289,0.185162,2.951906,1.581891,-0.440111,2.959526,1.024698,0.054992,3.148729,0.034160,-0.370417,3.155583,-0.684832,0.446140,0.330968,-0.000212,0.448144,0.326759,-0.006568,0.453048,0.321870,-0.013898,0.459618,0.315367,-0.020661,0.469957,0.309879,-0.026242,0.480480,0.310610,-0.028219,0.491330,0.307868,-0.027727,0.503424,0.311420,-0.023745,0.511850,0.316407,-0.018191,0.518462,0.320169,-0.011772,0.521539,0.323875,-0.005923,0.517210,0.327679,-0.011426,0.511153,0.331201,-0.018329,0.502732,0.335996,-0.023394,0.492829,0.339659,-0.027139,0.482266,0.340916,-0.027249,0.472149,0.341444,-0.025586,0.462819,0.339519,-0.020433,0.455270,0.336299,-0.014638,0.450004,0.333961,-0.006666,0.419857,0.215415,0.024469,0.421920,0.213105,0.020709,0.424504,0.210637,0.017762,0.428840,0.207410,0.014919,0.435566,0.205105,0.012471,0.442171,0.205059,0.011632,0.449139,0.206472,0.012509,0.454057,0.209840,0.013870,0.503711,0.208492,0.010836,0.506124,0.209755,0.010458,0.510433,0.210860,0.008339,0.517244,0.212548,0.006736,0.524457,0.212888,0.006552,0.531823,0.211433,0.008246,0.536603,0.209562,0.010774,0.539867,0.207839,0.013010,0.477415,0.193465,-0.008553,0.477109,0.205710,-0.015865,0.476831,0.217047,-0.023993,0.476524,0.227667,-0.032954,0.000000,0.000000,0.000000,0.000000,0.000000,0.000000,0.000000,0.000000,0.000000,0.000000,0.000000,0.000000,0.000000,0.000000,0.000000,0.000000,0.000000,0.000000,0.000000,0.000000,0.000000,0.000000,0.000000,0.000000,0.000000,0.000000,0.000000,0.000000,0.000000,0.000000,0.000000,0.000000,0.000000,0.000000,0.000000,0.000000,0.000000,0.000000,0.000000,0.000000,0.000000,0.000000,0.000000,0.000000,0.000000,0.000000,0.000000,0.000000,0.000000,0.000000,0.000000,0.000000,0.000000,0.000000,0.000000,0.000000,0.000000,0.000000,0.000000,0.000000,0.000000,0.000000,0.000000,0.000000,0.000000,0.000000,0.000000,0.000000,0.000000,0.000000,0.000000,0.000000,0.000000,0.000000,0.000000,0.000000,0.000000,0.000000,0.000000,0.000000,0.000000,0.000000,0.000000,0.000000,0.000000,0.000000,0.000000,0.000000,0.000000,0.000000,0.000000,0.000000,0.000000,0.000000,0.000000,0.000000,0.000000,0.000000,0.000000,0.000000,0.000000,0.000000,0.000000,0.000000,0.000000,0.000000,0.000000,0.000000,0.000000,0.000000,0.000000,0.000000,0.000000,0.000000,0.000000,0.000000,0.000000,0.000000,0.000000,0.000000,0.000000,0.000000,0.000000,0.000000,0.000000,0.000000
0.080817,-2.362303,-2.110030,0.145844,-2.491119,-1.944743,0.186658,-2.489213,-1.945108,0.215045,-2.485477,-1.943733,0.018988,-2.488125,-1.926921,-0.023265,-2.482060,-1.925732,-0.061550,-2.475570,-1.926936,0.272525,-2.408053,-0.898759,-0.095964,-2.395139,-0.793625,0.157048,-2.211383,-1.734892,0.004471,-2.205037,-1.710715,0.566810,-1.612687,-0.454639,-0.376494,-1.645571,-0.124750,0.748344,-0.481914,-1.775519,-0.831947,-0.634939,-1.259720,0.222676,-0.980773,-3.915107,-0.377598,-1.134907,-3.446676,0.098156,-1.173052,-4.343017,-0.229011,-1.317090,-3.836213,0.101967,-1.314581,-4.159185,-0.184380,-1.417132,-3.557772,0.116661,-1.271533,-3.881517,-0.201956,-1.350163,-3.379614,0.349438,0.020584,-0.169407,-0.349438,-0.020584,0.169407,0.285455,1.366126,0.045657,-0.378015,1.316230,0.633798,0.257297,2.517103,1.563290,-0.374140,2.480388,2.059262,0.272659,2.676294,1.631854,-0.395434,2.648820,2.164474,0.160487,2.924309,0.156265,-0.298071,2.876682,0.664917,0.451089,0.327890,-0.000443,0.453030,0.323730,-0.006698,0.457813,0.319011,-0.013852,0.464234,0.312709,-0.020447,0.474339,0.307413,-0.025870,0.484624,0.308185,-0.027767,0.495221,0.305496,-0.027196,0.506973,0.308922,-0.023222,0.515153,0.313814,-0.017719,0.521540,0.317473,-0.011378,0.524523,0.321167,-0.005592,0.520342,0.324989,-0.011003,0.514518,0.328604,-0.017777,0.506384,0.333483,-0.022734,0.496745,0.337218,-0.026412,0.486389,0.338550,-0.026592,0.476432,0.338924,-0.025010,0.467308,0.336863,-0.020033,0.459962,0.333456,-0.014428,0.454848,0.330954,-0.006712,0.424484,0.213780,0.023486,0.426553,0.211663,0.019779,0.429164,0.209346,0.016878,0.433469,0.206275,0.014108,0.440061,0.204058,0.011729,0.446532,0.203968,0.010946,0.453368,0.205153,0.011864,0.458162,0.208205,0.013258,0.507179,0.206860,0.010668,0.509530,0.208042,0.010341,0.513728,0.209124,0.008272,0.520355,0.210795,0.006728,0.527402,0.211163,0.006596,0.534626,0.209796,0.008301,0.539325,0.208068,0.010803,0.542553,0.206472,0.013026,0.481349,0.192209,-0.008591,0.481112,0.204335,-0.015760,0.480891,0.215480,-0.023754,0.480645,0.225883,-0.032561,0.303127,0.786937,0.000000,0.372494,0.766601,-0.003931,0.420852,0.727544,-0.013610,0.457377,0.705799,-0.027134,0.489329,0.690114,-0.040656,0.381824,0.604761,-0.003779,0.446481,0.616987,-0.023639,0.482610,0.620304,-0.040547,0.507551,0.615006,-0.052718,0.361670,0.607337,-0.013826,0.427907,0.642297,-0.037198,0.420583,0.682077,-0.046249,0.401812,0.688614,-0.049834,0.345488,0.630244,-0.025359,0.409832,0.673324,-0.046474,0.401473,0.710349,-0.042718,0.384088,0.714403,-0.036681,0.332907,0.663597,-0.038038,0.386643,0.697994,-0.049772,0.384274,0.726474,-0.043994,0.371018,0.733730,-0.037220,0.554316,0.858623,0.000000,0.499409,0.809501,0.004399,0.469391,0.761360,-0.006076,0.449202,0.740242,-0.019679,0.429489,0.745251,-0.035939,0.508668,0.688134,-0.023276,0.496814,0.629709,-0.044389,0.489688,0.587592,-0.058479,0.484577,0.551967,-0.069192,0.526530,0.709945,-0.037724,0.455650,0.700677,-0.059896,0.434466,0.732901,-0.061898,0.433603,0.752969,-0.062461,0.531047,0.750379,-0.051665,0.456154,0.756841,-0.071087,0.450932,0.783109,-0.061216,0.465080,0.795234,-0.052127,0.526992,0.795682,-0.065345,0.464729,0.794198,-0.079720,0.459408,0.811352,-0.072544,0.471067,0.819214,-0.064886
0.090262,-2.364891,-2.188054,0.150620,-2.503183,-2.030553,0.188400,-2.504598,-2.030770,0.215758,-2.504378,-2.029324,0.026959,-2.492224,-2.011401,-0.015972,-2.486440,-2.010532,-0.058036,-2.481141,-2.011755,0.274301,-2.430169,-0.984604,-0.100652,-2.408619,-0.874176,0.170420,-2.216025,-1.808540,0.022051,-2.204771,-1.782859,0.563441,-1.634590,-0.509222,-0.387219,-1.662529,-0.200248,0.743697,-0.479869,-1.805662,-0.903583,-0.650057,-1.324564,0.227760,-1.055686,-3.915852,-0.356513,-1.244007,-3.389114,0.113847,-1.248203,-4.312422,-0.172724,-1.415284,-3.733959,0.118209,-1.382369,-4.096336,-0.133232,-1.523561,-3.488922,0.126836,-1.328042,-3.864725,-0.153610,-1.461046,-3.329678,0.356411,0.016212,-0.157875,-0.356411,-0.016212,0.157875,0.312625,1.396412,0.010176,-0.368871,1.360654,0.613545,0.325901,2.572239,1.481231,-0.295820,2.553081,1.948901,0.343678,2.729612,1.544633,-0.312219,2.715501,2.045826,0.246047,2.987191,0.076450,-0.211966,2.954967,0.540969,0.456612,0.328908,-0.000683,0.458439,0.324703,-0.006899,0.463062,0.319898,-0.013895,0.469315,0.313506,-0.020319,0.479181,0.308147,-0.025636,0.489273,0.308878,-0.027504,0.499678,0.306281,-0.026888,0.511199,0.309867,-0.022944,0.519187,0.314903,-0.017561,0.525392,0.318694,-0.011331,0.528290,0.322456,-0.005543,0.524266,0.326095,-0.010916,0.518629,0.329541,-0.017442,0.510705,0.334301,-0.022198,0.501260,0.337965,-0.025627,0.491102,0.339269,-0.025752,0.481347,0.339624,-0.024291,0.472409,0.337582,-0.019611,0.465221,0.334241,-0.014268,0.460248,0.331846,-0.006840,0.429113,0.214617,0.023013,0.431185,0.212494,0.019318,0.433791,0.210194,0.016417,0.438080,0.207143,0.013653,0.444678,0.204935,0.011274,0.451161,0.204845,0.010512,0.457989,0.206047,0.011452,0.462788,0.209127,0.012866,0.511765,0.207803,0.010457,0.514112,0.208977,0.010134,0.518310,0.210049,0.008086,0.524928,0.211721,0.006571,0.531974,0.212082,0.006466,0.539172,0.210665,0.008189,0.543850,0.208890,0.010690,0.547049,0.207271,0.012914,0.486014,0.193440,-0.008871,0.485801,0.205477,-0.015932,0.485612,0.216575,-0.023823,0.485397,0.226960,-0.032524,0.326039,0.729533,0.000000,0.399655,0.706782,-0.000400,0.448047,0.663602,-0.007706,0.486868,0.636613,-0.019676,0.516977,0.604749,-0.031187,0.403217,0.541682,0.003426,0.466324,0.551025,-0.018396,0.506691,0.552658,-0.035872,0.539462,0.549299,-0.048576,0.384469,0.534727,-0.009643,0.457365,0.572422,-0.034641,0.442664,0.616928,-0.042915,0.421842,0.618957,-0.045579,0.371451,0.550182,-0.024727,0.442067,0.599923,-0.049401,0.424346,0.642670,-0.043762,0.403430,0.639615,-0.035942,0.361781,0.580124,-0.040797,0.419139,0.616620,-0.055910,0.408050,0.645363,-0.049538,0.387299,0.643529,-0.042159,0.558989,0.833311,-0.000000,0.492321,0.783118,0.003810,0.467307,0.737224,-0.007340,0.452630,0.707837,-0.022111,0.444464,0.689835,-0.037691,0.521417,0.638501,-0.016149,0.477753,0.611645,-0.039080,0.457949,0.632324,-0.052945,0.455762,0.650665,-0.060790,0.536734,0.660054,-0.029866,0.466446,0.657040,-0.049054,0.446868,0.694682,-0.053135,0.451287,0.715361,-0.056250,0.541371,0.698665,-0.044163,0.467243,0.702110,-0.062080,0.455655,0.735275,-0.055912,0.467143,0.751158,-0.050950,0.534965,0.743618,-0.058093,0.469470,0.743017,-0.070072,0.461064,0.762042,-0.064648,0.471925,0.771139,-0.059201
0.095598,-2.467144,-2.701581,0.158576,-2.610455,-2.542017,0.195549,-2.612097,-2.542305,0.223962,-2.612324,-2.540791,0.034202,-2.597954,-2.540523,-0.008689,-2.593200,-2.539922,-0.050851,-2.588887,-2.541514,0.284519,-2.538364,-1.426628,-0.093914,-2.519112,-1.393036,0.176002,-2.321186,-2.285375,0.026175,-2.310098,-2.279977,0.584026,-1.707429,-0.772981,-0.390203,-1.754438,-0.647583,0.768630,-0.504784,-1.895573,-0.812581,-0.705408,-1.653995,0.222299,-0.922438,-4.063816,-0.355934,-1.092857,-3.791444,0.102044,-1.132203,-4.478909,-0.176834,-1.267783,-4.176814,0.117390,-1.295171,-4.385987,-0.147155,-1.381591,-4.037438,0.130651,-1.255629,-4.059347,-0.165307,-1.340850,-3.776500,0.362719,0.018247,-0.111673,-0.362719,-0.018247,0.111673,0.311576,1.410715,0.190580,-0.376987,1.362656,0.266109,0.297927,2.599756,1.880420,-0.355315,2.568115,1.624753,0.312763,2.773959,1.961392,-0.378711,2.750372,1.713624,0.201554,3.026963,0.446861,-0.267686,2.979682,0.110190,0.457192,0.327277,-0.001136,0.458987,0.322984,-0.007284,0.463556,0.317947,-0.014300,0.469772,0.311297,-0.020748,0.479614,0.305693,-0.026159,0.489634,0.306338,-0.028201,0.500067,0.303815,-0.027734,0.511697,0.307655,-0.024023,0.519763,0.312924,-0.018849,0.526022,0.316923,-0.012809,0.528916,0.320788,-0.007168,0.524832,0.324279,-0.012525,0.519090,0.327554,-0.019022,0.511033,0.332083,-0.023704,0.501534,0.335545,-0.026994,0.491380,0.336799,-0.026979,0.481704,0.337214,-0.025399,0.472825,0.335348,-0.020578,0.465692,0.332242,-0.015106,0.460786,0.330054,-0.007492,0.430592,0.213692,0.024973,0.432620,0.211461,0.021238,0.435209,0.209091,0.018300,0.439501,0.205991,0.015476,0.446101,0.203772,0.013008,0.452615,0.203700,0.012116,0.459459,0.204949,0.012927,0.464294,0.208077,0.014268,0.513450,0.206397,0.010881,0.515862,0.207642,0.010515,0.520145,0.208710,0.008375,0.526822,0.210336,0.006729,0.533956,0.210683,0.006486,0.541224,0.209229,0.008126,0.545950,0.207363,0.010586,0.549186,0.205616,0.012795,0.487259,0.191791,-0.007910,0.486885,0.203829,-0.015183,0.486542,0.214779,-0.023253,0.486176,0.225013,-0.032141,0.100007,0.244311,-0.000000,0.119507,0.234631,-0.002549,0.133581,0.218908,-0.006733,0.144918,0.208988,-0.011597,0.156010,0.203259,-0.015632,0.121739,0.182227,-0.004172,0.140253,0.188261,-0.011741,0.138968,0.202254,-0.017111,0.133677,0.206752,-0.020632,0.114982,0.186168,-0.007023,0.135478,0.195135,-0.013643,0.134184,0.208009,-0.015894,0.128363,0.210917,-0.017410,0.109448,0.194893,-0.010627,0.129090,0.204257,-0.016256,0.128238,0.215412,-0.014949,0.122873,0.217584,-0.013860,0.105349,0.206304,-0.014685,0.121850,0.213325,-0.017674,0.122136,0.222003,-0.015970,0.118187,0.224241,-0.014513,0.174230,0.272309,-0.000000,0.155264,0.256616,0.001840,0.147429,0.238155,-0.000310,0.143724,0.228915,-0.004019,0.140876,0.224215,-0.008195,0.160331,0.215787,-0.002597,0.158862,0.195094,-0.007969,0.152297,0.185421,-0.011598,0.146697,0.182416,-0.013842,0.165037,0.221134,-0.007151,0.147608,0.217681,-0.012154,0.141788,0.225897,-0.012914,0.142287,0.232687,-0.013256,0.167324,0.232732,-0.011838,0.148649,0.231797,-0.016088,0.146495,0.239953,-0.013576,0.149141,0.245160,-0.011698,0.167714,0.246487,-0.016540,0.152451,0.245386,-0.018620,0.150569,0.251148,-0.015591,0.152748,0.254757,-0.013036
-0.008160,-2.588538,-2.074833,0.055525,-2.704214,-1.948640,0.098026,-2.702829,-1.948992,0.129487,-2.698663,-1.949799,-0.065941,-2.699151,-1.951343,-0.108879,-2.689934,-1.950616,-0.141721,-2.679656,-1.951659,0.187741,-2.616409,-1.112986,-0.173998,-2.599465,-1.063914,0.076338,-2.439718,-1.762369,-0.082161,-2.438903,-1.748885,0.513200,-1.731349,-0.547181,-0.456346,-1.788651,-0.785045,0.654984,-0.916281,-0.430912,-0.611697,-0.963617,-0.628522,0.719073,-0.128298,-1.334940,-0.646165,-0.145406,-1.588383,0.766991,0.113167,-1.590587,-0.679689,0.103504,-1.861934,0.674886,0.094684,-1.751564,-0.582329,0.097275,-2.063089,0.639740,-0.006237,-1.441978,-0.555544,-0.002250,-1.698188,0.319852,0.012491,-0.119422,-0.319852,-0.012491,0.119422,0.254233,1.438170,0.130093,-0.341048,1.440636,0.352504,0.207550,2.699617,1.704619,-0.354197,2.709931,1.393984,0.220882,2.906085,1.796898,-0.363544,2.916632,1.465264,0.079972,3.102057,0.578681,-0.279146,3.122233,0.105933,0.452002,0.325346,-0.001959,0.453910,0.320885,-0.008197,0.458670,0.315693,-0.015292,0.465078,0.308815,-0.021847,0.475163,0.303088,-0.027386,0.485359,0.303873,-0.029490,0.495966,0.301470,-0.028982,0.507717,0.305755,-0.025173,0.515830,0.311447,-0.019910,0.522151,0.315788,-0.013746,0.525076,0.319877,-0.007990,0.520995,0.323299,-0.013596,0.515194,0.326404,-0.020283,0.506991,0.330847,-0.025099,0.497282,0.334247,-0.028492,0.486857,0.335305,-0.028481,0.476936,0.335672,-0.026852,0.467856,0.333625,-0.021909,0.460566,0.330414,-0.016314,0.455583,0.328186,-0.008519,0.425645,0.209056,0.026095,0.427724,0.206661,0.022305,0.430370,0.204149,0.019327,0.434764,0.200888,0.016446,0.441563,0.198599,0.013965,0.448222,0.198624,0.013061,0.455177,0.200145,0.013887,0.460070,0.203578,0.015211,0.510411,0.202469,0.011796,0.512908,0.203824,0.011394,0.517307,0.204981,0.009204,0.524157,0.206726,0.007511,0.531439,0.207142,0.007272,0.538824,0.205731,0.008960,0.543616,0.203869,0.011515,0.546881,0.202133,0.013775,0.483847,0.187189,-0.007472,0.483422,0.199378,-0.015085,0.483026,0.210475,-0.023476,0.482619,0.220843,-0.032746,0.000000,0.000000,0.000000,0.000000,0.000000,0.000000,0.000000,0.000000,0.000000,0.000000,0.000000,0.000000,0.000000,0.000000,0.000000,0.000000,0.000000,0.000000,0.000000,0.000000,0.000000,0.000000,0.000000,0.000000,0.000000,0.000000,0.000000,0.000000,0.000000,0.000000,0.000000,0.000000,0.000000,0.000000,0.000000,0.000000,0.000000,0.000000,0.000000,0.000000,0.000000,0.000000,0.000000,0.000000,0.000000,0.000000,0.000000,0.000000,0.000000,0.000000,0.000000,0.000000,0.000000,0.000000,0.000000,0.000000,0.000000,0.000000,0.000000,0.000000,0.000000,0.000000,0.000000,0.000000,0.000000,0.000000,0.000000,0.000000,0.000000,0.000000,0.000000,0.000000,0.000000,0.000000,0.000000,0.000000,0.000000,0.000000,0.000000,0.000000,0.000000,0.000000,0.000000,0.000000,0.000000,0.000000,0.000000,0.000000,0.000000,0.000000,0.000000,0.000000,0.000000,0.000000,0.000000,0.000000,0.000000,0.000000,0.000000,0.000000,0.000000,0.000000,0.000000,0.000000,0.000000,0.000000,0.000000,0.000000,0.000000,0.000000,0.000000,0.000000,0.000000,0.000000,0.000000,0.000000,0.000000,0.000000,0.000000,0.000000,0.000000,0.000000,0.000000,0.000000,0.000000,0.000000
-0.025987,-2.558899,-2.138741,0.039321,-2.676988,-2.010520,0.083365,-2.675798,-2.010772,0.119820,-2.671961,-2.011602,-0.083006,-2.671635,-2.013098,-0.124728,-2.663030,-2.012418,-0.151836,-2.652961,-2.013435,0.174643,-2.590566,-1.162035,-0.182544,-2.573838,-1.121069,0.058263,-2.412685,-1.821688,-0.100393,-2.411838,-1.807648,0.503607,-1.714273,-0.589898,-0.457483,-1.746333,-0.864223,0.678852,-0.922892,-0.509223,-0.649727,-0.960464,-0.671302,0.743169,-0.126403,-1.487569,-0.658097,-0.129970,-1.624129,0.803057,0.105450,-1.752235,-0.695193,0.108880,-1.889524,0.714075,0.098217,-1.914913,-0.598902,0.106812,-2.089574,0.675059,-0.000207,-1.597708,-0.573158,0.010215,-1.732478,0.315845,0.010154,-0.127787,-0.315845,-0.010154,0.127787,0.247935,1.420866,0.136612,-0.337827,1.429238,0.319411,0.205571,2.678636,1.741680,-0.344930,2.688936,1.408942,0.220323,2.883904,1.837056,-0.352738,2.890540,1.482080,0.087427,3.074116,0.644406,-0.270746,3.099129,0.069425,0.447837,0.329578,-0.000274,0.449550,0.325044,-0.006605,0.454005,0.319770,-0.013760,0.460093,0.312836,-0.020383,0.470136,0.306879,-0.026011,0.480495,0.307405,-0.028091,0.491219,0.304440,-0.027668,0.503159,0.307992,-0.023862,0.511258,0.313219,-0.018538,0.517515,0.317252,-0.012418,0.520433,0.321294,-0.006655,0.516427,0.325011,-0.011999,0.510768,0.328703,-0.018442,0.502736,0.333800,-0.023086,0.493064,0.337787,-0.026236,0.482619,0.339311,-0.026151,0.472592,0.339887,-0.024515,0.463469,0.337938,-0.019732,0.456252,0.334632,-0.014268,0.451392,0.332340,-0.006702,0.419423,0.212192,0.024591,0.421556,0.210558,0.020729,0.424300,0.208639,0.017762,0.428692,0.206017,0.014904,0.435235,0.203906,0.012382,0.441592,0.203386,0.011454,0.448353,0.203464,0.012400,0.453006,0.205370,0.013845,0.503912,0.201975,0.010331,0.506211,0.202911,0.009954,0.510298,0.203875,0.007767,0.516839,0.205452,0.006115,0.523844,0.205766,0.005894,0.531205,0.204457,0.007504,0.536074,0.202869,0.009887,0.539514,0.201467,0.012104,0.476699,0.188605,-0.008843,0.476442,0.201072,-0.016115,0.476188,0.212521,-0.024205,0.475922,0.223273,-0.033101,0.000000,0.000000,0.000000,0.000000,0.000000,0.000000,0.000000,0.000000,0.000000,0.000000,0.000000,0.000000,0.000000,0.000000,0.000000,0.000000,0.000000,0.000000,0.000000,0.000000,0.000000,0.000000,0.000000,0.000000,0.000000,0.000000,0.000000,0.000000,0.000000,0.000000,0.000000,0.000000,0.000000,0.000000,0.000000,0.000000,0.000000,0.000000,0.000000,0.000000,0.000000,0.000000,0.000000,0.000000,0.000000,0.000000,0.000000,0.000000,0.000000,0.000000,0.000000,0.000000,0.000000,0.000000,0.000000,0.000000,0.000000,0.000000,0.000000,0.000000,0.000000,0.000000,0.000000,0.000000,0.000000,0.000000,0.000000,0.000000,0.000000,0.000000,0.000000,0.000000,0.000000,0.000000,0.000000,0.000000,0.000000,0.000000,0.000000,0.000000,0.000000,0.000000,0.000000,0.000000,0.000000,0.000000,0.000000,0.000000,0.000000,0.000000,0.000000,0.000000,0.000000,0.000000,0.000000,0.000000,0.000000,0.000000,0.000000,0.000000,0.000000,0.000000,0.000000,0.000000,0.000000,0.000000,0.000000,0.000000,0.000000,0.000000,0.000000,0.000000,0.000000,0.000000,0.000000,0.000000,0.000000,0.000000,0.000000,0.000000,0.000000,0.000000,0.000000,0.000000,0.000000,0.000000
0.042435,-2.568280,-3.018803,0.108832,-2.694903,-2.885432,0.153756,-2.693246,-2.885731,0.190765,-2.689129,-2.885713,-0.017061,-2.688478,-2.859807,-0.058819,-2.679902,-2.859015,-0.085845,-2.670147,-2.860281,0.245506,-2.610370,-1.855946,-0.116771,-2.593118,-1.703281,0.128756,-2.421277,-2.626395,-0.032258,-2.417582,-2.583231,0.575736,-1.732711,-1.145257,-0.392742,-1.786377,-0.905810,0.753306,-0.757299,-1.548139,-0.699786,-0.926605,-0.977718,0.479660,-0.417069,-3.055222,-0.663635,-0.413862,-2.666423,0.437914,-0.307516,-3.434167,-0.644689,-0.262185,-3.020986,0.350258,-0.489421,-3.426230,-0.557365,-0.373727,-3.157528,0.286187,-0.708636,-3.095484,-0.556529,-0.435703,-2.764820,0.324462,0.020671,-0.223955,-0.324462,-0.020671,0.223955,0.227555,1.464295,-0.051803,-0.383541,1.428233,0.246249,0.167010,2.732430,1.658293,-0.425700,2.729433,1.484203,0.174646,2.937972,1.738142,-0.437941,2.940345,1.559416,0.042396,3.135763,0.264051,-0.378737,3.133972,-0.067290,0.445576,0.330755,-0.000806,0.447233,0.326263,-0.007089,0.451580,0.321024,-0.014104,0.457519,0.314105,-0.020545,0.467160,0.308219,-0.026005,0.477163,0.308776,-0.028043,0.487554,0.306004,-0.027538,0.499190,0.309797,-0.023745,0.507241,0.315153,-0.018555,0.513469,0.319230,-0.012505,0.516393,0.323218,-0.006690,0.512480,0.326770,-0.012071,0.506950,0.330189,-0.018382,0.499099,0.335079,-0.022929,0.489683,0.338935,-0.026048,0.479518,0.340378,-0.025964,0.469863,0.340964,-0.024427,0.460985,0.339051,-0.019799,0.453902,0.335803,-0.014517,0.449098,0.333527,-0.007110,0.415519,0.212570,0.024217,0.417583,0.210389,0.020427,0.420178,0.207983,0.017489,0.424488,0.204776,0.014629,0.431151,0.202376,0.012149,0.437722,0.202135,0.011288,0.444615,0.203227,0.012199,0.449475,0.206277,0.013589,0.499800,0.203558,0.010503,0.502209,0.204704,0.010121,0.506483,0.205672,0.007986,0.513214,0.207223,0.006375,0.520356,0.207437,0.006204,0.527680,0.205846,0.007871,0.532470,0.203901,0.010360,0.535775,0.202118,0.012591,0.472896,0.190180,-0.008999,0.472752,0.202651,-0.016193,0.472603,0.214176,-0.024191,0.472417,0.225000,-0.033003,0.000000,0.000000,0.000000,0.000000,0.000000,0.000000,0.000000,0.000000,0.000000,0.000000,0.000000,0.000000,0.000000,0.000000,0.000000,0.000000,0.000000,0.000000,0.000000,0.000000,0.000000,0.000000,0.000000,0.000000,0.000000,0.000000,0.000000,0.000000,0.000000,0.000000,0.000000,0.000000,0.000000,0.000000,0.000000,0.000000,0.000000,0.000000,0.000000,0.000000,0.000000,0.000000,0.000000,0.000000,0.000000,0.000000,0.000000,0.000000,0.000000,0.000000,0.000000,0.000000,0.000000,0.000000,0.000000,0.000000,0.000000,0.000000,0.000000,0.000000,0.000000,0.000000,0.000000,0.000000,0.000000,0.000000,0.000000,0.000000,0.000000,0.000000,0.000000,0.000000,0.000000,0.000000,0.000000,0.000000,0.000000,0.000000,0.000000,0.000000,0.000000,0.000000,0.000000,0.000000,0.000000,0.000000,0.000000,0.000000,0.000000,0.000000,0.000000,0.000000,0.000000,0.000000,0.000000,0.000000,0.000000,0.000000,0.000000,0.000000,0.000000,0.000000,0.000000,0.000000,0.000000,0.000000,0.000000,0.000000,0.000000,0.000000,0.000000,0.000000,0.000000,0.000000,0.000000,0.000000,0.000000,0.000000,0.000000,0.000000,0.000000,0.000000,0.000000,0.000000,0.000000,0.000000
0.090000,-2.356420,-2.154956,0.153969,-2.493951,-1.997696,0.195835,-2.494066,-1.997889,0.227244,-2.491506,-1.996483,0.028413,-2.484091,-1.974529,-0.015001,-2.476564,-1.973518,-0.050868,-2.468555,-1.974616,0.278479,-2.415125,-0.988773,-0.085603,-2.393944,-0.864282,0.167820,-2.207803,-1.793900,0.012394,-2.197780,-1.763733,0.565125,-1.616941,-0.551417,-0.374320,-1.640256,-0.210773,0.807130,-0.518440,-1.861008,-0.867523,-0.629636,-1.317971,0.251145,-1.063511,-3.959095,-0.381687,-1.150800,-3.413700,0.123940,-1.244975,-4.354262,-0.242325,-1.342507,-3.768566,0.124603,-1.377515,-4.139679,-0.194700,-1.439191,-3.418484,0.139125,-1.327428,-3.907773,-0.202093,-1.371742,-3.349416,0.356274,0.017903,-0.183450,-0.356274,-0.017903,0.183450,0.300093,1.403927,-0.033615,-0.381496,1.360901,0.611073,0.280904,2.597165,1.470838,-0.364512,2.563251,1.963858,0.297538,2.754868,1.538845,-0.385138,2.723716,2.066185,0.199743,3.011842,0.079972,-0.277979,2.978979,0.541744,0.445530,0.331252,-0.000616,0.447114,0.326703,-0.006900,0.451335,0.321352,-0.013880,0.457105,0.314338,-0.020294,0.466653,0.308413,-0.025765,0.476587,0.308918,-0.027862,0.486949,0.306088,-0.027411,0.498551,0.309834,-0.023752,0.506488,0.315226,-0.018664,0.512625,0.319381,-0.012710,0.515534,0.323430,-0.006940,0.511627,0.326878,-0.012237,0.506140,0.330304,-0.018368,0.498359,0.335253,-0.022763,0.489012,0.339163,-0.025733,0.478925,0.340687,-0.025558,0.469380,0.341276,-0.023996,0.460605,0.339379,-0.019434,0.453668,0.336129,-0.014216,0.448957,0.333911,-0.006920,0.416016,0.213235,0.024492,0.418049,0.211125,0.020700,0.420599,0.208791,0.017747,0.424842,0.205648,0.014867,0.431411,0.203214,0.012362,0.437916,0.202841,0.011463,0.444775,0.203700,0.012389,0.449597,0.206509,0.013736,0.499581,0.203546,0.010276,0.501948,0.204644,0.009881,0.506164,0.205571,0.007735,0.512835,0.207111,0.006103,0.519933,0.207354,0.005887,0.527244,0.205816,0.007514,0.532041,0.203946,0.009940,0.535353,0.202233,0.012138,0.472700,0.190540,-0.009048,0.472454,0.202662,-0.016213,0.472234,0.214108,-0.024156,0.471984,0.224931,-0.032896,0.294705,0.768716,0.000000,0.363168,0.738515,-0.005105,0.410317,0.696543,-0.015630,0.447490,0.673267,-0.029572,0.480264,0.658918,-0.041632,0.366289,0.575442,-0.006967,0.431706,0.597325,-0.029938,0.445345,0.626100,-0.045836,0.447586,0.630790,-0.055964,0.343213,0.582367,-0.016895,0.415471,0.623289,-0.040594,0.406590,0.663348,-0.047603,0.387369,0.664687,-0.049966,0.324961,0.607579,-0.029026,0.394354,0.653833,-0.050224,0.384414,0.690311,-0.046685,0.366514,0.691121,-0.041114,0.312050,0.643337,-0.042384,0.370751,0.678709,-0.054277,0.366877,0.707175,-0.049708,0.352559,0.711864,-0.044027,0.562146,0.830239,0.000000,0.499711,0.792916,-0.000632,0.465694,0.745202,-0.011659,0.445542,0.721755,-0.025548,0.435040,0.726898,-0.041340,0.511705,0.663630,-0.021625,0.502221,0.600942,-0.042655,0.495567,0.558592,-0.056296,0.492890,0.520991,-0.066253,0.530458,0.680802,-0.034915,0.468905,0.657669,-0.059556,0.439950,0.679629,-0.065069,0.431830,0.694182,-0.067186,0.538476,0.716689,-0.048267,0.467801,0.719361,-0.071098,0.463787,0.751244,-0.062892,0.480139,0.764912,-0.053283,0.537667,0.759925,-0.061948,0.478186,0.755121,-0.077597,0.474616,0.778615,-0.070055,0.489807,0.789430,-0.061654
0.066717,-2.274365,-2.279473,0.125289,-2.414696,-2.129338,0.164542,-2.418370,-2.129191,0.193423,-2.420774,-2.127271,0.007933,-2.404075,-2.098918,-0.032588,-2.402749,-2.098228,-0.069237,-2.398567,-2.098908,0.241722,-2.355799,-1.135505,-0.105218,-2.332250,-0.975628,0.141902,-2.142220,-1.922621,0.004573,-2.133878,-1.884837,0.522812,-1.599470,-0.713219,-0.376423,-1.610095,-0.275919,0.729266,-0.531368,-2.059977,-0.879045,-0.656245,-1.410983,0.196891,-1.131479,-3.998453,-0.366088,-1.279703,-3.176236,0.087268,-1.323838,-4.364207,-0.224775,-1.458077,-3.476687,0.102940,-1.442461,-4.119703,-0.175499,-1.562635,-3.183609,0.109478,-1.381752,-3.938139,-0.188732,-1.499027,-3.102211,0.346590,0.014327,-0.176815,-0.346590,-0.014327,0.176815,0.312244,1.353802,0.052031,-0.336918,1.329383,0.715142,0.341990,2.504506,1.606225,-0.252104,2.497508,2.045528,0.362372,2.662586,1.682881,-0.263788,2.658267,2.147766,0.272243,2.905541,0.257966,-0.165598,2.899470,0.684784,0.448588,0.331380,-0.000200,0.450199,0.326900,-0.006444,0.454403,0.321774,-0.013366,0.460166,0.314976,-0.019737,0.469519,0.309212,-0.025138,0.479298,0.309646,-0.027180,0.489408,0.306801,-0.026714,0.500749,0.310330,-0.022998,0.508642,0.315430,-0.017916,0.514782,0.319329,-0.011946,0.517724,0.323255,-0.006167,0.513999,0.326866,-0.011365,0.508677,0.330410,-0.017405,0.501082,0.335448,-0.021768,0.491905,0.339455,-0.024716,0.481921,0.341035,-0.024570,0.472428,0.341661,-0.023047,0.463711,0.339759,-0.018583,0.456767,0.336484,-0.013481,0.452054,0.334156,-0.006321,0.418248,0.214893,0.023412,0.420259,0.212709,0.019678,0.422760,0.210291,0.016781,0.426942,0.207052,0.013953,0.433470,0.204582,0.011484,0.439957,0.204283,0.010619,0.446782,0.205411,0.011506,0.451612,0.208519,0.012870,0.500500,0.205480,0.009680,0.502876,0.206613,0.009305,0.507111,0.207539,0.007225,0.513789,0.209021,0.005648,0.520853,0.209136,0.005461,0.528054,0.207409,0.007084,0.532724,0.205342,0.009497,0.535930,0.203467,0.011654,0.474286,0.192781,-0.009403,0.474241,0.205064,-0.016311,0.474188,0.216442,-0.024049,0.474091,0.227133,-0.032579,0.324598,0.699324,0.000000,0.396370,0.670499,-0.001230,0.440081,0.619917,-0.008848,0.475875,0.584987,-0.020603,0.502450,0.546491,-0.031817,0.384770,0.508749,0.000909,0.450686,0.512303,-0.021415,0.491793,0.510295,-0.038688,0.525054,0.503493,-0.051094,0.366595,0.506357,-0.011689,0.444731,0.534479,-0.038290,0.430471,0.581070,-0.045849,0.406473,0.584872,-0.047456,0.355261,0.525119,-0.026284,0.429294,0.562692,-0.051684,0.414603,0.606693,-0.045330,0.392460,0.605966,-0.036832,0.348357,0.556582,-0.041888,0.407274,0.584413,-0.057314,0.399269,0.613925,-0.050833,0.378868,0.614577,-0.043289,0.563594,0.806482,-0.000000,0.490964,0.757622,0.004656,0.458361,0.715933,-0.008690,0.437190,0.686140,-0.026585,0.434829,0.667548,-0.044134,0.515524,0.614377,-0.013633,0.472686,0.577984,-0.036158,0.455523,0.602954,-0.047592,0.457058,0.624250,-0.053462,0.530622,0.631761,-0.028993,0.460518,0.625096,-0.049627,0.451327,0.666824,-0.051786,0.464178,0.684526,-0.052644,0.536581,0.664679,-0.045004,0.463052,0.666866,-0.063537,0.458491,0.706572,-0.053261,0.473003,0.721824,-0.045293,0.532606,0.704783,-0.060741,0.469863,0.700804,-0.071902,0.467175,0.728628,-0.062424,0.480954,0.741419,-0.053847
0.078161,-2.604737,-2.611094,0.142314,-2.757894,-2.427296,0.185418,-2.761244,-2.427844,0.216060,-2.763250,-2.426392,0.011769,-2.746308,-2.429508,-0.032202,-2.744667,-2.428501,-0.073707,-2.739608,-2.430483,0.270955,-2.693345,-1.233563,-0.114186,-2.663102,-1.207307,0.162489,-2.457150,-2.166806,0.009934,-2.446417,-2.163816,0.591904,-1.821654,-0.563251,-0.403585,-1.862984,-0.492507,0.797026,-0.652937,-1.803677,-0.831064,-0.789467,-1.663553,0.237035,-0.962429,-4.019786,-0.386977,-1.137676,-3.864417,0.104833,-1.120011,-4.427825,-0.213884,-1.321134,-4.266467,0.126101,-1.305812,-4.270094,-0.193169,-1.441797,-4.107549,0.135000,-1.294175,-4.002111,-0.207080,-1.401542,-3.843917,0.381844,0.024402,-0.139226,-0.381844,-0.024402,0.139226,0.329162,1.488490,0.054899,-0.388425,1.414509,0.009260,0.308522,2.736951,1.703330,-0.385796,2.708967,1.215705,0.318696,2.919068,1.769866,-0.407685,2.909910,1.281803,0.205212,3.186255,0.135466,-0.303307,3.126502,-0.441958,0.445757,0.328655,0.000355,0.447136,0.324131,-0.005863,0.451124,0.318775,-0.013071,0.456661,0.311790,-0.019767,0.465973,0.305685,-0.025585,0.475826,0.305915,-0.028071,0.486186,0.302884,-0.028052,0.498066,0.306279,-0.024889,0.506352,0.311284,-0.020124,0.512859,0.315162,-0.014439,0.516040,0.319084,-0.008995,0.512087,0.322909,-0.013946,0.506461,0.326715,-0.019947,0.498522,0.331896,-0.024263,0.489080,0.335942,-0.027086,0.478915,0.337704,-0.026603,0.469393,0.338428,-0.024601,0.460711,0.336765,-0.019427,0.453867,0.333683,-0.013799,0.449207,0.331441,-0.006111,0.416694,0.215475,0.027588,0.418570,0.213256,0.023757,0.420984,0.210830,0.020791,0.425057,0.207579,0.017844,0.431466,0.205067,0.015110,0.437894,0.204664,0.013929,0.444611,0.205559,0.014493,0.449375,0.208380,0.015643,0.497770,0.204297,0.009632,0.500168,0.205382,0.009150,0.504403,0.206178,0.006889,0.511079,0.207398,0.005000,0.518125,0.207338,0.004436,0.525343,0.205559,0.005797,0.530085,0.203497,0.008000,0.533385,0.201610,0.010083,0.470767,0.191407,-0.007705,0.470518,0.203645,-0.014962,0.470240,0.214771,-0.022971,0.469933,0.225184,-0.031778,0.258870,0.700546,-0.000000,0.304377,0.683736,-0.007692,0.337418,0.645045,-0.016952,0.355282,0.615282,-0.027045,0.361483,0.591183,-0.035882,0.314013,0.553877,-0.015666,0.356837,0.552328,-0.034891,0.358736,0.589496,-0.049736,0.348119,0.608631,-0.059109,0.296845,0.563347,-0.021257,0.349458,0.582846,-0.037525,0.348788,0.620408,-0.046479,0.335118,0.635385,-0.053000,0.284294,0.585377,-0.027769,0.338387,0.614326,-0.041814,0.335628,0.643641,-0.040548,0.320767,0.654782,-0.039350,0.274539,0.612179,-0.035152,0.321329,0.635250,-0.042380,0.321519,0.660187,-0.037546,0.312017,0.670527,-0.033527,0.489912,0.794217,-0.000000,0.459213,0.779434,-0.005746,0.432442,0.739560,-0.008638,0.411590,0.708687,-0.011498,0.398028,0.687767,-0.013180,0.456405,0.673747,-0.002420,0.434741,0.610069,-0.009100,0.416274,0.584452,-0.014820,0.404337,0.570541,-0.018257,0.459811,0.665830,-0.004403,0.433457,0.605136,-0.009046,0.414440,0.581218,-0.013944,0.402295,0.568610,-0.017558,0.459128,0.665266,-0.007730,0.432605,0.610518,-0.011495,0.413626,0.588784,-0.013785,0.401778,0.575675,-0.015594,0.453593,0.669707,-0.011739,0.430699,0.628197,-0.014266,0.416598,0.606691,-0.014014,0.407599,0.592609,-0.013538
-0.182140,-2.232524,-1.290571,-0.115933,-2.346134,-1.342363,-0.089412,-2.347084,-1.342007,-0.056812,-2.346124,-1.342584,-0.168350,-2.336331,-1.194013,-0.179156,-2.331786,-1.193239,-0.189581,-2.327359,-1.194261,0.088112,-2.272298,-1.173401,-0.133159,-2.264632,-0.481422,-0.122801,-2.115868,-1.219539,-0.185434,-2.113911,-1.012373,0.453737,-1.510772,-0.890444,-0.364597,-1.561203,-0.319359,0.593274,-0.798215,-0.749347,-0.528008,-0.904061,-0.140502,0.642598,-0.016889,-0.928779,-0.589798,-0.239215,-0.851874,0.691322,0.194458,-1.062306,-0.613642,-0.034183,-1.008313,0.608918,0.192235,-1.183413,-0.540752,-0.048139,-1.161371,0.576443,0.103053,-0.989452,-0.517624,-0.123067,-0.949805,0.272453,0.024956,-0.234836,-0.272453,-0.024956,0.234836,0.200946,1.256581,-0.106814,-0.291464,1.201456,0.362438,0.173870,2.354568,1.143871,-0.310201,2.309090,1.181425,0.193354,2.528456,1.211825,-0.313517,2.484489,1.240920,0.051077,2.670295,0.206014,-0.287811,2.640662,0.200741,0.382514,0.310280,0.012158,0.380655,0.305886,0.006420,0.379583,0.300583,-0.001853,0.379628,0.293811,-0.010249,0.383219,0.287883,-0.019895,0.389424,0.287614,-0.027088,0.398335,0.284722,-0.031906,0.411198,0.288814,-0.035227,0.420997,0.293844,-0.036193,0.429782,0.297972,-0.035884,0.434949,0.302171,-0.034100,0.430550,0.305671,-0.035254,0.423514,0.309319,-0.036400,0.414376,0.314293,-0.036410,0.405009,0.318585,-0.033705,0.395934,0.320477,-0.028177,0.390053,0.320818,-0.021741,0.385970,0.318840,-0.013105,0.383963,0.315405,-0.005736,0.383364,0.312939,0.003556,0.372530,0.204945,0.060227,0.372278,0.202674,0.056364,0.372748,0.200000,0.052846,0.374318,0.196580,0.048942,0.378171,0.193804,0.043755,0.382827,0.193078,0.039454,0.387320,0.193550,0.036602,0.390148,0.195827,0.035082,0.427583,0.186159,-0.001057,0.429278,0.186909,-0.002825,0.432372,0.187127,-0.006500,0.436936,0.187517,-0.010995,0.442276,0.186823,-0.015105,0.449170,0.184768,-0.017314,0.454537,0.182297,-0.018052,0.459018,0.179743,-0.017639,0.396648,0.179685,0.002191,0.392869,0.191775,-0.005112,0.388690,0.202517,-0.012517,0.384704,0.212423,-0.020818,0.000000,0.000000,0.000000,0.000000,0.000000,0.000000,0.000000,0.000000,0.000000,0.000000,0.000000,0.000000,0.000000,0.000000,0.000000,0.000000,0.000000,0.000000,0.000000,0.000000,0.000000,0.000000,0.000000,0.000000,0.000000,0.000000,0.000000,0.000000,0.000000,0.000000,0.000000,0.000000,0.000000,0.000000,0.000000,0.000000,0.000000,0.000000,0.000000,0.000000,0.000000,0.000000,0.000000,0.000000,0.000000,0.000000,0.000000,0.000000,0.000000,0.000000,0.000000,0.000000,0.000000,0.000000,0.000000,0.000000,0.000000,0.000000,0.000000,0.000000,0.000000,0.000000,0.000000,0.000000,0.000000,0.000000,0.000000,0.000000,0.000000,0.000000,0.000000,0.000000,0.000000,0.000000,0.000000,0.000000,0.000000,0.000000,0.000000,0.000000,0.000000,0.000000,0.000000,0.000000,0.000000,0.000000,0.000000,0.000000,0.000000,0.000000,0.000000,0.000000,0.000000,0.000000,0.000000,0.000000,0.000000,0.000000,0.000000,0.000000,0.000000,0.000000,0.000000,0.000000,0.000000,0.000000,0.000000,0.000000,0.000000,0.000000,0.000000,0.000000,0.000000,0.000000,0.000000,0.000000,0.000000,0.000000,0.000000,0.000000,0.000000,0.000000,0.000000,0.000000,0.000000,0.000000
-0.216427,-2.053898,-1.056682,-0.158187,-2.162122,-1.151482,-0.134129,-2.165061,-1.151052,-0.107346,-2.166702,-1.151354,-0.195367,-2.154531,-0.972672,-0.200951,-2.152891,-0.971725,-0.206016,-2.150895,-0.972615,0.035007,-2.102639,-1.199407,-0.113317,-2.093767,-0.357681,-0.163194,-1.957885,-1.046833,-0.205561,-1.953645,-0.814438,0.420932,-1.404504,-0.895533,-0.330488,-1.447646,-0.237121,0.577265,-0.779377,-0.809854,-0.504899,-0.836044,-0.001509,0.566439,-0.050519,-1.074304,-0.540335,-0.156839,-0.550133,0.606215,0.127423,-1.228898,-0.565483,0.031545,-0.679139,0.533484,0.120206,-1.304520,-0.504414,0.010499,-0.828049,0.504233,0.045688,-1.121501,-0.484419,-0.058258,-0.640446,0.252944,0.024013,-0.266755,-0.252944,-0.024013,0.266755,0.164000,1.161334,-0.195283,-0.274756,1.116117,0.479322,0.153731,2.175985,1.018818,-0.293801,2.139801,1.401652,0.173473,2.332746,1.085752,-0.295501,2.299624,1.472553,0.038341,2.469078,0.096686,-0.300763,2.446169,0.446523,0.357130,0.311035,0.018063,0.354607,0.306650,0.012681,0.351953,0.301943,0.004488,0.349968,0.295762,-0.004127,0.350708,0.290226,-0.014744,0.354609,0.290450,-0.023387,0.361778,0.287712,-0.029796,0.373611,0.292113,-0.035591,0.383099,0.297180,-0.038707,0.392146,0.301345,-0.040495,0.398046,0.305824,-0.040143,0.394230,0.309534,-0.039065,0.387804,0.314061,-0.037576,0.379284,0.319846,-0.035385,0.370706,0.324658,-0.029986,0.362398,0.326978,-0.022773,0.357856,0.326649,-0.014946,0.355699,0.323593,-0.005902,0.355694,0.318615,0.001116,0.356753,0.314430,0.009703,0.353891,0.204965,0.066932,0.352708,0.202742,0.063251,0.352217,0.200116,0.059643,0.352618,0.196684,0.055636,0.355206,0.193983,0.049808,0.359128,0.193116,0.044441,0.362783,0.193740,0.040355,0.365087,0.196292,0.037945,0.396064,0.185185,-0.008125,0.397305,0.185775,-0.010156,0.399802,0.185862,-0.014041,0.403373,0.185905,-0.019294,0.407825,0.184875,-0.024638,0.414126,0.182443,-0.028078,0.419399,0.179669,-0.029931,0.423951,0.176731,-0.030337,0.365969,0.181476,0.003780,0.361264,0.194573,-0.002444,0.355845,0.205573,-0.008742,0.350673,0.215619,-0.015646,0.000000,0.000000,0.000000,0.000000,0.000000,0.000000,0.000000,0.000000,0.000000,0.000000,0.000000,0.000000,0.000000,0.000000,0.000000,0.000000,0.000000,0.000000,0.000000,0.000000,0.000000,0.000000,0.000000,0.000000,0.000000,0.000000,0.000000,0.000000,0.000000,0.000000,0.000000,0.000000,0.000000,0.000000,0.000000,0.000000,0.000000,0.000000,0.000000,0.000000,0.000000,0.000000,0.000000,0.000000,0.000000,0.000000,0.000000,0.000000,0.000000,0.000000,0.000000,0.000000,0.000000,0.000000,0.000000,0.000000,0.000000,0.000000,0.000000,0.000000,0.000000,0.000000,0.000000,0.000000,0.000000,0.000000,0.000000,0.000000,0.000000,0.000000,0.000000,0.000000,0.000000,0.000000,0.000000,0.000000,0.000000,0.000000,0.000000,0.000000,0.000000,0.000000,0.000000,0.000000,0.000000,0.000000,0.000000,0.000000,0.000000,0.000000,0.000000,0.000000,0.000000,0.000000,0.000000,0.000000,0.000000,0.000000,0.000000,0.000000,0.000000,0.000000,0.000000,0.000000,0.000000,0.000000,0.000000,0.000000,0.000000,0.000000,0.000000,0.000000,0.000000,0.000000,0.000000,0.000000,0.000000,0.000000,0.000000,0.000000,0.000000,0.000000,0.000000,0.000000,0.000000,0.000000
-0.194846,-2.439784,-1.515091,-0.130439,-2.569066,-1.585352,-0.096748,-2.573270,-1.584740,-0.057953,-2.575869,-1.585086,-0.202079,-2.557392,-1.421287,-0.217956,-2.554033,-1.420734,-0.231552,-2.550893,-1.421915,0.081572,-2.499489,-1.356086,-0.143649,-2.485026,-0.663085,-0.122599,-2.322208,-1.439432,-0.204381,-2.316667,-1.217440,0.503458,-1.669502,-0.945316,-0.396136,-1.716302,-0.512652,0.700922,-0.927331,-0.852736,-0.609876,-0.984550,-0.239132,0.712287,-0.075737,-1.246104,-0.691390,-0.187310,-0.902925,0.769926,0.127790,-1.405483,-0.744010,0.034593,-1.068156,0.684401,0.117785,-1.515307,-0.667754,0.022826,-1.244947,0.644542,0.032205,-1.313176,-0.636744,-0.058422,-1.011751,0.305585,0.026864,-0.232194,-0.305585,-0.026864,0.232194,0.203795,1.387627,0.008998,-0.335442,1.340383,0.582113,0.187849,2.611984,1.597914,-0.351964,2.579578,1.729209,0.208880,2.808837,1.693009,-0.354908,2.771368,1.816865,0.063559,2.963293,0.476268,-0.332954,2.962773,0.598267,0.392371,0.326831,0.011443,0.391094,0.322344,0.004949,0.391124,0.316722,-0.003957,0.392570,0.309509,-0.012905,0.397783,0.302939,-0.022408,0.405383,0.302346,-0.028839,0.415580,0.298686,-0.032709,0.429790,0.301628,-0.034302,0.440410,0.305922,-0.033392,0.449633,0.309375,-0.031284,0.454979,0.313131,-0.028172,0.450416,0.317448,-0.030266,0.443090,0.322083,-0.033052,0.433320,0.328169,-0.034359,0.422996,0.333093,-0.032946,0.412621,0.335672,-0.028524,0.405005,0.336418,-0.022648,0.399236,0.334745,-0.014234,0.395699,0.331764,-0.006664,0.393969,0.329430,0.002885,0.370473,0.217028,0.054322,0.371062,0.215156,0.049993,0.372387,0.212805,0.046380,0.375018,0.209684,0.042321,0.380057,0.207023,0.037373,0.385589,0.206025,0.033573,0.390865,0.205749,0.031646,0.394169,0.207213,0.030886,0.438489,0.195545,0.000696,0.440427,0.196081,-0.000688,0.443906,0.196277,-0.004304,0.449430,0.196623,-0.008356,0.455779,0.195797,-0.011735,0.463412,0.193535,-0.013111,0.469169,0.191090,-0.013141,0.473843,0.188619,-0.012349,0.404891,0.189335,-0.002027,0.402209,0.202626,-0.009641,0.399180,0.214028,-0.017761,0.396246,0.224614,-0.026589,0.000000,0.000000,0.000000,0.000000,0.000000,0.000000,0.000000,0.000000,0.000000,0.000000,0.000000,0.000000,0.000000,0.000000,0.000000,0.000000,0.000000,0.000000,0.000000,0.000000,0.000000,0.000000,0.000000,0.000000,0.000000,0.000000,0.000000,0.000000,0.000000,0.000000,0.000000,0.000000,0.000000,0.000000,0.000000,0.000000,0.000000,0.000000,0.000000,0.000000,0.000000,0.000000,0.000000,0.000000,0.000000,0.000000,0.000000,0.000000,0.000000,0.000000,0.000000,0.000000,0.000000,0.000000,0.000000,0.000000,0.000000,0.000000,0.000000,0.000000,0.000000,0.000000,0.000000,0.000000,0.000000,0.000000,0.000000,0.000000,0.000000,0.000000,0.000000,0.000000,0.000000,0.000000,0.000000,0.000000,0.000000,0.000000,0.000000,0.000000,0.000000,0.000000,0.000000,0.000000,0.000000,0.000000,0.000000,0.000000,0.000000,0.000000,0.000000,0.000000,0.000000,0.000000,0.000000,0.000000,0.000000,0.000000,0.000000,0.000000,0.000000,0.000000,0.000000,0.000000,0.000000,0.000000,0.000000,0.000000,0.000000,0.000000,0.000000,0.000000,0.000000,0.000000,0.000000,0.000000,0.000000,0.000000,0.000000,0.000000,0.000000,0.000000,0.000000,0.000000,0.000000,0.000000
0.048362,-2.581782,-3.430926,0.105826,-2.720058,-3.267641,0.146993,-2.719948,-3.267569,0.174657,-2.718092,-3.266139,-0.021357,-2.712500,-3.284029,-0.068246,-2.703908,-3.283229,-0.108999,-2.696287,-3.284411,0.207691,-2.652139,-2.077371,-0.171319,-2.622764,-2.120214,0.116700,-2.428718,-2.982167,-0.040969,-2.416655,-2.995698,0.536491,-1.784727,-1.231755,-0.454264,-1.800704,-1.366358,0.805287,-0.659065,-2.134006,-0.790893,-0.823793,-2.269890,0.274599,-0.880459,-4.165631,-0.363925,-0.860975,-4.349195,0.141633,-0.964764,-4.588147,-0.162171,-0.979818,-4.761664,0.084413,-1.130867,-4.457950,-0.139700,-1.094608,-4.699926,0.128753,-1.112180,-4.160984,-0.184394,-1.068126,-4.362667,0.355835,0.008035,-0.111759,-0.355835,-0.008035,0.111759,0.310204,1.449414,0.321641,-0.382039,1.450002,0.347645,0.296027,2.712940,2.200136,-0.383888,2.726749,1.895639,0.311324,2.912191,2.294855,-0.402628,2.934440,1.977689,0.210566,3.158475,0.740253,-0.276743,3.155065,0.209796,0.456365,0.340691,-0.003291,0.458785,0.336390,-0.009468,0.464216,0.331590,-0.015973,0.471313,0.325052,-0.021700,0.481993,0.319308,-0.026164,0.492404,0.320105,-0.027030,0.502292,0.317412,-0.025298,0.512669,0.321061,-0.020010,0.519504,0.326165,-0.013826,0.524623,0.330069,-0.006881,0.526990,0.333920,-0.000457,0.523742,0.337856,-0.006253,0.519053,0.341609,-0.013049,0.512052,0.346732,-0.017926,0.503192,0.350706,-0.021860,0.493273,0.352036,-0.022865,0.482952,0.352408,-0.022575,0.473432,0.350037,-0.019474,0.465515,0.346424,-0.015104,0.460146,0.343834,-0.008633,0.424594,0.216706,0.015393,0.426989,0.214767,0.011824,0.429945,0.212609,0.009091,0.434633,0.209755,0.006583,0.441644,0.207832,0.004791,0.448428,0.207988,0.004605,0.455497,0.209740,0.006138,0.460449,0.213241,0.008022,0.511283,0.213476,0.011377,0.513586,0.214741,0.011299,0.517808,0.216081,0.009554,0.524418,0.217972,0.008613,0.531439,0.218342,0.009212,0.538536,0.216796,0.011480,0.543103,0.214791,0.014461,0.546213,0.213004,0.016953,0.487384,0.198859,-0.010966,0.487983,0.212708,-0.017641,0.488600,0.224750,-0.025348,0.489184,0.235864,-0.033869,0.028891,0.098562,-0.000000,0.036136,0.096281,-0.000754,0.041590,0.091521,-0.002173,0.045451,0.088593,-0.003875,0.048625,0.086807,-0.005437,0.039395,0.079706,-0.002159,0.045695,0.083114,-0.005194,0.045202,0.088202,-0.007523,0.043332,0.089979,-0.008990,0.036349,0.081285,-0.003288,0.042979,0.086751,-0.006100,0.041552,0.091097,-0.007470,0.038872,0.091249,-0.008423,0.033854,0.084568,-0.004569,0.040119,0.090146,-0.006752,0.038485,0.093196,-0.006383,0.035990,0.092602,-0.006131,0.031757,0.088458,-0.005958,0.036985,0.092944,-0.007054,0.035743,0.095455,-0.006279,0.033720,0.095123,-0.005721,0.059676,0.096318,0.000000,0.056609,0.092343,-0.001611,0.053593,0.088438,-0.002661,0.050792,0.086860,-0.003749,0.048575,0.086472,-0.004948,0.054297,0.082207,-0.001646,0.053063,0.075877,-0.003674,0.052212,0.071780,-0.005291,0.051632,0.068239,-0.006399,0.053927,0.084255,-0.001821,0.049425,0.083468,-0.004306,0.047616,0.086430,-0.005628,0.047212,0.088593,-0.006205,0.053744,0.087390,-0.002185,0.049735,0.087965,-0.004699,0.049307,0.090855,-0.005042,0.049950,0.092809,-0.004722,0.053899,0.090812,-0.002669,0.050877,0.091662,-0.004569,0.050632,0.093582,-0.004574,0.051197,0.094806,-0.004095
0.128631,-2.368923,-2.468117,0.182020,-2.523441,-2.297130,0.211577,-2.527946,-2.297573,0.238421,-2.533648,-2.295440,0.055965,-2.515105,-2.295517,0.010556,-2.513592,-2.294754,-0.034153,-2.509290,-2.295876,0.277602,-2.483054,-1.202879,-0.110069,-2.445532,-1.138618,0.194910,-2.223401,-2.048358,0.055915,-2.208145,-2.048690,0.565540,-1.681780,-0.638350,-0.417046,-1.690390,-0.452935,0.772625,-0.542072,-1.995654,-0.904004,-0.655188,-1.681763,0.268399,-1.125332,-4.218195,-0.348056,-1.267786,-3.826997,0.174267,-1.344818,-4.641892,-0.179237,-1.467155,-4.196284,0.165483,-1.480159,-4.416113,-0.138334,-1.571465,-3.978124,0.166456,-1.416234,-4.168169,-0.161552,-1.497802,-3.785207,0.371430,0.012081,-0.110264,-0.371430,-0.012081,0.110264,0.338851,1.446669,0.108516,-0.366860,1.424011,0.647090,0.353886,2.679854,1.700867,-0.297506,2.668305,2.055374,0.371507,2.844987,1.773509,-0.317001,2.835992,2.164408,0.288508,3.109242,0.292403,-0.195745,3.094260,0.601216,0.462309,0.336308,-0.005063,0.464864,0.332142,-0.010943,0.470452,0.327528,-0.017070,0.477777,0.321220,-0.022369,0.488563,0.315795,-0.026376,0.498848,0.316787,-0.026888,0.508540,0.314377,-0.024827,0.518498,0.318207,-0.019303,0.524999,0.323413,-0.013008,0.529793,0.327384,-0.006013,0.531909,0.331173,0.000354,0.528686,0.334892,-0.005634,0.524147,0.338375,-0.012614,0.517368,0.343123,-0.017686,0.508771,0.346732,-0.021982,0.499154,0.347805,-0.023304,0.489026,0.348007,-0.023331,0.479592,0.345608,-0.020527,0.471650,0.341998,-0.016377,0.466159,0.339422,-0.010155,0.431771,0.213629,0.013406,0.434257,0.211674,0.010019,0.437251,0.209534,0.007437,0.441978,0.206714,0.005139,0.448984,0.204910,0.003593,0.455672,0.205243,0.003683,0.462665,0.207262,0.005370,0.467570,0.210983,0.007307,0.517355,0.212724,0.012671,0.519591,0.214101,0.012661,0.523726,0.215557,0.011032,0.530202,0.217629,0.010317,0.537108,0.218162,0.011121,0.544080,0.216781,0.013604,0.548553,0.214868,0.016698,0.551540,0.213105,0.019263,0.494876,0.197720,-0.010262,0.495535,0.211098,-0.016888,0.496213,0.222877,-0.024525,0.496884,0.233788,-0.032986,0.322575,0.734285,0.000000,0.399759,0.709850,0.001594,0.446009,0.663377,-0.005563,0.484725,0.634947,-0.018009,0.515672,0.605985,-0.030250,0.397995,0.539627,0.001838,0.467891,0.546716,-0.019229,0.508847,0.546366,-0.036117,0.541034,0.540469,-0.048901,0.380683,0.538565,-0.013010,0.460990,0.577045,-0.038888,0.444901,0.620833,-0.047089,0.419934,0.621938,-0.049775,0.369616,0.560441,-0.029442,0.445060,0.605833,-0.053755,0.427359,0.647269,-0.048355,0.403762,0.644632,-0.041189,0.362664,0.595621,-0.046760,0.423299,0.629112,-0.061421,0.414158,0.657416,-0.055319,0.393749,0.656738,-0.048535,0.576263,0.833815,-0.000000,0.504091,0.786854,0.003326,0.473014,0.740213,-0.007768,0.456795,0.708376,-0.023667,0.456526,0.685938,-0.040540,0.527286,0.637497,-0.011709,0.505773,0.585573,-0.033033,0.490534,0.570075,-0.046462,0.485190,0.560976,-0.055202,0.547502,0.655579,-0.026677,0.475742,0.655072,-0.047727,0.460634,0.692360,-0.051062,0.467647,0.709480,-0.052497,0.556331,0.692923,-0.042379,0.479311,0.709298,-0.061344,0.477101,0.745385,-0.050975,0.492876,0.757519,-0.042422,0.554753,0.737413,-0.058443,0.490064,0.743470,-0.070916,0.489087,0.768803,-0.061721,0.504140,0.778562,-0.052839
0.131541,-2.377046,-2.437746,0.181720,-2.533332,-2.273775,0.209412,-2.538298,-2.274044,0.240150,-2.545070,-2.272307,0.057352,-2.526452,-2.277653,0.011798,-2.525942,-2.277016,-0.032586,-2.521134,-2.278187,0.275728,-2.497600,-1.174059,-0.113586,-2.454795,-1.173723,0.195131,-2.230897,-2.036892,0.054798,-2.215532,-2.041792,0.560326,-1.692444,-0.618858,-0.433220,-1.697091,-0.505849,0.757269,-0.549491,-1.925758,-0.911579,-0.663543,-1.764562,0.267585,-1.132616,-4.161355,-0.321307,-1.304276,-3.878555,0.179036,-1.344076,-4.580714,-0.144145,-1.503553,-4.247313,0.171197,-1.487616,-4.334424,-0.109023,-1.605217,-4.048261,0.169366,-1.423554,-4.101938,-0.136669,-1.532332,-3.841663,0.369861,0.010728,-0.111038,-0.369861,-0.010728,0.111038,0.332992,1.442825,0.166789,-0.369073,1.423196,0.587872,0.346266,2.676762,1.760621,-0.298458,2.659086,1.924140,0.363576,2.841947,1.832477,-0.317814,2.822561,2.024695,0.279667,3.104049,0.366426,-0.195504,3.083311,0.478633,0.460853,0.336824,-0.004120,0.463284,0.332588,-0.010042,0.468711,0.327880,-0.016361,0.475786,0.321489,-0.021931,0.486287,0.316026,-0.026242,0.496451,0.317029,-0.027096,0.506228,0.314655,-0.025422,0.516455,0.318634,-0.020327,0.523235,0.323996,-0.014315,0.528336,0.328089,-0.007574,0.530653,0.332015,-0.001399,0.527294,0.335674,-0.007235,0.522535,0.339024,-0.014093,0.515493,0.343690,-0.019016,0.506714,0.347237,-0.023005,0.497034,0.348219,-0.024062,0.487019,0.348445,-0.023730,0.477721,0.346033,-0.020484,0.469946,0.342448,-0.016056,0.464617,0.339926,-0.009524,0.431446,0.213343,0.016140,0.433790,0.211247,0.012693,0.436662,0.208962,0.010052,0.441248,0.205966,0.007627,0.448162,0.204018,0.005889,0.454851,0.204323,0.005737,0.461849,0.206438,0.007191,0.466749,0.210344,0.008990,0.516338,0.211566,0.012201,0.518637,0.212929,0.012118,0.522838,0.214281,0.010375,0.529360,0.216242,0.009415,0.536307,0.216721,0.009961,0.543283,0.215289,0.012203,0.547748,0.213344,0.015178,0.550747,0.211563,0.017640,0.493035,0.196499,-0.009724,0.493465,0.210057,-0.016522,0.493902,0.221985,-0.024266,0.494320,0.233011,-0.032812,0.327698,0.719785,0.000000,0.406196,0.698941,0.003086,0.449535,0.654722,-0.002117,0.482816,0.626481,-0.012699,0.507659,0.598141,-0.023167,0.402046,0.527962,0.003920,0.471060,0.532723,-0.015601,0.510347,0.527733,-0.031532,0.539234,0.516657,-0.043791,0.386306,0.524199,-0.011064,0.467033,0.562511,-0.035968,0.452090,0.604379,-0.043834,0.426577,0.604629,-0.046271,0.376962,0.544183,-0.027446,0.452510,0.590066,-0.050462,0.434533,0.630343,-0.045417,0.410393,0.626512,-0.038893,0.371759,0.578625,-0.044618,0.430395,0.615031,-0.058205,0.419994,0.643871,-0.052544,0.400001,0.642497,-0.046540,0.572533,0.821293,-0.000000,0.503476,0.772104,0.003339,0.474117,0.726049,-0.008919,0.459848,0.695773,-0.025722,0.458709,0.671116,-0.044413,0.524986,0.623106,-0.017342,0.514830,0.567261,-0.037832,0.507865,0.532644,-0.051262,0.507373,0.503653,-0.061334,0.547371,0.641500,-0.033004,0.478219,0.637635,-0.054433,0.458509,0.673191,-0.057042,0.462558,0.692942,-0.058228,0.556833,0.680434,-0.048879,0.480273,0.696709,-0.067650,0.477057,0.732320,-0.056295,0.493707,0.745143,-0.047501,0.556508,0.725518,-0.065112,0.489578,0.735216,-0.078180,0.488863,0.759729,-0.069021,0.505356,0.767071,-0.060427
0.140944,-2.344295,-2.141202,0.187334,-2.497048,-1.984570,0.213683,-2.501713,-1.984846,0.246286,-2.507869,-1.983098,0.068347,-2.491914,-1.978282,0.022949,-2.491642,-1.977279,-0.018724,-2.487468,-1.978501,0.279513,-2.458930,-0.959211,-0.102658,-2.419520,-0.911531,0.200066,-2.198504,-1.771248,0.065297,-2.184114,-1.762260,0.555216,-1.666406,-0.490442,-0.427802,-1.670990,-0.307348,0.742427,-0.533525,-1.735872,-0.895262,-0.664109,-1.600492,0.264801,-1.111958,-3.803254,-0.317751,-1.297354,-3.741602,0.175551,-1.331501,-4.194160,-0.142682,-1.485285,-4.102397,0.171282,-1.468766,-3.955592,-0.104977,-1.580869,-3.879112,0.170057,-1.401055,-3.746560,-0.133236,-1.516931,-3.700130,0.362273,0.013597,-0.108381,-0.362273,-0.013597,0.108381,0.301439,1.419890,0.105859,-0.380399,1.397795,0.545371,0.290609,2.635472,1.600397,-0.338799,2.614687,1.830111,0.305481,2.797956,1.666670,-0.360726,2.775472,1.926444,0.220673,3.056050,0.234955,-0.241123,3.033826,0.408730,0.461280,0.335387,-0.004181,0.463648,0.331161,-0.010070,0.469022,0.326436,-0.016409,0.476047,0.320037,-0.022015,0.486477,0.314554,-0.026397,0.496637,0.315497,-0.027352,0.506450,0.313140,-0.025767,0.516754,0.317116,-0.020818,0.523666,0.322472,-0.014912,0.528872,0.326548,-0.008261,0.531233,0.330457,-0.002193,0.527815,0.334122,-0.008003,0.522992,0.337421,-0.014876,0.515883,0.342030,-0.019792,0.507061,0.345547,-0.023715,0.497373,0.346528,-0.024696,0.487402,0.346786,-0.024252,0.478126,0.344441,-0.020879,0.470376,0.340950,-0.016350,0.465059,0.338481,-0.009697,0.431808,0.213102,0.017136,0.434127,0.210886,0.013663,0.436976,0.208502,0.010993,0.441535,0.205397,0.008539,0.448441,0.203366,0.006739,0.455129,0.203670,0.006519,0.462140,0.205837,0.007879,0.467076,0.209837,0.009639,0.516565,0.210943,0.012277,0.518909,0.212356,0.012173,0.523152,0.213735,0.010385,0.529738,0.215712,0.009362,0.536731,0.216188,0.009827,0.543712,0.214723,0.012012,0.548166,0.212744,0.014973,0.551141,0.210956,0.017423,0.493116,0.195325,-0.009187,0.493512,0.208876,-0.016074,0.493907,0.220727,-0.023914,0.494277,0.231679,-0.032554,0.331952,0.713693,0.000000,0.411607,0.687363,0.002815,0.458505,0.639934,-0.003498,0.496869,0.610457,-0.015502,0.525731,0.574489,-0.027019,0.407073,0.519255,0.005140,0.472911,0.525579,-0.015881,0.510522,0.525217,-0.032707,0.538856,0.517382,-0.045321,0.390622,0.516066,-0.009981,0.468129,0.555709,-0.036234,0.452461,0.600188,-0.044436,0.428133,0.602482,-0.046919,0.380534,0.535515,-0.026857,0.455039,0.583120,-0.051303,0.437208,0.625428,-0.045310,0.414474,0.624123,-0.037604,0.374753,0.569164,-0.044599,0.435127,0.605656,-0.059056,0.424072,0.634458,-0.052929,0.403533,0.633819,-0.046144,0.572633,0.827668,-0.000000,0.507186,0.782766,0.003473,0.477623,0.740193,-0.008887,0.459826,0.712135,-0.025347,0.451980,0.682836,-0.043098,0.531264,0.636695,-0.017699,0.510901,0.579553,-0.040327,0.496373,0.552209,-0.054607,0.491764,0.532566,-0.064108,0.550027,0.653299,-0.032769,0.481345,0.637612,-0.054713,0.462975,0.673520,-0.056417,0.469616,0.696210,-0.056520,0.556582,0.688853,-0.048293,0.479508,0.695907,-0.066914,0.473666,0.731144,-0.054390,0.488506,0.746079,-0.044892,0.553163,0.732391,-0.064154,0.487734,0.740718,-0.076090,0.485009,0.765242,-0.066100,0.499837,0.773161,-0.057227
0.016427,-2.554364,-2.266135,0.073910,-2.696342,-2.130469,0.114722,-2.697333,-2.131089,0.143441,-2.697669,-2.131751,-0.048597,-2.683924,-2.139209,-0.088490,-2.681864,-2.138198,-0.128010,-2.677075,-2.139197,0.194200,-2.635336,-1.213098,-0.175426,-2.601988,-1.213762,0.101846,-2.407726,-1.922308,-0.054265,-2.404621,-1.914829,0.524459,-1.757752,-0.569142,-0.453192,-1.810577,-0.771830,0.696116,-0.924850,-0.425768,-0.600829,-0.955067,-0.592492,0.712601,-0.145682,-1.421597,-0.653044,-0.144371,-1.655513,0.749850,0.101123,-1.698707,-0.684563,0.112975,-1.962081,0.668135,0.084977,-1.883221,-0.591575,0.105690,-2.185885,0.633395,-0.010882,-1.541558,-0.564802,0.005755,-1.778696,0.320071,0.003324,-0.160013,-0.320071,-0.003324,0.160013,0.278125,1.458218,0.033364,-0.320002,1.471660,0.286767,0.250364,2.740963,1.722786,-0.313994,2.766144,1.421525,0.260560,2.940987,1.811151,-0.314741,2.972835,1.486079,0.137279,3.147982,0.489983,-0.251700,3.167749,0.020199,0.453158,0.330362,-0.002679,0.455214,0.326004,-0.008900,0.460188,0.321003,-0.015710,0.466838,0.314303,-0.021851,0.477048,0.308683,-0.026878,0.487223,0.309540,-0.028421,0.497475,0.307111,-0.027380,0.508594,0.311241,-0.022959,0.516205,0.316829,-0.017311,0.522069,0.321069,-0.010864,0.524772,0.325083,-0.004820,0.520984,0.328523,-0.010591,0.515662,0.331629,-0.017381,0.507993,0.336137,-0.022294,0.498720,0.339625,-0.025945,0.488689,0.340627,-0.026421,0.478804,0.341009,-0.025350,0.469650,0.338841,-0.021126,0.462127,0.335503,-0.016037,0.456931,0.333224,-0.008810,0.423923,0.208039,0.021471,0.426152,0.205836,0.017806,0.428925,0.203436,0.014985,0.433425,0.200280,0.012270,0.440310,0.198114,0.010107,0.447021,0.198220,0.009598,0.454068,0.199927,0.010780,0.459016,0.203519,0.012342,0.509785,0.203393,0.012053,0.512193,0.204688,0.011798,0.516512,0.205845,0.009766,0.523235,0.207643,0.008414,0.530367,0.208081,0.008551,0.537602,0.206710,0.010521,0.542289,0.204933,0.013273,0.545464,0.203325,0.015633,0.484334,0.188759,-0.009051,0.484344,0.201530,-0.016358,0.484363,0.213305,-0.024488,0.484355,0.224301,-0.033436,0.000000,0.000000,0.000000,0.000000,0.000000,0.000000,0.000000,0.000000,0.000000,0.000000,0.000000,0.000000,0.000000,0.000000,0.000000,0.000000,0.000000,0.000000,0.000000,0.000000,0.000000,0.000000,0.000000,0.000000,0.000000,0.000000,0.000000,0.000000,0.000000,0.000000,0.000000,0.000000,0.000000,0.000000,0.000000,0.000000,0.000000,0.000000,0.000000,0.000000,0.000000,0.000000,0.000000,0.000000,0.000000,0.000000,0.000000,0.000000,0.000000,0.000000,0.000000,0.000000,0.000000,0.000000,0.000000,0.000000,0.000000,0.000000,0.000000,0.000000,0.000000,0.000000,0.000000,0.000000,0.000000,0.000000,0.000000,0.000000,0.000000,0.000000,0.000000,0.000000,0.000000,0.000000,0.000000,0.000000,0.000000,0.000000,0.000000,0.000000,0.000000,0.000000,0.000000,0.000000,0.000000,0.000000,0.000000,0.000000,0.000000,0.000000,0.000000,0.000000,0.000000,0.000000,0.000000,0.000000,0.000000,0.000000,0.000000,0.000000,0.000000,0.000000,0.000000,0.000000,0.000000,0.000000,0.000000,0.000000,0.000000,0.000000,0.000000,0.000000,0.000000,0.000000,0.000000,0.000000,0.000000,0.000000,0.000000,0.000000,0.000000,0.000000,0.000000,0.000000,0.000000,0.000000
-0.006709,-2.541485,-2.256828,0.053758,-2.668690,-2.133834,0.095529,-2.666952,-2.134324,0.125178,-2.663292,-2.135102,-0.064814,-2.659278,-2.148168,-0.106243,-2.649764,-2.147726,-0.143572,-2.643021,-2.148951,0.174935,-2.591301,-1.243997,-0.180260,-2.569333,-1.254315,0.074165,-2.394776,-1.924087,-0.084091,-2.392290,-1.926924,0.501225,-1.737822,-0.555075,-0.450750,-1.769542,-0.859575,0.694756,-0.959105,-0.453372,-0.637010,-0.978068,-0.714132,0.771205,-0.182747,-1.487424,-0.727956,-0.185400,-1.786269,0.820146,0.044822,-1.750946,-0.782439,0.053118,-2.077085,0.742461,0.036889,-1.928150,-0.685955,0.047563,-2.308607,0.700964,-0.055257,-1.604430,-0.652042,-0.045753,-1.914709,0.314677,0.004807,-0.127258,-0.314677,-0.004807,0.127258,0.249942,1.421431,0.102040,-0.341928,1.441956,0.261050,0.199500,2.679126,1.687534,-0.357761,2.703874,1.363901,0.207277,2.878939,1.770700,-0.363527,2.903049,1.434341,0.090862,3.073972,0.542999,-0.294003,3.101219,0.004066,0.450433,0.333652,-0.002196,0.452209,0.328983,-0.008424,0.456687,0.323671,-0.015244,0.462843,0.316703,-0.021477,0.472825,0.310831,-0.026704,0.483008,0.311643,-0.028525,0.493410,0.309044,-0.027704,0.504805,0.313224,-0.023579,0.512453,0.318940,-0.018188,0.518285,0.323378,-0.012015,0.521034,0.327638,-0.006103,0.517311,0.331142,-0.011652,0.512049,0.334486,-0.018047,0.504393,0.339290,-0.022636,0.495036,0.343035,-0.025832,0.484828,0.344248,-0.025987,0.474941,0.344608,-0.024717,0.465921,0.342405,-0.020530,0.458721,0.338905,-0.015496,0.453913,0.336505,-0.008356,0.420372,0.211652,0.022673,0.422591,0.209873,0.018914,0.425385,0.207820,0.016007,0.429864,0.205072,0.013275,0.436622,0.203065,0.010927,0.443162,0.202920,0.010237,0.450068,0.203785,0.011331,0.454835,0.206459,0.012884,0.506354,0.205176,0.011330,0.508694,0.206283,0.011050,0.512868,0.207394,0.008937,0.519474,0.209195,0.007467,0.526532,0.209649,0.007464,0.533872,0.208366,0.009297,0.538686,0.206723,0.011893,0.542029,0.205234,0.014223,0.479847,0.191004,-0.008839,0.479720,0.203959,-0.016100,0.479620,0.215755,-0.024247,0.479487,0.226843,-0.033185,0.000000,0.000000,0.000000,0.000000,0.000000,0.000000,0.000000,0.000000,0.000000,0.000000,0.000000,0.000000,0.000000,0.000000,0.000000,0.000000,0.000000,0.000000,0.000000,0.000000,0.000000,0.000000,0.000000,0.000000,0.000000,0.000000,0.000000,0.000000,0.000000,0.000000,0.000000,0.000000,0.000000,0.000000,0.000000,0.000000,0.000000,0.000000,0.000000,0.000000,0.000000,0.000000,0.000000,0.000000,0.000000,0.000000,0.000000,0.000000,0.000000,0.000000,0.000000,0.000000,0.000000,0.000000,0.000000,0.000000,0.000000,0.000000,0.000000,0.000000,0.000000,0.000000,0.000000,0.000000,0.000000,0.000000,0.000000,0.000000,0.000000,0.000000,0.000000,0.000000,0.000000,0.000000,0.000000,0.000000,0.000000,0.000000,0.000000,0.000000,0.000000,0.000000,0.000000,0.000000,0.000000,0.000000,0.000000,0.000000,0.000000,0.000000,0.000000,0.000000,0.000000,0.000000,0.000000,0.000000,0.000000,0.000000,0.000000,0.000000,0.000000,0.000000,0.000000,0.000000,0.000000,0.000000,0.000000,0.000000,0.000000,0.000000,0.000000,0.000000,0.000000,0.000000,0.000000,0.000000,0.000000,0.000000,0.000000,0.000000,0.000000,0.000000,0.000000,0.000000,0.000000,0.000000
0.051829,-2.588107,-2.855027,0.116167,-2.724390,-2.666396,0.159800,-2.722503,-2.667279,0.192097,-2.718523,-2.665874,-0.009787,-2.714158,-2.664322,-0.052664,-2.703843,-2.663488,-0.089564,-2.695900,-2.665284,0.242448,-2.641846,-1.460146,-0.125400,-2.617986,-1.422492,0.135699,-2.428963,-2.406096,-0.025518,-2.421131,-2.403250,0.568050,-1.759952,-0.819010,-0.408953,-1.799196,-0.658419,0.831307,-0.682110,-1.862459,-0.811953,-0.873112,-1.852413,0.269673,-0.844744,-3.975588,-0.481735,-1.048822,-4.231486,0.177699,-0.845534,-4.382501,-0.309125,-1.152842,-4.651253,0.162686,-1.025122,-4.231715,-0.272699,-1.276372,-4.538712,0.111665,-1.098848,-3.956582,-0.284219,-1.235708,-4.230933,0.357689,0.022430,-0.181659,-0.357689,-0.022430,0.181659,0.297722,1.471743,0.018634,-0.411309,1.415278,0.373504,0.279019,2.719214,1.727155,-0.411156,2.694833,1.775493,0.290861,2.896605,1.796884,-0.432186,2.882334,1.872658,0.187797,3.160651,0.165934,-0.312267,3.119822,0.217183,0.446998,0.329505,-0.002525,0.448618,0.324995,-0.008655,0.452896,0.319611,-0.015386,0.458768,0.312517,-0.021529,0.468273,0.306525,-0.026755,0.478072,0.307032,-0.028727,0.488224,0.304515,-0.028050,0.499494,0.308659,-0.024240,0.507227,0.314349,-0.019194,0.513163,0.318717,-0.013276,0.515922,0.322781,-0.007532,0.512147,0.325911,-0.013071,0.506807,0.328775,-0.019317,0.499153,0.333171,-0.023757,0.489995,0.336647,-0.026704,0.480174,0.337857,-0.026652,0.470808,0.338467,-0.025295,0.462122,0.336708,-0.021059,0.455138,0.333816,-0.016023,0.450423,0.331963,-0.008836,0.415893,0.210061,0.024234,0.418002,0.207780,0.020471,0.420610,0.205315,0.017555,0.424949,0.202052,0.014736,0.431682,0.199651,0.012332,0.438333,0.199519,0.011564,0.445324,0.200879,0.012520,0.450270,0.204214,0.013940,0.500764,0.202142,0.011552,0.503230,0.203390,0.011209,0.507585,0.204409,0.009064,0.514369,0.206013,0.007496,0.521571,0.206246,0.007373,0.528876,0.204628,0.009151,0.533614,0.202635,0.011750,0.536833,0.200833,0.014046,0.474213,0.188265,-0.008255,0.474138,0.200830,-0.015615,0.474044,0.212436,-0.023796,0.473912,0.223351,-0.032784,0.233108,0.881600,-0.000000,0.293824,0.857875,-0.002507,0.354386,0.817477,-0.010440,0.405997,0.800185,-0.020941,0.446623,0.792299,-0.029025,0.336205,0.715148,-0.007677,0.398265,0.739494,-0.026706,0.392993,0.785441,-0.041225,0.374862,0.803447,-0.049215,0.314647,0.722229,-0.015240,0.375384,0.759911,-0.030206,0.364263,0.799721,-0.037831,0.341187,0.810024,-0.043642,0.298984,0.744481,-0.024083,0.356189,0.782857,-0.034655,0.344871,0.813565,-0.029575,0.323774,0.820476,-0.026582,0.287719,0.772508,-0.033547,0.336337,0.801736,-0.035626,0.328030,0.827547,-0.026370,0.311585,0.837095,-0.019956,0.309173,0.528896,-0.000000,0.276297,0.514475,-0.002562,0.251216,0.493566,-0.007527,0.236563,0.491662,-0.013842,0.227401,0.497288,-0.020935,0.268742,0.453902,-0.009169,0.258691,0.419174,-0.020079,0.251685,0.398207,-0.027095,0.247811,0.378724,-0.032174,0.278282,0.462227,-0.014328,0.248718,0.468202,-0.029466,0.243080,0.492219,-0.033656,0.247835,0.505285,-0.034601,0.284504,0.480393,-0.019935,0.253166,0.492322,-0.035010,0.251877,0.512692,-0.033594,0.259589,0.521605,-0.029378,0.287482,0.502118,-0.025519,0.260750,0.511804,-0.036306,0.259489,0.524590,-0.034709,0.266656,0.528973,-0.031104
0.098282,-2.359715,-2.159132,0.157096,-2.493727,-1.995661,0.196522,-2.495536,-1.995768,0.226489,-2.496468,-1.994264,0.037569,-2.481684,-1.972112,-0.003060,-2.476724,-1.971150,-0.040160,-2.471459,-1.971861,0.269668,-2.429420,-0.949225,-0.077035,-2.406128,-0.821523,0.176907,-2.212822,-1.785349,0.032631,-2.205084,-1.754893,0.548107,-1.654096,-0.532304,-0.359470,-1.684447,-0.113522,0.731565,-0.554096,-1.877155,-0.904381,-0.688105,-1.231994,0.218366,-1.126987,-3.933243,-0.411094,-1.340537,-3.353335,0.088933,-1.310514,-4.336004,-0.270117,-1.507462,-3.719351,0.106823,-1.446391,-4.111814,-0.216265,-1.603372,-3.430355,0.117365,-1.399523,-3.882543,-0.226241,-1.544760,-3.299330,0.349570,0.017776,-0.235919,-0.349570,-0.017776,0.235919,0.288929,1.400137,-0.001977,-0.378903,1.375302,0.760525,0.291642,2.582847,1.593794,-0.324596,2.578132,2.154002,0.310475,2.737741,1.670681,-0.338406,2.734382,2.259808,0.208918,3.000729,0.197986,-0.254110,2.996096,0.752448,0.444451,0.326033,-0.004282,0.446090,0.321225,-0.010201,0.450384,0.315503,-0.016724,0.456272,0.308031,-0.022689,0.465831,0.301634,-0.027752,0.475647,0.301978,-0.029722,0.485745,0.299287,-0.028950,0.496943,0.303450,-0.025230,0.504541,0.309317,-0.020274,0.510379,0.313923,-0.014493,0.513136,0.318235,-0.008949,0.509443,0.321419,-0.014529,0.504241,0.324461,-0.020775,0.496721,0.328997,-0.025199,0.487620,0.332613,-0.028163,0.477765,0.334045,-0.028183,0.468290,0.334729,-0.026861,0.459529,0.333082,-0.022691,0.452563,0.330248,-0.017698,0.447854,0.328402,-0.010619,0.413507,0.208473,0.025220,0.415601,0.206133,0.021552,0.418212,0.203619,0.018698,0.422527,0.200306,0.015943,0.429188,0.197840,0.013619,0.435790,0.197612,0.012869,0.442791,0.198782,0.013785,0.447752,0.201917,0.015146,0.498091,0.199440,0.012840,0.500555,0.200685,0.012470,0.504869,0.201718,0.010303,0.511582,0.203316,0.008740,0.518710,0.203576,0.008601,0.525955,0.202023,0.010395,0.530624,0.200108,0.013000,0.533793,0.198376,0.015318,0.471637,0.185200,-0.006539,0.471575,0.197168,-0.014145,0.471496,0.208133,-0.022537,0.471398,0.218492,-0.031794,0.279141,0.717638,0.000000,0.350498,0.689204,0.000148,0.397344,0.642201,-0.008141,0.435697,0.619443,-0.021608,0.468944,0.604939,-0.035244,0.349079,0.525694,0.000512,0.416367,0.528723,-0.019933,0.456577,0.520566,-0.037243,0.488242,0.507498,-0.050667,0.328393,0.524973,-0.013423,0.402001,0.560837,-0.038818,0.386989,0.599429,-0.047751,0.363148,0.599002,-0.051358,0.314943,0.546279,-0.028885,0.386249,0.590091,-0.051790,0.370676,0.629209,-0.046979,0.349142,0.627598,-0.040726,0.306230,0.580245,-0.045539,0.365207,0.613579,-0.059209,0.357135,0.642394,-0.053548,0.338494,0.643942,-0.047383,0.546137,0.825664,-0.000000,0.477249,0.779739,0.002047,0.444751,0.734913,-0.012467,0.423883,0.704026,-0.030978,0.416178,0.693391,-0.050933,0.496885,0.633793,-0.024967,0.489702,0.560618,-0.049067,0.478524,0.513359,-0.063173,0.471712,0.474433,-0.073500,0.517970,0.650126,-0.040086,0.447576,0.625283,-0.066408,0.427680,0.666141,-0.065203,0.433891,0.692544,-0.061607,0.524598,0.687172,-0.055523,0.446051,0.695282,-0.077168,0.438273,0.731531,-0.063494,0.453524,0.750648,-0.051296,0.520946,0.731683,-0.071600,0.454858,0.737203,-0.085841,0.444159,0.762320,-0.077351,0.452791,0.775728,-0.068575
0.093097,-2.278353,-1.917470,0.149091,-2.411235,-1.757008,0.186134,-2.413202,-1.757162,0.216564,-2.414685,-1.755743,0.035060,-2.398979,-1.728315,-0.004076,-2.394133,-1.727098,-0.039758,-2.388951,-1.727743,0.258114,-2.354769,-0.740823,-0.075925,-2.331268,-0.587517,0.168370,-2.138088,-1.555437,0.030251,-2.129174,-1.517644,0.531684,-1.599355,-0.400620,-0.336674,-1.635925,0.093967,0.709005,-0.518419,-1.810849,-0.874130,-0.665124,-1.020445,0.214992,-1.069823,-3.936720,-0.390330,-1.307847,-3.080166,0.095504,-1.240893,-4.352068,-0.257173,-1.482062,-3.438824,0.116870,-1.370226,-4.124551,-0.203111,-1.567821,-3.189898,0.122935,-1.326381,-3.887643,-0.210758,-1.508698,-3.021579,0.338763,0.018406,-0.247619,-0.338763,-0.018406,0.247619,0.279726,1.357682,-0.089039,-0.362524,1.332867,0.859298,0.279782,2.499218,1.375497,-0.300012,2.497783,2.337410,0.297599,2.644524,1.443809,-0.311070,2.645700,2.453259,0.193170,2.904917,0.006041,-0.237675,2.894948,0.989593,0.445096,0.325183,-0.003577,0.446945,0.320478,-0.009576,0.451570,0.315078,-0.016178,0.457797,0.307940,-0.022198,0.467568,0.301836,-0.027160,0.477540,0.302294,-0.028828,0.487574,0.299523,-0.027854,0.498613,0.303400,-0.023697,0.506212,0.308949,-0.018351,0.512062,0.313232,-0.012202,0.514871,0.317422,-0.006438,0.511276,0.320887,-0.012102,0.506152,0.324157,-0.018629,0.498700,0.328916,-0.023334,0.489596,0.332717,-0.026773,0.479656,0.334162,-0.027133,0.469914,0.334811,-0.025980,0.460927,0.333002,-0.021791,0.453638,0.329926,-0.016779,0.448680,0.327831,-0.009694,0.414221,0.206341,0.022660,0.416347,0.204040,0.019085,0.418991,0.201532,0.016316,0.423300,0.198227,0.013645,0.429962,0.195798,0.011483,0.436519,0.195622,0.010914,0.443471,0.196971,0.011990,0.448387,0.200273,0.013443,0.498096,0.198246,0.012485,0.500526,0.199455,0.012189,0.504794,0.200476,0.010128,0.511429,0.202029,0.008732,0.518440,0.202233,0.008767,0.525510,0.200667,0.010646,0.530066,0.198793,0.013302,0.533143,0.197142,0.015614,0.472558,0.184425,-0.007650,0.472711,0.196617,-0.015043,0.472853,0.207740,-0.023212,0.472955,0.218154,-0.032259,0.292699,0.697810,0.000000,0.363421,0.673280,0.000119,0.408711,0.628954,-0.008698,0.447208,0.603824,-0.022804,0.479276,0.583066,-0.036971,0.360247,0.510222,0.002641,0.424624,0.515228,-0.017714,0.464607,0.509262,-0.034168,0.496478,0.499746,-0.046771,0.342566,0.506434,-0.010913,0.418473,0.543784,-0.036484,0.401905,0.586607,-0.043933,0.377137,0.586859,-0.045925,0.332021,0.525245,-0.026233,0.403793,0.570183,-0.049298,0.386786,0.609838,-0.043189,0.364434,0.607129,-0.035850,0.325599,0.557047,-0.042708,0.383006,0.591772,-0.056186,0.372505,0.619145,-0.050054,0.351967,0.618056,-0.043564,0.547702,0.829213,-0.000000,0.478611,0.780084,0.004287,0.446376,0.735194,-0.010582,0.424604,0.702997,-0.029997,0.416609,0.693865,-0.050129,0.498823,0.635771,-0.023516,0.490068,0.561986,-0.048751,0.472438,0.522763,-0.061737,0.460791,0.494083,-0.070553,0.519828,0.653144,-0.039903,0.442226,0.645364,-0.067081,0.430183,0.692326,-0.063657,0.444501,0.714230,-0.058861,0.525729,0.690606,-0.056948,0.446121,0.706942,-0.078795,0.444603,0.741981,-0.063350,0.464378,0.755084,-0.050731,0.521336,0.733425,-0.074525,0.453726,0.741135,-0.088981,0.443239,0.765182,-0.080422,0.451609,0.776548,-0.071904
0.101547,-2.276444,-2.030859,0.158960,-2.413549,-1.871118,0.196280,-2.416199,-1.871074,0.225737,-2.418271,-1.869544,0.043864,-2.401826,-1.839222,0.004854,-2.397843,-1.838093,-0.031688,-2.393194,-1.838569,0.268746,-2.358770,-0.846319,-0.067447,-2.336360,-0.687751,0.177139,-2.138731,-1.664585,0.038443,-2.130401,-1.624581,0.537522,-1.597839,-0.505771,-0.326111,-1.653939,-0.004923,0.712936,-0.509478,-1.935449,-0.867853,-0.672569,-1.182862,0.227836,-1.089179,-4.039041,-0.362147,-1.315744,-3.217606,0.113599,-1.267420,-4.458382,-0.221013,-1.488400,-3.584032,0.131156,-1.398441,-4.225364,-0.174848,-1.579451,-3.329853,0.137604,-1.353995,-3.987925,-0.181409,-1.522547,-3.173326,0.339067,0.021360,-0.239535,-0.339067,-0.021360,0.239535,0.280307,1.367332,0.062636,-0.359213,1.339523,0.914163,0.282342,2.507119,1.660578,-0.308117,2.504318,2.462089,0.298279,2.653584,1.745499,-0.322225,2.653076,2.585902,0.191026,2.916344,0.306940,-0.243664,2.909172,1.109406,0.447683,0.324763,-0.004172,0.449500,0.320006,-0.010134,0.454086,0.314495,-0.016723,0.460312,0.307267,-0.022724,0.470165,0.301097,-0.027683,0.480189,0.301635,-0.029381,0.490327,0.298989,-0.028397,0.501483,0.303137,-0.024252,0.509113,0.308912,-0.018930,0.514962,0.313380,-0.012802,0.517732,0.317656,-0.007071,0.514111,0.321019,-0.012821,0.508941,0.324127,-0.019415,0.501419,0.328715,-0.024162,0.492241,0.332375,-0.027641,0.482232,0.333699,-0.027992,0.472472,0.334295,-0.026814,0.463474,0.332474,-0.022587,0.456180,0.329433,-0.017536,0.451240,0.327386,-0.010377,0.417051,0.205879,0.023224,0.419212,0.203619,0.019648,0.421895,0.201173,0.016881,0.426255,0.197961,0.014220,0.432948,0.195615,0.012063,0.439489,0.195486,0.011486,0.446396,0.196777,0.012571,0.451248,0.199971,0.014013,0.501507,0.198268,0.013071,0.503944,0.199501,0.012771,0.508207,0.200565,0.010683,0.514828,0.202199,0.009271,0.521850,0.202487,0.009309,0.528963,0.201039,0.011201,0.533550,0.199243,0.013881,0.536662,0.197642,0.016215,0.475681,0.184110,-0.007099,0.475768,0.196235,-0.014631,0.475852,0.207303,-0.022941,0.475894,0.217670,-0.032130,0.300678,0.689135,0.000000,0.370515,0.667005,0.001640,0.416346,0.622419,-0.005991,0.455905,0.598146,-0.019059,0.488366,0.577209,-0.032253,0.368590,0.503983,0.004553,0.431940,0.506851,-0.015056,0.472197,0.500049,-0.030911,0.503709,0.490216,-0.043063,0.351201,0.498369,-0.009268,0.426516,0.532522,-0.034450,0.411005,0.577404,-0.041516,0.386743,0.579707,-0.042975,0.340917,0.514797,-0.024774,0.411522,0.557846,-0.047618,0.395457,0.599114,-0.041378,0.373502,0.597436,-0.033781,0.334731,0.544784,-0.041254,0.391338,0.578913,-0.054421,0.381252,0.607522,-0.048262,0.360840,0.607240,-0.041751,0.550359,0.828047,-0.000000,0.483248,0.778936,0.003241,0.451929,0.733324,-0.011620,0.431134,0.700752,-0.030721,0.422416,0.688826,-0.050382,0.506774,0.635858,-0.024725,0.497512,0.560510,-0.050137,0.480775,0.521126,-0.063277,0.470608,0.492193,-0.072116,0.527179,0.652940,-0.040419,0.450939,0.638705,-0.067568,0.437226,0.685646,-0.064417,0.451045,0.708411,-0.059734,0.532255,0.689251,-0.056773,0.453266,0.700031,-0.078325,0.449461,0.735447,-0.062896,0.468020,0.749929,-0.050362,0.526796,0.731175,-0.073750,0.460707,0.734119,-0.087785,0.449092,0.757837,-0.079036,0.456650,0.770277,-0.070441
0.030956,-2.643803,-2.071285,0.097678,-2.770982,-1.967863,0.140090,-2.766293,-1.968172,0.171778,-2.761611,-1.969653,-0.029568,-2.766754,-1.958123,-0.072544,-2.757823,-1.957091,-0.107489,-2.749422,-1.957960,0.223528,-2.682279,-1.146057,-0.142637,-2.669293,-1.023888,0.117034,-2.482222,-1.788669,-0.049512,-2.487814,-1.753529,0.573071,-1.762023,-0.648650,-0.422193,-1.848338,-0.676251,0.750753,-0.902182,-0.593874,-0.616544,-1.023987,-0.738815,0.775407,-0.082371,-1.413301,-0.714195,-0.276434,-2.031013,0.803436,0.178077,-1.672612,-0.766643,-0.033251,-2.337517,0.698350,0.147826,-1.807643,-0.664725,-0.048710,-2.537879,0.670633,0.038108,-1.507476,-0.631258,-0.143467,-2.158015,0.332897,0.016424,-0.155019,-0.332897,-0.016424,0.155019,0.283871,1.481890,0.063835,-0.342037,1.470969,0.466974,0.224635,2.785178,1.748035,-0.349459,2.784239,1.706168,0.231128,2.994362,1.830961,-0.354420,3.006264,1.795121,0.092390,3.203501,0.479117,-0.290813,3.185237,0.408922,0.444150,0.318476,-0.005789,0.445930,0.313441,-0.011665,0.450616,0.307526,-0.018314,0.457026,0.299842,-0.024441,0.467206,0.293324,-0.029631,0.477454,0.293869,-0.031659,0.487982,0.291391,-0.030856,0.499526,0.296103,-0.027040,0.507350,0.302486,-0.021939,0.513377,0.307510,-0.016021,0.516184,0.312193,-0.010540,0.512334,0.315436,-0.016455,0.506866,0.318407,-0.023176,0.498916,0.322784,-0.027968,0.489350,0.326162,-0.031270,0.479058,0.327287,-0.031400,0.469071,0.327765,-0.029969,0.459912,0.325906,-0.025413,0.452613,0.322922,-0.020027,0.447670,0.321010,-0.012482,0.415270,0.198026,0.027345,0.417495,0.195704,0.023632,0.420269,0.193236,0.020742,0.424767,0.190037,0.017986,0.431607,0.187752,0.015634,0.438302,0.187697,0.014854,0.445404,0.188942,0.015740,0.450389,0.192094,0.017108,0.501845,0.190993,0.014556,0.504399,0.192354,0.014181,0.508799,0.193555,0.011897,0.515626,0.195376,0.010250,0.522892,0.195817,0.010063,0.530267,0.194496,0.011894,0.535022,0.192788,0.014580,0.538240,0.191245,0.016969,0.475206,0.174768,-0.004848,0.474962,0.187078,-0.013033,0.474717,0.198017,-0.021975,0.474473,0.208257,-0.031857,0.000000,0.000000,0.000000,0.000000,0.000000,0.000000,0.000000,0.000000,0.000000,0.000000,0.000000,0.000000,0.000000,0.000000,0.000000,0.000000,0.000000,0.000000,0.000000,0.000000,0.000000,0.000000,0.000000,0.000000,0.000000,0.000000,0.000000,0.000000,0.000000,0.000000,0.000000,0.000000,0.000000,0.000000,0.000000,0.000000,0.000000,0.000000,0.000000,0.000000,0.000000,0.000000,0.000000,0.000000,0.000000,0.000000,0.000000,0.000000,0.000000,0.000000,0.000000,0.000000,0.000000,0.000000,0.000000,0.000000,0.000000,0.000000,0.000000,0.000000,0.000000,0.000000,0.000000,0.000000,0.000000,0.000000,0.000000,0.000000,0.000000,0.000000,0.000000,0.000000,0.000000,0.000000,0.000000,0.000000,0.000000,0.000000,0.000000,0.000000,0.000000,0.000000,0.000000,0.000000,0.000000,0.000000,0.000000,0.000000,0.000000,0.000000,0.000000,0.000000,0.000000,0.000000,0.000000,0.000000,0.000000,0.000000,0.000000,0.000000,0.000000,0.000000,0.000000,0.000000,0.000000,0.000000,0.000000,0.000000,0.000000,0.000000,0.000000,0.000000,0.000000,0.000000,0.000000,0.000000,0.000000,0.000000,0.000000,0.000000,0.000000,0.000000,0.000000,0.000000,0.000000,0.000000
0.035825,-2.619014,-2.090951,0.104493,-2.748264,-1.973848,0.149800,-2.746307,-1.974021,0.181566,-2.742057,-1.975296,-0.025205,-2.744061,-1.968275,-0.069933,-2.734795,-1.967665,-0.101994,-2.725798,-1.968449,0.235807,-2.662248,-1.148576,-0.138979,-2.648159,-1.065516,0.119296,-2.461194,-1.779645,-0.046377,-2.462522,-1.753970,0.570578,-1.749035,-0.643702,-0.416856,-1.827846,-0.779673,0.766594,-0.980668,-0.575805,-0.611728,-1.054061,-0.757831,0.891289,-0.059627,-1.401382,-0.701292,-0.222909,-1.876217,0.963202,0.203357,-1.660576,-0.761670,0.015355,-2.155379,0.854163,0.204331,-1.832225,-0.662203,0.014173,-2.362031,0.809046,0.096027,-1.512389,-0.627112,-0.077241,-2.001288,0.321540,0.022339,-0.140527,-0.321540,-0.022339,0.140527,0.265595,1.469890,0.089494,-0.334974,1.452566,0.477604,0.206203,2.764099,1.704964,-0.366360,2.748091,1.755311,0.217019,2.972428,1.797632,-0.377754,2.958568,1.847443,0.083303,3.167593,0.550370,-0.308248,3.163043,0.445169,0.443569,0.333377,-0.000125,0.445175,0.328823,-0.006796,0.449540,0.323500,-0.014061,0.455586,0.316443,-0.020708,0.465523,0.310363,-0.026510,0.475846,0.310950,-0.028684,0.486531,0.308256,-0.028203,0.498358,0.312459,-0.024223,0.506363,0.318125,-0.018973,0.512537,0.322423,-0.012744,0.515406,0.326572,-0.006600,0.511636,0.329991,-0.012082,0.506175,0.333307,-0.018329,0.498213,0.338238,-0.022678,0.488578,0.342148,-0.025259,0.478141,0.343451,-0.024996,0.468153,0.343917,-0.023529,0.459030,0.341702,-0.019242,0.451760,0.338297,-0.014075,0.446986,0.336054,-0.006664,0.410786,0.208155,0.024778,0.412978,0.206200,0.020644,0.415773,0.204005,0.017462,0.420373,0.201063,0.014360,0.427424,0.198800,0.011639,0.434363,0.198516,0.010619,0.441612,0.199366,0.011553,0.446642,0.202166,0.013131,0.500139,0.199027,0.009499,0.502654,0.200206,0.009146,0.507128,0.201322,0.006875,0.514172,0.203054,0.005138,0.521719,0.203348,0.004921,0.529466,0.201661,0.006609,0.534547,0.199553,0.009182,0.538087,0.197641,0.011496,0.471920,0.185164,-0.010690,0.471788,0.199284,-0.017965,0.471627,0.211866,-0.026235,0.471443,0.223577,-0.035263,0.000000,0.000000,0.000000,0.000000,0.000000,0.000000,0.000000,0.000000,0.000000,0.000000,0.000000,0.000000,0.000000,0.000000,0.000000,0.000000,0.000000,0.000000,0.000000,0.000000,0.000000,0.000000,0.000000,0.000000,0.000000,0.000000,0.000000,0.000000,0.000000,0.000000,0.000000,0.000000,0.000000,0.000000,0.000000,0.000000,0.000000,0.000000,0.000000,0.000000,0.000000,0.000000,0.000000,0.000000,0.000000,0.000000,0.000000,0.000000,0.000000,0.000000,0.000000,0.000000,0.000000,0.000000,0.000000,0.000000,0.000000,0.000000,0.000000,0.000000,0.000000,0.000000,0.000000,0.000000,0.000000,0.000000,0.000000,0.000000,0.000000,0.000000,0.000000,0.000000,0.000000,0.000000,0.000000,0.000000,0.000000,0.000000,0.000000,0.000000,0.000000,0.000000,0.000000,0.000000,0.000000,0.000000,0.000000,0.000000,0.000000,0.000000,0.000000,0.000000,0.000000,0.000000,0.000000,0.000000,0.000000,0.000000,0.000000,0.000000,0.000000,0.000000,0.000000,0.000000,0.000000,0.000000,0.000000,0.000000,0.000000,0.000000,0.000000,0.000000,0.000000,0.000000,0.000000,0.000000,0.000000,0.000000,0.000000,0.000000,0.000000,0.000000,0.000000,0.000000,0.000000,0.000000
0.023973,-2.658256,-2.573330,0.090877,-2.793915,-2.423561,0.136146,-2.793662,-2.424152,0.167415,-2.790895,-2.425136,-0.041520,-2.784799,-2.413614,-0.087019,-2.773481,-2.412697,-0.120013,-2.763579,-2.413749,0.218755,-2.715031,-1.422107,-0.158106,-2.684172,-1.326900,0.106445,-2.503969,-2.202325,-0.058264,-2.492977,-2.173418,0.555927,-1.809065,-0.809643,-0.441306,-1.867568,-0.855519,0.728872,-0.986441,-0.647663,-0.664933,-0.999813,-0.780310,0.882924,-0.065154,-1.689396,-0.826321,-0.110133,-2.076952,0.968108,0.206691,-1.975145,-0.900806,0.141056,-2.389287,0.881342,0.230132,-2.187297,-0.808906,0.155699,-2.684377,0.828151,0.125365,-1.818597,-0.766914,0.062681,-2.236704,0.331119,0.003691,-0.167248,-0.331119,-0.003691,0.167248,0.296981,1.486809,0.207455,-0.327806,1.518163,0.621030,0.296478,2.790386,2.098948,-0.311818,2.829182,2.146604,0.314409,3.008508,2.205941,-0.322615,3.042417,2.252898,0.194229,3.207004,0.790908,-0.217388,3.261971,0.659412,0.442717,0.331534,0.001513,0.444072,0.326858,-0.005366,0.448005,0.321270,-0.012787,0.453573,0.313856,-0.019592,0.463157,0.307344,-0.025582,0.473385,0.307496,-0.027945,0.484047,0.304174,-0.027614,0.496125,0.307724,-0.023828,0.504337,0.313055,-0.018597,0.510629,0.317149,-0.012426,0.513658,0.321186,-0.006153,0.509882,0.324751,-0.011427,0.504463,0.328403,-0.017329,0.496652,0.333802,-0.021488,0.487139,0.338243,-0.023890,0.476748,0.340132,-0.023369,0.466913,0.341067,-0.021775,0.457915,0.339300,-0.017388,0.450827,0.336116,-0.012256,0.446144,0.334032,-0.004947,0.407522,0.208094,0.024593,0.409670,0.206271,0.020404,0.412412,0.204147,0.017161,0.416897,0.201163,0.013983,0.423787,0.198624,0.011130,0.430574,0.197850,0.010046,0.437721,0.197956,0.011034,0.442695,0.200123,0.012582,0.496018,0.194103,0.008286,0.498442,0.195017,0.007893,0.502790,0.195812,0.005619,0.509798,0.197195,0.003883,0.517253,0.197169,0.003619,0.525032,0.195165,0.005235,0.530181,0.192939,0.007655,0.533789,0.190947,0.009915,0.466971,0.182842,-0.011947,0.466967,0.196277,-0.018939,0.466959,0.208820,-0.026920,0.466912,0.220708,-0.035642,0.000000,0.000000,0.000000,0.000000,0.000000,0.000000,0.000000,0.000000,0.000000,0.000000,0.000000,0.000000,0.000000,0.000000,0.000000,0.000000,0.000000,0.000000,0.000000,0.000000,0.000000,0.000000,0.000000,0.000000,0.000000,0.000000,0.000000,0.000000,0.000000,0.000000,0.000000,0.000000,0.000000,0.000000,0.000000,0.000000,0.000000,0.000000,0.000000,0.000000,0.000000,0.000000,0.000000,0.000000,0.000000,0.000000,0.000000,0.000000,0.000000,0.000000,0.000000,0.000000,0.000000,0.000000,0.000000,0.000000,0.000000,0.000000,0.000000,0.000000,0.000000,0.000000,0.000000,0.000000,0.000000,0.000000,0.000000,0.000000,0.000000,0.000000,0.000000,0.000000,0.000000,0.000000,0.000000,0.000000,0.000000,0.000000,0.000000,0.000000,0.000000,0.000000,0.000000,0.000000,0.000000,0.000000,0.000000,0.000000,0.000000,0.000000,0.000000,0.000000,0.000000,0.000000,0.000000,0.000000,0.000000,0.000000,0.000000,0.000000,0.000000,0.000000,0.000000,0.000000,0.000000,0.000000,0.000000,0.000000,0.000000,0.000000,0.000000,0.000000,0.000000,0.000000,0.000000,0.000000,0.000000,0.000000,0.000000,0.000000,0.000000,0.000000,0.000000,0.000000,0.000000,0.000000
