-0.004747,-2.657307,-2.649317,0.066129,-2.796835,-2.504751,0.109378,-2.793433,-2.505409,0.145775,-2.789991,-2.505743,-0.077772,-2.795643,-2.515667,-0.126512,-2.792478,-2.515566,-0.161084,-2.786964,-2.517099,0.211748,-2.713052,-1.621402,-0.192731,-2.704325,-1.625760,0.084785,-2.483901,-2.315194,-0.086283,-2.467290,-2.316312,0.543106,-1.777729,-1.000098,-0.449383,-1.829551,-1.110913,0.730996,-0.814342,-0.939038,-0.695279,-0.802071,-0.901546,0.732753,-0.022416,-1.829326,-0.770553,0.067190,-1.826380,0.791135,0.247648,-2.097352,-0.812872,0.318303,-2.119423,0.683221,0.246978,-2.277340,-0.740113,0.290490,-2.351885,0.640381,0.135696,-1.945923,-0.699643,0.190808,-1.958036,0.338429,0.006055,-0.034948,-0.338429,-0.006055,0.034948,0.275083,1.479690,-0.097400,-0.334930,1.425794,-0.607940,0.203612,2.770730,1.304082,-0.425221,2.798245,0.344219,0.216068,2.977454,1.361519,-0.440715,3.046002,0.383630,0.061923,3.227819,0.026071,-0.373945,3.210486,-1.171612,0.490873,0.367143,-0.004778,0.492408,0.362939,-0.009810,0.496457,0.357909,-0.015310,0.502092,0.351450,-0.020301,0.510951,0.345868,-0.024358,0.519933,0.346138,-0.025721,0.528879,0.343824,-0.024734,0.538490,0.347360,-0.021043,0.544992,0.352416,-0.016416,0.549807,0.356438,-0.011123,0.551940,0.360216,-0.006148,0.548864,0.363168,-0.011269,0.544473,0.365827,-0.017007,0.538089,0.369668,-0.021129,0.530268,0.372703,-0.024150,0.521772,0.373895,-0.024553,0.513287,0.374512,-0.023738,0.505313,0.373235,-0.020406,0.498694,0.370914,-0.016172,0.494169,0.369365,-0.010127,0.462554,0.263232,0.019715,0.464592,0.261275,0.016560,0.467052,0.259097,0.014181,0.471008,0.256294,0.011901,0.476941,0.254208,0.010143,0.482702,0.254047,0.009671,0.488850,0.255149,0.010701,0.493255,0.257927,0.012010,0.537359,0.256317,0.012079,0.539478,0.257409,0.011825,0.543244,0.258400,0.010038,0.549147,0.259898,0.008845,0.555421,0.260183,0.008948,0.561784,0.258870,0.010692,0.565880,0.257203,0.013155,0.568692,0.255749,0.015260,0.515260,0.243879,-0.005890,0.515531,0.254674,-0.012510,0.515843,0.264733,-0.019821,0.516100,0.274180,-0.027829,0.000000,0.000000,0.000000,0.000000,0.000000,0.000000,0.000000,0.000000,0.000000,0.000000,0.000000,0.000000,0.000000,0.000000,0.000000,0.000000,0.000000,0.000000,0.000000,0.000000,0.000000,0.000000,0.000000,0.000000,0.000000,0.000000,0.000000,0.000000,0.000000,0.000000,0.000000,0.000000,0.000000,0.000000,0.000000,0.000000,0.000000,0.000000,0.000000,0.000000,0.000000,0.000000,0.000000,0.000000,0.000000,0.000000,0.000000,0.000000,0.000000,0.000000,0.000000,0.000000,0.000000,0.000000,0.000000,0.000000,0.000000,0.000000,0.000000,0.000000,0.000000,0.000000,0.000000,0.000000,0.000000,0.000000,0.000000,0.000000,0.000000,0.000000,0.000000,0.000000,0.000000,0.000000,0.000000,0.000000,0.000000,0.000000,0.000000,0.000000,0.000000,0.000000,0.000000,0.000000,0.000000,0.000000,0.000000,0.000000,0.000000,0.000000,0.000000,0.000000,0.000000,0.000000,0.000000,0.000000,0.000000,0.000000,0.000000,0.000000,0.000000,0.000000,0.000000,0.000000,0.000000,0.000000,0.000000,0.000000,0.000000,0.000000,0.000000,0.000000,0.000000,0.000000,0.000000,0.000000,0.000000,0.000000,0.000000,0.000000,0.000000,0.000000,0.000000,0.000000,0.000000,0.000000
-0.000387,-2.652699,-2.896322,0.069307,-2.791445,-2.738179,0.114626,-2.786597,-2.738310,0.148077,-2.781855,-2.738981,-0.072447,-2.791687,-2.750110,-0.119432,-2.786601,-2.749611,-0.152201,-2.779967,-2.750627,0.210611,-2.705727,-1.761372,-0.188548,-2.692934,-1.764384,0.087526,-2.483835,-2.538301,-0.082224,-2.475574,-2.537703,0.530100,-1.780529,-1.125176,-0.456212,-1.796121,-1.289278,0.714995,-0.803352,-0.846620,-0.674442,-0.798689,-1.102054,0.807170,0.108774,-1.611587,-0.810901,0.132708,-2.131677,0.891135,0.392979,-1.855772,-0.875552,0.378480,-2.421946,0.785560,0.414668,-2.053217,-0.790204,0.377969,-2.698684,0.734215,0.297733,-1.733104,-0.750440,0.278304,-2.279767,0.337282,-0.000739,-0.166666,-0.337282,0.000739,0.166666,0.283071,1.503685,0.205838,-0.335612,1.496923,0.568301,0.221229,2.815736,2.220710,-0.379243,2.840177,2.071312,0.232062,3.033030,2.340940,-0.397320,3.079437,2.176274,0.108189,3.256515,0.961014,-0.306305,3.267353,0.591701,0.489440,0.363027,-0.006307,0.491029,0.358951,-0.011096,0.495208,0.354075,-0.016471,0.500924,0.347669,-0.021329,0.509769,0.342061,-0.025278,0.518699,0.342281,-0.026603,0.527570,0.339949,-0.025565,0.537207,0.343493,-0.021942,0.543813,0.348431,-0.017397,0.548801,0.352305,-0.012173,0.551045,0.355948,-0.007433,0.547866,0.358871,-0.012749,0.543369,0.361469,-0.018796,0.536881,0.365264,-0.023112,0.528995,0.368315,-0.026357,0.520488,0.369490,-0.026883,0.512035,0.370198,-0.026023,0.504046,0.368991,-0.022483,0.497380,0.366757,-0.018109,0.492788,0.365237,-0.011812,0.461541,0.259078,0.020897,0.463491,0.256759,0.017867,0.465864,0.254274,0.015540,0.469731,0.251073,0.013363,0.475658,0.248775,0.011666,0.481466,0.248715,0.011269,0.487630,0.250253,0.012166,0.492066,0.253573,0.013407,0.535917,0.251840,0.013445,0.538101,0.253022,0.013199,0.541953,0.254000,0.011359,0.547881,0.255345,0.010153,0.554124,0.255479,0.010229,0.560334,0.254016,0.012003,0.564294,0.252223,0.014504,0.566959,0.250630,0.016630,0.513702,0.238707,-0.004059,0.514049,0.249813,-0.011027,0.514393,0.259758,-0.018613,0.514700,0.269018,-0.026990,0.000000,0.000000,0.000000,0.000000,0.000000,0.000000,0.000000,0.000000,0.000000,0.000000,0.000000,0.000000,0.000000,0.000000,0.000000,0.000000,0.000000,0.000000,0.000000,0.000000,0.000000,0.000000,0.000000,0.000000,0.000000,0.000000,0.000000,0.000000,0.000000,0.000000,0.000000,0.000000,0.000000,0.000000,0.000000,0.000000,0.000000,0.000000,0.000000,0.000000,0.000000,0.000000,0.000000,0.000000,0.000000,0.000000,0.000000,0.000000,0.000000,0.000000,0.000000,0.000000,0.000000,0.000000,0.000000,0.000000,0.000000,0.000000,0.000000,0.000000,0.000000,0.000000,0.000000,0.000000,0.000000,0.000000,0.000000,0.000000,0.000000,0.000000,0.000000,0.000000,0.000000,0.000000,0.000000,0.000000,0.000000,0.000000,0.000000,0.000000,0.000000,0.000000,0.000000,0.000000,0.000000,0.000000,0.000000,0.000000,0.000000,0.000000,0.000000,0.000000,0.000000,0.000000,0.000000,0.000000,0.000000,0.000000,0.000000,0.000000,0.000000,0.000000,0.000000,0.000000,0.000000,0.000000,0.000000,0.000000,0.000000,0.000000,0.000000,0.000000,0.000000,0.000000,0.000000,0.000000,0.000000,0.000000,0.000000,0.000000,0.000000,0.000000,0.000000,0.000000,0.000000,0.000000
0.057913,-2.591510,-2.339067,0.129615,-2.718439,-2.214370,0.173309,-2.713480,-2.214178,0.204327,-2.706318,-2.214921,-0.004427,-2.724607,-2.218152,-0.049967,-2.721890,-2.217454,-0.084788,-2.716995,-2.218173,0.264440,-2.631256,-1.375025,-0.117054,-2.641060,-1.339582,0.141084,-2.439516,-2.028829,-0.025253,-2.441797,-2.015671,0.570679,-1.762102,-0.907000,-0.427203,-1.773697,-0.970997,0.772282,-0.826723,-0.759480,-0.688104,-0.874952,-0.790035,0.821352,0.044958,-1.552367,-0.839249,0.037000,-1.722376,0.883211,0.308078,-1.818297,-0.915599,0.279912,-1.960516,0.763098,0.322326,-1.940441,-0.818493,0.286716,-2.207513,0.721161,0.220738,-1.638344,-0.772160,0.196259,-1.849109,0.334955,0.016611,-0.177256,-0.334955,-0.016611,0.177256,0.245533,1.472167,0.034462,-0.376960,1.467698,0.493830,0.176604,2.760933,1.695882,-0.421237,2.752483,1.734986,0.187163,2.969966,1.798326,-0.443834,2.955402,1.821585,0.059980,3.176735,0.661597,-0.352763,3.185267,0.409081,0.490597,0.375130,-0.001147,0.492113,0.371802,-0.006342,0.495914,0.367855,-0.012002,0.501142,0.362624,-0.017135,0.509311,0.358529,-0.021534,0.517460,0.359677,-0.023155,0.526021,0.358338,-0.022645,0.535211,0.362463,-0.019443,0.541386,0.367539,-0.015266,0.546134,0.371388,-0.010328,0.548240,0.374708,-0.005432,0.544913,0.376877,-0.010055,0.540254,0.378696,-0.015209,0.533664,0.381569,-0.018842,0.525936,0.383611,-0.021175,0.517845,0.383809,-0.021077,0.510163,0.383685,-0.020005,0.503060,0.381744,-0.016552,0.497318,0.379028,-0.012400,0.493389,0.377291,-0.006415,0.469101,0.271532,0.019680,0.470915,0.269691,0.016497,0.473154,0.267689,0.014032,0.476943,0.265125,0.011610,0.482805,0.263543,0.009569,0.488547,0.264014,0.008899,0.494437,0.266004,0.009691,0.498555,0.269573,0.010895,0.541087,0.271527,0.008752,0.543049,0.272716,0.008447,0.546652,0.273856,0.006667,0.552322,0.275658,0.005321,0.558409,0.276367,0.005216,0.564689,0.275425,0.006672,0.568838,0.273948,0.008837,0.571721,0.272500,0.010734,0.519417,0.258933,-0.008116,0.518790,0.269801,-0.014091,0.518232,0.279986,-0.020750,0.517662,0.289587,-0.028048,0.000000,0.000000,0.000000,0.000000,0.000000,0.000000,0.000000,0.000000,0.000000,0.000000,0.000000,0.000000,0.000000,0.000000,0.000000,0.000000,0.000000,0.000000,0.000000,0.000000,0.000000,0.000000,0.000000,0.000000,0.000000,0.000000,0.000000,0.000000,0.000000,0.000000,0.000000,0.000000,0.000000,0.000000,0.000000,0.000000,0.000000,0.000000,0.000000,0.000000,0.000000,0.000000,0.000000,0.000000,0.000000,0.000000,0.000000,0.000000,0.000000,0.000000,0.000000,0.000000,0.000000,0.000000,0.000000,0.000000,0.000000,0.000000,0.000000,0.000000,0.000000,0.000000,0.000000,0.000000,0.000000,0.000000,0.000000,0.000000,0.000000,0.000000,0.000000,0.000000,0.000000,0.000000,0.000000,0.000000,0.000000,0.000000,0.000000,0.000000,0.000000,0.000000,0.000000,0.000000,0.000000,0.000000,0.000000,0.000000,0.000000,0.000000,0.000000,0.000000,0.000000,0.000000,0.000000,0.000000,0.000000,0.000000,0.000000,0.000000,0.000000,0.000000,0.000000,0.000000,0.000000,0.000000,0.000000,0.000000,0.000000,0.000000,0.000000,0.000000,0.000000,0.000000,0.000000,0.000000,0.000000,0.000000,0.000000,0.000000,0.000000,0.000000,0.000000,0.000000,0.000000,0.000000
0.022968,-2.643039,-2.209221,0.094232,-2.762891,-2.063250,0.138145,-2.758138,-2.063060,0.170318,-2.750559,-2.063681,-0.033683,-2.769320,-2.049675,-0.078479,-2.767573,-2.048331,-0.116109,-2.762440,-2.049044,0.225896,-2.673284,-1.152375,-0.148626,-2.684856,-1.051417,0.101615,-2.491333,-1.881266,-0.060769,-2.496428,-1.848404,0.535309,-1.807573,-0.703524,-0.464049,-1.819149,-0.724004,0.760764,-0.860412,-0.507716,-0.645126,-0.958822,-0.707822,0.809458,0.054817,-1.246013,-0.775462,-0.033108,-1.965405,0.899975,0.353561,-1.481862,-0.865637,0.219581,-2.257384,0.783515,0.392800,-1.655103,-0.769080,0.236002,-2.543156,0.730961,0.276968,-1.353006,-0.718539,0.140753,-2.123982,0.325196,0.009024,-0.255038,-0.325196,-0.009024,0.255038,0.250891,1.473475,-0.212510,-0.364716,1.477494,0.577870,0.183117,2.787954,1.423908,-0.398886,2.762399,1.892382,0.195784,2.996016,1.505650,-0.415304,2.965134,1.978164,0.061280,3.183971,0.143042,-0.338212,3.170474,0.456697,0.484733,0.379983,-0.001024,0.486090,0.376789,-0.005925,0.489686,0.373051,-0.011201,0.494713,0.368114,-0.016010,0.502741,0.364207,-0.020141,0.510645,0.365343,-0.021577,0.518885,0.364118,-0.021022,0.527595,0.368134,-0.017849,0.533254,0.373005,-0.013764,0.537486,0.376730,-0.009024,0.539281,0.379952,-0.004380,0.536251,0.382106,-0.008719,0.532039,0.383996,-0.013549,0.525974,0.386838,-0.016959,0.518694,0.388866,-0.019089,0.510971,0.389033,-0.019062,0.503486,0.388791,-0.018143,0.496644,0.386737,-0.015121,0.491141,0.383931,-0.011330,0.487416,0.382128,-0.005864,0.464430,0.282626,0.017386,0.466319,0.281665,0.014298,0.468687,0.280482,0.011963,0.472432,0.278910,0.009723,0.477849,0.277870,0.007826,0.482974,0.278018,0.007212,0.488370,0.278642,0.008128,0.492029,0.280523,0.009435,0.533555,0.282121,0.008033,0.535304,0.283027,0.007803,0.538476,0.284124,0.006128,0.543567,0.285938,0.004914,0.549115,0.286769,0.004913,0.555050,0.286262,0.006321,0.559018,0.285319,0.008324,0.561873,0.284439,0.010129,0.512845,0.270040,-0.008030,0.512280,0.280612,-0.013590,0.511773,0.290334,-0.019855,0.511283,0.299445,-0.026684,0.000000,0.000000,0.000000,0.000000,0.000000,0.000000,0.000000,0.000000,0.000000,0.000000,0.000000,0.000000,0.000000,0.000000,0.000000,0.000000,0.000000,0.000000,0.000000,0.000000,0.000000,0.000000,0.000000,0.000000,0.000000,0.000000,0.000000,0.000000,0.000000,0.000000,0.000000,0.000000,0.000000,0.000000,0.000000,0.000000,0.000000,0.000000,0.000000,0.000000,0.000000,0.000000,0.000000,0.000000,0.000000,0.000000,0.000000,0.000000,0.000000,0.000000,0.000000,0.000000,0.000000,0.000000,0.000000,0.000000,0.000000,0.000000,0.000000,0.000000,0.000000,0.000000,0.000000,0.000000,0.000000,0.000000,0.000000,0.000000,0.000000,0.000000,0.000000,0.000000,0.000000,0.000000,0.000000,0.000000,0.000000,0.000000,0.000000,0.000000,0.000000,0.000000,0.000000,0.000000,0.000000,0.000000,0.000000,0.000000,0.000000,0.000000,0.000000,0.000000,0.000000,0.000000,0.000000,0.000000,0.000000,0.000000,0.000000,0.000000,0.000000,0.000000,0.000000,0.000000,0.000000,0.000000,0.000000,0.000000,0.000000,0.000000,0.000000,0.000000,0.000000,0.000000,0.000000,0.000000,0.000000,0.000000,0.000000,0.000000,0.000000,0.000000,0.000000,0.000000,0.000000,0.000000
0.070330,-2.640743,-2.450223,0.140267,-2.764964,-2.277604,0.183813,-2.758071,-2.278207,0.221259,-2.750211,-2.277332,0.010813,-2.766902,-2.292367,-0.033767,-2.762057,-2.292796,-0.072971,-2.757987,-2.294888,0.275458,-2.672916,-1.124684,-0.104143,-2.684583,-1.186421,0.154345,-2.483892,-2.009834,-0.015197,-2.484676,-2.030016,0.600379,-1.867440,-0.464129,-0.399339,-1.859166,-0.455656,1.032484,-0.971209,-1.125119,-0.731726,-1.134548,-1.289615,0.434897,-0.774800,-2.870298,-0.626636,-0.965923,-3.617868,0.280569,-0.569544,-3.318795,-0.599256,-0.739628,-4.114069,0.187089,-0.682027,-3.303617,-0.503610,-0.794532,-4.202904,0.224719,-0.747833,-2.892676,-0.497178,-0.870723,-3.706795,0.342068,0.032164,-0.028438,-0.342068,-0.032164,0.028438,0.228196,1.459361,0.192467,-0.437407,1.349582,-0.256765,0.121799,2.753659,1.468102,-0.525199,2.687272,0.666567,0.120208,2.934660,1.513503,-0.540614,2.889716,0.703150,-0.010768,3.183494,0.133323,-0.479131,3.086031,-0.893011,0.483624,0.375841,-0.003807,0.485066,0.372326,-0.008341,0.488715,0.368218,-0.013326,0.493754,0.362905,-0.017842,0.501614,0.358638,-0.021644,0.509369,0.359533,-0.023054,0.517384,0.358168,-0.022367,0.525908,0.362117,-0.019403,0.531594,0.367134,-0.015474,0.535881,0.371072,-0.010912,0.537804,0.374518,-0.006588,0.534775,0.376769,-0.011043,0.530584,0.378706,-0.016023,0.524608,0.381546,-0.019588,0.517469,0.383559,-0.022082,0.509873,0.383967,-0.022224,0.502530,0.383907,-0.021292,0.495715,0.382214,-0.018067,0.490202,0.379686,-0.014177,0.486378,0.377972,-0.008687,0.463405,0.282062,0.019168,0.465161,0.280273,0.016353,0.467311,0.278359,0.014178,0.470839,0.275922,0.012077,0.476203,0.274376,0.010345,0.481405,0.274706,0.009851,0.486862,0.276320,0.010620,0.490703,0.279369,0.011699,0.530040,0.281005,0.010485,0.531880,0.282123,0.010219,0.535207,0.283174,0.008564,0.540403,0.284811,0.007361,0.545970,0.285474,0.007310,0.551677,0.284704,0.008777,0.555392,0.283483,0.010869,0.557921,0.282299,0.012707,0.510290,0.268497,-0.005004,0.509912,0.277817,-0.010978,0.509582,0.286609,-0.017524,0.509242,0.294945,-0.024746,0.271901,0.837236,0.000000,0.305854,0.828907,-0.032856,0.334936,0.844767,-0.052012,0.350422,0.866275,-0.065258,0.357440,0.887932,-0.077260,0.300331,0.928346,-0.046803,0.315873,0.981627,-0.063674,0.329870,1.008457,-0.074564,0.341260,1.023844,-0.080990,0.280974,0.949806,-0.036948,0.298691,1.005278,-0.050388,0.314696,1.028886,-0.056647,0.326343,1.041386,-0.060976,0.268619,0.961160,-0.029064,0.284614,1.012894,-0.040738,0.300376,1.033187,-0.044205,0.311757,1.046190,-0.045849,0.263745,0.964937,-0.023598,0.275396,1.008729,-0.033161,0.287568,1.030419,-0.035984,0.297599,1.044842,-0.036957,0.000000,0.000000,0.000000,0.000000,0.000000,0.000000,0.000000,0.000000,0.000000,0.000000,0.000000,0.000000,0.000000,0.000000,0.000000,0.000000,0.000000,0.000000,0.000000,0.000000,0.000000,0.000000,0.000000,0.000000,0.000000,0.000000,0.000000,0.000000,0.000000,0.000000,0.000000,0.000000,0.000000,0.000000,0.000000,0.000000,0.000000,0.000000,0.000000,0.000000,0.000000,0.000000,0.000000,0.000000,0.000000,0.000000,0.000000,0.000000,0.000000,0.000000,0.000000,0.000000,0.000000,0.000000,0.000000,0.000000,0.000000,0.000000,0.000000,0.000000,0.000000,0.000000,0.000000
0.082127,-2.523900,-1.773820,0.152265,-2.662571,-1.585295,0.196348,-2.659788,-1.585058,0.229489,-2.655404,-1.583850,0.020827,-2.666058,-1.602513,-0.022005,-2.666781,-1.602331,-0.064374,-2.665004,-1.603668,0.281422,-2.585149,-0.564056,-0.099529,-2.593310,-0.628094,0.162445,-2.379153,-1.414765,0.001271,-2.379190,-1.438800,0.541951,-1.816417,-0.317184,-0.439106,-1.861668,-0.129408,1.137270,-1.006665,-1.433983,-1.095595,-1.303517,-1.298582,0.361433,-1.251782,-2.870396,-0.645798,-1.393108,-2.662519,0.132070,-1.130165,-3.152270,-0.513243,-1.274181,-3.000452,0.052052,-1.262579,-2.843914,-0.421847,-1.353487,-2.740485,0.109789,-1.293493,-2.727141,-0.434797,-1.371877,-2.596769,0.396718,0.011376,-0.032755,-0.396718,-0.011376,0.032755,0.351079,1.525371,0.480928,-0.378442,1.481894,0.293843,0.314328,2.873392,1.902254,-0.387914,2.831540,1.277650,0.322733,3.057497,1.968291,-0.409618,3.014781,1.323177,0.221927,3.341055,0.614340,-0.289735,3.284732,-0.203717,0.488387,0.379393,-0.004037,0.489848,0.376215,-0.008413,0.493585,0.372489,-0.013205,0.498706,0.367532,-0.017526,0.506410,0.363508,-0.021091,0.514012,0.364381,-0.022289,0.521743,0.363092,-0.021465,0.529872,0.366765,-0.018303,0.535427,0.371398,-0.014357,0.539588,0.374941,-0.009776,0.541375,0.378019,-0.005462,0.538440,0.380149,-0.010003,0.534364,0.381877,-0.015060,0.528566,0.384490,-0.018653,0.521663,0.386390,-0.021196,0.514409,0.386668,-0.021485,0.507290,0.386657,-0.020750,0.500599,0.385081,-0.017856,0.495026,0.382819,-0.014157,0.491176,0.381386,-0.008765,0.467747,0.285423,0.017423,0.469564,0.283610,0.014688,0.471760,0.281692,0.012561,0.475303,0.279294,0.010544,0.480644,0.277831,0.008968,0.485790,0.278305,0.008580,0.491123,0.280220,0.009398,0.494861,0.283564,0.010529,0.533387,0.285968,0.010370,0.535215,0.287159,0.010158,0.538540,0.288326,0.008573,0.543713,0.290063,0.007497,0.549251,0.290731,0.007588,0.554865,0.289893,0.009113,0.558495,0.288578,0.011282,0.560965,0.287344,0.013146,0.514466,0.273250,-0.005360,0.514161,0.282972,-0.011130,0.513935,0.291964,-0.017499,0.513703,0.300410,-0.024511,0.270778,0.721611,0.000000,0.309575,0.693789,-0.018368,0.351435,0.692036,-0.024568,0.379916,0.692730,-0.026416,0.400491,0.702819,-0.026743,0.317229,0.743703,-0.027947,0.340225,0.791351,-0.036053,0.356654,0.821760,-0.039132,0.369596,0.847240,-0.040561,0.305304,0.769401,-0.020581,0.350370,0.792099,-0.032442,0.366094,0.767236,-0.034568,0.369715,0.747706,-0.033729,0.302544,0.784200,-0.013057,0.348165,0.799864,-0.025061,0.355824,0.770731,-0.022705,0.351460,0.751524,-0.016875,0.307725,0.790131,-0.006247,0.344826,0.798699,-0.010904,0.352523,0.775206,-0.006990,0.347417,0.758602,-0.002401,0.587741,0.742612,0.000000,0.548031,0.705561,-0.013499,0.507794,0.693576,-0.022459,0.472559,0.684911,-0.027973,0.447159,0.689780,-0.033021,0.503672,0.757603,-0.032180,0.461715,0.791939,-0.040266,0.436471,0.813249,-0.044234,0.419137,0.832771,-0.046606,0.516208,0.793181,-0.026911,0.475111,0.804278,-0.032802,0.475125,0.783135,-0.029558,0.488395,0.767159,-0.027111,0.530052,0.815239,-0.020968,0.491324,0.816311,-0.023955,0.494275,0.799241,-0.016652,0.507185,0.788045,-0.012196,0.539956,0.827984,-0.016072,0.509534,0.824345,-0.017646,0.512807,0.808850,-0.012274,0.523620,0.798932,-0.008255
0.095570,-2.409303,-2.142084,0.163724,-2.544844,-1.957665,0.201339,-2.542997,-1.957314,0.231033,-2.542300,-1.956016,0.033210,-2.553516,-1.976516,-0.007863,-2.555549,-1.976473,-0.048820,-2.557070,-1.977711,0.284115,-2.492053,-0.858960,-0.094780,-2.504135,-0.926353,0.175256,-2.272562,-1.742657,0.022195,-2.266639,-1.768663,0.528857,-1.750200,-0.544081,-0.438113,-1.781673,-0.291240,1.129030,-0.993914,-1.692040,-1.076142,-1.247916,-1.422593,0.324060,-1.222061,-3.103018,-0.607915,-1.331120,-3.021242,0.099804,-1.106179,-3.446244,-0.441213,-1.209419,-3.354183,-0.003677,-1.200911,-3.192999,-0.349429,-1.283368,-3.095442,0.053831,-1.227216,-3.017143,-0.367518,-1.297332,-2.954842,0.389671,-0.037330,-0.074526,-0.389671,0.037330,0.074526,0.355670,1.544353,0.478245,-0.356426,1.502568,0.413468,0.317691,2.856267,2.037635,-0.364100,2.827210,1.526692,0.322308,3.033422,2.116133,-0.383978,3.009631,1.593445,0.234357,3.329187,0.722213,-0.269304,3.279229,0.036545,0.491172,0.385072,-0.001889,0.492795,0.382120,-0.006556,0.496685,0.378811,-0.011487,0.501884,0.374288,-0.015894,0.509693,0.370623,-0.019440,0.517322,0.371660,-0.020402,0.524995,0.370241,-0.019447,0.532965,0.373586,-0.015944,0.538313,0.377837,-0.011636,0.542357,0.381035,-0.006705,0.544147,0.383909,-0.002016,0.541261,0.386307,-0.006370,0.537319,0.388452,-0.011350,0.531655,0.391543,-0.014906,0.524808,0.393804,-0.017476,0.517534,0.394151,-0.017910,0.510237,0.394024,-0.017401,0.503452,0.392059,-0.014770,0.497845,0.389254,-0.011316,0.493959,0.387366,-0.006240,0.470542,0.288768,0.013936,0.472344,0.287176,0.011166,0.474547,0.285423,0.009027,0.478093,0.283160,0.007023,0.483476,0.281787,0.005473,0.488700,0.282255,0.005188,0.494109,0.284189,0.006164,0.497860,0.287527,0.007482,0.536404,0.289881,0.008382,0.538136,0.290949,0.008246,0.541366,0.292071,0.006796,0.546459,0.293771,0.005894,0.551917,0.294411,0.006141,0.557491,0.293520,0.007746,0.561124,0.292159,0.009931,0.563614,0.290889,0.011765,0.517871,0.278079,-0.008119,0.517690,0.288489,-0.013310,0.517558,0.298036,-0.019199,0.517426,0.306950,-0.025663,0.302043,0.711839,0.000000,0.330059,0.687761,-0.022267,0.367988,0.684322,-0.033240,0.399329,0.689063,-0.038666,0.420687,0.699505,-0.042553,0.336234,0.728187,-0.038532,0.370936,0.743614,-0.047474,0.389488,0.754453,-0.049367,0.404752,0.768052,-0.049893,0.326558,0.759089,-0.028628,0.367364,0.776513,-0.038512,0.380625,0.774913,-0.037403,0.385653,0.780181,-0.035760,0.324850,0.778639,-0.018914,0.364251,0.788576,-0.030385,0.372606,0.773193,-0.028881,0.373873,0.764294,-0.025386,0.329480,0.788418,-0.009974,0.360451,0.790202,-0.017603,0.368218,0.777853,-0.016636,0.369204,0.769631,-0.014384,0.576174,0.738983,0.000000,0.537043,0.703364,-0.012010,0.497685,0.693211,-0.019571,0.462361,0.685938,-0.024193,0.439566,0.690544,-0.028324,0.493127,0.754274,-0.027323,0.451887,0.789017,-0.034394,0.427151,0.810091,-0.038405,0.409925,0.828847,-0.040989,0.505356,0.787918,-0.022784,0.465426,0.797434,-0.029261,0.467734,0.777833,-0.027360,0.482973,0.763319,-0.025416,0.518206,0.808750,-0.017605,0.480669,0.809558,-0.020808,0.485419,0.794646,-0.014373,0.499392,0.785127,-0.010321,0.526972,0.821463,-0.013408,0.497413,0.815689,-0.014513,0.502736,0.802356,-0.009272,0.514185,0.793811,-0.005379
0.114962,-2.426377,-2.226187,0.180192,-2.559929,-2.045640,0.213174,-2.557891,-2.045215,0.243886,-2.558690,-2.043951,0.049070,-2.572815,-2.066362,0.005530,-2.576436,-2.066238,-0.033326,-2.579745,-2.067457,0.293909,-2.518372,-0.960867,-0.089440,-2.535239,-1.035414,0.189113,-2.287802,-1.833316,0.040716,-2.283982,-1.861283,0.521891,-1.781246,-0.655059,-0.436699,-1.814541,-0.372223,1.135873,-1.026876,-1.744200,-1.103248,-1.269480,-1.420509,0.324297,-1.251239,-3.044376,-0.598736,-1.372343,-2.782883,0.101560,-1.139031,-3.368052,-0.431114,-1.248309,-3.089891,0.001413,-1.237347,-3.097646,-0.337258,-1.326027,-2.832053,0.060616,-1.263032,-2.952049,-0.355270,-1.338856,-2.711536,0.391350,-0.007938,-0.084648,-0.391350,0.007938,0.084648,0.354077,1.519319,0.474914,-0.355611,1.487172,0.540246,0.314111,2.839426,2.030694,-0.363565,2.819539,1.778775,0.317275,3.016705,2.109592,-0.383781,3.000877,1.859850,0.238892,3.321618,0.701231,-0.269598,3.281709,0.281927,0.492285,0.383806,-0.002986,0.493945,0.380802,-0.007529,0.497891,0.377434,-0.012298,0.503162,0.372840,-0.016524,0.510974,0.369115,-0.019895,0.518533,0.370171,-0.020784,0.526082,0.368841,-0.019707,0.533839,0.372363,-0.016172,0.539008,0.376772,-0.011877,0.542904,0.380109,-0.006991,0.544619,0.383055,-0.002345,0.541800,0.385355,-0.006773,0.537984,0.387381,-0.011744,0.532458,0.390345,-0.015289,0.525734,0.392506,-0.017905,0.518578,0.392786,-0.018426,0.511336,0.392648,-0.018036,0.504573,0.390695,-0.015555,0.498964,0.387932,-0.012219,0.495069,0.386081,-0.007273,0.471704,0.287758,0.013787,0.473544,0.286120,0.011083,0.475754,0.284351,0.009002,0.479309,0.282069,0.007048,0.484687,0.280734,0.005588,0.489897,0.281274,0.005370,0.495300,0.283359,0.006367,0.499055,0.286841,0.007679,0.537438,0.289650,0.009116,0.539180,0.290761,0.008985,0.542408,0.291912,0.007555,0.547490,0.293616,0.006712,0.552919,0.294251,0.007014,0.558439,0.293350,0.008671,0.562014,0.291969,0.010909,0.564447,0.290677,0.012782,0.519239,0.277652,-0.007507,0.519119,0.287897,-0.012774,0.519046,0.297261,-0.018716,0.518973,0.306031,-0.025267,0.301237,0.702343,-0.000000,0.333260,0.684732,-0.021397,0.368781,0.681129,-0.033365,0.398609,0.682795,-0.040018,0.420323,0.691241,-0.045543,0.339770,0.738184,-0.040999,0.374165,0.772040,-0.051909,0.391133,0.791924,-0.054189,0.404807,0.809983,-0.054706,0.330055,0.767898,-0.031385,0.373646,0.775359,-0.043904,0.378716,0.754068,-0.041030,0.373459,0.741947,-0.037139,0.327571,0.785375,-0.021808,0.368687,0.784271,-0.033491,0.369710,0.761118,-0.028228,0.362380,0.745458,-0.021956,0.330760,0.793861,-0.013256,0.361882,0.786588,-0.021602,0.363571,0.769504,-0.019679,0.357988,0.757912,-0.016199,0.577066,0.735523,0.000000,0.537259,0.699601,-0.011353,0.497644,0.689136,-0.018340,0.462004,0.684261,-0.022274,0.440116,0.693639,-0.025776,0.495922,0.752230,-0.026669,0.454295,0.785809,-0.032772,0.430156,0.805641,-0.036053,0.413585,0.824205,-0.038182,0.508076,0.785223,-0.021959,0.467803,0.795605,-0.027067,0.469774,0.775387,-0.024706,0.484510,0.760955,-0.022757,0.520807,0.805786,-0.016493,0.482495,0.809063,-0.018627,0.486769,0.793091,-0.012056,0.500556,0.782924,-0.008188,0.529439,0.818386,-0.011894,0.499667,0.814754,-0.012530,0.504137,0.801034,-0.007333,0.515223,0.792260,-0.003587
0.087037,-2.466687,-2.462948,0.153693,-2.606052,-2.406177,0.195477,-2.604085,-2.410715,0.224054,-2.602787,-2.414556,0.023688,-2.611081,-2.410360,-0.015240,-2.611644,-2.409395,-0.055849,-2.611310,-2.411093,0.279607,-2.555751,-1.355829,-0.094147,-2.559120,-1.288369,0.166655,-2.321382,-2.149963,0.006714,-2.320296,-2.107373,0.579240,-1.759711,-0.609527,-0.420401,-1.771974,-0.632293,0.847574,-0.865837,-0.656074,-0.667659,-0.954040,-0.461178,0.623367,-0.294887,-1.895755,-0.616061,-0.251641,-1.811565,0.651976,-0.033998,-2.212793,-0.736386,-0.019561,-2.137931,0.556466,-0.082434,-2.368617,-0.653086,-0.075406,-2.317121,0.530210,-0.225866,-2.004589,-0.606882,-0.194364,-1.930086,0.335034,0.022140,-0.116954,-0.335034,-0.022140,0.116954,0.272007,1.462604,-0.207292,-0.381014,1.418580,0.003808,0.158077,2.795997,1.037754,-0.468926,2.777898,0.800572,0.157702,3.001245,1.117112,-0.482842,2.995414,0.825619,0.026658,3.210221,-0.141749,-0.427847,3.191369,-0.652179,0.489678,0.384923,-0.002181,0.491286,0.381917,-0.006832,0.495155,0.378474,-0.011764,0.500358,0.373829,-0.016164,0.508182,0.370077,-0.019718,0.515790,0.371110,-0.020727,0.523469,0.369768,-0.019798,0.531472,0.373281,-0.016363,0.536815,0.377716,-0.012109,0.540851,0.381084,-0.007242,0.542634,0.384038,-0.002598,0.539732,0.386325,-0.006969,0.535764,0.388299,-0.011931,0.530069,0.391187,-0.015480,0.523226,0.393277,-0.018045,0.515970,0.393562,-0.018447,0.508727,0.393466,-0.017901,0.501972,0.391600,-0.015195,0.496374,0.388931,-0.011710,0.492477,0.387139,-0.006591,0.469290,0.289128,0.014539,0.471090,0.287526,0.011775,0.473287,0.285770,0.009651,0.476840,0.283503,0.007636,0.482225,0.282135,0.006072,0.487449,0.282604,0.005782,0.492858,0.284538,0.006744,0.496622,0.287880,0.008018,0.535170,0.290385,0.008724,0.536895,0.291456,0.008566,0.540119,0.292559,0.007099,0.545212,0.294251,0.006168,0.550664,0.294908,0.006393,0.556262,0.294030,0.007977,0.559906,0.292703,0.010146,0.562412,0.291447,0.011987,0.516619,0.278624,-0.007742,0.516408,0.288735,-0.013019,0.516256,0.298150,-0.018970,0.516089,0.306983,-0.025502,0.000000,0.000000,0.000000,0.000000,0.000000,0.000000,0.000000,0.000000,0.000000,0.000000,0.000000,0.000000,0.000000,0.000000,0.000000,0.000000,0.000000,0.000000,0.000000,0.000000,0.000000,0.000000,0.000000,0.000000,0.000000,0.000000,0.000000,0.000000,0.000000,0.000000,0.000000,0.000000,0.000000,0.000000,0.000000,0.000000,0.000000,0.000000,0.000000,0.000000,0.000000,0.000000,0.000000,0.000000,0.000000,0.000000,0.000000,0.000000,0.000000,0.000000,0.000000,0.000000,0.000000,0.000000,0.000000,0.000000,0.000000,0.000000,0.000000,0.000000,0.000000,0.000000,0.000000,0.000000,0.000000,0.000000,0.000000,0.000000,0.000000,0.000000,0.000000,0.000000,0.000000,0.000000,0.000000,0.000000,0.000000,0.000000,0.000000,0.000000,0.000000,0.000000,0.000000,0.000000,0.000000,0.000000,0.000000,0.000000,0.000000,0.000000,0.000000,0.000000,0.000000,0.000000,0.000000,0.000000,0.000000,0.000000,0.000000,0.000000,0.000000,0.000000,0.000000,0.000000,0.000000,0.000000,0.000000,0.000000,0.000000,0.000000,0.000000,0.000000,0.000000,0.000000,0.000000,0.000000,0.000000,0.000000,0.000000,0.000000,0.000000,0.000000,0.000000,0.000000,0.000000,0.000000
0.072708,-2.639079,-2.037845,0.137885,-2.783624,-1.916519,0.184609,-2.783302,-1.916427,0.216465,-2.781438,-1.917445,0.012687,-2.780309,-1.904665,-0.027266,-2.777698,-1.903418,-0.066520,-2.772194,-1.904281,0.274171,-2.714340,-1.054119,-0.099820,-2.700057,-0.935623,0.156220,-2.489040,-1.714077,-0.000646,-2.491222,-1.679973,0.601658,-1.855531,-0.630173,-0.395939,-1.876515,-0.564741,0.830577,-0.914760,-0.617811,-0.638036,-1.035622,-0.403618,0.795980,-0.065384,-1.422825,-0.730044,-0.148177,-1.486002,0.843802,0.213392,-1.691157,-0.871932,0.103767,-1.746011,0.726348,0.224632,-1.867736,-0.708130,0.116346,-2.014753,0.687990,0.117484,-1.541489,-0.735737,0.011986,-1.632869,0.327029,0.023963,-0.233788,-0.327029,-0.023963,0.233788,0.232176,1.544855,-0.225526,-0.408143,1.499905,0.390588,0.144233,2.924712,1.232745,-0.464823,2.867868,1.450688,0.153243,3.142147,1.302668,-0.480219,3.084368,1.513732,0.012287,3.334014,-0.050479,-0.422830,3.290493,0.008490,0.490999,0.387690,-0.002035,0.492629,0.384620,-0.006716,0.496518,0.381150,-0.011638,0.501697,0.376435,-0.016014,0.509475,0.372544,-0.019541,0.517093,0.373445,-0.020482,0.524707,0.371921,-0.019493,0.532638,0.375247,-0.015945,0.537938,0.379525,-0.011626,0.541939,0.382772,-0.006687,0.543736,0.385710,-0.001953,0.540948,0.388129,-0.006314,0.537102,0.390302,-0.011246,0.531521,0.393465,-0.014753,0.524738,0.395826,-0.017295,0.517470,0.396296,-0.017743,0.510165,0.396302,-0.017287,0.503355,0.394442,-0.014740,0.497699,0.391746,-0.011360,0.493795,0.389926,-0.006354,0.469356,0.290767,0.013776,0.471149,0.289108,0.011018,0.473340,0.287292,0.008890,0.476881,0.284934,0.006880,0.482293,0.283456,0.005352,0.487569,0.283855,0.005082,0.493024,0.285801,0.006077,0.496827,0.289193,0.007395,0.535521,0.291047,0.008452,0.537262,0.292113,0.008311,0.540515,0.293181,0.006870,0.545645,0.294814,0.005984,0.551127,0.295368,0.006249,0.556720,0.294359,0.007860,0.560346,0.292887,0.010055,0.562831,0.291497,0.011903,0.516900,0.279651,-0.008213,0.516828,0.290061,-0.013396,0.516798,0.299600,-0.019284,0.516757,0.308518,-0.025744,0.000000,0.000000,0.000000,0.000000,0.000000,0.000000,0.000000,0.000000,0.000000,0.000000,0.000000,0.000000,0.000000,0.000000,0.000000,0.000000,0.000000,0.000000,0.000000,0.000000,0.000000,0.000000,0.000000,0.000000,0.000000,0.000000,0.000000,0.000000,0.000000,0.000000,0.000000,0.000000,0.000000,0.000000,0.000000,0.000000,0.000000,0.000000,0.000000,0.000000,0.000000,0.000000,0.000000,0.000000,0.000000,0.000000,0.000000,0.000000,0.000000,0.000000,0.000000,0.000000,0.000000,0.000000,0.000000,0.000000,0.000000,0.000000,0.000000,0.000000,0.000000,0.000000,0.000000,0.000000,0.000000,0.000000,0.000000,0.000000,0.000000,0.000000,0.000000,0.000000,0.000000,0.000000,0.000000,0.000000,0.000000,0.000000,0.000000,0.000000,0.000000,0.000000,0.000000,0.000000,0.000000,0.000000,0.000000,0.000000,0.000000,0.000000,0.000000,0.000000,0.000000,0.000000,0.000000,0.000000,0.000000,0.000000,0.000000,0.000000,0.000000,0.000000,0.000000,0.000000,0.000000,0.000000,0.000000,0.000000,0.000000,0.000000,0.000000,0.000000,0.000000,0.000000,0.000000,0.000000,0.000000,0.000000,0.000000,0.000000,0.000000,0.000000,0.000000,0.000000,0.000000,0.000000
0.123394,-2.563154,-2.926315,0.184656,-2.708539,-2.748158,0.231339,-2.707928,-2.748276,0.261761,-2.706217,-2.747625,0.058460,-2.707616,-2.771943,0.018831,-2.706387,-2.771886,-0.022692,-2.701513,-2.773484,0.316861,-2.640992,-1.531536,-0.060734,-2.627150,-1.614398,0.203847,-2.411832,-2.465928,0.049270,-2.416315,-2.490824,0.634648,-1.814847,-0.817134,-0.364779,-1.846003,-0.804671,1.093610,-0.969818,-1.340568,-0.806591,-1.171711,-1.248621,0.435877,-0.807100,-3.033594,-0.513688,-0.836356,-2.987423,0.271345,-0.603426,-3.502947,-0.452777,-0.609875,-3.418340,0.158889,-0.697206,-3.478620,-0.367053,-0.688722,-3.479310,0.206436,-0.763982,-3.055574,-0.369752,-0.768651,-3.044824,0.342876,0.030553,-0.062807,-0.342876,-0.030553,0.062807,0.248531,1.489205,0.344165,-0.424447,1.423878,0.170697,0.154506,2.795254,1.972087,-0.509571,2.760290,1.377806,0.151487,2.980309,2.056129,-0.521737,2.957641,1.443334,0.033603,3.237155,0.607573,-0.462138,3.181312,-0.150864,0.492861,0.386809,-0.001873,0.494420,0.383759,-0.006596,0.498191,0.380247,-0.011531,0.503264,0.375500,-0.015915,0.510973,0.371658,-0.019482,0.518555,0.372593,-0.020473,0.526153,0.371127,-0.019534,0.534054,0.374496,-0.016051,0.539314,0.378835,-0.011796,0.543261,0.382145,-0.006914,0.545012,0.385085,-0.002167,0.542209,0.387386,-0.006510,0.538343,0.389404,-0.011356,0.532776,0.392406,-0.014796,0.526038,0.394642,-0.017232,0.518877,0.395029,-0.017591,0.511725,0.395019,-0.017103,0.505021,0.393215,-0.014572,0.499459,0.390628,-0.011214,0.495620,0.388945,-0.006235,0.470874,0.288950,0.014044,0.472667,0.287320,0.011234,0.474856,0.285517,0.009085,0.478394,0.283173,0.007044,0.483822,0.281693,0.005471,0.489113,0.282094,0.005193,0.494583,0.284027,0.006196,0.498405,0.287431,0.007499,0.537135,0.289542,0.008346,0.538871,0.290598,0.008195,0.542135,0.291660,0.006738,0.547281,0.293322,0.005819,0.552783,0.293922,0.006058,0.558398,0.292962,0.007665,0.562058,0.291552,0.009847,0.564560,0.290241,0.011704,0.518549,0.278237,-0.008427,0.518437,0.288628,-0.013632,0.518371,0.298382,-0.019537,0.518286,0.307562,-0.026004,0.251583,0.737026,-0.000000,0.275567,0.731472,-0.027640,0.301111,0.745827,-0.041954,0.322907,0.756146,-0.050694,0.340651,0.760471,-0.057845,0.278650,0.817571,-0.038992,0.312101,0.855579,-0.050602,0.332414,0.869271,-0.057161,0.346484,0.877178,-0.060428,0.271572,0.833626,-0.028481,0.306891,0.871473,-0.037466,0.328319,0.879905,-0.040005,0.341903,0.882534,-0.041396,0.269863,0.840603,-0.019301,0.302312,0.874360,-0.027436,0.322074,0.878272,-0.029106,0.335574,0.878584,-0.028975,0.273451,0.841538,-0.012005,0.298897,0.870563,-0.018536,0.316241,0.879264,-0.020216,0.329190,0.882347,-0.020131,0.000000,0.000000,0.000000,0.000000,0.000000,0.000000,0.000000,0.000000,0.000000,0.000000,0.000000,0.000000,0.000000,0.000000,0.000000,0.000000,0.000000,0.000000,0.000000,0.000000,0.000000,0.000000,0.000000,0.000000,0.000000,0.000000,0.000000,0.000000,0.000000,0.000000,0.000000,0.000000,0.000000,0.000000,0.000000,0.000000,0.000000,0.000000,0.000000,0.000000,0.000000,0.000000,0.000000,0.000000,0.000000,0.000000,0.000000,0.000000,0.000000,0.000000,0.000000,0.000000,0.000000,0.000000,0.000000,0.000000,0.000000,0.000000,0.000000,0.000000,0.000000,0.000000,0.000000
0.100459,-2.402300,-2.133176,0.162256,-2.539560,-1.939735,0.203393,-2.539086,-1.939137,0.230535,-2.537661,-1.937520,0.038019,-2.541568,-1.956363,-0.001251,-2.542232,-1.956105,-0.042973,-2.540632,-1.957044,0.281315,-2.475392,-0.848123,-0.088854,-2.470168,-0.932505,0.175494,-2.259664,-1.744311,0.028748,-2.261364,-1.771519,0.523641,-1.726263,-0.595576,-0.439483,-1.727156,-0.326838,1.130148,-0.950226,-1.742540,-1.147732,-1.226244,-1.436877,0.367406,-1.172145,-3.213840,-0.581631,-1.268617,-3.058440,0.149940,-1.060299,-3.564146,-0.434465,-1.136746,-3.382880,0.070988,-1.159631,-3.305668,-0.343700,-1.217242,-3.108758,0.123589,-1.191100,-3.128982,-0.362645,-1.236393,-2.985261,0.366478,-0.049757,-0.103903,-0.366478,0.049757,0.103903,0.369197,1.526976,0.385943,-0.318289,1.514493,0.557156,0.334100,2.827566,1.977309,-0.316658,2.815645,1.800237,0.341346,3.001965,2.057899,-0.333060,2.997935,1.884207,0.253758,3.292676,0.658042,-0.234643,3.247792,0.345675,0.492243,0.386676,-0.002273,0.493988,0.383654,-0.006977,0.497961,0.380299,-0.011782,0.503236,0.375695,-0.015997,0.511064,0.371957,-0.019327,0.518634,0.372991,-0.020092,0.526087,0.371528,-0.018897,0.533680,0.374843,-0.015158,0.538694,0.379114,-0.010711,0.542424,0.382358,-0.005662,0.544074,0.385286,-0.000796,0.541366,0.387774,-0.005139,0.537680,0.390057,-0.010013,0.532305,0.393304,-0.013496,0.525690,0.395667,-0.016103,0.518579,0.396071,-0.016691,0.511284,0.395938,-0.016464,0.504502,0.393900,-0.014223,0.498879,0.390995,-0.011081,0.495007,0.389032,-0.006356,0.470413,0.288365,0.012070,0.472259,0.286725,0.009334,0.474506,0.284941,0.007221,0.478092,0.282609,0.005245,0.483561,0.281222,0.003803,0.488870,0.281740,0.003658,0.494361,0.283915,0.004766,0.498192,0.287545,0.006177,0.536790,0.290415,0.008317,0.538505,0.291514,0.008225,0.541751,0.292654,0.006862,0.546863,0.294381,0.006098,0.552329,0.295012,0.006493,0.557881,0.294042,0.008223,0.561484,0.292585,0.010507,0.563940,0.291234,0.012406,0.518780,0.278795,-0.008932,0.518759,0.289345,-0.013947,0.518791,0.299065,-0.019705,0.518821,0.308186,-0.026036,0.300550,0.727837,-0.000000,0.337965,0.706425,-0.023253,0.381369,0.705146,-0.033787,0.415153,0.706696,-0.037735,0.438520,0.717713,-0.040127,0.356222,0.775318,-0.043377,0.391569,0.818345,-0.053357,0.409565,0.844168,-0.056118,0.424536,0.864477,-0.056917,0.345892,0.802383,-0.031496,0.394964,0.812145,-0.043201,0.402087,0.783044,-0.042043,0.398075,0.763071,-0.039182,0.342249,0.815108,-0.018949,0.388914,0.817883,-0.029227,0.391246,0.789792,-0.024457,0.383439,0.771966,-0.018110,0.344616,0.817863,-0.007281,0.380308,0.816406,-0.012159,0.384717,0.795799,-0.008254,0.378700,0.781756,-0.003482,0.603143,0.751360,0.000000,0.562126,0.717264,-0.017431,0.523031,0.707798,-0.027355,0.486811,0.704516,-0.033470,0.461741,0.715599,-0.038440,0.525124,0.780096,-0.029958,0.483867,0.818578,-0.037850,0.459632,0.842070,-0.041671,0.443238,0.863889,-0.043624,0.537489,0.812128,-0.022679,0.492453,0.823024,-0.032138,0.488966,0.797276,-0.031985,0.501938,0.777402,-0.029770,0.549081,0.830362,-0.015110,0.506784,0.832675,-0.020968,0.507334,0.810987,-0.016125,0.519526,0.796171,-0.011576,0.555893,0.840144,-0.008873,0.523264,0.836100,-0.011853,0.523786,0.818947,-0.008133,0.532601,0.806378,-0.004303
0.111769,-2.484275,-2.444375,0.174407,-2.623931,-2.247254,0.209601,-2.624228,-2.246874,0.238991,-2.623019,-2.245856,0.044830,-2.627158,-2.278553,0.002987,-2.628534,-2.278701,-0.037033,-2.626820,-2.279981,0.285649,-2.562954,-1.074736,-0.097958,-2.558572,-1.197211,0.188517,-2.341917,-2.013990,0.041302,-2.341018,-2.054801,0.528786,-1.797153,-0.683115,-0.463004,-1.792958,-0.555445,1.163001,-1.039901,-1.937044,-1.178191,-1.280529,-1.860550,0.366153,-1.257023,-3.616730,-0.583488,-1.340014,-3.743001,0.160298,-1.162051,-3.991702,-0.389929,-1.218220,-4.115315,0.074238,-1.259680,-3.726916,-0.289684,-1.292376,-3.847594,0.125477,-1.285988,-3.532967,-0.313618,-1.308374,-3.668558,0.374753,-0.026649,-0.110276,-0.374753,0.026649,0.110276,0.410428,1.534817,0.528489,-0.305810,1.531718,0.628911,0.387594,2.863589,2.275046,-0.299433,2.871055,1.996109,0.392791,3.042917,2.371768,-0.312834,3.058166,2.091004,0.306288,3.361695,0.921699,-0.210157,3.329922,0.488052,0.488440,0.380830,-0.004620,0.490329,0.377787,-0.009083,0.494549,0.374313,-0.013585,0.500126,0.369538,-0.017441,0.508286,0.365562,-0.020336,0.515991,0.366558,-0.020733,0.523317,0.364989,-0.019120,0.530663,0.368312,-0.014978,0.535369,0.372617,-0.010332,0.538806,0.375897,-0.005128,0.540256,0.378785,-0.000240,0.537723,0.381232,-0.004935,0.534285,0.383471,-0.010154,0.529204,0.386709,-0.013917,0.522801,0.389103,-0.017003,0.515832,0.389608,-0.017980,0.508433,0.389612,-0.018091,0.501426,0.387709,-0.016165,0.495501,0.384937,-0.013173,0.491360,0.383096,-0.008576,0.464966,0.281271,0.010402,0.466926,0.279622,0.007807,0.469244,0.277809,0.005819,0.472934,0.275450,0.004029,0.478471,0.274048,0.002855,0.483774,0.274563,0.002981,0.489251,0.276724,0.004285,0.493085,0.280300,0.005791,0.531974,0.283303,0.010143,0.533683,0.284448,0.010127,0.536884,0.285643,0.008851,0.541910,0.287406,0.008308,0.547301,0.288003,0.008954,0.552758,0.287065,0.010932,0.556257,0.285610,0.013393,0.558608,0.284262,0.015407,0.514697,0.271469,-0.008029,0.515079,0.282067,-0.013207,0.515481,0.291771,-0.019117,0.515889,0.300884,-0.025621,0.313214,0.719197,-0.000000,0.345331,0.700641,-0.024099,0.384080,0.696640,-0.038790,0.416762,0.700689,-0.047107,0.440922,0.711548,-0.054375,0.357312,0.767188,-0.048006,0.399876,0.807822,-0.059241,0.419955,0.830252,-0.061606,0.436587,0.850138,-0.062551,0.347472,0.796946,-0.036642,0.398965,0.802228,-0.049607,0.401409,0.773805,-0.045344,0.391603,0.756306,-0.040459,0.344434,0.813045,-0.025086,0.392106,0.809966,-0.036636,0.390907,0.783236,-0.030337,0.380335,0.766578,-0.023860,0.347223,0.821611,-0.014683,0.382895,0.813052,-0.024548,0.383872,0.791789,-0.023220,0.376360,0.779494,-0.020005,0.600324,0.744900,0.000000,0.560949,0.712823,-0.018694,0.521425,0.704312,-0.029545,0.484761,0.700338,-0.036192,0.461141,0.708665,-0.041494,0.527689,0.772632,-0.034736,0.485109,0.810713,-0.044672,0.460443,0.834350,-0.049094,0.443952,0.856378,-0.051237,0.540877,0.805523,-0.027036,0.494311,0.814644,-0.038089,0.493734,0.788709,-0.036739,0.508979,0.771032,-0.033609,0.551522,0.824661,-0.019191,0.506136,0.826507,-0.027032,0.509427,0.804097,-0.020954,0.523649,0.791205,-0.015247,0.556755,0.835558,-0.012671,0.521127,0.831709,-0.016991,0.524160,0.814293,-0.012805,0.535130,0.803802,-0.008636
0.121882,-2.554912,-2.418498,0.181666,-2.697451,-2.207694,0.213961,-2.698190,-2.207458,0.242004,-2.697425,-2.206192,0.051230,-2.700894,-2.250848,0.007674,-2.702723,-2.250808,-0.032981,-2.701066,-2.252086,0.281175,-2.638527,-0.986258,-0.103555,-2.631687,-1.163770,0.195665,-2.413078,-1.976243,0.049157,-2.409743,-2.034026,0.521721,-1.863001,-0.558160,-0.478048,-1.855909,-0.577255,1.166682,-1.100130,-1.911104,-1.189044,-1.316237,-2.016188,0.366868,-1.313653,-3.871570,-0.574437,-1.390327,-4.017625,0.157523,-1.219561,-4.299465,-0.366741,-1.278512,-4.405720,0.066558,-1.303883,-3.997174,-0.266686,-1.352487,-4.160013,0.122809,-1.328015,-3.787990,-0.292387,-1.361176,-3.951192,0.391992,0.006723,-0.070487,-0.391992,-0.006723,0.070487,0.372338,1.544010,0.500678,-0.364090,1.522586,0.351348,0.343202,2.885699,2.186091,-0.367332,2.876927,1.536136,0.350030,3.064889,2.267301,-0.388015,3.058959,1.606019,0.261443,3.371910,0.782332,-0.254312,3.352762,-0.054092,0.479875,0.381568,-0.003330,0.481901,0.378577,-0.007963,0.486412,0.375255,-0.012786,0.492338,0.370633,-0.016971,0.500913,0.366748,-0.020075,0.508997,0.367759,-0.020446,0.516658,0.366031,-0.018877,0.524444,0.369111,-0.014551,0.529546,0.373174,-0.009578,0.533335,0.376237,-0.004053,0.534948,0.379023,0.000978,0.532207,0.381842,-0.003725,0.528471,0.384409,-0.009243,0.523055,0.387927,-0.013274,0.516303,0.390493,-0.016691,0.508928,0.391076,-0.017741,0.501108,0.391088,-0.017757,0.493743,0.389118,-0.015515,0.487476,0.386165,-0.012210,0.483040,0.384095,-0.007310,0.457320,0.283703,0.010060,0.459306,0.282190,0.007419,0.461678,0.280498,0.005404,0.465429,0.278295,0.003574,0.470971,0.276965,0.002377,0.476235,0.277378,0.002462,0.481728,0.279225,0.003789,0.485561,0.282428,0.005317,0.524743,0.284831,0.009559,0.526441,0.285886,0.009541,0.529639,0.287049,0.008286,0.534688,0.288764,0.007754,0.540080,0.289324,0.008401,0.545590,0.288370,0.010344,0.549144,0.286947,0.012776,0.551557,0.285657,0.014772,0.507293,0.272985,-0.008711,0.507697,0.283564,-0.013798,0.508140,0.293176,-0.019617,0.508577,0.302103,-0.026081,0.297755,0.726222,-0.000000,0.337182,0.702762,-0.021022,0.381469,0.697553,-0.031643,0.415317,0.697429,-0.036881,0.437039,0.711702,-0.040725,0.358817,0.764604,-0.040758,0.397636,0.805349,-0.051787,0.416920,0.830656,-0.054834,0.433022,0.851815,-0.055913,0.348342,0.795616,-0.031339,0.395830,0.800934,-0.044654,0.400239,0.772208,-0.043151,0.394453,0.754160,-0.039903,0.344566,0.812009,-0.021444,0.390048,0.811225,-0.032525,0.390953,0.783576,-0.026187,0.383142,0.765723,-0.018860,0.346437,0.817118,-0.012468,0.381373,0.811186,-0.017493,0.383419,0.790286,-0.012393,0.376929,0.776189,-0.006773,0.599434,0.744792,0.000000,0.560167,0.711265,-0.020291,0.519185,0.702244,-0.031731,0.482953,0.701084,-0.038470,0.459668,0.710797,-0.043762,0.530574,0.771563,-0.037625,0.487808,0.808346,-0.048501,0.462636,0.831570,-0.053428,0.445667,0.853375,-0.056028,0.543205,0.804635,-0.029515,0.495551,0.814171,-0.042035,0.494201,0.787514,-0.041192,0.509203,0.769316,-0.038277,0.552473,0.824544,-0.021285,0.506362,0.826105,-0.029731,0.508570,0.803506,-0.023263,0.522620,0.790454,-0.017248,0.556473,0.836314,-0.014578,0.519724,0.833373,-0.019237,0.521802,0.815969,-0.015020,0.532630,0.805362,-0.010859
0.147117,-2.470036,-3.127539,0.200724,-2.609776,-2.796679,0.231341,-2.608231,-2.795146,0.258795,-2.606334,-2.789818,0.076380,-2.611589,-2.810510,0.034422,-2.611242,-2.810243,-0.005026,-2.607875,-2.811997,0.299752,-2.542686,-1.459465,-0.071349,-2.534392,-1.660522,0.216054,-2.325244,-2.554582,0.071532,-2.325166,-2.583378,0.580161,-1.751636,-0.735087,-0.404953,-1.777228,-0.903823,0.910859,-0.941885,-0.453007,-0.748147,-1.028214,-0.426437,0.642140,-0.392858,-1.701492,-0.598906,-0.367854,-1.317344,0.623336,-0.109147,-2.008172,-0.608082,-0.127577,-1.593529,0.522094,-0.224870,-2.201256,-0.499231,-0.196067,-1.789827,0.509385,-0.344116,-1.817902,-0.502691,-0.322215,-1.416089,0.333424,0.013637,-0.049282,-0.333424,-0.013637,0.049282,0.277461,1.464865,-0.231273,-0.376723,1.418890,-0.309790,0.154573,2.772241,0.938273,-0.472072,2.766466,0.324465,0.144898,2.961510,0.975851,-0.485586,2.973291,0.330404,0.038523,3.205183,-0.432151,-0.436564,3.172456,-1.228825,0.480939,0.384155,-0.004460,0.482816,0.380982,-0.008858,0.487157,0.377293,-0.013478,0.492941,0.372267,-0.017492,0.501368,0.367947,-0.020502,0.509352,0.368763,-0.020923,0.516897,0.367042,-0.019368,0.524618,0.370350,-0.015184,0.529686,0.374658,-0.010444,0.533393,0.377966,-0.005156,0.534949,0.380902,-0.000373,0.532314,0.383525,-0.005104,0.528664,0.385807,-0.010539,0.523349,0.389040,-0.014470,0.516720,0.391455,-0.017715,0.509504,0.392015,-0.018695,0.501846,0.392213,-0.018711,0.494584,0.390564,-0.016611,0.488388,0.388057,-0.013364,0.484039,0.386391,-0.008509,0.457347,0.286886,0.010893,0.459381,0.285460,0.008279,0.461791,0.283865,0.006298,0.465544,0.281801,0.004539,0.470994,0.280519,0.003348,0.476119,0.280821,0.003404,0.481503,0.282283,0.004686,0.485249,0.285064,0.006184,0.524425,0.286856,0.010211,0.526132,0.287898,0.010197,0.529284,0.289089,0.008908,0.534263,0.290803,0.008343,0.539602,0.291331,0.008954,0.545089,0.290363,0.010866,0.548619,0.288954,0.013264,0.551035,0.287710,0.015249,0.506870,0.274560,-0.007412,0.507334,0.285042,-0.012602,0.507842,0.294479,-0.018543,0.508347,0.303250,-0.025120,0.000000,0.000000,0.000000,0.000000,0.000000,0.000000,0.000000,0.000000,0.000000,0.000000,0.000000,0.000000,0.000000,0.000000,0.000000,0.000000,0.000000,0.000000,0.000000,0.000000,0.000000,0.000000,0.000000,0.000000,0.000000,0.000000,0.000000,0.000000,0.000000,0.000000,0.000000,0.000000,0.000000,0.000000,0.000000,0.000000,0.000000,0.000000,0.000000,0.000000,0.000000,0.000000,0.000000,0.000000,0.000000,0.000000,0.000000,0.000000,0.000000,0.000000,0.000000,0.000000,0.000000,0.000000,0.000000,0.000000,0.000000,0.000000,0.000000,0.000000,0.000000,0.000000,0.000000,0.000000,0.000000,0.000000,0.000000,0.000000,0.000000,0.000000,0.000000,0.000000,0.000000,0.000000,0.000000,0.000000,0.000000,0.000000,0.000000,0.000000,0.000000,0.000000,0.000000,0.000000,0.000000,0.000000,0.000000,0.000000,0.000000,0.000000,0.000000,0.000000,0.000000,0.000000,0.000000,0.000000,0.000000,0.000000,0.000000,0.000000,0.000000,0.000000,0.000000,0.000000,0.000000,0.000000,0.000000,0.000000,0.000000,0.000000,0.000000,0.000000,0.000000,0.000000,0.000000,0.000000,0.000000,0.000000,0.000000,0.000000,0.000000,0.000000,0.000000,0.000000,0.000000,0.000000
0.093460,-2.520536,-2.539310,0.146549,-2.657259,-2.379876,0.180475,-2.655736,-2.380317,0.206814,-2.654719,-2.380686,0.026542,-2.657224,-2.415339,-0.012877,-2.656038,-2.414790,-0.052068,-2.651074,-2.415903,0.249995,-2.590305,-1.342324,-0.113351,-2.575387,-1.460253,0.166399,-2.376787,-2.156770,0.020377,-2.378016,-2.188311,0.553104,-1.780823,-0.702121,-0.423264,-1.768330,-0.917783,0.785048,-0.887334,-0.595417,-0.680315,-0.919106,-0.593790,0.713758,-0.205543,-1.787287,-0.735969,-0.080077,-1.622450,0.729534,0.008600,-2.106920,-0.774074,0.183179,-1.920772,0.645284,-0.020035,-2.273030,-0.684703,0.155666,-2.177855,0.615402,-0.098059,-1.901487,-0.652055,0.058532,-1.754372,0.325224,0.005323,-0.104814,-0.325224,-0.005323,0.104814,0.244516,1.506666,-0.130040,-0.390153,1.494661,-0.092445,0.159252,2.835639,1.167674,-0.449652,2.827765,0.659592,0.163031,3.031862,1.215967,-0.462860,3.021914,0.677069,0.052375,3.248786,-0.116638,-0.394529,3.253599,-0.853221,0.482214,0.382880,-0.004831,0.484057,0.379785,-0.009237,0.488350,0.376146,-0.013861,0.494052,0.371183,-0.017879,0.502401,0.366909,-0.020935,0.510355,0.367700,-0.021442,0.517942,0.365943,-0.019940,0.525728,0.369157,-0.015863,0.530835,0.373373,-0.011207,0.534571,0.376588,-0.005986,0.536127,0.379417,-0.001232,0.533446,0.381961,-0.006033,0.529740,0.384203,-0.011508,0.524377,0.387405,-0.015460,0.517726,0.389805,-0.018717,0.510503,0.390412,-0.019654,0.502931,0.390640,-0.019571,0.495730,0.389066,-0.017316,0.489581,0.386641,-0.013989,0.485280,0.385032,-0.009028,0.458802,0.286038,0.011937,0.460773,0.284484,0.009327,0.463120,0.282740,0.007334,0.466825,0.280479,0.005540,0.472280,0.279065,0.004346,0.477452,0.279377,0.004379,0.482846,0.281034,0.005621,0.486622,0.284044,0.007048,0.525911,0.285785,0.010748,0.527633,0.286824,0.010701,0.530820,0.287944,0.009365,0.535829,0.289563,0.008731,0.541195,0.290048,0.009290,0.546677,0.289089,0.011202,0.550218,0.287711,0.013608,0.552627,0.286469,0.015610,0.508041,0.273977,-0.006960,0.508436,0.284343,-0.012381,0.508871,0.293767,-0.018482,0.509298,0.302539,-0.025234,0.000000,0.000000,0.000000,0.000000,0.000000,0.000000,0.000000,0.000000,0.000000,0.000000,0.000000,0.000000,0.000000,0.000000,0.000000,0.000000,0.000000,0.000000,0.000000,0.000000,0.000000,0.000000,0.000000,0.000000,0.000000,0.000000,0.000000,0.000000,0.000000,0.000000,0.000000,0.000000,0.000000,0.000000,0.000000,0.000000,0.000000,0.000000,0.000000,0.000000,0.000000,0.000000,0.000000,0.000000,0.000000,0.000000,0.000000,0.000000,0.000000,0.000000,0.000000,0.000000,0.000000,0.000000,0.000000,0.000000,0.000000,0.000000,0.000000,0.000000,0.000000,0.000000,0.000000,0.000000,0.000000,0.000000,0.000000,0.000000,0.000000,0.000000,0.000000,0.000000,0.000000,0.000000,0.000000,0.000000,0.000000,0.000000,0.000000,0.000000,0.000000,0.000000,0.000000,0.000000,0.000000,0.000000,0.000000,0.000000,0.000000,0.000000,0.000000,0.000000,0.000000,0.000000,0.000000,0.000000,0.000000,0.000000,0.000000,0.000000,0.000000,0.000000,0.000000,0.000000,0.000000,0.000000,0.000000,0.000000,0.000000,0.000000,0.000000,0.000000,0.000000,0.000000,0.000000,0.000000,0.000000,0.000000,0.000000,0.000000,0.000000,0.000000,0.000000,0.000000,0.000000,0.000000
0.123774,-2.466633,-2.078274,0.181195,-2.609844,-1.900149,0.215888,-2.607686,-1.900356,0.242610,-2.605767,-1.899068,0.052859,-2.610184,-1.927998,0.011444,-2.608136,-1.927434,-0.029903,-2.604095,-1.928690,0.288323,-2.536139,-0.808978,-0.089366,-2.525392,-0.920814,0.198602,-2.316945,-1.678034,0.047438,-2.318144,-1.716470,0.560355,-1.744685,-0.435032,-0.416842,-1.758941,-0.231526,1.093192,-0.952856,-1.359779,-1.048633,-1.194008,-1.212207,0.430645,-1.015358,-3.025064,-0.595844,-1.118219,-3.023104,0.240140,-0.878676,-3.414699,-0.506704,-0.951316,-3.407339,0.155282,-0.980396,-3.224473,-0.402651,-1.020749,-3.236936,0.191325,-1.026317,-2.969715,-0.411282,-1.068587,-3.081247,0.358178,-0.054868,-0.072976,-0.358178,0.054868,0.072976,0.363048,1.539930,0.262823,-0.366129,1.508371,0.269669,0.315432,2.847491,1.775414,-0.367983,2.817770,1.391358,0.318715,3.025817,1.847093,-0.385526,3.000918,1.463334,0.230955,3.311397,0.449378,-0.265974,3.254561,-0.079552,0.481996,0.382366,-0.004426,0.484025,0.379327,-0.008902,0.488520,0.375821,-0.013630,0.494400,0.370982,-0.017726,0.502892,0.366891,-0.020795,0.510931,0.367818,-0.021245,0.518586,0.366084,-0.019710,0.526376,0.369249,-0.015521,0.531501,0.373424,-0.010733,0.535303,0.376575,-0.005380,0.536898,0.379380,-0.000511,0.534117,0.381955,-0.005344,0.530301,0.384225,-0.010933,0.524830,0.387450,-0.014977,0.518082,0.389845,-0.018369,0.510781,0.390403,-0.019382,0.503091,0.390554,-0.019341,0.495775,0.388870,-0.017034,0.489526,0.386314,-0.013657,0.485125,0.384608,-0.008609,0.459234,0.284666,0.011432,0.461187,0.282908,0.008820,0.463497,0.280990,0.006807,0.467211,0.278533,0.004995,0.472772,0.277047,0.003800,0.478087,0.277481,0.003863,0.483619,0.279519,0.005107,0.487516,0.282984,0.006565,0.526734,0.285254,0.010513,0.528482,0.286406,0.010482,0.531749,0.287604,0.009168,0.536871,0.289326,0.008570,0.542349,0.289876,0.009153,0.547884,0.288877,0.011098,0.551430,0.287378,0.013557,0.553806,0.285995,0.015578,0.509085,0.272851,-0.007473,0.509456,0.283215,-0.012816,0.509875,0.292664,-0.018875,0.510284,0.301485,-0.025583,0.263826,0.787824,0.000000,0.296871,0.766719,-0.024205,0.339392,0.769337,-0.033800,0.371243,0.776107,-0.036429,0.394227,0.787276,-0.037345,0.315648,0.850028,-0.042156,0.346280,0.894612,-0.050283,0.367650,0.905784,-0.052629,0.383444,0.908979,-0.052717,0.306204,0.869161,-0.029414,0.346409,0.900887,-0.035221,0.367671,0.889214,-0.034196,0.377484,0.874241,-0.032715,0.302610,0.874409,-0.016463,0.340340,0.895293,-0.023006,0.359468,0.880359,-0.023350,0.368412,0.865004,-0.021426,0.304415,0.871207,-0.004160,0.334737,0.886148,-0.007648,0.352321,0.879944,-0.006960,0.359427,0.869724,-0.005067,0.610299,0.804013,0.000000,0.565430,0.774933,-0.006808,0.520598,0.772334,-0.014060,0.485520,0.773076,-0.019617,0.460441,0.781689,-0.025412,0.520631,0.833702,-0.028901,0.475065,0.876712,-0.039325,0.447757,0.896398,-0.045051,0.430326,0.912456,-0.048425,0.535287,0.864742,-0.028178,0.487062,0.895743,-0.036847,0.485384,0.871902,-0.037099,0.498619,0.852114,-0.037419,0.549877,0.886023,-0.026020,0.504314,0.914090,-0.030493,0.502891,0.893326,-0.024389,0.515642,0.876507,-0.021067,0.560489,0.899079,-0.024118,0.523351,0.926098,-0.026428,0.521526,0.908501,-0.020478,0.533302,0.892794,-0.016365
0.077360,-2.525637,-2.651218,0.144096,-2.663978,-2.449092,0.180817,-2.664573,-2.449009,0.212161,-2.664064,-2.447703,0.014013,-2.664806,-2.475334,-0.028608,-2.664091,-2.475531,-0.068070,-2.662408,-2.476851,0.263348,-2.602840,-1.204066,-0.123515,-2.595648,-1.306720,0.161091,-2.383734,-2.193352,0.006840,-2.378036,-2.228520,0.511642,-1.836203,-0.763014,-0.475528,-1.828666,-0.603572,1.124454,-1.083705,-2.117982,-1.164039,-1.292191,-2.012207,0.342201,-1.280889,-4.042719,-0.633814,-1.330711,-4.199103,0.134193,-1.175872,-4.476870,-0.455630,-1.213076,-4.623227,0.053897,-1.288118,-4.243924,-0.366916,-1.307669,-4.412115,0.105685,-1.318626,-3.976289,-0.391704,-1.326887,-4.149701,0.396178,-0.014706,-0.103982,-0.396178,0.014706,0.103982,0.380214,1.515843,0.511541,-0.347045,1.495541,0.523069,0.360817,2.836704,2.280366,-0.334590,2.820069,1.869132,0.369512,3.011356,2.372325,-0.351486,2.997375,1.956727,0.274832,3.317395,0.874288,-0.227969,3.275162,0.292970,0.478359,0.388298,-0.002774,0.480243,0.385310,-0.007477,0.484510,0.381906,-0.012382,0.490088,0.377154,-0.016662,0.498291,0.373168,-0.019991,0.506179,0.374041,-0.020601,0.513767,0.372247,-0.019238,0.521588,0.375292,-0.015166,0.526721,0.379360,-0.010436,0.530584,0.382415,-0.005120,0.532290,0.385180,-0.000124,0.529598,0.387690,-0.004754,0.525867,0.389959,-0.010032,0.520443,0.393273,-0.013845,0.513721,0.395815,-0.016889,0.506403,0.396438,-0.017684,0.498801,0.396596,-0.017541,0.491644,0.394846,-0.015213,0.485589,0.392232,-0.011890,0.481358,0.390501,-0.006932,0.455005,0.290936,0.011503,0.456898,0.289337,0.008770,0.459165,0.287561,0.006677,0.462812,0.285228,0.004731,0.468327,0.283711,0.003387,0.473656,0.283986,0.003345,0.479196,0.285752,0.004573,0.483072,0.288950,0.006030,0.522454,0.290347,0.009048,0.524186,0.291371,0.008995,0.527443,0.292429,0.007655,0.532568,0.294005,0.006982,0.538042,0.294463,0.007485,0.543598,0.293399,0.009312,0.547185,0.291898,0.011664,0.549623,0.290533,0.013627,0.504239,0.279275,-0.008877,0.504557,0.289774,-0.014017,0.504919,0.299410,-0.019903,0.505261,0.308432,-0.026401,0.298140,0.715550,-0.000000,0.328661,0.698408,-0.023332,0.364840,0.694191,-0.038489,0.397008,0.697129,-0.047666,0.420939,0.706371,-0.055726,0.337150,0.767579,-0.046356,0.379828,0.801534,-0.057045,0.398914,0.820627,-0.058777,0.414053,0.838358,-0.059429,0.328369,0.794618,-0.035826,0.379121,0.795532,-0.048955,0.380763,0.766910,-0.044960,0.371289,0.751447,-0.040416,0.325871,0.808950,-0.025117,0.372571,0.802040,-0.036352,0.370721,0.775795,-0.029990,0.360676,0.761503,-0.023904,0.328785,0.815580,-0.015607,0.363293,0.806229,-0.025265,0.363660,0.786370,-0.024072,0.356385,0.776286,-0.021167,0.583470,0.739872,0.000000,0.544623,0.705010,-0.014619,0.504432,0.695233,-0.023658,0.468958,0.691525,-0.029005,0.445512,0.699268,-0.033716,0.508260,0.757058,-0.032117,0.466424,0.795044,-0.040257,0.441910,0.817931,-0.044485,0.425105,0.838910,-0.047220,0.520734,0.790258,-0.026580,0.477522,0.802389,-0.034872,0.478816,0.780487,-0.033543,0.493611,0.765713,-0.031752,0.532393,0.811486,-0.020349,0.490296,0.817030,-0.024629,0.494560,0.799594,-0.017478,0.508597,0.789128,-0.012709,0.539760,0.824808,-0.015273,0.506477,0.823969,-0.017699,0.510225,0.809449,-0.012565,0.521200,0.800538,-0.008561
0.052156,-2.531651,-2.773976,0.120040,-2.668638,-2.560701,0.157061,-2.669213,-2.560581,0.189284,-2.671520,-2.559322,-0.010540,-2.673777,-2.588437,-0.053502,-2.675336,-2.588705,-0.092699,-2.677279,-2.589964,0.245649,-2.626418,-1.261124,-0.146910,-2.626077,-1.368088,0.136197,-2.395781,-2.296235,-0.016322,-2.386764,-2.333312,0.496805,-1.872034,-0.806929,-0.493140,-1.859983,-0.666110,1.113147,-1.127001,-2.288562,-1.202720,-1.351476,-2.154865,0.320545,-1.320593,-4.327679,-0.638829,-1.417658,-4.369363,0.111553,-1.221490,-4.779438,-0.447541,-1.298174,-4.799660,0.025666,-1.325442,-4.526472,-0.353449,-1.379018,-4.556071,0.080274,-1.351714,-4.257533,-0.382392,-1.395144,-4.309839,0.397120,-0.006155,-0.119666,-0.397120,0.006155,0.119666,0.384031,1.517248,0.548890,-0.337724,1.505978,0.623072,0.364920,2.827094,2.402257,-0.324477,2.824175,2.052728,0.373351,3.000761,2.503865,-0.337918,2.998256,2.149384,0.277129,3.312703,0.990667,-0.225104,3.296212,0.472494,0.477811,0.388636,-0.001803,0.479709,0.385788,-0.006608,0.484018,0.382591,-0.011595,0.489652,0.378051,-0.015945,0.497889,0.374231,-0.019294,0.505826,0.375074,-0.019825,0.513434,0.373144,-0.018458,0.521280,0.375854,-0.014303,0.526496,0.379616,-0.009447,0.530418,0.382402,-0.003981,0.532171,0.384990,0.001123,0.529435,0.387725,-0.003421,0.525674,0.390290,-0.008728,0.520251,0.393878,-0.012586,0.513526,0.396618,-0.015719,0.506202,0.397387,-0.016547,0.498530,0.397543,-0.016436,0.491317,0.395732,-0.014084,0.485210,0.392933,-0.010758,0.480897,0.390998,-0.005827,0.454444,0.292307,0.010458,0.456320,0.290736,0.007715,0.458591,0.289000,0.005601,0.462209,0.286673,0.003642,0.467685,0.285137,0.002297,0.472996,0.285347,0.002273,0.478530,0.287015,0.003556,0.482419,0.290116,0.005050,0.521453,0.291128,0.008298,0.523159,0.292097,0.008256,0.526388,0.293124,0.006960,0.531492,0.294634,0.006345,0.536936,0.295039,0.006879,0.542468,0.293911,0.008721,0.546039,0.292365,0.011059,0.548459,0.290978,0.013004,0.503411,0.280449,-0.009805,0.503805,0.290946,-0.014733,0.504233,0.300633,-0.020410,0.504644,0.309692,-0.026699,0.286111,0.713811,0.000000,0.325120,0.691277,-0.021570,0.368937,0.689459,-0.031444,0.403464,0.690919,-0.035739,0.426469,0.701704,-0.038539,0.341172,0.750766,-0.038294,0.379463,0.791395,-0.046793,0.398190,0.816231,-0.047950,0.414335,0.837964,-0.048006,0.330291,0.780719,-0.027869,0.378765,0.788269,-0.039678,0.387578,0.764932,-0.038044,0.385981,0.751842,-0.035008,0.326510,0.796650,-0.017154,0.373608,0.795563,-0.028740,0.374873,0.767885,-0.023867,0.366966,0.750824,-0.017224,0.329786,0.802322,-0.007250,0.365408,0.795210,-0.013386,0.367710,0.773199,-0.010035,0.361234,0.759885,-0.005705,0.582369,0.739280,0.000000,0.542783,0.705711,-0.015103,0.502464,0.695782,-0.024143,0.467260,0.691866,-0.029595,0.444991,0.700938,-0.034350,0.509215,0.756867,-0.031267,0.467910,0.793563,-0.038822,0.444045,0.815486,-0.042502,0.427830,0.835745,-0.044769,0.521874,0.789189,-0.025698,0.478753,0.802497,-0.033679,0.478351,0.781080,-0.032434,0.492297,0.766116,-0.030633,0.533307,0.810081,-0.019590,0.490371,0.816231,-0.024153,0.493239,0.798685,-0.017843,0.506764,0.788093,-0.013407,0.539936,0.823192,-0.014650,0.504890,0.824628,-0.017351,0.507498,0.809893,-0.012645,0.518596,0.800158,-0.008855
0.061298,-2.561256,-2.332187,0.128232,-2.700689,-2.128311,0.163344,-2.701652,-2.128417,0.199125,-2.703888,-2.127361,-0.003925,-2.706606,-2.168618,-0.047661,-2.708695,-2.168364,-0.086535,-2.710763,-2.169812,0.252664,-2.658895,-0.921755,-0.145753,-2.659746,-1.085077,0.141516,-2.422887,-1.889335,-0.009316,-2.413108,-1.942090,0.502795,-1.897854,-0.505336,-0.496005,-1.886649,-0.457909,1.109211,-1.140207,-1.753281,-1.151603,-1.328689,-1.729596,0.329681,-1.278739,-3.606306,-0.616550,-1.306992,-3.827712,0.119914,-1.176787,-4.023925,-0.452199,-1.225513,-4.226987,0.033935,-1.271613,-3.789637,-0.356525,-1.300048,-4.053878,0.086574,-1.293458,-3.541545,-0.380464,-1.304740,-3.790362,0.400661,-0.003311,-0.092568,-0.400661,0.003311,0.092568,0.374928,1.534088,0.469948,-0.367576,1.519757,0.367648,0.346056,2.859504,2.130395,-0.366671,2.850052,1.548052,0.352948,3.037260,2.210770,-0.385063,3.026616,1.616576,0.258760,3.346425,0.721095,-0.258920,3.326360,-0.051932,0.479365,0.388815,-0.002333,0.481300,0.385935,-0.007103,0.485627,0.382762,-0.012059,0.491285,0.378277,-0.016373,0.499586,0.374539,-0.019677,0.507544,0.375506,-0.020183,0.515162,0.373715,-0.018750,0.522962,0.376608,-0.014519,0.528102,0.380487,-0.009624,0.531972,0.383381,-0.004149,0.533695,0.386051,0.000946,0.531000,0.388755,-0.003643,0.527287,0.391255,-0.008991,0.521865,0.394782,-0.012858,0.515114,0.397450,-0.015999,0.507729,0.398098,-0.016874,0.500009,0.398113,-0.016807,0.492783,0.396152,-0.014543,0.486685,0.393228,-0.011247,0.482406,0.391224,-0.006363,0.456306,0.292006,0.010398,0.458227,0.290524,0.007654,0.460535,0.288863,0.005555,0.464211,0.286644,0.003627,0.469724,0.285219,0.002312,0.475029,0.285505,0.002304,0.480562,0.287212,0.003599,0.484414,0.290292,0.005132,0.523584,0.291974,0.008635,0.525299,0.292974,0.008611,0.528535,0.294061,0.007317,0.533627,0.295667,0.006713,0.539060,0.296157,0.007275,0.544582,0.295149,0.009145,0.548161,0.293719,0.011516,0.550601,0.292434,0.013484,0.505709,0.280783,-0.009474,0.506042,0.291475,-0.014486,0.506419,0.301167,-0.020269,0.506784,0.310174,-0.026653,0.038683,0.107873,0.000000,0.040678,0.114612,-0.004553,0.044826,0.118989,-0.006332,0.049510,0.120327,-0.007540,0.053981,0.121163,-0.008714,0.052354,0.116964,-0.003621,0.059357,0.117511,-0.005800,0.064195,0.116970,-0.007616,0.067916,0.116204,-0.008904,0.053013,0.112710,-0.002777,0.060285,0.111387,-0.004805,0.065079,0.109907,-0.006834,0.068836,0.108680,-0.008218,0.052332,0.109037,-0.002377,0.058929,0.107866,-0.004924,0.062791,0.107276,-0.006812,0.065664,0.106981,-0.007979,0.050716,0.105949,-0.002312,0.054051,0.105865,-0.004894,0.053501,0.107170,-0.005753,0.051975,0.108764,-0.006068,0.590455,0.782636,0.000000,0.557799,0.749512,-0.020771,0.518573,0.735916,-0.034263,0.484513,0.732147,-0.042140,0.461550,0.742156,-0.049355,0.532694,0.793882,-0.051149,0.488739,0.826094,-0.065726,0.461768,0.842307,-0.072043,0.443286,0.857151,-0.075330,0.542363,0.829088,-0.042908,0.492468,0.843414,-0.054547,0.488830,0.818198,-0.052537,0.500206,0.801564,-0.050616,0.548396,0.851949,-0.033786,0.500885,0.862095,-0.040374,0.499839,0.840205,-0.032380,0.510778,0.825920,-0.027046,0.549884,0.865898,-0.026085,0.510519,0.872240,-0.031228,0.509128,0.854287,-0.027040,0.518066,0.841894,-0.023721
0.103496,-2.414715,-2.538898,0.164348,-2.552519,-2.403944,0.197508,-2.553072,-2.404311,0.230133,-2.554220,-2.405294,0.039570,-2.557308,-2.452290,-0.001901,-2.557874,-2.451423,-0.039783,-2.558347,-2.452095,0.280240,-2.510530,-1.436438,-0.093763,-2.506132,-1.558364,0.177708,-2.275153,-2.178610,0.030534,-2.272320,-2.220567,0.570017,-1.733821,-0.694022,-0.404716,-1.723571,-0.917127,0.834374,-0.890151,-0.662333,-0.671734,-0.851142,-0.607838,0.676213,-0.250883,-1.865451,-0.700329,0.012994,-1.623603,0.683489,-0.015193,-2.177864,-0.757526,0.276983,-1.914799,0.589087,-0.055876,-2.339373,-0.669243,0.253927,-2.162100,0.565004,-0.137050,-1.975524,-0.632329,0.154117,-1.751842,0.323952,0.013041,-0.058548,-0.323952,-0.013041,0.058548,0.264837,1.513168,-0.155434,-0.383355,1.489475,-0.165825,0.168573,2.862751,1.111201,-0.466938,2.850536,0.542572,0.165693,3.062369,1.160614,-0.482373,3.049838,0.559021,0.052237,3.272950,-0.179610,-0.416386,3.281103,-0.956165,0.479410,0.390432,-0.002624,0.481379,0.387572,-0.007374,0.485811,0.384365,-0.012319,0.491624,0.379839,-0.016609,0.500094,0.376036,-0.019891,0.508157,0.376974,-0.020375,0.515826,0.375219,-0.018922,0.523641,0.378181,-0.014670,0.528760,0.382106,-0.009757,0.532574,0.385041,-0.004269,0.534210,0.387705,0.000816,0.531467,0.390376,-0.003828,0.527727,0.392818,-0.009239,0.522274,0.396251,-0.013162,0.515521,0.398822,-0.016366,0.508127,0.399448,-0.017287,0.500369,0.399484,-0.017237,0.493066,0.397589,-0.014967,0.486870,0.394761,-0.011638,0.482509,0.392812,-0.006704,0.456687,0.294360,0.010530,0.458645,0.292922,0.007780,0.460994,0.291314,0.005680,0.464712,0.289174,0.003760,0.470233,0.287816,0.002448,0.475512,0.288104,0.002446,0.481038,0.289709,0.003746,0.484889,0.292661,0.005291,0.524546,0.294425,0.008916,0.526271,0.295433,0.008896,0.529497,0.296549,0.007587,0.534577,0.298185,0.006985,0.540009,0.298696,0.007561,0.545561,0.297730,0.009449,0.549161,0.296319,0.011844,0.551612,0.295060,0.013830,0.506553,0.282959,-0.009283,0.506892,0.293538,-0.014349,0.507276,0.303099,-0.020184,0.507648,0.311975,-0.026625,0.000000,0.000000,0.000000,0.000000,0.000000,0.000000,0.000000,0.000000,0.000000,0.000000,0.000000,0.000000,0.000000,0.000000,0.000000,0.000000,0.000000,0.000000,0.000000,0.000000,0.000000,0.000000,0.000000,0.000000,0.000000,0.000000,0.000000,0.000000,0.000000,0.000000,0.000000,0.000000,0.000000,0.000000,0.000000,0.000000,0.000000,0.000000,0.000000,0.000000,0.000000,0.000000,0.000000,0.000000,0.000000,0.000000,0.000000,0.000000,0.000000,0.000000,0.000000,0.000000,0.000000,0.000000,0.000000,0.000000,0.000000,0.000000,0.000000,0.000000,0.000000,0.000000,0.000000,0.000000,0.000000,0.000000,0.000000,0.000000,0.000000,0.000000,0.000000,0.000000,0.000000,0.000000,0.000000,0.000000,0.000000,0.000000,0.000000,0.000000,0.000000,0.000000,0.000000,0.000000,0.000000,0.000000,0.000000,0.000000,0.000000,0.000000,0.000000,0.000000,0.000000,0.000000,0.000000,0.000000,0.000000,0.000000,0.000000,0.000000,0.000000,0.000000,0.000000,0.000000,0.000000,0.000000,0.000000,0.000000,0.000000,0.000000,0.000000,0.000000,0.000000,0.000000,0.000000,0.000000,0.000000,0.000000,0.000000,0.000000,0.000000,0.000000,0.000000,0.000000,0.000000,0.000000
0.082652,-2.512364,-2.424499,0.139064,-2.655218,-2.275544,0.179889,-2.656674,-2.275755,0.208932,-2.657765,-2.276326,0.018403,-2.646983,-2.298815,-0.019582,-2.642830,-2.298038,-0.058960,-2.638619,-2.298983,0.264759,-2.599076,-1.253769,-0.106047,-2.576804,-1.322608,0.164349,-2.374752,-2.049449,0.012453,-2.366179,-2.062599,0.585138,-1.780026,-0.612740,-0.404207,-1.771179,-0.755529,0.813014,-0.871198,-0.569192,-0.686078,-0.922935,-0.475828,0.705030,-0.265904,-1.581635,-0.712253,-0.179023,-1.529314,0.705543,0.023083,-1.971150,-0.735521,0.071389,-1.822966,0.597795,-0.062064,-2.216196,-0.646654,0.040476,-2.039188,0.576524,-0.162307,-1.783918,-0.625854,-0.068056,-1.644637,0.321753,0.017847,-0.109303,-0.321753,-0.017847,0.109303,0.244828,1.526440,-0.215190,-0.391828,1.490773,-0.130688,0.158187,2.878985,1.023070,-0.449666,2.861737,0.529197,0.163302,3.084259,1.067910,-0.462083,3.067814,0.535007,0.034957,3.281439,-0.290945,-0.406686,3.285041,-1.001315,0.482707,0.391081,-0.002228,0.484498,0.388180,-0.006959,0.488625,0.384863,-0.011848,0.494109,0.380238,-0.016108,0.502317,0.376337,-0.019428,0.510240,0.377223,-0.020026,0.517830,0.375392,-0.018702,0.525622,0.378262,-0.014661,0.530711,0.382176,-0.009949,0.534508,0.385122,-0.004653,0.536160,0.387781,0.000330,0.533433,0.390396,-0.004170,0.529730,0.392832,-0.009334,0.524376,0.396273,-0.013064,0.517723,0.398879,-0.016037,0.510496,0.399539,-0.016785,0.502926,0.399651,-0.016643,0.495825,0.397850,-0.014395,0.489869,0.395130,-0.011136,0.485712,0.393321,-0.006303,0.459585,0.294315,0.010934,0.461502,0.293020,0.008189,0.463826,0.291505,0.006100,0.467475,0.289461,0.004166,0.472869,0.288140,0.002805,0.478029,0.288355,0.002761,0.483440,0.289747,0.004030,0.487186,0.292469,0.005516,0.526595,0.294063,0.008526,0.528269,0.294973,0.008472,0.531404,0.296011,0.007138,0.536392,0.297602,0.006484,0.541732,0.298124,0.006988,0.547254,0.297218,0.008801,0.550864,0.295916,0.011091,0.553372,0.294776,0.013033,0.508366,0.283196,-0.009308,0.508633,0.293614,-0.014304,0.508950,0.303273,-0.020042,0.509256,0.312343,-0.026374,0.000000,0.000000,0.000000,0.000000,0.000000,0.000000,0.000000,0.000000,0.000000,0.000000,0.000000,0.000000,0.000000,0.000000,0.000000,0.000000,0.000000,0.000000,0.000000,0.000000,0.000000,0.000000,0.000000,0.000000,0.000000,0.000000,0.000000,0.000000,0.000000,0.000000,0.000000,0.000000,0.000000,0.000000,0.000000,0.000000,0.000000,0.000000,0.000000,0.000000,0.000000,0.000000,0.000000,0.000000,0.000000,0.000000,0.000000,0.000000,0.000000,0.000000,0.000000,0.000000,0.000000,0.000000,0.000000,0.000000,0.000000,0.000000,0.000000,0.000000,0.000000,0.000000,0.000000,0.000000,0.000000,0.000000,0.000000,0.000000,0.000000,0.000000,0.000000,0.000000,0.000000,0.000000,0.000000,0.000000,0.000000,0.000000,0.000000,0.000000,0.000000,0.000000,0.000000,0.000000,0.000000,0.000000,0.000000,0.000000,0.000000,0.000000,0.000000,0.000000,0.000000,0.000000,0.000000,0.000000,0.000000,0.000000,0.000000,0.000000,0.000000,0.000000,0.000000,0.000000,0.000000,0.000000,0.000000,0.000000,0.000000,0.000000,0.000000,0.000000,0.000000,0.000000,0.000000,0.000000,0.000000,0.000000,0.000000,0.000000,0.000000,0.000000,0.000000,0.000000,0.000000,0.000000
0.127810,-2.537058,-2.237444,0.183448,-2.683289,-2.077610,0.213857,-2.684125,-2.077393,0.241327,-2.685018,-2.076062,0.054726,-2.686584,-2.117651,0.010000,-2.685274,-2.116939,-0.028644,-2.681359,-2.118107,0.288999,-2.631684,-0.979912,-0.093583,-2.617586,-1.150463,0.196809,-2.393786,-1.823480,0.049020,-2.390028,-1.877926,0.571858,-1.837789,-0.482782,-0.426831,-1.879000,-0.484964,1.143051,-1.054161,-1.230846,-1.023739,-1.260728,-1.339633,0.466530,-1.099642,-2.765333,-0.613259,-1.163037,-3.109943,0.277957,-0.955710,-3.150873,-0.541853,-0.994367,-3.475898,0.195721,-1.058851,-2.994524,-0.435869,-1.066402,-3.401455,0.221335,-1.104858,-2.725099,-0.438562,-1.120385,-3.104094,0.388154,0.011157,-0.034002,-0.388154,-0.011157,0.034002,0.351458,1.479327,0.366184,-0.398921,1.452420,0.265027,0.303093,2.793866,1.852353,-0.401158,2.758166,1.376984,0.304961,2.973270,1.922856,-0.415006,2.942994,1.447650,0.206502,3.269872,0.540842,-0.306914,3.202349,-0.082576,0.480968,0.387759,-0.003309,0.482783,0.384783,-0.007912,0.486952,0.381379,-0.012700,0.492465,0.376676,-0.016857,0.500629,0.372711,-0.020099,0.508475,0.373640,-0.020718,0.516031,0.371962,-0.019351,0.523758,0.375110,-0.015374,0.528828,0.379239,-0.010746,0.532590,0.382354,-0.005556,0.534210,0.385134,-0.000679,0.531509,0.387654,-0.005278,0.527824,0.389958,-0.010482,0.522469,0.393269,-0.014226,0.515801,0.395755,-0.017178,0.508576,0.396329,-0.017959,0.501052,0.396383,-0.017830,0.493975,0.394551,-0.015591,0.488040,0.391831,-0.012338,0.483914,0.390020,-0.007461,0.458032,0.290649,0.011710,0.459946,0.289147,0.008994,0.462263,0.287475,0.006914,0.465929,0.285271,0.005012,0.471394,0.283893,0.003669,0.476631,0.284225,0.003625,0.482087,0.285931,0.004830,0.485881,0.289016,0.006296,0.525256,0.291125,0.009333,0.526988,0.292166,0.009275,0.530200,0.293309,0.007919,0.535259,0.294985,0.007242,0.540666,0.295542,0.007741,0.546187,0.294599,0.009570,0.549766,0.293210,0.011924,0.552204,0.291959,0.013895,0.507093,0.279370,-0.008292,0.507319,0.289917,-0.013488,0.507590,0.299499,-0.019414,0.507862,0.308451,-0.025948,0.254512,0.791074,0.000000,0.288362,0.778711,-0.028767,0.326228,0.788348,-0.038795,0.356724,0.795633,-0.040772,0.378801,0.803992,-0.040795,0.299100,0.871927,-0.041957,0.333631,0.919856,-0.048520,0.354938,0.939486,-0.050257,0.369676,0.951381,-0.049631,0.294143,0.885375,-0.023608,0.335665,0.915166,-0.027899,0.350351,0.896320,-0.026612,0.351697,0.876222,-0.023820,0.292976,0.887771,-0.005102,0.328215,0.905649,-0.007415,0.341088,0.884665,-0.007414,0.342108,0.865115,-0.005074,0.296417,0.884836,0.012070,0.322815,0.897548,0.012231,0.335548,0.884777,0.012802,0.336677,0.868981,0.014975,0.617236,0.815588,0.000000,0.578376,0.785105,-0.023100,0.535360,0.780332,-0.038224,0.499048,0.780096,-0.047134,0.473045,0.788967,-0.055182,0.546942,0.848697,-0.054485,0.500938,0.891615,-0.068630,0.473296,0.913326,-0.073681,0.455260,0.932560,-0.076050,0.559739,0.883540,-0.044842,0.505658,0.906746,-0.056013,0.496838,0.880045,-0.053363,0.504806,0.859821,-0.050879,0.569814,0.904704,-0.034146,0.520100,0.917334,-0.040894,0.515664,0.893229,-0.033482,0.524636,0.876926,-0.028567,0.575861,0.916092,-0.024805,0.535630,0.923431,-0.029170,0.529572,0.903019,-0.024635,0.535691,0.887618,-0.021081
0.104925,-2.544791,-3.256181,0.165620,-2.690121,-3.015692,0.197880,-2.691938,-3.015418,0.229332,-2.695304,-3.014141,0.033778,-2.697920,-3.049083,-0.012050,-2.701251,-3.049334,-0.051715,-2.703070,-3.050323,0.275331,-2.653027,-1.564684,-0.122967,-2.647914,-1.691330,0.176053,-2.403059,-2.726101,0.028160,-2.394588,-2.769073,0.509489,-1.883576,-1.027409,-0.482303,-1.857000,-0.902416,1.208886,-1.159483,-2.692145,-1.275605,-1.372195,-2.510952,0.374467,-1.352226,-4.844605,-0.644225,-1.459098,-4.733556,0.148702,-1.260045,-5.326495,-0.439234,-1.339004,-5.162920,0.066896,-1.342662,-5.032959,-0.342349,-1.414116,-4.883111,0.122623,-1.364468,-4.763945,-0.370104,-1.421542,-4.656651,0.406834,-0.027181,-0.122686,-0.406834,0.027181,0.122686,0.398273,1.591318,0.455176,-0.325821,1.585918,0.645214,0.375605,2.950759,2.413035,-0.307418,2.948622,2.199857,0.377935,3.128243,2.517495,-0.322999,3.129516,2.304982,0.304516,3.440852,0.907451,-0.200577,3.417649,0.507212,0.477643,0.391137,-0.002506,0.479528,0.388078,-0.007269,0.483760,0.384675,-0.012129,0.489327,0.379953,-0.016336,0.497546,0.375989,-0.019585,0.505419,0.376920,-0.020095,0.512933,0.375142,-0.018621,0.520590,0.378207,-0.014427,0.525576,0.382296,-0.009603,0.529269,0.385393,-0.004203,0.530911,0.388232,0.000903,0.528345,0.390907,-0.003626,0.524792,0.393411,-0.008780,0.519534,0.396971,-0.012496,0.512901,0.399661,-0.015484,0.505597,0.400318,-0.016317,0.497924,0.400357,-0.016318,0.490763,0.398380,-0.014256,0.484754,0.395461,-0.011137,0.480582,0.393487,-0.006451,0.453896,0.292728,0.010128,0.455829,0.291261,0.007378,0.458158,0.289617,0.005279,0.461848,0.287420,0.003353,0.467378,0.286007,0.002034,0.472704,0.286291,0.002033,0.478242,0.287985,0.003350,0.482094,0.291051,0.004886,0.521507,0.292744,0.008510,0.523215,0.293756,0.008495,0.526441,0.294866,0.007209,0.531535,0.296531,0.006622,0.536989,0.297053,0.007197,0.542540,0.296040,0.009080,0.546137,0.294565,0.011458,0.548584,0.293221,0.013424,0.503589,0.281640,-0.009646,0.503936,0.292344,-0.014576,0.504325,0.302102,-0.020303,0.504703,0.311219,-0.026614,0.290233,0.699576,-0.000000,0.324764,0.679923,-0.024343,0.364893,0.675315,-0.037060,0.399163,0.674905,-0.043608,0.424109,0.681467,-0.049045,0.339468,0.748020,-0.044307,0.380396,0.787590,-0.054411,0.400461,0.809810,-0.055992,0.417293,0.828743,-0.056337,0.331489,0.776540,-0.032519,0.379146,0.776364,-0.045835,0.380046,0.747412,-0.042544,0.370121,0.731695,-0.037880,0.329588,0.790323,-0.020650,0.373116,0.783054,-0.032568,0.371198,0.757499,-0.027036,0.360952,0.742183,-0.020469,0.333209,0.795049,-0.009950,0.365495,0.785004,-0.018512,0.365338,0.766618,-0.016701,0.357684,0.755498,-0.013057,0.587915,0.727416,0.000000,0.547029,0.695839,-0.016414,0.507354,0.689664,-0.026191,0.471008,0.685682,-0.031935,0.447110,0.690942,-0.036748,0.512541,0.757668,-0.033477,0.469579,0.793336,-0.041508,0.445242,0.815114,-0.044974,0.428614,0.834997,-0.046893,0.525810,0.790227,-0.025968,0.482394,0.794817,-0.033527,0.483798,0.770996,-0.030775,0.498576,0.754519,-0.027970,0.536740,0.808908,-0.018010,0.495523,0.805968,-0.022080,0.499839,0.787148,-0.015120,0.513923,0.775151,-0.010380,0.542550,0.819189,-0.011340,0.510505,0.812486,-0.013493,0.514071,0.797317,-0.009184,0.524349,0.787631,-0.005669
0.081244,-2.587918,-2.938465,0.140993,-2.729039,-2.695563,0.174404,-2.731203,-2.695549,0.210300,-2.733646,-2.694172,0.010390,-2.737114,-2.731046,-0.034915,-2.741988,-2.731521,-0.074951,-2.744808,-2.732722,0.253965,-2.694376,-1.304905,-0.149499,-2.694427,-1.455043,0.151837,-2.449602,-2.429337,0.008188,-2.443553,-2.478516,0.485014,-1.930272,-0.831178,-0.510150,-1.893742,-0.740049,1.168823,-1.206585,-2.448817,-1.285202,-1.413750,-2.311985,0.317842,-1.407387,-4.721355,-0.649943,-1.493322,-4.641613,0.097620,-1.318918,-5.208086,-0.446417,-1.373638,-5.085447,0.006507,-1.402842,-4.942323,-0.351322,-1.455470,-4.833011,0.068864,-1.421826,-4.651072,-0.380437,-1.461436,-4.574359,0.409038,-0.006973,-0.117167,-0.409038,0.006973,0.117167,0.379567,1.564403,0.535159,-0.355341,1.564619,0.501132,0.348713,2.903905,2.435637,-0.352052,2.911557,1.875345,0.351484,3.080649,2.536860,-0.369495,3.083189,1.959307,0.275997,3.391336,0.990944,-0.242287,3.397967,0.205397,0.477613,0.390208,-0.002743,0.479498,0.387083,-0.007443,0.483724,0.383584,-0.012290,0.489241,0.378764,-0.016504,0.497387,0.374678,-0.019750,0.505219,0.375547,-0.020300,0.512703,0.373738,-0.018877,0.520399,0.376821,-0.014778,0.525456,0.380941,-0.010023,0.529245,0.384073,-0.004691,0.530957,0.386961,0.000306,0.528371,0.389659,-0.004209,0.524771,0.392164,-0.009378,0.519472,0.395711,-0.013105,0.512815,0.398404,-0.016118,0.505495,0.399100,-0.016950,0.497843,0.399215,-0.016879,0.490695,0.397339,-0.014697,0.484702,0.394511,-0.011512,0.480549,0.392565,-0.006743,0.454154,0.292403,0.010789,0.456034,0.290817,0.008087,0.458299,0.289058,0.006027,0.461924,0.286731,0.004128,0.467402,0.285231,0.002813,0.472711,0.285531,0.002798,0.478223,0.287349,0.004037,0.482076,0.290585,0.005513,0.520907,0.292138,0.008807,0.522633,0.293171,0.008766,0.525874,0.294258,0.007471,0.530967,0.295845,0.006845,0.536392,0.296293,0.007379,0.541884,0.295194,0.009213,0.545428,0.293657,0.011567,0.547832,0.292266,0.013510,0.503037,0.280925,-0.008960,0.503394,0.291535,-0.013979,0.503784,0.301146,-0.019759,0.504165,0.310095,-0.026148,0.274355,0.696826,-0.000000,0.318637,0.677519,-0.021924,0.368294,0.681614,-0.028565,0.404290,0.683049,-0.030305,0.430702,0.691192,-0.030203,0.349974,0.741977,-0.026673,0.384516,0.784049,-0.033723,0.398885,0.813134,-0.037116,0.413623,0.837418,-0.039483,0.337071,0.765695,-0.016074,0.370832,0.776864,-0.027726,0.378245,0.749012,-0.030529,0.383635,0.730131,-0.031052,0.331081,0.776783,-0.006049,0.365163,0.786660,-0.017466,0.366526,0.755517,-0.016017,0.366438,0.734211,-0.011913,0.332652,0.778833,0.002966,0.357420,0.780723,-0.001869,0.360346,0.755894,0.000133,0.360360,0.739277,0.003200,0.583196,0.730123,0.000000,0.544500,0.694691,-0.016458,0.504901,0.685786,-0.026252,0.468017,0.681856,-0.031855,0.445158,0.691178,-0.036762,0.510804,0.751077,-0.035845,0.466872,0.787606,-0.043397,0.441981,0.809451,-0.046247,0.425241,0.829224,-0.047885,0.523843,0.784294,-0.028909,0.479500,0.791656,-0.036554,0.480370,0.770043,-0.033956,0.495355,0.755283,-0.031373,0.534832,0.804271,-0.021267,0.493293,0.803808,-0.024808,0.497274,0.786578,-0.017778,0.511320,0.776158,-0.013379,0.540908,0.815781,-0.014928,0.508706,0.811239,-0.016864,0.512654,0.796499,-0.012362,0.523711,0.787110,-0.008972
0.086035,-2.610994,-2.808105,0.142592,-2.750776,-2.564058,0.177615,-2.752705,-2.563821,0.214357,-2.754003,-2.562366,0.014079,-2.758307,-2.603710,-0.031926,-2.763071,-2.604033,-0.072582,-2.765769,-2.605255,0.256551,-2.710126,-1.172589,-0.149728,-2.713688,-1.341962,0.154502,-2.474133,-2.303288,0.016161,-2.467112,-2.357187,0.487632,-1.942644,-0.698757,-0.511527,-1.903640,-0.686178,1.179021,-1.228361,-2.362900,-1.289403,-1.425269,-2.332875,0.335712,-1.424930,-4.603131,-0.647307,-1.514259,-4.585482,0.105697,-1.335778,-5.077281,-0.445202,-1.406235,-5.010811,0.019441,-1.426261,-4.787508,-0.350513,-1.487462,-4.735187,0.078761,-1.445916,-4.527163,-0.379378,-1.487446,-4.507362,0.409998,-0.002103,-0.104886,-0.409998,0.002103,0.104886,0.369325,1.573815,0.543369,-0.373466,1.565382,0.489772,0.334463,2.925220,2.460821,-0.381300,2.925232,1.882805,0.336172,3.107065,2.563709,-0.401824,3.101075,1.969769,0.262201,3.409027,1.014174,-0.272777,3.412854,0.208209,0.478206,0.389711,-0.003157,0.480102,0.386667,-0.007816,0.484369,0.383252,-0.012615,0.489951,0.378491,-0.016773,0.498153,0.374463,-0.019955,0.506000,0.375352,-0.020436,0.513453,0.373547,-0.018934,0.521095,0.376587,-0.014747,0.526117,0.380655,-0.009943,0.529869,0.383739,-0.004574,0.531557,0.386548,0.000435,0.528985,0.389197,-0.004168,0.525413,0.391643,-0.009426,0.520160,0.395133,-0.013225,0.513546,0.397789,-0.016323,0.506271,0.398472,-0.017218,0.498632,0.398582,-0.017211,0.491462,0.396719,-0.015092,0.485417,0.393922,-0.011916,0.481195,0.392030,-0.007147,0.454535,0.292143,0.010448,0.456454,0.290583,0.007759,0.458749,0.288855,0.005709,0.462408,0.286560,0.003841,0.467905,0.285084,0.002561,0.473205,0.285376,0.002602,0.478714,0.287141,0.003889,0.482560,0.290308,0.005393,0.521434,0.292028,0.009121,0.523165,0.293082,0.009106,0.526405,0.294201,0.007818,0.531480,0.295831,0.007234,0.536892,0.296299,0.007818,0.542370,0.295238,0.009710,0.545898,0.293733,0.012097,0.548279,0.292383,0.014076,0.503740,0.280604,-0.008838,0.504148,0.291206,-0.013886,0.504588,0.300794,-0.019705,0.505019,0.309719,-0.026136,0.283227,0.697906,-0.000000,0.323299,0.676242,-0.023038,0.368517,0.674664,-0.032074,0.403140,0.676360,-0.035486,0.427016,0.686417,-0.037403,0.340967,0.739338,-0.036432,0.379278,0.780008,-0.044565,0.398516,0.804094,-0.045607,0.415237,0.823692,-0.045732,0.331196,0.766829,-0.025494,0.376656,0.770436,-0.037646,0.381572,0.741669,-0.036615,0.377098,0.724608,-0.033609,0.328441,0.780592,-0.014674,0.371688,0.778405,-0.026257,0.372984,0.750443,-0.022364,0.366280,0.732935,-0.016279,0.332319,0.784279,-0.004890,0.365412,0.778503,-0.011318,0.368662,0.758293,-0.009054,0.363627,0.744909,-0.005290,0.584268,0.723043,0.000000,0.544022,0.687928,-0.015155,0.503717,0.679082,-0.024310,0.467251,0.675385,-0.029474,0.447718,0.686967,-0.033977,0.512415,0.743008,-0.035596,0.468975,0.780100,-0.043583,0.444098,0.802491,-0.046909,0.427607,0.822768,-0.048863,0.525786,0.776271,-0.029296,0.481092,0.785362,-0.037218,0.481847,0.764400,-0.034839,0.496791,0.750060,-0.032452,0.536675,0.796829,-0.022141,0.494508,0.797781,-0.025812,0.498251,0.781002,-0.018781,0.512283,0.770783,-0.014363,0.542389,0.809081,-0.016159,0.509445,0.806034,-0.017869,0.513239,0.791723,-0.013112,0.524574,0.782437,-0.009650
0.076556,-2.497057,-2.917932,0.135998,-2.640002,-2.746171,0.169302,-2.640218,-2.746427,0.203630,-2.639269,-2.745389,0.007450,-2.643807,-2.773927,-0.034396,-2.644107,-2.774338,-0.071170,-2.642439,-2.775769,0.256853,-2.586993,-1.542490,-0.128359,-2.584628,-1.639263,0.152610,-2.359848,-2.473678,0.003825,-2.354076,-2.513043,0.557681,-1.807945,-0.888820,-0.439048,-1.803543,-0.808575,0.993921,-1.014877,-1.213041,-0.804192,-1.066575,-0.909107,0.441897,-0.624955,-2.650915,-0.576411,-0.597469,-2.548684,0.338681,-0.400675,-3.039873,-0.512537,-0.357216,-2.955514,0.187134,-0.495236,-3.105112,-0.415781,-0.451144,-3.087929,0.202862,-0.582788,-2.710671,-0.421147,-0.549653,-2.641710,0.354761,0.012093,-0.080054,-0.354761,-0.012093,0.080054,0.297231,1.458621,-0.364959,-0.394583,1.391964,-0.494507,0.159287,2.808324,0.740733,-0.490938,2.779622,0.063600,0.149292,2.993607,0.769331,-0.505668,2.997902,0.055029,0.025707,3.257493,-0.706235,-0.443690,3.192384,-1.541277,0.476752,0.390351,-0.003338,0.478555,0.387159,-0.007986,0.482736,0.383515,-0.012874,0.488260,0.378554,-0.017155,0.496502,0.374331,-0.020495,0.504479,0.375090,-0.021166,0.512149,0.373269,-0.019847,0.520087,0.376393,-0.015872,0.525274,0.380592,-0.011207,0.529140,0.383789,-0.005960,0.530831,0.386736,-0.001062,0.528167,0.389411,-0.005682,0.524467,0.391798,-0.010965,0.519049,0.395246,-0.014777,0.512294,0.397887,-0.017803,0.504899,0.398581,-0.018567,0.497240,0.398806,-0.018369,0.490029,0.397069,-0.015964,0.483959,0.394430,-0.012584,0.479757,0.392639,-0.007568,0.452913,0.293865,0.012563,0.454814,0.292243,0.009811,0.457092,0.290459,0.007709,0.460734,0.288114,0.005762,0.466210,0.286547,0.004383,0.471496,0.286760,0.004278,0.477016,0.288371,0.005453,0.480885,0.291406,0.006888,0.520295,0.292397,0.009518,0.522077,0.293447,0.009445,0.525367,0.294506,0.008067,0.530517,0.296047,0.007328,0.536001,0.296455,0.007781,0.541547,0.295348,0.009581,0.545115,0.293847,0.011939,0.547533,0.292503,0.013900,0.501906,0.280859,-0.008042,0.502271,0.291354,-0.013351,0.502673,0.300916,-0.019398,0.503052,0.309838,-0.026048,0.000000,0.000000,0.000000,0.000000,0.000000,0.000000,0.000000,0.000000,0.000000,0.000000,0.000000,0.000000,0.000000,0.000000,0.000000,0.000000,0.000000,0.000000,0.000000,0.000000,0.000000,0.000000,0.000000,0.000000,0.000000,0.000000,0.000000,0.000000,0.000000,0.000000,0.000000,0.000000,0.000000,0.000000,0.000000,0.000000,0.000000,0.000000,0.000000,0.000000,0.000000,0.000000,0.000000,0.000000,0.000000,0.000000,0.000000,0.000000,0.000000,0.000000,0.000000,0.000000,0.000000,0.000000,0.000000,0.000000,0.000000,0.000000,0.000000,0.000000,0.000000,0.000000,0.000000,0.000000,0.000000,0.000000,0.000000,0.000000,0.000000,0.000000,0.000000,0.000000,0.000000,0.000000,0.000000,0.000000,0.000000,0.000000,0.000000,0.000000,0.000000,0.000000,0.000000,0.000000,0.000000,0.000000,0.000000,0.000000,0.000000,0.000000,0.000000,0.000000,0.000000,0.000000,0.000000,0.000000,0.000000,0.000000,0.000000,0.000000,0.000000,0.000000,0.000000,0.000000,0.000000,0.000000,0.000000,0.000000,0.000000,0.000000,0.000000,0.000000,0.000000,0.000000,0.000000,0.000000,0.000000,0.000000,0.000000,0.000000,0.000000,0.000000,0.000000,0.000000,0.000000,0.000000
0.040152,-2.544784,-2.364833,0.099300,-2.688928,-2.217029,0.138858,-2.689167,-2.216848,0.166544,-2.689008,-2.217543,-0.025182,-2.682333,-2.226117,-0.062905,-2.677803,-2.224614,-0.102617,-2.672933,-2.225325,0.223934,-2.627978,-1.266470,-0.144754,-2.608514,-1.249003,0.123614,-2.405663,-2.016403,-0.033608,-2.399724,-2.008986,0.547979,-1.808097,-0.709582,-0.444781,-1.773123,-0.823000,0.738518,-0.817213,-0.605932,-0.649188,-0.872097,-0.514519,0.679934,-0.044617,-1.604893,-0.751861,0.036288,-1.511778,0.719957,0.202581,-1.892054,-0.829932,0.280452,-1.788685,0.627751,0.197125,-2.064220,-0.747170,0.281015,-2.066487,0.593390,0.103025,-1.720184,-0.699183,0.186416,-1.659501,0.328107,0.009854,-0.128075,-0.328107,-0.009854,0.128075,0.242244,1.533652,-0.109638,-0.389236,1.518073,0.115958,0.151992,2.872901,1.447615,-0.451795,2.863987,1.096709,0.160247,3.076514,1.519818,-0.470249,3.064610,1.142357,0.030703,3.279689,0.142573,-0.392690,3.300918,-0.441960,0.477269,0.390076,-0.001893,0.478978,0.386892,-0.006719,0.483033,0.383313,-0.011816,0.488400,0.378423,-0.016342,0.496489,0.374250,-0.019944,0.504463,0.374991,-0.020791,0.512235,0.373024,-0.019680,0.520408,0.375948,-0.015875,0.525872,0.379982,-0.011256,0.530002,0.383045,-0.006020,0.531890,0.385963,-0.001094,0.529164,0.388863,-0.005547,0.525331,0.391573,-0.010721,0.519751,0.395331,-0.014454,0.512826,0.398210,-0.017343,0.505258,0.399047,-0.017928,0.497510,0.399229,-0.017519,0.490323,0.397370,-0.014850,0.484352,0.394519,-0.011330,0.480229,0.392516,-0.006203,0.453830,0.292311,0.013280,0.455652,0.290655,0.010469,0.457879,0.288815,0.008322,0.461462,0.286363,0.006282,0.466914,0.284710,0.004778,0.472226,0.284901,0.004566,0.477744,0.286568,0.005667,0.481622,0.289699,0.007030,0.520950,0.290300,0.008566,0.522721,0.291281,0.008446,0.526018,0.292259,0.007016,0.531198,0.293721,0.006176,0.536708,0.294087,0.006500,0.542298,0.292961,0.008175,0.545932,0.291453,0.010418,0.548427,0.290103,0.012311,0.501995,0.279388,-0.008663,0.502208,0.290038,-0.013919,0.502451,0.299767,-0.019886,0.502668,0.308828,-0.026471,0.000000,0.000000,0.000000,0.000000,0.000000,0.000000,0.000000,0.000000,0.000000,0.000000,0.000000,0.000000,0.000000,0.000000,0.000000,0.000000,0.000000,0.000000,0.000000,0.000000,0.000000,0.000000,0.000000,0.000000,0.000000,0.000000,0.000000,0.000000,0.000000,0.000000,0.000000,0.000000,0.000000,0.000000,0.000000,0.000000,0.000000,0.000000,0.000000,0.000000,0.000000,0.000000,0.000000,0.000000,0.000000,0.000000,0.000000,0.000000,0.000000,0.000000,0.000000,0.000000,0.000000,0.000000,0.000000,0.000000,0.000000,0.000000,0.000000,0.000000,0.000000,0.000000,0.000000,0.000000,0.000000,0.000000,0.000000,0.000000,0.000000,0.000000,0.000000,0.000000,0.000000,0.000000,0.000000,0.000000,0.000000,0.000000,0.000000,0.000000,0.000000,0.000000,0.000000,0.000000,0.000000,0.000000,0.000000,0.000000,0.000000,0.000000,0.000000,0.000000,0.000000,0.000000,0.000000,0.000000,0.000000,0.000000,0.000000,0.000000,0.000000,0.000000,0.000000,0.000000,0.000000,0.000000,0.000000,0.000000,0.000000,0.000000,0.000000,0.000000,0.000000,0.000000,0.000000,0.000000,0.000000,0.000000,0.000000,0.000000,0.000000,0.000000,0.000000,0.000000,0.000000,0.000000
0.027518,-2.605906,-2.488245,0.088333,-2.747501,-2.350179,0.129713,-2.747430,-2.349888,0.158080,-2.747325,-2.350348,-0.036262,-2.741900,-2.347751,-0.073937,-2.739631,-2.346489,-0.113590,-2.733580,-2.347254,0.214901,-2.683671,-1.424473,-0.155130,-2.659308,-1.364395,0.113294,-2.460674,-2.150692,-0.044105,-2.460191,-2.128446,0.549957,-1.825873,-0.816426,-0.443572,-1.799249,-0.926712,0.727704,-0.845559,-0.653529,-0.669812,-0.876367,-0.684252,0.699629,-0.053404,-1.581285,-0.835249,-0.016710,-1.705918,0.748327,0.197987,-1.851505,-0.919699,0.220039,-1.984068,0.660508,0.200656,-2.023357,-0.838768,0.214639,-2.256748,0.619991,0.107468,-1.694071,-0.786508,0.126497,-1.850295,0.333015,0.013345,-0.148230,-0.333015,-0.013345,0.148230,0.214971,1.546672,-0.101910,-0.411316,1.529111,0.167432,0.119725,2.907093,1.498207,-0.484069,2.903354,1.183450,0.129550,3.112153,1.571628,-0.501971,3.104913,1.232313,-0.006146,3.313107,0.177409,-0.431864,3.345822,-0.377791,0.472171,0.388216,-0.000533,0.473739,0.384786,-0.005727,0.477547,0.380965,-0.011231,0.482759,0.375914,-0.016181,0.490984,0.371825,-0.020251,0.499179,0.372729,-0.021466,0.507505,0.370940,-0.020668,0.516379,0.374267,-0.017089,0.522263,0.378745,-0.012485,0.526713,0.382170,-0.007238,0.528767,0.385427,-0.002160,0.525776,0.388268,-0.006544,0.521597,0.390969,-0.011609,0.515564,0.394693,-0.015308,0.508174,0.397484,-0.017994,0.500113,0.398247,-0.018250,0.492183,0.398215,-0.017508,0.484934,0.396143,-0.014357,0.479087,0.392999,-0.010541,0.475065,0.390750,-0.005152,0.449430,0.291141,0.015577,0.451244,0.289743,0.012554,0.453514,0.288141,0.010252,0.457179,0.285995,0.008010,0.462714,0.284524,0.006201,0.468067,0.284602,0.005765,0.473679,0.285669,0.006820,0.477592,0.288149,0.008162,0.518502,0.288429,0.007974,0.520300,0.289327,0.007779,0.523616,0.290257,0.006229,0.528916,0.291812,0.005170,0.534601,0.292325,0.005325,0.540502,0.291374,0.006894,0.544383,0.290050,0.009018,0.547063,0.288802,0.010895,0.498168,0.277779,-0.009301,0.498047,0.287693,-0.014683,0.497956,0.297204,-0.020801,0.497848,0.306203,-0.027549,0.000000,0.000000,0.000000,0.000000,0.000000,0.000000,0.000000,0.000000,0.000000,0.000000,0.000000,0.000000,0.000000,0.000000,0.000000,0.000000,0.000000,0.000000,0.000000,0.000000,0.000000,0.000000,0.000000,0.000000,0.000000,0.000000,0.000000,0.000000,0.000000,0.000000,0.000000,0.000000,0.000000,0.000000,0.000000,0.000000,0.000000,0.000000,0.000000,0.000000,0.000000,0.000000,0.000000,0.000000,0.000000,0.000000,0.000000,0.000000,0.000000,0.000000,0.000000,0.000000,0.000000,0.000000,0.000000,0.000000,0.000000,0.000000,0.000000,0.000000,0.000000,0.000000,0.000000,0.000000,0.000000,0.000000,0.000000,0.000000,0.000000,0.000000,0.000000,0.000000,0.000000,0.000000,0.000000,0.000000,0.000000,0.000000,0.000000,0.000000,0.000000,0.000000,0.000000,0.000000,0.000000,0.000000,0.000000,0.000000,0.000000,0.000000,0.000000,0.000000,0.000000,0.000000,0.000000,0.000000,0.000000,0.000000,0.000000,0.000000,0.000000,0.000000,0.000000,0.000000,0.000000,0.000000,0.000000,0.000000,0.000000,0.000000,0.000000,0.000000,0.000000,0.000000,0.000000,0.000000,0.000000,0.000000,0.000000,0.000000,0.000000,0.000000,0.000000,0.000000,0.000000,0.000000
0.001169,-2.567901,-2.561959,0.065558,-2.705784,-2.406372,0.109329,-2.706097,-2.406792,0.143134,-2.702851,-2.407254,-0.059080,-2.700547,-2.431693,-0.100791,-2.698205,-2.431072,-0.134850,-2.693079,-2.432192,0.197708,-2.641746,-1.461933,-0.164703,-2.616909,-1.532300,0.091456,-2.422915,-2.214121,-0.066704,-2.422593,-2.233297,0.536179,-1.764778,-0.861914,-0.437333,-1.769019,-1.090509,0.698703,-0.808463,-0.786663,-0.673140,-0.831478,-0.945945,0.679746,-0.000304,-1.765779,-0.742373,0.133774,-1.953653,0.736795,0.264315,-2.045716,-0.807187,0.388571,-2.256280,0.645447,0.289027,-2.252618,-0.727406,0.403384,-2.525775,0.604772,0.180326,-1.897971,-0.682228,0.296641,-2.100471,0.329581,0.010420,-0.053993,-0.329581,-0.010420,0.053993,0.255086,1.541999,-0.219255,-0.341756,1.517293,-0.454422,0.194629,2.907121,0.977870,-0.404034,2.899816,0.211530,0.208774,3.114513,1.010478,-0.423411,3.116162,0.219212,0.069638,3.319058,-0.372532,-0.336210,3.345361,-1.359637,0.469368,0.371379,-0.007041,0.470793,0.367283,-0.011520,0.474747,0.362358,-0.016543,0.480313,0.356044,-0.021066,0.489064,0.350546,-0.024695,0.497804,0.350803,-0.025871,0.506432,0.348583,-0.024717,0.515758,0.352072,-0.021198,0.522021,0.357039,-0.016713,0.526658,0.361019,-0.011661,0.528701,0.364720,-0.007212,0.525631,0.367610,-0.012253,0.521361,0.370237,-0.018104,0.515184,0.373846,-0.022342,0.507610,0.376673,-0.025668,0.499390,0.377780,-0.026263,0.491137,0.378320,-0.025532,0.483405,0.377142,-0.022207,0.476996,0.374978,-0.018014,0.472592,0.373482,-0.012168,0.443496,0.276923,0.019685,0.445469,0.275181,0.016835,0.447901,0.273301,0.014653,0.451684,0.270865,0.012658,0.457241,0.269111,0.011079,0.462530,0.268958,0.010771,0.468237,0.269590,0.011746,0.472266,0.271677,0.012973,0.514334,0.270581,0.013644,0.516332,0.271558,0.013445,0.519819,0.272531,0.011739,0.525243,0.273964,0.010653,0.531018,0.274349,0.010798,0.536903,0.273394,0.012553,0.540688,0.272140,0.014928,0.543260,0.271075,0.017045,0.493489,0.257684,-0.003085,0.493738,0.267190,-0.009753,0.493996,0.275889,-0.017024,0.494254,0.284077,-0.025096,0.000000,0.000000,0.000000,0.000000,0.000000,0.000000,0.000000,0.000000,0.000000,0.000000,0.000000,0.000000,0.000000,0.000000,0.000000,0.000000,0.000000,0.000000,0.000000,0.000000,0.000000,0.000000,0.000000,0.000000,0.000000,0.000000,0.000000,0.000000,0.000000,0.000000,0.000000,0.000000,0.000000,0.000000,0.000000,0.000000,0.000000,0.000000,0.000000,0.000000,0.000000,0.000000,0.000000,0.000000,0.000000,0.000000,0.000000,0.000000,0.000000,0.000000,0.000000,0.000000,0.000000,0.000000,0.000000,0.000000,0.000000,0.000000,0.000000,0.000000,0.000000,0.000000,0.000000,0.000000,0.000000,0.000000,0.000000,0.000000,0.000000,0.000000,0.000000,0.000000,0.000000,0.000000,0.000000,0.000000,0.000000,0.000000,0.000000,0.000000,0.000000,0.000000,0.000000,0.000000,0.000000,0.000000,0.000000,0.000000,0.000000,0.000000,0.000000,0.000000,0.000000,0.000000,0.000000,0.000000,0.000000,0.000000,0.000000,0.000000,0.000000,0.000000,0.000000,0.000000,0.000000,0.000000,0.000000,0.000000,0.000000,0.000000,0.000000,0.000000,0.000000,0.000000,0.000000,0.000000,0.000000,0.000000,0.000000,0.000000,0.000000,0.000000,0.000000,0.000000,0.000000,0.000000
