-0.100044,-1.845899,-1.323753,-0.054684,-1.942731,-1.278132,-0.017420,-1.946008,-1.278439,0.016982,-1.948014,-1.278896,-0.139243,-1.933088,-1.197101,-0.159352,-1.929423,-1.196275,-0.178263,-1.925492,-1.197122,0.084077,-1.907948,-0.871037,-0.163025,-1.869884,-0.463719,-0.024221,-1.745136,-1.172675,-0.121160,-1.729353,-1.055589,0.365221,-1.287885,-0.842203,-0.271697,-1.258591,-0.071829,0.405095,-0.600696,-1.103524,-0.399325,-0.736015,-0.042117,0.279268,0.017992,-1.569791,-0.556750,-0.187452,-0.960208,0.286305,0.224494,-1.787134,-0.626435,-0.017513,-1.132727,0.198840,0.222984,-1.826359,-0.579974,-0.024537,-1.327226,0.183820,0.135363,-1.607249,-0.541415,-0.086369,-1.078604,0.215870,0.020873,-0.342906,-0.215870,-0.020873,0.342906,0.150338,0.998168,-0.394328,-0.263085,0.967185,0.543832,0.119358,1.877146,0.579292,-0.294480,1.839489,1.157074,0.154301,2.030921,0.621340,-0.295743,1.994452,1.189210,-0.021695,2.140726,-0.286042,-0.305057,2.124926,0.288031,0.449854,0.476415,0.005482,0.450033,0.472965,0.000018,0.452037,0.468679,-0.006777,0.455164,0.463020,-0.013197,0.461391,0.458080,-0.019592,0.468826,0.457852,-0.023198,0.477407,0.454944,-0.024677,0.488203,0.457149,-0.023661,0.496175,0.460606,-0.021012,0.502755,0.463196,-0.017423,0.506313,0.466003,-0.013442,0.502778,0.469059,-0.016684,0.497384,0.472305,-0.020571,0.490081,0.476862,-0.022990,0.481952,0.480529,-0.023814,0.473467,0.482304,-0.021814,0.466237,0.483106,-0.018807,0.459941,0.481917,-0.013328,0.455213,0.479710,-0.007862,0.452193,0.478258,-0.000761,0.425460,0.382576,0.032152,0.426521,0.380732,0.028705,0.428010,0.378494,0.025893,0.430893,0.375473,0.022894,0.435952,0.372909,0.019731,0.441396,0.372232,0.017804,0.446820,0.372927,0.017311,0.450624,0.375345,0.017640,0.489501,0.368515,0.003724,0.491399,0.369199,0.003049,0.494919,0.369539,0.000695,0.500428,0.370085,-0.001684,0.506388,0.369606,-0.003164,0.512665,0.367685,-0.003073,0.517055,0.365371,-0.001992,0.520261,0.363101,-0.000723,0.463887,0.361738,-0.006059,0.463054,0.372645,-0.011978,0.462072,0.382429,-0.018561,0.461106,0.391522,-0.025764,0.000000,0.000000,0.000000,0.000000,0.000000,0.000000,0.000000,0.000000,0.000000,0.000000,0.000000,0.000000,0.000000,0.000000,0.000000,0.000000,0.000000,0.000000,0.000000,0.000000,0.000000,0.000000,0.000000,0.000000,0.000000,0.000000,0.000000,0.000000,0.000000,0.000000,0.000000,0.000000,0.000000,0.000000,0.000000,0.000000,0.000000,0.000000,0.000000,0.000000,0.000000,0.000000,0.000000,0.000000,0.000000,0.000000,0.000000,0.000000,0.000000,0.000000,0.000000,0.000000,0.000000,0.000000,0.000000,0.000000,0.000000,0.000000,0.000000,0.000000,0.000000,0.000000,0.000000,0.000000,0.000000,0.000000,0.000000,0.000000,0.000000,0.000000,0.000000,0.000000,0.000000,0.000000,0.000000,0.000000,0.000000,0.000000,0.000000,0.000000,0.000000,0.000000,0.000000,0.000000,0.000000,0.000000,0.000000,0.000000,0.000000,0.000000,0.000000,0.000000,0.000000,0.000000,0.000000,0.000000,0.000000,0.000000,0.000000,0.000000,0.000000,0.000000,0.000000,0.000000,0.000000,0.000000,0.000000,0.000000,0.000000,0.000000,0.000000,0.000000,0.000000,0.000000,0.000000,0.000000,0.000000,0.000000,0.000000,0.000000,0.000000,0.000000,0.000000,0.000000,0.000000,0.000000
-0.103759,-1.830373,-1.483026,-0.061038,-1.926654,-1.435401,-0.026375,-1.928938,-1.435875,0.008843,-1.930351,-1.436104,-0.135625,-1.918650,-1.355721,-0.155092,-1.916150,-1.354965,-0.173495,-1.912677,-1.355760,0.082316,-1.893545,-0.991872,-0.157306,-1.866914,-0.597466,-0.034562,-1.720658,-1.315377,-0.121852,-1.717701,-1.201566,0.351974,-1.292583,-0.910113,-0.267527,-1.279632,-0.125226,0.374539,-0.580089,-1.255461,-0.395350,-0.737466,-0.182774,-0.028017,-0.133923,-1.729801,-0.525222,-0.243445,-1.312769,-0.125986,0.021510,-1.969321,-0.577320,-0.092496,-1.532092,-0.190657,-0.056509,-1.947311,-0.535497,-0.129422,-1.690536,-0.164521,-0.119210,-1.735976,-0.500535,-0.188526,-1.424933,0.216071,0.016992,-0.327727,-0.216071,-0.016992,0.327727,0.150987,1.026954,-0.572844,-0.255017,0.984823,0.175201,0.147115,1.951108,0.226944,-0.251183,1.897777,0.588499,0.181327,2.108320,0.246074,-0.244579,2.052908,0.599982,0.014624,2.205935,-0.753844,-0.265718,2.176426,-0.362922,0.449772,0.477946,0.004341,0.450054,0.474376,-0.001131,0.452266,0.469882,-0.007875,0.455656,0.463945,-0.014292,0.462120,0.458527,-0.020497,0.469703,0.458013,-0.023930,0.478171,0.454907,-0.025217,0.488756,0.457060,-0.024043,0.496465,0.460552,-0.021244,0.502717,0.463282,-0.017544,0.506092,0.466306,-0.013521,0.502793,0.469578,-0.016807,0.497735,0.473029,-0.020810,0.490700,0.477864,-0.023370,0.482702,0.481798,-0.024331,0.474260,0.483866,-0.022646,0.466738,0.484898,-0.019826,0.460245,0.483875,-0.014371,0.455320,0.481578,-0.008966,0.452188,0.479991,-0.001843,0.425063,0.385341,0.032136,0.426244,0.383500,0.028614,0.427877,0.381306,0.025809,0.430877,0.378323,0.022840,0.436010,0.375806,0.019663,0.441469,0.375040,0.017779,0.446942,0.375573,0.017366,0.450813,0.377701,0.017809,0.490591,0.369694,0.004482,0.492557,0.370291,0.003830,0.496061,0.370446,0.001463,0.501498,0.370688,-0.000888,0.507379,0.369904,-0.002297,0.513577,0.367745,-0.002085,0.517853,0.365433,-0.000895,0.520991,0.363238,0.000412,0.464948,0.363404,-0.005784,0.464266,0.374409,-0.011903,0.463468,0.384035,-0.018634,0.462665,0.392929,-0.026028,0.000000,0.000000,0.000000,0.000000,0.000000,0.000000,0.000000,0.000000,0.000000,0.000000,0.000000,0.000000,0.000000,0.000000,0.000000,0.000000,0.000000,0.000000,0.000000,0.000000,0.000000,0.000000,0.000000,0.000000,0.000000,0.000000,0.000000,0.000000,0.000000,0.000000,0.000000,0.000000,0.000000,0.000000,0.000000,0.000000,0.000000,0.000000,0.000000,0.000000,0.000000,0.000000,0.000000,0.000000,0.000000,0.000000,0.000000,0.000000,0.000000,0.000000,0.000000,0.000000,0.000000,0.000000,0.000000,0.000000,0.000000,0.000000,0.000000,0.000000,0.000000,0.000000,0.000000,0.000000,0.000000,0.000000,0.000000,0.000000,0.000000,0.000000,0.000000,0.000000,0.000000,0.000000,0.000000,0.000000,0.000000,0.000000,0.000000,0.000000,0.000000,0.000000,0.000000,0.000000,0.000000,0.000000,0.000000,0.000000,0.000000,0.000000,0.000000,0.000000,0.000000,0.000000,0.000000,0.000000,0.000000,0.000000,0.000000,0.000000,0.000000,0.000000,0.000000,0.000000,0.000000,0.000000,0.000000,0.000000,0.000000,0.000000,0.000000,0.000000,0.000000,0.000000,0.000000,0.000000,0.000000,0.000000,0.000000,0.000000,0.000000,0.000000,0.000000,0.000000,0.000000,0.000000
-0.084599,-1.808781,-1.220996,-0.041323,-1.906257,-1.213125,-0.006900,-1.908306,-1.213229,0.027801,-1.909212,-1.213360,-0.111255,-1.899402,-1.120579,-0.129893,-1.897234,-1.119480,-0.147477,-1.894150,-1.120140,0.103560,-1.870885,-0.896223,-0.128044,-1.849872,-0.427206,-0.016446,-1.696770,-1.105274,-0.101635,-1.697222,-0.974264,0.372421,-1.272946,-0.915898,-0.246656,-1.280444,-0.130636,0.355889,-0.618755,-1.187630,-0.375095,-0.721510,0.041073,-0.098777,-0.253181,-1.411616,-0.430674,-0.232608,-0.560475,-0.213988,-0.127580,-1.589765,-0.476482,-0.065616,-0.704108,-0.275829,-0.217221,-1.532646,-0.427161,-0.082190,-0.833477,-0.239787,-0.266241,-1.394829,-0.396621,-0.149481,-0.645510,0.214903,0.027122,-0.300051,-0.214903,-0.027122,0.300051,0.124068,1.038256,-0.521608,-0.264060,0.979097,0.180138,0.115068,1.962072,0.156407,-0.273261,1.894759,0.500726,0.152491,2.112780,0.173839,-0.269223,2.046371,0.508507,-0.048344,2.220718,-0.734864,-0.310487,2.175733,-0.369649,0.451441,0.480061,0.006304,0.451725,0.476717,0.000729,0.453909,0.472623,-0.006137,0.457343,0.467093,-0.012669,0.463878,0.462111,-0.018958,0.471505,0.461893,-0.022292,0.479980,0.458813,-0.023590,0.490533,0.460832,-0.022227,0.498214,0.464089,-0.019219,0.504426,0.466559,-0.015357,0.507745,0.469380,-0.011196,0.504392,0.472644,-0.014323,0.499324,0.476151,-0.018271,0.492327,0.481003,-0.020863,0.484337,0.484900,-0.021811,0.475923,0.486797,-0.020150,0.468402,0.487612,-0.017373,0.461928,0.486353,-0.012031,0.457039,0.483818,-0.006682,0.453911,0.482118,0.000339,0.427580,0.387824,0.029736,0.428964,0.386696,0.026161,0.430837,0.385137,0.023371,0.433991,0.382928,0.020422,0.438961,0.380966,0.017260,0.444043,0.380084,0.015404,0.449081,0.379640,0.015183,0.452442,0.380587,0.015754,0.492357,0.373185,0.002882,0.494137,0.373580,0.002268,0.497359,0.373845,-0.000017,0.502507,0.374327,-0.002255,0.508132,0.373876,-0.003559,0.514279,0.372172,-0.003365,0.518623,0.370359,-0.002287,0.521915,0.368691,-0.001029,0.466839,0.366842,-0.007614,0.466058,0.377774,-0.013304,0.465233,0.387418,-0.019601,0.464402,0.396347,-0.026564,0.000000,0.000000,0.000000,0.000000,0.000000,0.000000,0.000000,0.000000,0.000000,0.000000,0.000000,0.000000,0.000000,0.000000,0.000000,0.000000,0.000000,0.000000,0.000000,0.000000,0.000000,0.000000,0.000000,0.000000,0.000000,0.000000,0.000000,0.000000,0.000000,0.000000,0.000000,0.000000,0.000000,0.000000,0.000000,0.000000,0.000000,0.000000,0.000000,0.000000,0.000000,0.000000,0.000000,0.000000,0.000000,0.000000,0.000000,0.000000,0.000000,0.000000,0.000000,0.000000,0.000000,0.000000,0.000000,0.000000,0.000000,0.000000,0.000000,0.000000,0.000000,0.000000,0.000000,0.000000,0.000000,0.000000,0.000000,0.000000,0.000000,0.000000,0.000000,0.000000,0.000000,0.000000,0.000000,0.000000,0.000000,0.000000,0.000000,0.000000,0.000000,0.000000,0.000000,0.000000,0.000000,0.000000,0.000000,0.000000,0.000000,0.000000,0.000000,0.000000,0.000000,0.000000,0.000000,0.000000,0.000000,0.000000,0.000000,0.000000,0.000000,0.000000,0.000000,0.000000,0.000000,0.000000,0.000000,0.000000,0.000000,0.000000,0.000000,0.000000,0.000000,0.000000,0.000000,0.000000,0.000000,0.000000,0.000000,0.000000,0.000000,0.000000,0.000000,0.000000,0.000000,0.000000
-0.083885,-2.340048,-1.505667,-0.027204,-2.463972,-1.468870,0.017090,-2.466599,-1.468994,0.061069,-2.467581,-1.469604,-0.117477,-2.455886,-1.381125,-0.142101,-2.452749,-1.379897,-0.165258,-2.449080,-1.380913,0.157672,-2.414982,-1.048263,-0.142746,-2.392980,-0.566527,0.003289,-2.198099,-1.333055,-0.109032,-2.199162,-1.201402,0.507363,-1.608068,-0.903741,-0.326643,-1.662276,-0.354655,0.524752,-0.784228,-1.034146,-0.494363,-0.945227,-0.223448,0.271930,0.016679,-1.415004,-0.622896,-0.228894,-0.993993,0.223841,0.275293,-1.622181,-0.709447,-0.017142,-1.192910,0.101759,0.229310,-1.671639,-0.627171,-0.017466,-1.366259,0.112321,0.113854,-1.453282,-0.580586,-0.101992,-1.104611,0.282567,0.039519,-0.253780,-0.282567,-0.039519,0.253780,0.163507,1.348762,-0.312245,-0.346803,1.263760,0.335278,0.126694,2.508938,0.814089,-0.366313,2.424874,0.983773,0.156173,2.701560,0.864354,-0.368675,2.615042,1.017214,-0.039515,2.849463,-0.275607,-0.364947,2.802048,-0.126174,0.453874,0.477509,0.004814,0.454441,0.474401,-0.000525,0.457054,0.470467,-0.007176,0.460864,0.465160,-0.013494,0.467601,0.460357,-0.019490,0.475256,0.460175,-0.022646,0.483764,0.457330,-0.023793,0.494177,0.459392,-0.022395,0.501822,0.462579,-0.019385,0.508031,0.464948,-0.015507,0.511265,0.467580,-0.011499,0.507704,0.470730,-0.014869,0.502456,0.473920,-0.019178,0.495307,0.478240,-0.022034,0.487288,0.481679,-0.023305,0.479003,0.483319,-0.021851,0.471571,0.484149,-0.019174,0.465040,0.483141,-0.013782,0.459950,0.480983,-0.008366,0.456563,0.479506,-0.001182,0.431389,0.386647,0.029716,0.432659,0.384907,0.026277,0.434410,0.382845,0.023560,0.437495,0.380073,0.020747,0.442602,0.377863,0.017713,0.447934,0.377349,0.015989,0.453305,0.377986,0.015688,0.457082,0.380219,0.016223,0.496142,0.374359,0.004230,0.498040,0.375013,0.003625,0.501451,0.375359,0.001391,0.506857,0.375883,-0.000812,0.512670,0.375414,-0.002069,0.518801,0.373539,-0.001755,0.523018,0.371476,-0.000527,0.526111,0.369526,0.000800,0.471451,0.366246,-0.006221,0.470709,0.377179,-0.012076,0.469897,0.386695,-0.018537,0.469086,0.395471,-0.025654,0.000000,0.000000,0.000000,0.000000,0.000000,0.000000,0.000000,0.000000,0.000000,0.000000,0.000000,0.000000,0.000000,0.000000,0.000000,0.000000,0.000000,0.000000,0.000000,0.000000,0.000000,0.000000,0.000000,0.000000,0.000000,0.000000,0.000000,0.000000,0.000000,0.000000,0.000000,0.000000,0.000000,0.000000,0.000000,0.000000,0.000000,0.000000,0.000000,0.000000,0.000000,0.000000,0.000000,0.000000,0.000000,0.000000,0.000000,0.000000,0.000000,0.000000,0.000000,0.000000,0.000000,0.000000,0.000000,0.000000,0.000000,0.000000,0.000000,0.000000,0.000000,0.000000,0.000000,0.000000,0.000000,0.000000,0.000000,0.000000,0.000000,0.000000,0.000000,0.000000,0.000000,0.000000,0.000000,0.000000,0.000000,0.000000,0.000000,0.000000,0.000000,0.000000,0.000000,0.000000,0.000000,0.000000,0.000000,0.000000,0.000000,0.000000,0.000000,0.000000,0.000000,0.000000,0.000000,0.000000,0.000000,0.000000,0.000000,0.000000,0.000000,0.000000,0.000000,0.000000,0.000000,0.000000,0.000000,0.000000,0.000000,0.000000,0.000000,0.000000,0.000000,0.000000,0.000000,0.000000,0.000000,0.000000,0.000000,0.000000,0.000000,0.000000,0.000000,0.000000,0.000000,0.000000
-0.077862,-1.945342,-1.237349,-0.029892,-2.046913,-1.232636,0.007555,-2.048718,-1.232374,0.043568,-2.049014,-1.232487,-0.103845,-2.039472,-1.135074,-0.123593,-2.036415,-1.134005,-0.142270,-2.032693,-1.134582,0.124987,-2.003203,-0.948378,-0.116258,-1.984895,-0.461687,-0.003372,-1.826822,-1.126055,-0.097871,-1.827875,-0.986169,0.421774,-1.333590,-0.907734,-0.260561,-1.374225,-0.178125,0.429589,-0.603611,-1.142184,-0.399421,-0.792019,0.013726,0.012056,-0.116656,-1.353559,-0.504682,-0.223043,-0.604365,-0.098468,0.008431,-1.532193,-0.578532,-0.058418,-0.766998,-0.175490,-0.075943,-1.468280,-0.521357,-0.078201,-0.921861,-0.144968,-0.136679,-1.336255,-0.481985,-0.139867,-0.706205,0.229856,0.034916,-0.276052,-0.229856,-0.034916,0.276052,0.121646,1.120854,-0.434952,-0.292862,1.050142,0.320755,0.093845,2.093552,0.351525,-0.311103,2.009990,0.694482,0.124760,2.251778,0.376921,-0.309776,2.164274,0.708924,-0.068420,2.369042,-0.573853,-0.342754,2.327800,-0.211075,0.458186,0.475607,0.004445,0.458648,0.472255,-0.000856,0.461062,0.468144,-0.007503,0.464676,0.462667,-0.013848,0.471261,0.457806,-0.019930,0.478800,0.457641,-0.023285,0.487265,0.454873,-0.024573,0.497686,0.457181,-0.023426,0.505321,0.460632,-0.020631,0.511512,0.463294,-0.016962,0.514770,0.466198,-0.013091,0.511256,0.469335,-0.016356,0.506029,0.472532,-0.020500,0.498869,0.476911,-0.023216,0.490847,0.480384,-0.024374,0.482523,0.482068,-0.022781,0.475147,0.482790,-0.019920,0.468752,0.481650,-0.014359,0.463869,0.479321,-0.008864,0.460669,0.477712,-0.001651,0.436654,0.384852,0.031411,0.437838,0.383032,0.027999,0.439476,0.380877,0.025254,0.442459,0.378026,0.022409,0.447511,0.375762,0.019317,0.452839,0.375288,0.017500,0.458213,0.376107,0.017060,0.462004,0.378465,0.017484,0.500710,0.372482,0.004527,0.502615,0.373174,0.003902,0.506031,0.373476,0.001597,0.511370,0.373955,-0.000696,0.517165,0.373440,-0.002080,0.523266,0.371556,-0.001870,0.527470,0.369450,-0.000693,0.530545,0.367424,0.000604,0.476014,0.364636,-0.005328,0.475118,0.375394,-0.011332,0.474142,0.384751,-0.017935,0.473174,0.393394,-0.025168,0.000000,0.000000,0.000000,0.000000,0.000000,0.000000,0.000000,0.000000,0.000000,0.000000,0.000000,0.000000,0.000000,0.000000,0.000000,0.000000,0.000000,0.000000,0.000000,0.000000,0.000000,0.000000,0.000000,0.000000,0.000000,0.000000,0.000000,0.000000,0.000000,0.000000,0.000000,0.000000,0.000000,0.000000,0.000000,0.000000,0.000000,0.000000,0.000000,0.000000,0.000000,0.000000,0.000000,0.000000,0.000000,0.000000,0.000000,0.000000,0.000000,0.000000,0.000000,0.000000,0.000000,0.000000,0.000000,0.000000,0.000000,0.000000,0.000000,0.000000,0.000000,0.000000,0.000000,0.000000,0.000000,0.000000,0.000000,0.000000,0.000000,0.000000,0.000000,0.000000,0.000000,0.000000,0.000000,0.000000,0.000000,0.000000,0.000000,0.000000,0.000000,0.000000,0.000000,0.000000,0.000000,0.000000,0.000000,0.000000,0.000000,0.000000,0.000000,0.000000,0.000000,0.000000,0.000000,0.000000,0.000000,0.000000,0.000000,0.000000,0.000000,0.000000,0.000000,0.000000,0.000000,0.000000,0.000000,0.000000,0.000000,0.000000,0.000000,0.000000,0.000000,0.000000,0.000000,0.000000,0.000000,0.000000,0.000000,0.000000,0.000000,0.000000,0.000000,0.000000,0.000000,0.000000
-0.077633,-1.286185,-0.977723,-0.045652,-1.361887,-0.947704,-0.020497,-1.365455,-0.947870,0.003641,-1.369317,-0.947871,-0.094591,-1.355506,-0.868094,-0.106896,-1.353121,-0.867040,-0.118894,-1.350255,-0.867252,0.059863,-1.344977,-0.592121,-0.100833,-1.329157,-0.210370,-0.024710,-1.215171,-0.862641,-0.085522,-1.212082,-0.746478,0.245654,-0.920903,-0.627813,-0.143758,-0.926613,0.293219,0.255624,-0.375157,-1.426751,-0.242572,-0.532809,0.245745,-0.093546,-0.723868,-2.125243,-0.273868,-0.458149,-0.716182,-0.173416,-0.804994,-2.306233,-0.310775,-0.422242,-0.832292,-0.168786,-0.872477,-2.175947,-0.288377,-0.459663,-0.874630,-0.148158,-0.857292,-2.080928,-0.255884,-0.468981,-0.772143,0.161468,0.013044,-0.267197,-0.161468,-0.013044,0.267197,0.119999,0.746963,-0.294241,-0.186415,0.709623,0.355628,0.122440,1.386261,0.279053,-0.183675,1.354472,0.792756,0.151002,1.487022,0.295787,-0.184500,1.448865,0.815423,0.018250,1.567197,-0.452188,-0.174135,1.565436,0.114159,0.462044,0.476950,0.004353,0.462597,0.473682,-0.001005,0.465116,0.469696,-0.007526,0.468842,0.464367,-0.013703,0.475514,0.459676,-0.019634,0.483057,0.459624,-0.022792,0.491446,0.457055,-0.023894,0.501622,0.459500,-0.022514,0.508983,0.463078,-0.019567,0.514922,0.465812,-0.015754,0.517996,0.468717,-0.011675,0.514606,0.471672,-0.015016,0.509580,0.474684,-0.019102,0.502617,0.478897,-0.021751,0.494748,0.482213,-0.022792,0.486552,0.483707,-0.021303,0.479183,0.484321,-0.018731,0.472739,0.483064,-0.013600,0.467782,0.480632,-0.008423,0.464553,0.478985,-0.001556,0.439693,0.386170,0.029548,0.440982,0.384513,0.026092,0.442732,0.382543,0.023354,0.445832,0.379880,0.020498,0.450965,0.377747,0.017466,0.456339,0.377255,0.015747,0.461744,0.377920,0.015481,0.465537,0.380098,0.016049,0.504878,0.374397,0.004248,0.506784,0.375062,0.003656,0.510221,0.375415,0.001427,0.515620,0.375958,-0.000756,0.521447,0.375511,-0.001997,0.527544,0.373664,-0.001659,0.531734,0.371599,-0.000404,0.534782,0.369635,0.000960,0.480309,0.366702,-0.006529,0.479537,0.377477,-0.012359,0.478687,0.386913,-0.018809,0.477859,0.395640,-0.025894,0.000000,0.000000,0.000000,0.000000,0.000000,0.000000,0.000000,0.000000,0.000000,0.000000,0.000000,0.000000,0.000000,0.000000,0.000000,0.000000,0.000000,0.000000,0.000000,0.000000,0.000000,0.000000,0.000000,0.000000,0.000000,0.000000,0.000000,0.000000,0.000000,0.000000,0.000000,0.000000,0.000000,0.000000,0.000000,0.000000,0.000000,0.000000,0.000000,0.000000,0.000000,0.000000,0.000000,0.000000,0.000000,0.000000,0.000000,0.000000,0.000000,0.000000,0.000000,0.000000,0.000000,0.000000,0.000000,0.000000,0.000000,0.000000,0.000000,0.000000,0.000000,0.000000,0.000000,0.466937,0.852986,-0.000000,0.403632,0.811386,-0.004494,0.375186,0.762638,-0.015391,0.358370,0.725550,-0.029531,0.362873,0.715011,-0.043741,0.426579,0.668427,-0.007072,0.417901,0.604519,-0.022907,0.408359,0.561505,-0.033607,0.403972,0.523316,-0.043524,0.447195,0.677949,-0.018282,0.384452,0.660268,-0.041153,0.379063,0.705064,-0.041442,0.397461,0.723281,-0.038500,0.457197,0.703449,-0.031470,0.391323,0.697161,-0.052102,0.388821,0.735024,-0.038915,0.407210,0.746927,-0.026984,0.457524,0.740333,-0.046222,0.401313,0.735390,-0.059652,0.398993,0.762343,-0.050998,0.414679,0.774273,-0.042434
-0.073539,-1.407510,-1.057712,-0.038199,-1.493050,-1.016834,-0.011838,-1.496460,-1.017295,0.015371,-1.500842,-1.017001,-0.091083,-1.486656,-0.933764,-0.104963,-1.484314,-0.932563,-0.117394,-1.481831,-0.932798,0.078295,-1.478627,-0.638282,-0.099071,-1.463362,-0.242258,-0.017790,-1.333123,-0.923885,-0.082781,-1.327369,-0.809766,0.277632,-1.021277,-0.642189,-0.157885,-1.021721,0.257991,0.291524,-0.440374,-1.512888,-0.277762,-0.569724,0.257523,-0.078396,-0.805997,-2.320909,-0.356377,-0.264787,-0.739356,-0.164346,-0.901231,-2.530479,-0.406488,-0.154413,-0.863613,-0.143091,-0.972400,-2.385943,-0.372814,-0.191115,-0.947129,-0.123661,-0.954209,-2.276718,-0.343451,-0.233255,-0.813278,0.180216,0.015776,-0.273616,-0.180216,-0.015776,0.273616,0.129589,0.834494,-0.334008,-0.208814,0.786951,0.304118,0.119739,1.548019,0.287437,-0.217106,1.514554,0.742088,0.142477,1.662859,0.306740,-0.223409,1.626812,0.762710,0.012488,1.760747,-0.526506,-0.190693,1.753844,-0.038505,0.462841,0.477344,0.005107,0.463454,0.474181,-0.000303,0.466043,0.470373,-0.006896,0.469819,0.465257,-0.013143,0.476517,0.460767,-0.019070,0.484104,0.460775,-0.022184,0.492510,0.458144,-0.023291,0.502652,0.460355,-0.021868,0.510018,0.463683,-0.018826,0.515962,0.466176,-0.014917,0.519038,0.468934,-0.010793,0.515631,0.472060,-0.014059,0.510589,0.475269,-0.018159,0.503653,0.479645,-0.020852,0.495783,0.483077,-0.021990,0.487570,0.484636,-0.020552,0.480172,0.485212,-0.017977,0.473687,0.483876,-0.012800,0.468698,0.481327,-0.007600,0.465412,0.479522,-0.000709,0.440766,0.386579,0.028844,0.442004,0.384905,0.025405,0.443716,0.382911,0.022677,0.446777,0.380219,0.019833,0.451882,0.378086,0.016826,0.457262,0.377645,0.015107,0.462662,0.378416,0.014855,0.466469,0.380707,0.015429,0.505320,0.375368,0.003727,0.507195,0.376041,0.003144,0.510616,0.376398,0.000958,0.516002,0.376970,-0.001204,0.521811,0.376555,-0.002423,0.527866,0.374727,-0.002083,0.532027,0.372666,-0.000836,0.535047,0.370703,0.000507,0.481054,0.367559,-0.007066,0.480314,0.378371,-0.012770,0.479500,0.387887,-0.019100,0.478709,0.396690,-0.026037,0.000000,0.000000,0.000000,0.000000,0.000000,0.000000,0.000000,0.000000,0.000000,0.000000,0.000000,0.000000,0.000000,0.000000,0.000000,0.000000,0.000000,0.000000,0.000000,0.000000,0.000000,0.000000,0.000000,0.000000,0.000000,0.000000,0.000000,0.000000,0.000000,0.000000,0.000000,0.000000,0.000000,0.000000,0.000000,0.000000,0.000000,0.000000,0.000000,0.000000,0.000000,0.000000,0.000000,0.000000,0.000000,0.000000,0.000000,0.000000,0.000000,0.000000,0.000000,0.000000,0.000000,0.000000,0.000000,0.000000,0.000000,0.000000,0.000000,0.000000,0.000000,0.000000,0.000000,0.453016,0.837630,0.000000,0.410449,0.803933,0.000433,0.384458,0.755953,-0.009604,0.371632,0.717996,-0.023104,0.380227,0.709429,-0.037232,0.432826,0.663583,-0.007631,0.426945,0.598946,-0.025123,0.418976,0.554470,-0.036730,0.416447,0.514091,-0.046802,0.455291,0.672112,-0.020825,0.395362,0.652893,-0.039225,0.392576,0.700054,-0.034808,0.411734,0.712425,-0.029155,0.466441,0.697970,-0.035861,0.403873,0.685779,-0.054717,0.401466,0.726075,-0.038232,0.420316,0.734153,-0.024137,0.468677,0.734129,-0.051797,0.416201,0.722644,-0.066512,0.412848,0.752538,-0.056746,0.427767,0.764441,-0.047067
-0.068665,-1.741936,-1.151296,-0.026913,-1.838641,-1.152066,0.003559,-1.841994,-1.152136,0.037909,-1.846326,-1.152366,-0.091301,-1.832302,-1.055967,-0.108890,-1.829137,-1.054967,-0.124284,-1.826946,-1.055595,0.116551,-1.816548,-1.005233,-0.104032,-1.797951,-0.476499,-0.004652,-1.646131,-1.055822,-0.083574,-1.644360,-0.919356,0.380077,-1.223040,-0.912783,-0.236849,-1.259622,-0.126656,0.307080,-0.510104,-1.085095,-0.360205,-0.715680,-0.126809,-0.087840,-0.071183,-1.233412,-0.392893,-0.202124,-0.497899,-0.205822,0.095268,-1.410573,-0.448713,-0.045878,-0.627468,-0.253884,0.030701,-1.393488,-0.389551,-0.059812,-0.766135,-0.214142,-0.040994,-1.233456,-0.360699,-0.120955,-0.583935,0.211602,0.027930,-0.260669,-0.211602,-0.027930,0.260669,0.104593,1.027332,-0.502093,-0.257435,0.968579,0.263074,0.075521,1.918661,0.128835,-0.277683,1.863672,0.507272,0.108013,2.064960,0.143238,-0.273822,2.007942,0.506353,-0.081383,2.173296,-0.721841,-0.327301,2.151085,-0.318905,0.461340,0.478052,0.004875,0.461856,0.474792,-0.000565,0.464335,0.470844,-0.007228,0.468020,0.465545,-0.013542,0.474635,0.460948,-0.019607,0.482164,0.460982,-0.022841,0.490599,0.458331,-0.023996,0.500876,0.460758,-0.022603,0.508365,0.464271,-0.019620,0.514433,0.466940,-0.015718,0.517662,0.469815,-0.011587,0.514272,0.472909,-0.014880,0.509191,0.476101,-0.018991,0.502158,0.480491,-0.021676,0.494204,0.483910,-0.022777,0.485858,0.485437,-0.021232,0.478400,0.485989,-0.018567,0.471946,0.484579,-0.013298,0.467017,0.481997,-0.008017,0.463801,0.480219,-0.001049,0.439304,0.386201,0.029735,0.440576,0.384555,0.026267,0.442312,0.382575,0.023506,0.445416,0.379910,0.020622,0.450571,0.377783,0.017549,0.455960,0.377332,0.015796,0.461325,0.378052,0.015503,0.465066,0.380231,0.016045,0.504318,0.374700,0.003936,0.506210,0.375366,0.003354,0.509635,0.375734,0.001102,0.515016,0.376334,-0.001096,0.520850,0.375948,-0.002359,0.527003,0.374194,-0.002060,0.531259,0.372170,-0.000833,0.534362,0.370205,0.000495,0.479620,0.367025,-0.006755,0.478750,0.377899,-0.012583,0.477814,0.387398,-0.019035,0.476900,0.396198,-0.026131,0.000000,0.000000,0.000000,0.000000,0.000000,0.000000,0.000000,0.000000,0.000000,0.000000,0.000000,0.000000,0.000000,0.000000,0.000000,0.000000,0.000000,0.000000,0.000000,0.000000,0.000000,0.000000,0.000000,0.000000,0.000000,0.000000,0.000000,0.000000,0.000000,0.000000,0.000000,0.000000,0.000000,0.000000,0.000000,0.000000,0.000000,0.000000,0.000000,0.000000,0.000000,0.000000,0.000000,0.000000,0.000000,0.000000,0.000000,0.000000,0.000000,0.000000,0.000000,0.000000,0.000000,0.000000,0.000000,0.000000,0.000000,0.000000,0.000000,0.000000,0.000000,0.000000,0.000000,0.000000,0.000000,0.000000,0.000000,0.000000,0.000000,0.000000,0.000000,0.000000,0.000000,0.000000,0.000000,0.000000,0.000000,0.000000,0.000000,0.000000,0.000000,0.000000,0.000000,0.000000,0.000000,0.000000,0.000000,0.000000,0.000000,0.000000,0.000000,0.000000,0.000000,0.000000,0.000000,0.000000,0.000000,0.000000,0.000000,0.000000,0.000000,0.000000,0.000000,0.000000,0.000000,0.000000,0.000000,0.000000,0.000000,0.000000,0.000000,0.000000,0.000000,0.000000,0.000000,0.000000,0.000000,0.000000,0.000000,0.000000,0.000000,0.000000,0.000000,0.000000,0.000000,0.000000
-0.093882,-2.012509,-1.291941,-0.047585,-2.115926,-1.282540,-0.015023,-2.118999,-1.282808,0.022139,-2.122643,-1.283159,-0.115661,-2.109427,-1.179762,-0.133462,-2.106462,-1.178616,-0.151980,-2.104518,-1.179466,0.122350,-2.085508,-0.970876,-0.124328,-2.065046,-0.453390,-0.026789,-1.903180,-1.166110,-0.109913,-1.902838,-1.019174,0.423395,-1.399931,-0.893371,-0.284051,-1.440382,-0.187803,0.375260,-0.659121,-1.053343,-0.419129,-0.819488,0.012628,0.063422,-0.006110,-1.292117,-0.522140,-0.181872,-0.577276,-0.005333,0.193329,-1.473341,-0.602741,-0.006707,-0.737010,-0.100462,0.141678,-1.488688,-0.546046,-0.005281,-0.900682,-0.082041,0.054705,-1.309125,-0.502413,-0.074940,-0.679570,0.235674,0.035609,-0.273799,-0.235674,-0.035609,0.273799,0.129122,1.175796,-0.449279,-0.290014,1.104127,0.296623,0.103414,2.198775,0.392908,-0.309671,2.121849,0.713044,0.136471,2.366956,0.423553,-0.306995,2.285495,0.726413,-0.064278,2.486428,-0.554292,-0.343366,2.447809,-0.247978,0.456252,0.483491,0.005576,0.456560,0.480100,0.000061,0.458730,0.475943,-0.006701,0.462103,0.470390,-0.013177,0.468496,0.465443,-0.019452,0.475967,0.465251,-0.022893,0.484335,0.462306,-0.024215,0.494771,0.464535,-0.022964,0.502427,0.467963,-0.020109,0.508656,0.470563,-0.016357,0.512046,0.473465,-0.012286,0.508769,0.476586,-0.015423,0.503761,0.479949,-0.019340,0.496783,0.484665,-0.021844,0.488836,0.488438,-0.022687,0.480428,0.490250,-0.020953,0.472942,0.491006,-0.018117,0.466519,0.489678,-0.012787,0.461680,0.487159,-0.007456,0.458612,0.485488,-0.000465,0.432463,0.391210,0.030715,0.433747,0.389803,0.027190,0.435497,0.388008,0.024389,0.438579,0.385518,0.021428,0.443599,0.383359,0.018256,0.448842,0.382596,0.016357,0.454033,0.382652,0.016049,0.457583,0.384138,0.016525,0.496942,0.377056,0.003298,0.498804,0.377569,0.002694,0.502167,0.377853,0.000370,0.507463,0.378324,-0.001920,0.513209,0.377800,-0.003289,0.519358,0.376025,-0.003124,0.523651,0.374038,-0.002018,0.526838,0.372190,-0.000775,0.471646,0.370492,-0.006830,0.470877,0.381482,-0.012655,0.470012,0.391051,-0.019096,0.469153,0.399875,-0.026199,0.000000,0.000000,0.000000,0.000000,0.000000,0.000000,0.000000,0.000000,0.000000,0.000000,0.000000,0.000000,0.000000,0.000000,0.000000,0.000000,0.000000,0.000000,0.000000,0.000000,0.000000,0.000000,0.000000,0.000000,0.000000,0.000000,0.000000,0.000000,0.000000,0.000000,0.000000,0.000000,0.000000,0.000000,0.000000,0.000000,0.000000,0.000000,0.000000,0.000000,0.000000,0.000000,0.000000,0.000000,0.000000,0.000000,0.000000,0.000000,0.000000,0.000000,0.000000,0.000000,0.000000,0.000000,0.000000,0.000000,0.000000,0.000000,0.000000,0.000000,0.000000,0.000000,0.000000,0.000000,0.000000,0.000000,0.000000,0.000000,0.000000,0.000000,0.000000,0.000000,0.000000,0.000000,0.000000,0.000000,0.000000,0.000000,0.000000,0.000000,0.000000,0.000000,0.000000,0.000000,0.000000,0.000000,0.000000,0.000000,0.000000,0.000000,0.000000,0.000000,0.000000,0.000000,0.000000,0.000000,0.000000,0.000000,0.000000,0.000000,0.000000,0.000000,0.000000,0.000000,0.000000,0.000000,0.000000,0.000000,0.000000,0.000000,0.000000,0.000000,0.000000,0.000000,0.000000,0.000000,0.000000,0.000000,0.000000,0.000000,0.000000,0.000000,0.000000,0.000000,0.000000,0.000000
-0.098650,-2.091980,-1.322862,-0.050986,-2.200670,-1.310970,-0.016677,-2.203902,-1.311259,0.021839,-2.207585,-1.311681,-0.121544,-2.193703,-1.208661,-0.139686,-2.190980,-1.207402,-0.159718,-2.189025,-1.208342,0.125693,-2.168093,-0.977310,-0.131694,-2.145602,-0.469092,-0.030222,-1.980307,-1.190987,-0.115489,-1.979624,-1.044970,0.440252,-1.455119,-0.881632,-0.293743,-1.495409,-0.203698,0.406040,-0.695060,-1.047140,-0.449459,-0.858019,0.010399,0.122738,0.007277,-1.315367,-0.561933,-0.188164,-0.591875,0.065907,0.223635,-1.501785,-0.648148,0.000317,-0.758671,-0.033903,0.175163,-1.525591,-0.584781,0.012194,-0.928170,-0.020748,0.081797,-1.337080,-0.538181,-0.062051,-0.698430,0.245068,0.036897,-0.263690,-0.245068,-0.036897,0.263690,0.141224,1.218768,-0.408165,-0.296657,1.142625,0.288431,0.117679,2.272697,0.491204,-0.313891,2.195183,0.742366,0.150017,2.448121,0.524371,-0.311461,2.367169,0.759462,-0.051892,2.572204,-0.508753,-0.344596,2.529830,-0.236436,0.454109,0.483710,0.005273,0.454489,0.480329,-0.000247,0.456730,0.476187,-0.006970,0.460130,0.470635,-0.013366,0.466505,0.465744,-0.019604,0.473947,0.465660,-0.023036,0.482291,0.462824,-0.024326,0.492608,0.465227,-0.023107,0.500150,0.468812,-0.020295,0.506315,0.471550,-0.016569,0.509686,0.474484,-0.012476,0.506356,0.477526,-0.015670,0.501308,0.480729,-0.019569,0.494310,0.485238,-0.022041,0.486389,0.488808,-0.022858,0.478078,0.490461,-0.021109,0.470675,0.491156,-0.018340,0.464314,0.489840,-0.013052,0.459522,0.487350,-0.007751,0.456470,0.485722,-0.000782,0.430357,0.389362,0.030936,0.431530,0.387625,0.027420,0.433170,0.385539,0.024607,0.436183,0.382696,0.021617,0.441331,0.380395,0.018430,0.446809,0.379849,0.016553,0.452247,0.380601,0.016185,0.456061,0.382903,0.016646,0.495570,0.376683,0.003458,0.497477,0.377319,0.002829,0.500938,0.377626,0.000512,0.506359,0.378129,-0.001775,0.512230,0.377629,-0.003166,0.518429,0.375738,-0.002970,0.522737,0.373574,-0.001814,0.525907,0.371495,-0.000533,0.470284,0.369582,-0.006846,0.469455,0.380666,-0.012693,0.468548,0.390396,-0.019167,0.467660,0.399435,-0.026293,0.000000,0.000000,0.000000,0.000000,0.000000,0.000000,0.000000,0.000000,0.000000,0.000000,0.000000,0.000000,0.000000,0.000000,0.000000,0.000000,0.000000,0.000000,0.000000,0.000000,0.000000,0.000000,0.000000,0.000000,0.000000,0.000000,0.000000,0.000000,0.000000,0.000000,0.000000,0.000000,0.000000,0.000000,0.000000,0.000000,0.000000,0.000000,0.000000,0.000000,0.000000,0.000000,0.000000,0.000000,0.000000,0.000000,0.000000,0.000000,0.000000,0.000000,0.000000,0.000000,0.000000,0.000000,0.000000,0.000000,0.000000,0.000000,0.000000,0.000000,0.000000,0.000000,0.000000,0.000000,0.000000,0.000000,0.000000,0.000000,0.000000,0.000000,0.000000,0.000000,0.000000,0.000000,0.000000,0.000000,0.000000,0.000000,0.000000,0.000000,0.000000,0.000000,0.000000,0.000000,0.000000,0.000000,0.000000,0.000000,0.000000,0.000000,0.000000,0.000000,0.000000,0.000000,0.000000,0.000000,0.000000,0.000000,0.000000,0.000000,0.000000,0.000000,0.000000,0.000000,0.000000,0.000000,0.000000,0.000000,0.000000,0.000000,0.000000,0.000000,0.000000,0.000000,0.000000,0.000000,0.000000,0.000000,0.000000,0.000000,0.000000,0.000000,0.000000,0.000000,0.000000,0.000000
-0.095143,-2.066634,-1.259027,-0.047597,-2.170628,-1.255584,-0.013770,-2.173346,-1.255813,0.024024,-2.176448,-1.256200,-0.116528,-2.164633,-1.148028,-0.134719,-2.162580,-1.146696,-0.154593,-2.161353,-1.147607,0.127079,-2.135711,-0.953873,-0.126791,-2.115170,-0.425535,-0.027802,-1.954808,-1.139802,-0.111685,-1.954479,-0.987233,0.436375,-1.434425,-0.870493,-0.289138,-1.473783,-0.183412,0.413892,-0.691319,-1.045265,-0.449039,-0.853586,0.012690,0.124308,0.003275,-1.296046,-0.553495,-0.178502,-0.624475,0.063541,0.219416,-1.479774,-0.638353,0.010880,-0.797190,-0.037599,0.172321,-1.508050,-0.574354,0.024484,-0.961135,-0.020546,0.078814,-1.319825,-0.529161,-0.050747,-0.730198,0.243553,0.035301,-0.261655,-0.243553,-0.035301,0.261655,0.149307,1.200015,-0.408740,-0.281947,1.127622,0.280587,0.131362,2.236658,0.472295,-0.296789,2.165627,0.728833,0.161929,2.409433,0.502960,-0.295260,2.336730,0.743444,-0.032133,2.534166,-0.529823,-0.326222,2.492632,-0.252160,0.454403,0.479733,0.004892,0.454853,0.476347,-0.000536,0.457226,0.472185,-0.007206,0.460805,0.466637,-0.013545,0.467348,0.461738,-0.019680,0.474868,0.461622,-0.023030,0.483302,0.458848,-0.024288,0.493649,0.461265,-0.023042,0.501195,0.464842,-0.020189,0.507294,0.467584,-0.016440,0.510516,0.470521,-0.012387,0.507081,0.473629,-0.015622,0.501962,0.476846,-0.019637,0.494900,0.481309,-0.022217,0.486949,0.484818,-0.023173,0.478649,0.486472,-0.021512,0.471267,0.487141,-0.018769,0.464864,0.485897,-0.013471,0.459995,0.483446,-0.008147,0.456847,0.481804,-0.001132,0.431622,0.386776,0.030687,0.432856,0.385045,0.027186,0.434554,0.382980,0.024394,0.437616,0.380194,0.021463,0.442758,0.377959,0.018314,0.448168,0.377448,0.016484,0.453595,0.378150,0.016116,0.457401,0.380390,0.016615,0.496925,0.374346,0.003847,0.498834,0.375017,0.003237,0.502282,0.375364,0.000944,0.507703,0.375921,-0.001322,0.513591,0.375461,-0.002674,0.519795,0.373573,-0.002425,0.524084,0.371419,-0.001232,0.527220,0.369363,0.000089,0.471826,0.366606,-0.006484,0.470968,0.377618,-0.012334,0.470034,0.387229,-0.018831,0.469111,0.396126,-0.025973,0.000000,0.000000,0.000000,0.000000,0.000000,0.000000,0.000000,0.000000,0.000000,0.000000,0.000000,0.000000,0.000000,0.000000,0.000000,0.000000,0.000000,0.000000,0.000000,0.000000,0.000000,0.000000,0.000000,0.000000,0.000000,0.000000,0.000000,0.000000,0.000000,0.000000,0.000000,0.000000,0.000000,0.000000,0.000000,0.000000,0.000000,0.000000,0.000000,0.000000,0.000000,0.000000,0.000000,0.000000,0.000000,0.000000,0.000000,0.000000,0.000000,0.000000,0.000000,0.000000,0.000000,0.000000,0.000000,0.000000,0.000000,0.000000,0.000000,0.000000,0.000000,0.000000,0.000000,0.000000,0.000000,0.000000,0.000000,0.000000,0.000000,0.000000,0.000000,0.000000,0.000000,0.000000,0.000000,0.000000,0.000000,0.000000,0.000000,0.000000,0.000000,0.000000,0.000000,0.000000,0.000000,0.000000,0.000000,0.000000,0.000000,0.000000,0.000000,0.000000,0.000000,0.000000,0.000000,0.000000,0.000000,0.000000,0.000000,0.000000,0.000000,0.000000,0.000000,0.000000,0.000000,0.000000,0.000000,0.000000,0.000000,0.000000,0.000000,0.000000,0.000000,0.000000,0.000000,0.000000,0.000000,0.000000,0.000000,0.000000,0.000000,0.000000,0.000000,0.000000,0.000000,0.000000
-0.137710,-1.901883,-1.538806,-0.095007,-2.002190,-1.479232,-0.063636,-2.004898,-1.479804,-0.025941,-2.007588,-1.479119,-0.161498,-1.995831,-1.395353,-0.179570,-1.992712,-1.394383,-0.196150,-1.989893,-1.395124,0.062780,-1.969857,-0.981376,-0.174895,-1.946939,-0.545769,-0.071435,-1.798478,-1.340608,-0.152375,-1.795573,-1.223857,0.346540,-1.331568,-0.759328,-0.297141,-1.340573,0.004936,0.486511,-0.417203,-1.606781,-0.417318,-0.723698,-0.556176,0.045875,-0.731867,-2.683486,-0.306448,-0.609584,-2.155208,-0.089358,-0.838353,-2.922522,-0.249612,-0.640612,-2.403873,-0.040051,-0.952712,-2.746453,-0.240191,-0.702362,-2.386190,-0.034143,-0.939327,-2.623779,-0.231214,-0.711609,-2.198498,0.244648,0.011643,-0.268747,-0.244648,-0.011643,0.268747,0.192366,1.082144,-0.131914,-0.263966,1.044158,0.440845,0.204350,2.005765,0.957102,-0.229014,1.988465,1.282425,0.233138,2.145794,1.002863,-0.229335,2.130433,1.334469,0.107123,2.288550,-0.076662,-0.186662,2.294168,0.260982,0.457594,0.481180,0.005579,0.458105,0.478060,0.000048,0.460531,0.474289,-0.006604,0.464129,0.469193,-0.012884,0.470687,0.464733,-0.018929,0.478187,0.464817,-0.022095,0.486584,0.462218,-0.023236,0.496747,0.464552,-0.021788,0.504119,0.467930,-0.018783,0.510059,0.470475,-0.014881,0.513204,0.473204,-0.010662,0.509817,0.476272,-0.013892,0.504798,0.479490,-0.017862,0.497842,0.483906,-0.020407,0.489976,0.487357,-0.021341,0.481742,0.488850,-0.019786,0.474368,0.489345,-0.017227,0.467991,0.487857,-0.012195,0.463143,0.485162,-0.007070,0.460026,0.483328,-0.000251,0.434661,0.387991,0.028763,0.435917,0.386390,0.025248,0.437660,0.384461,0.022451,0.440768,0.381821,0.019530,0.445964,0.379744,0.016437,0.451413,0.379317,0.014681,0.456806,0.380089,0.014440,0.460569,0.382369,0.015040,0.500225,0.377125,0.003119,0.502099,0.377780,0.002541,0.505518,0.378169,0.000317,0.510929,0.378802,-0.001854,0.516765,0.378448,-0.003097,0.522947,0.376682,-0.002777,0.527245,0.374637,-0.001546,0.530413,0.372663,-0.000210,0.475345,0.369507,-0.007838,0.474508,0.380769,-0.013478,0.473611,0.390620,-0.019767,0.472735,0.399744,-0.026671,0.000000,0.000000,0.000000,0.000000,0.000000,0.000000,0.000000,0.000000,0.000000,0.000000,0.000000,0.000000,0.000000,0.000000,0.000000,0.000000,0.000000,0.000000,0.000000,0.000000,0.000000,0.000000,0.000000,0.000000,0.000000,0.000000,0.000000,0.000000,0.000000,0.000000,0.000000,0.000000,0.000000,0.000000,0.000000,0.000000,0.000000,0.000000,0.000000,0.000000,0.000000,0.000000,0.000000,0.000000,0.000000,0.000000,0.000000,0.000000,0.000000,0.000000,0.000000,0.000000,0.000000,0.000000,0.000000,0.000000,0.000000,0.000000,0.000000,0.000000,0.000000,0.000000,0.000000,0.513936,0.984253,-0.000000,0.475379,0.959424,-0.008223,0.448079,0.924457,-0.021926,0.431328,0.899261,-0.037225,0.421394,0.896751,-0.053631,0.484105,0.826439,-0.023986,0.476222,0.759111,-0.044071,0.465394,0.714179,-0.057272,0.460171,0.677854,-0.067621,0.510927,0.839712,-0.032507,0.460611,0.834070,-0.055698,0.445000,0.881511,-0.054734,0.454230,0.901654,-0.050706,0.526444,0.871608,-0.042448,0.471579,0.874201,-0.063418,0.457287,0.911274,-0.050069,0.467601,0.927122,-0.037329,0.533275,0.910896,-0.053742,0.484224,0.912814,-0.068738,0.469521,0.939335,-0.059392,0.475878,0.953100,-0.049074
-0.110984,-1.363930,-1.046279,-0.081433,-1.444443,-1.010168,-0.059807,-1.447405,-1.010959,-0.033689,-1.449994,-1.010777,-0.128215,-1.438544,-0.932614,-0.141147,-1.436178,-0.931785,-0.152131,-1.434142,-0.932010,0.031911,-1.423694,-0.650537,-0.132844,-1.405922,-0.251383,-0.063204,-1.288758,-0.913344,-0.118631,-1.284691,-0.805348,0.229179,-0.979830,-0.639447,-0.172704,-0.958388,0.275991,0.322325,-0.415743,-1.350702,-0.260296,-0.520915,0.121536,0.011181,-0.671291,-2.046232,-0.291618,-0.312362,-1.090608,-0.067778,-0.762658,-2.236582,-0.312045,-0.249858,-1.244855,-0.044050,-0.830106,-2.100239,-0.289690,-0.307323,-1.304915,-0.032699,-0.809934,-2.001626,-0.268002,-0.329453,-1.161180,0.166710,0.006988,-0.321723,-0.166710,-0.006988,0.321723,0.127433,0.793192,-0.392516,-0.182370,0.770706,0.345300,0.136621,1.486544,0.263157,-0.165580,1.468124,0.743491,0.167614,1.592385,0.281859,-0.161696,1.572973,0.763191,0.033743,1.678835,-0.485121,-0.167610,1.680924,0.030124,0.457281,0.479903,0.004837,0.457822,0.476722,-0.000619,0.460219,0.472910,-0.007152,0.463769,0.467817,-0.013320,0.470240,0.463380,-0.019276,0.477666,0.463508,-0.022451,0.485974,0.460973,-0.023554,0.495999,0.463387,-0.022125,0.503246,0.466863,-0.019189,0.509113,0.469502,-0.015372,0.512235,0.472314,-0.011224,0.508926,0.475263,-0.014477,0.503981,0.478387,-0.018389,0.497087,0.482726,-0.020858,0.489271,0.486076,-0.021712,0.481079,0.487479,-0.020156,0.473734,0.487917,-0.017643,0.467408,0.486389,-0.012755,0.462629,0.483722,-0.007740,0.459602,0.481955,-0.001030,0.434495,0.386279,0.029060,0.435740,0.384675,0.025584,0.437437,0.382720,0.022836,0.440514,0.380051,0.019932,0.445689,0.377947,0.016895,0.451158,0.377556,0.015147,0.456562,0.378444,0.014913,0.460324,0.380821,0.015469,0.499697,0.376012,0.003609,0.501554,0.376673,0.003032,0.504995,0.377093,0.000803,0.510399,0.377760,-0.001362,0.516233,0.377457,-0.002597,0.522389,0.375804,-0.002278,0.526669,0.373838,-0.001031,0.529814,0.371915,0.000303,0.475031,0.368449,-0.007314,0.474163,0.379641,-0.013069,0.473232,0.389462,-0.019452,0.472328,0.398583,-0.026443,0.000000,0.000000,0.000000,0.000000,0.000000,0.000000,0.000000,0.000000,0.000000,0.000000,0.000000,0.000000,0.000000,0.000000,0.000000,0.000000,0.000000,0.000000,0.000000,0.000000,0.000000,0.000000,0.000000,0.000000,0.000000,0.000000,0.000000,0.000000,0.000000,0.000000,0.000000,0.000000,0.000000,0.000000,0.000000,0.000000,0.000000,0.000000,0.000000,0.000000,0.000000,0.000000,0.000000,0.000000,0.000000,0.000000,0.000000,0.000000,0.000000,0.000000,0.000000,0.000000,0.000000,0.000000,0.000000,0.000000,0.000000,0.000000,0.000000,0.000000,0.000000,0.000000,0.000000,0.519005,0.912408,0.000000,0.480114,0.880228,-0.010416,0.458076,0.834080,-0.028361,0.448188,0.796785,-0.048744,0.462677,0.782385,-0.069804,0.503992,0.729176,-0.018114,0.502837,0.661443,-0.044073,0.495307,0.610521,-0.061823,0.495332,0.567431,-0.075170,0.532082,0.739765,-0.027857,0.477366,0.722732,-0.053699,0.467910,0.780051,-0.050490,0.484465,0.794986,-0.043341,0.549857,0.768580,-0.040824,0.491824,0.754082,-0.064979,0.482114,0.798667,-0.047312,0.499717,0.811669,-0.030254,0.557650,0.808803,-0.055823,0.508001,0.797377,-0.073684,0.496370,0.827776,-0.063303,0.509574,0.840342,-0.051502
-0.136957,-1.568562,-1.308279,-0.102451,-1.658257,-1.248168,-0.077900,-1.661600,-1.248830,-0.047986,-1.664536,-1.248448,-0.155921,-1.651950,-1.173437,-0.170576,-1.649378,-1.172719,-0.183407,-1.647499,-1.173140,0.027404,-1.633489,-0.771488,-0.160844,-1.613729,-0.411554,-0.082129,-1.480471,-1.133990,-0.145496,-1.476949,-1.033517,0.251511,-1.126102,-0.710787,-0.216146,-1.093810,0.172279,0.347477,-0.388492,-1.495143,-0.308345,-0.611417,-0.030952,-0.012714,-0.754435,-2.362573,-0.309017,-0.362390,-1.402081,-0.091021,-0.847563,-2.595814,-0.323621,-0.273803,-1.594905,-0.072225,-0.929993,-2.454697,-0.305602,-0.349416,-1.657334,-0.058208,-0.910058,-2.319992,-0.285017,-0.382891,-1.473755,0.190431,0.007057,-0.324479,-0.190431,-0.007057,0.324479,0.147016,0.904885,-0.383615,-0.213611,0.881560,0.285617,0.157588,1.702015,0.394768,-0.198782,1.684744,0.805190,0.190678,1.824620,0.420797,-0.196879,1.806310,0.829675,0.044419,1.925686,-0.481069,-0.194543,1.930242,-0.066206,0.456841,0.480676,0.004876,0.457351,0.477342,-0.000596,0.459748,0.473340,-0.007222,0.463323,0.468010,-0.013505,0.469836,0.463362,-0.019539,0.477304,0.463432,-0.022775,0.485690,0.460816,-0.023916,0.495899,0.463321,-0.022529,0.503304,0.466920,-0.019575,0.509311,0.469663,-0.015716,0.512525,0.472626,-0.011568,0.509179,0.475748,-0.014807,0.504161,0.478985,-0.018792,0.497173,0.483438,-0.021354,0.489249,0.486904,-0.022337,0.480909,0.488383,-0.020769,0.473468,0.488916,-0.018149,0.467073,0.487406,-0.013028,0.462254,0.484728,-0.007864,0.459191,0.482886,-0.001018,0.434459,0.387119,0.029663,0.435705,0.385439,0.026182,0.437408,0.383422,0.023426,0.440480,0.380686,0.020517,0.445637,0.378531,0.017448,0.451087,0.378127,0.015669,0.456493,0.379017,0.015386,0.460269,0.381409,0.015916,0.499533,0.376159,0.003770,0.501421,0.376835,0.003183,0.504873,0.377213,0.000935,0.510285,0.377811,-0.001268,0.516135,0.377427,-0.002534,0.522314,0.375676,-0.002246,0.526596,0.373634,-0.001013,0.529748,0.371650,0.000312,0.474765,0.368499,-0.006950,0.473872,0.379629,-0.012753,0.472913,0.389364,-0.019193,0.471968,0.398384,-0.026259,0.000000,0.000000,0.000000,0.000000,0.000000,0.000000,0.000000,0.000000,0.000000,0.000000,0.000000,0.000000,0.000000,0.000000,0.000000,0.000000,0.000000,0.000000,0.000000,0.000000,0.000000,0.000000,0.000000,0.000000,0.000000,0.000000,0.000000,0.000000,0.000000,0.000000,0.000000,0.000000,0.000000,0.000000,0.000000,0.000000,0.000000,0.000000,0.000000,0.000000,0.000000,0.000000,0.000000,0.000000,0.000000,0.000000,0.000000,0.000000,0.000000,0.000000,0.000000,0.000000,0.000000,0.000000,0.000000,0.000000,0.000000,0.000000,0.000000,0.000000,0.000000,0.000000,0.000000,0.525750,0.940846,-0.000000,0.478429,0.906693,-0.009103,0.451022,0.858760,-0.023726,0.437443,0.822827,-0.040727,0.448490,0.811868,-0.058084,0.495969,0.758560,-0.017863,0.488770,0.689043,-0.040311,0.478542,0.640870,-0.055021,0.474349,0.600156,-0.066668,0.521922,0.770063,-0.028273,0.467757,0.751425,-0.054564,0.457392,0.801573,-0.054135,0.472295,0.822359,-0.049314,0.537638,0.800742,-0.041058,0.479807,0.791951,-0.064206,0.470034,0.831025,-0.049112,0.484490,0.845300,-0.034657,0.543492,0.842313,-0.055796,0.494179,0.834956,-0.071010,0.482218,0.862815,-0.060552,0.491263,0.877628,-0.049561
-0.089485,-2.015911,-1.318218,-0.042631,-2.118420,-1.297739,-0.010455,-2.120955,-1.297798,0.028655,-2.123246,-1.297936,-0.112858,-2.113706,-1.204407,-0.132587,-2.110790,-1.203324,-0.151652,-2.109410,-1.204036,0.123948,-2.080110,-0.952120,-0.130841,-2.060401,-0.480154,-0.021778,-1.898601,-1.183727,-0.109976,-1.900002,-1.050301,0.428345,-1.385900,-0.918747,-0.292172,-1.429297,-0.226670,0.371207,-0.649511,-1.125795,-0.419591,-0.826379,-0.116131,-0.001959,-0.027398,-1.359697,-0.503704,-0.221286,-0.842311,-0.083354,0.165486,-1.553576,-0.573947,-0.047578,-1.023117,-0.177567,0.102002,-1.550498,-0.514282,-0.061066,-1.170565,-0.150749,0.018540,-1.369064,-0.474300,-0.130016,-0.940578,0.235390,0.029418,-0.269683,-0.235390,-0.029418,0.269683,0.121446,1.152139,-0.493668,-0.308629,1.094642,0.259364,0.083605,2.181813,0.263749,-0.339078,2.121846,0.595716,0.116775,2.348116,0.284564,-0.339414,2.287606,0.599064,-0.087364,2.474573,-0.714890,-0.372340,2.441708,-0.362299,0.457282,0.480272,0.006546,0.457714,0.476998,0.000932,0.460094,0.473156,-0.005889,0.463696,0.467996,-0.012376,0.470395,0.463454,-0.018551,0.478063,0.463569,-0.021732,0.486643,0.460741,-0.022935,0.497123,0.462946,-0.021415,0.504666,0.466242,-0.018242,0.510742,0.468752,-0.014189,0.513970,0.471617,-0.009923,0.510618,0.474970,-0.013030,0.505583,0.478594,-0.017032,0.498575,0.483480,-0.019671,0.490543,0.487261,-0.020731,0.482007,0.488974,-0.019218,0.474361,0.489456,-0.016534,0.467809,0.487786,-0.011316,0.462886,0.484796,-0.006087,0.459733,0.482661,0.000781,0.435108,0.388037,0.028228,0.436494,0.386982,0.024698,0.438397,0.385508,0.021917,0.441584,0.383421,0.019024,0.446601,0.381622,0.015947,0.451733,0.380922,0.014156,0.456814,0.380716,0.013996,0.460210,0.381837,0.014654,0.500069,0.375639,0.002615,0.501815,0.376057,0.002058,0.505026,0.376406,-0.000149,0.510166,0.377033,-0.002306,0.515787,0.376750,-0.003519,0.521929,0.375232,-0.003246,0.526271,0.373510,-0.002120,0.529537,0.371872,-0.000847,0.474972,0.368682,-0.008230,0.474106,0.379761,-0.013767,0.473177,0.389411,-0.019955,0.472262,0.398308,-0.026764,0.000000,0.000000,0.000000,0.000000,0.000000,0.000000,0.000000,0.000000,0.000000,0.000000,0.000000,0.000000,0.000000,0.000000,0.000000,0.000000,0.000000,0.000000,0.000000,0.000000,0.000000,0.000000,0.000000,0.000000,0.000000,0.000000,0.000000,0.000000,0.000000,0.000000,0.000000,0.000000,0.000000,0.000000,0.000000,0.000000,0.000000,0.000000,0.000000,0.000000,0.000000,0.000000,0.000000,0.000000,0.000000,0.000000,0.000000,0.000000,0.000000,0.000000,0.000000,0.000000,0.000000,0.000000,0.000000,0.000000,0.000000,0.000000,0.000000,0.000000,0.000000,0.000000,0.000000,0.000000,0.000000,0.000000,0.000000,0.000000,0.000000,0.000000,0.000000,0.000000,0.000000,0.000000,0.000000,0.000000,0.000000,0.000000,0.000000,0.000000,0.000000,0.000000,0.000000,0.000000,0.000000,0.000000,0.000000,0.000000,0.000000,0.000000,0.000000,0.000000,0.000000,0.000000,0.000000,0.000000,0.000000,0.000000,0.000000,0.000000,0.000000,0.000000,0.000000,0.000000,0.000000,0.000000,0.000000,0.000000,0.000000,0.000000,0.000000,0.000000,0.000000,0.000000,0.000000,0.000000,0.000000,0.000000,0.000000,0.000000,0.000000,0.000000,0.000000,0.000000,0.000000,0.000000
-0.067867,-2.053790,-1.238073,-0.019999,-2.163439,-1.228608,0.013164,-2.165721,-1.228764,0.053236,-2.167429,-1.229253,-0.093051,-2.158303,-1.128115,-0.113772,-2.155062,-1.126848,-0.132488,-2.152655,-1.127631,0.148592,-2.125253,-0.912057,-0.112189,-2.106051,-0.416443,0.000912,-1.939248,-1.113470,-0.089374,-1.940341,-0.969304,0.455387,-1.421950,-0.878032,-0.275501,-1.476362,-0.197721,0.418477,-0.688007,-1.048677,-0.418274,-0.851957,0.004798,0.071484,-0.002582,-1.243610,-0.525301,-0.184144,-0.555572,0.006537,0.211515,-1.420786,-0.604775,-0.003354,-0.711268,-0.090646,0.163098,-1.437650,-0.546834,0.003529,-0.872809,-0.072938,0.070523,-1.260861,-0.501792,-0.067277,-0.657006,0.238889,0.036012,-0.267221,-0.238889,-0.036012,0.267221,0.127125,1.190918,-0.450457,-0.304665,1.119408,0.291537,0.097318,2.242103,0.384799,-0.328625,2.167327,0.684227,0.129687,2.413063,0.415453,-0.328634,2.338157,0.697368,-0.071370,2.541412,-0.572044,-0.368238,2.498655,-0.261055,0.462918,0.481922,0.007036,0.463448,0.478889,0.001557,0.465976,0.475190,-0.005173,0.469748,0.470154,-0.011569,0.476585,0.465498,-0.017659,0.484383,0.465384,-0.020694,0.492980,0.462278,-0.021856,0.503456,0.464007,-0.020229,0.511005,0.466823,-0.016978,0.517016,0.468891,-0.012856,0.520116,0.471379,-0.008613,0.516669,0.474714,-0.011751,0.511585,0.478270,-0.015844,0.504603,0.482984,-0.018581,0.496615,0.486752,-0.019649,0.488190,0.488595,-0.018193,0.480647,0.489399,-0.015602,0.474010,0.488221,-0.010589,0.468905,0.485774,-0.005452,0.465566,0.484036,0.001403,0.439687,0.392075,0.026500,0.441123,0.391108,0.022980,0.443085,0.389713,0.020245,0.446321,0.387710,0.017445,0.451296,0.385887,0.014433,0.456318,0.385016,0.012704,0.461378,0.384425,0.012609,0.464792,0.385239,0.013350,0.504524,0.377989,0.002114,0.506233,0.378375,0.001587,0.509382,0.378749,-0.000524,0.514586,0.379378,-0.002593,0.520260,0.379035,-0.003705,0.526450,0.377303,-0.003382,0.530778,0.375410,-0.002235,0.534024,0.373655,-0.000940,0.479617,0.370916,-0.008726,0.479028,0.382188,-0.013964,0.478359,0.391917,-0.019929,0.477687,0.400858,-0.026493,0.000000,0.000000,0.000000,0.000000,0.000000,0.000000,0.000000,0.000000,0.000000,0.000000,0.000000,0.000000,0.000000,0.000000,0.000000,0.000000,0.000000,0.000000,0.000000,0.000000,0.000000,0.000000,0.000000,0.000000,0.000000,0.000000,0.000000,0.000000,0.000000,0.000000,0.000000,0.000000,0.000000,0.000000,0.000000,0.000000,0.000000,0.000000,0.000000,0.000000,0.000000,0.000000,0.000000,0.000000,0.000000,0.000000,0.000000,0.000000,0.000000,0.000000,0.000000,0.000000,0.000000,0.000000,0.000000,0.000000,0.000000,0.000000,0.000000,0.000000,0.000000,0.000000,0.000000,0.000000,0.000000,0.000000,0.000000,0.000000,0.000000,0.000000,0.000000,0.000000,0.000000,0.000000,0.000000,0.000000,0.000000,0.000000,0.000000,0.000000,0.000000,0.000000,0.000000,0.000000,0.000000,0.000000,0.000000,0.000000,0.000000,0.000000,0.000000,0.000000,0.000000,0.000000,0.000000,0.000000,0.000000,0.000000,0.000000,0.000000,0.000000,0.000000,0.000000,0.000000,0.000000,0.000000,0.000000,0.000000,0.000000,0.000000,0.000000,0.000000,0.000000,0.000000,0.000000,0.000000,0.000000,0.000000,0.000000,0.000000,0.000000,0.000000,0.000000,0.000000,0.000000,0.000000
-0.048981,-2.108131,-1.309267,0.001032,-2.220773,-1.283756,0.037002,-2.221933,-1.283875,0.076883,-2.222787,-1.284271,-0.075925,-2.216084,-1.193790,-0.100959,-2.212750,-1.192487,-0.120582,-2.209977,-1.193210,0.165930,-2.179584,-0.912327,-0.105607,-2.161813,-0.447859,0.022498,-1.990042,-1.161401,-0.075789,-1.991814,-1.030591,0.472177,-1.459549,-0.853869,-0.276186,-1.519525,-0.193327,0.442938,-0.706714,-1.052441,-0.427708,-0.879956,-0.030229,0.070995,-0.004680,-1.285531,-0.534050,-0.219991,-0.638258,-0.014553,0.207382,-1.481743,-0.614050,-0.041081,-0.808642,-0.111353,0.148777,-1.488841,-0.555886,-0.044609,-0.976821,-0.087483,0.058075,-1.299909,-0.509954,-0.111803,-0.743084,0.244595,0.039933,-0.265631,-0.244595,-0.039933,0.265631,0.124954,1.231637,-0.484930,-0.316550,1.156097,0.270908,0.081488,2.315967,0.288911,-0.352564,2.239394,0.593795,0.110706,2.490523,0.310936,-0.356207,2.414320,0.597555,-0.087258,2.625360,-0.714198,-0.386137,2.580234,-0.400544,0.465752,0.476346,0.004553,0.466596,0.473232,-0.000893,0.469499,0.469487,-0.007453,0.473646,0.464442,-0.013611,0.480703,0.460064,-0.019328,0.488470,0.460245,-0.022180,0.497006,0.457692,-0.023049,0.507089,0.459986,-0.021246,0.514376,0.463368,-0.017921,0.520218,0.465886,-0.013721,0.523179,0.468621,-0.009399,0.519687,0.471798,-0.012871,0.514569,0.475018,-0.017260,0.507563,0.479320,-0.020236,0.499597,0.482598,-0.021721,0.491283,0.484035,-0.020523,0.483742,0.484516,-0.018176,0.477080,0.483112,-0.013171,0.471897,0.480492,-0.008029,0.468430,0.478632,-0.001176,0.443902,0.384151,0.027019,0.445234,0.382375,0.023610,0.447035,0.380298,0.020898,0.450232,0.377533,0.018113,0.455530,0.375435,0.015249,0.461004,0.375148,0.013707,0.466523,0.376184,0.013625,0.470424,0.378764,0.014346,0.510127,0.374723,0.004331,0.512040,0.375487,0.003789,0.515501,0.375957,0.001697,0.520993,0.376707,-0.000331,0.526886,0.376469,-0.001364,0.533027,0.374772,-0.000799,0.537212,0.372829,0.000616,0.540228,0.370955,0.002073,0.486139,0.365927,-0.007666,0.485381,0.376753,-0.013366,0.484610,0.386370,-0.019709,0.483845,0.395287,-0.026688,0.000000,0.000000,0.000000,0.000000,0.000000,0.000000,0.000000,0.000000,0.000000,0.000000,0.000000,0.000000,0.000000,0.000000,0.000000,0.000000,0.000000,0.000000,0.000000,0.000000,0.000000,0.000000,0.000000,0.000000,0.000000,0.000000,0.000000,0.000000,0.000000,0.000000,0.000000,0.000000,0.000000,0.000000,0.000000,0.000000,0.000000,0.000000,0.000000,0.000000,0.000000,0.000000,0.000000,0.000000,0.000000,0.000000,0.000000,0.000000,0.000000,0.000000,0.000000,0.000000,0.000000,0.000000,0.000000,0.000000,0.000000,0.000000,0.000000,0.000000,0.000000,0.000000,0.000000,0.000000,0.000000,0.000000,0.000000,0.000000,0.000000,0.000000,0.000000,0.000000,0.000000,0.000000,0.000000,0.000000,0.000000,0.000000,0.000000,0.000000,0.000000,0.000000,0.000000,0.000000,0.000000,0.000000,0.000000,0.000000,0.000000,0.000000,0.000000,0.000000,0.000000,0.000000,0.000000,0.000000,0.000000,0.000000,0.000000,0.000000,0.000000,0.000000,0.000000,0.000000,0.000000,0.000000,0.000000,0.000000,0.000000,0.000000,0.000000,0.000000,0.000000,0.000000,0.000000,0.000000,0.000000,0.000000,0.000000,0.000000,0.000000,0.000000,0.000000,0.000000,0.000000,0.000000
-0.100216,-2.278684,-1.941059,-0.045724,-2.398521,-1.842788,-0.001612,-2.398543,-1.843446,0.039292,-2.398338,-1.842882,-0.137287,-2.394177,-1.769689,-0.166062,-2.389642,-1.768374,-0.189428,-2.385875,-1.769204,0.123769,-2.347221,-1.125166,-0.178362,-2.328916,-0.754314,-0.013634,-2.144600,-1.671725,-0.134311,-2.146627,-1.565901,0.448081,-1.589616,-0.769597,-0.353519,-1.593944,-0.185978,0.631374,-0.490203,-1.741947,-0.516069,-0.882172,-0.658662,0.010968,-0.861554,-3.088794,-0.408306,-0.453287,-2.595876,-0.097220,-0.887518,-3.417796,-0.388441,-0.311493,-2.927811,-0.112631,-1.095342,-3.230149,-0.336215,-0.424657,-2.980349,-0.081114,-1.089221,-3.041749,-0.326742,-0.477543,-2.678434,0.295191,0.011726,-0.296856,-0.295191,-0.011726,0.296856,0.245858,1.287295,-0.249693,-0.297180,1.276437,0.319873,0.263361,2.429170,0.982440,-0.256891,2.425023,1.123996,0.296085,2.605745,1.028581,-0.258355,2.601712,1.171198,0.140429,2.783100,-0.313547,-0.193519,2.791234,-0.164059,0.467719,0.476138,0.005043,0.468719,0.473058,-0.000583,0.471874,0.469405,-0.007218,0.476281,0.464437,-0.013408,0.483701,0.460120,-0.019015,0.491766,0.460369,-0.021575,0.500447,0.457750,-0.022221,0.510604,0.459866,-0.019980,0.517926,0.463152,-0.016245,0.523801,0.465526,-0.011643,0.526745,0.468188,-0.007034,0.523235,0.471552,-0.010665,0.518115,0.474916,-0.015332,0.511116,0.479331,-0.018592,0.503057,0.482707,-0.020461,0.494607,0.484151,-0.019504,0.486788,0.484656,-0.017347,0.479828,0.483185,-0.012412,0.474350,0.480494,-0.007321,0.470616,0.478537,-0.000515,0.444122,0.382642,0.024568,0.445496,0.380873,0.021157,0.447364,0.378800,0.018478,0.450651,0.376020,0.015697,0.456065,0.373904,0.012982,0.461626,0.373649,0.011611,0.467263,0.374699,0.011775,0.471286,0.377344,0.012634,0.511543,0.373793,0.004260,0.513453,0.374549,0.003766,0.516943,0.375030,0.001783,0.522517,0.375856,-0.000093,0.528446,0.375690,-0.000919,0.534578,0.374036,-0.000185,0.538719,0.372169,0.001345,0.541704,0.370422,0.002886,0.487993,0.364758,-0.009070,0.487502,0.375534,-0.014623,0.486999,0.385348,-0.020859,0.486474,0.394467,-0.027719,0.000000,0.000000,0.000000,0.000000,0.000000,0.000000,0.000000,0.000000,0.000000,0.000000,0.000000,0.000000,0.000000,0.000000,0.000000,0.000000,0.000000,0.000000,0.000000,0.000000,0.000000,0.000000,0.000000,0.000000,0.000000,0.000000,0.000000,0.000000,0.000000,0.000000,0.000000,0.000000,0.000000,0.000000,0.000000,0.000000,0.000000,0.000000,0.000000,0.000000,0.000000,0.000000,0.000000,0.000000,0.000000,0.000000,0.000000,0.000000,0.000000,0.000000,0.000000,0.000000,0.000000,0.000000,0.000000,0.000000,0.000000,0.000000,0.000000,0.000000,0.000000,0.000000,0.000000,0.324418,0.581004,-0.000000,0.300432,0.571427,-0.009695,0.281548,0.558975,-0.020980,0.271215,0.549702,-0.032791,0.275930,0.545030,-0.045129,0.297244,0.498838,-0.016141,0.290055,0.466503,-0.027317,0.281783,0.443133,-0.034652,0.276906,0.425647,-0.040225,0.311801,0.504395,-0.018839,0.290844,0.518308,-0.033798,0.284004,0.541328,-0.036228,0.285954,0.550474,-0.035600,0.322744,0.520068,-0.022543,0.299048,0.537591,-0.035346,0.294546,0.554314,-0.031275,0.297586,0.559783,-0.026105,0.330674,0.539118,-0.027336,0.307830,0.555907,-0.035713,0.304564,0.567456,-0.032129,0.308529,0.568957,-0.027259
-0.072626,-1.941144,-1.453100,-0.026930,-2.055003,-1.363954,0.009789,-2.055721,-1.364890,0.044373,-2.056113,-1.364346,-0.107707,-2.049523,-1.294791,-0.133235,-2.045946,-1.293154,-0.157763,-2.041904,-1.293748,0.112123,-2.013516,-0.751995,-0.154506,-1.992686,-0.401102,0.002242,-1.827879,-1.227899,-0.103279,-1.825215,-1.134057,0.383849,-1.393710,-0.586651,-0.288128,-1.369670,0.153519,0.532018,-0.446517,-1.655686,-0.427208,-0.722659,-0.059563,0.140509,-0.996684,-2.834644,-0.458099,-0.176754,-1.648083,0.050271,-1.141048,-3.137684,-0.481961,0.028340,-1.882187,0.065055,-1.255939,-3.000490,-0.428027,-0.059829,-2.015007,0.077801,-1.228879,-2.795479,-0.396692,-0.133236,-1.757680,0.262851,0.011905,-0.322415,-0.262851,-0.011905,0.322415,0.209295,1.153820,-0.442965,-0.264476,1.110023,0.186145,0.209402,2.161127,0.456131,-0.254979,2.122753,0.719421,0.237439,2.307676,0.477543,-0.260909,2.272727,0.745132,0.089128,2.471925,-0.675928,-0.199131,2.456741,-0.400308,0.467566,0.474330,0.004778,0.468713,0.471273,-0.000758,0.472031,0.467675,-0.007365,0.476558,0.462811,-0.013542,0.484083,0.458546,-0.019061,0.492184,0.458790,-0.021540,0.500942,0.456253,-0.022154,0.511158,0.458383,-0.019837,0.518520,0.461582,-0.016044,0.524485,0.463881,-0.011380,0.527452,0.466526,-0.006829,0.523846,0.469911,-0.010507,0.518591,0.473280,-0.015339,0.511423,0.477649,-0.018688,0.503236,0.480986,-0.020673,0.494663,0.482376,-0.019818,0.486763,0.482878,-0.017683,0.479731,0.481403,-0.012773,0.474192,0.478744,-0.007647,0.470433,0.476764,-0.000795,0.445643,0.382439,0.024195,0.447004,0.380630,0.020852,0.448832,0.378556,0.018192,0.452091,0.375816,0.015503,0.457466,0.373744,0.012863,0.463000,0.373532,0.011529,0.468625,0.374668,0.011671,0.472628,0.377379,0.012549,0.512392,0.373855,0.004567,0.514326,0.374677,0.004119,0.517851,0.375197,0.002145,0.523418,0.376023,0.000311,0.529358,0.375840,-0.000470,0.535457,0.374176,0.000287,0.539553,0.372270,0.001838,0.542484,0.370473,0.003370,0.489118,0.364186,-0.008546,0.488563,0.375050,-0.014118,0.487973,0.384644,-0.020397,0.487364,0.393503,-0.027277,0.000000,0.000000,0.000000,0.000000,0.000000,0.000000,0.000000,0.000000,0.000000,0.000000,0.000000,0.000000,0.000000,0.000000,0.000000,0.000000,0.000000,0.000000,0.000000,0.000000,0.000000,0.000000,0.000000,0.000000,0.000000,0.000000,0.000000,0.000000,0.000000,0.000000,0.000000,0.000000,0.000000,0.000000,0.000000,0.000000,0.000000,0.000000,0.000000,0.000000,0.000000,0.000000,0.000000,0.000000,0.000000,0.000000,0.000000,0.000000,0.000000,0.000000,0.000000,0.000000,0.000000,0.000000,0.000000,0.000000,0.000000,0.000000,0.000000,0.000000,0.000000,0.000000,0.000000,0.540104,0.854829,0.000000,0.508513,0.827542,-0.012973,0.484936,0.782956,-0.030569,0.479542,0.744367,-0.050141,0.502412,0.735837,-0.069822,0.532499,0.688187,-0.018300,0.527608,0.624330,-0.041417,0.521808,0.577897,-0.055644,0.520953,0.539324,-0.066806,0.560529,0.696620,-0.026511,0.508540,0.683207,-0.053529,0.501255,0.736407,-0.050243,0.516666,0.748553,-0.042214,0.580031,0.721442,-0.038050,0.528004,0.718096,-0.062687,0.519536,0.759671,-0.045635,0.535187,0.768590,-0.028535,0.591878,0.756504,-0.052004,0.550442,0.746025,-0.068923,0.538414,0.775695,-0.058811,0.549183,0.789376,-0.047249
-0.058873,-2.074665,-1.665340,-0.008522,-2.204434,-1.568013,0.030999,-2.204957,-1.568804,0.068084,-2.204447,-1.568172,-0.096199,-2.198349,-1.503282,-0.123607,-2.194504,-1.501799,-0.150789,-2.189827,-1.502621,0.138524,-2.157744,-0.858189,-0.148032,-2.136037,-0.533989,0.022052,-1.954047,-1.405029,-0.092990,-1.950367,-1.315766,0.429021,-1.502798,-0.610277,-0.310696,-1.472206,0.061945,0.570696,-0.581189,-1.787498,-0.475200,-0.767509,-0.293384,0.178768,-1.059708,-3.221626,-0.506636,-0.172798,-2.007930,0.081384,-1.224021,-3.564999,-0.542898,0.045958,-2.279409,0.095343,-1.348887,-3.366437,-0.484598,-0.042307,-2.421531,0.108023,-1.315818,-3.178782,-0.454723,-0.122242,-2.125984,0.286602,0.018044,-0.288193,-0.286602,-0.018044,0.288193,0.222189,1.246019,-0.344933,-0.306762,1.180187,0.111704,0.212070,2.325523,0.655579,-0.304430,2.282580,0.754252,0.238982,2.486394,0.686275,-0.314493,2.452661,0.788341,0.082441,2.667660,-0.550665,-0.219265,2.638603,-0.448290,0.466388,0.473067,0.004004,0.467459,0.470055,-0.001411,0.470666,0.466405,-0.007885,0.475080,0.461473,-0.013938,0.482405,0.457141,-0.019429,0.490341,0.457311,-0.021994,0.498936,0.454772,-0.022650,0.508984,0.456914,-0.020508,0.516234,0.460148,-0.016934,0.522102,0.462480,-0.012489,0.524994,0.465077,-0.008103,0.521415,0.468207,-0.011802,0.516204,0.471321,-0.016550,0.509127,0.475486,-0.019796,0.501086,0.478696,-0.021634,0.492732,0.480063,-0.020712,0.485054,0.480618,-0.018558,0.478195,0.479320,-0.013666,0.472805,0.476916,-0.008558,0.469165,0.475214,-0.001689,0.444472,0.381953,0.025341,0.445796,0.380078,0.022019,0.447584,0.377938,0.019351,0.450791,0.375121,0.016659,0.456132,0.372980,0.013985,0.461650,0.372755,0.012611,0.467261,0.373913,0.012673,0.471258,0.376656,0.013482,0.510789,0.373030,0.004996,0.512742,0.373859,0.004521,0.516266,0.374365,0.002503,0.521813,0.375169,0.000612,0.527732,0.374964,-0.000236,0.533800,0.373299,0.000478,0.537879,0.371402,0.002014,0.540789,0.369622,0.003534,0.487449,0.363460,-0.007705,0.486842,0.374205,-0.013413,0.486201,0.383687,-0.019800,0.485556,0.392462,-0.026800,0.000000,0.000000,0.000000,0.000000,0.000000,0.000000,0.000000,0.000000,0.000000,0.000000,0.000000,0.000000,0.000000,0.000000,0.000000,0.000000,0.000000,0.000000,0.000000,0.000000,0.000000,0.000000,0.000000,0.000000,0.000000,0.000000,0.000000,0.000000,0.000000,0.000000,0.000000,0.000000,0.000000,0.000000,0.000000,0.000000,0.000000,0.000000,0.000000,0.000000,0.000000,0.000000,0.000000,0.000000,0.000000,0.000000,0.000000,0.000000,0.000000,0.000000,0.000000,0.000000,0.000000,0.000000,0.000000,0.000000,0.000000,0.000000,0.000000,0.000000,0.000000,0.000000,0.000000,0.542998,0.858861,0.000000,0.510341,0.829321,-0.013765,0.486104,0.783354,-0.030802,0.481727,0.742951,-0.049630,0.505937,0.734527,-0.068268,0.533584,0.688785,-0.017473,0.529353,0.623881,-0.040621,0.523404,0.577412,-0.054397,0.522696,0.537985,-0.065204,0.561575,0.697180,-0.025666,0.509163,0.682004,-0.053429,0.503746,0.736287,-0.050093,0.520322,0.747672,-0.041731,0.581087,0.721647,-0.037377,0.529195,0.717934,-0.063748,0.521851,0.760078,-0.046294,0.537240,0.768186,-0.028253,0.592649,0.756176,-0.051567,0.551206,0.744344,-0.069657,0.539772,0.775074,-0.059215,0.550093,0.788730,-0.047146
-0.061223,-2.121693,-1.859922,-0.009418,-2.240618,-1.778496,0.030196,-2.239713,-1.778675,0.069669,-2.238593,-1.778506,-0.093146,-2.236904,-1.713026,-0.120934,-2.233215,-1.711843,-0.143236,-2.228169,-1.712591,0.146684,-2.188370,-1.244431,-0.136402,-2.168663,-0.870138,0.017014,-2.002374,-1.625680,-0.090862,-2.003433,-1.529656,0.450108,-1.483605,-1.082889,-0.324937,-1.497270,-0.451613,0.449049,-0.702612,-1.412936,-0.456157,-0.818491,-0.574772,-0.144836,-0.339356,-1.827196,-0.473801,-0.284585,-1.077718,-0.308262,-0.225612,-2.046138,-0.531312,-0.096243,-1.264051,-0.365913,-0.337174,-1.954826,-0.464291,-0.099088,-1.415535,-0.314712,-0.381238,-1.802087,-0.432477,-0.177938,-1.174399,0.254162,0.029465,-0.270472,-0.254162,-0.029465,0.270472,0.147737,1.238822,-0.530784,-0.317492,1.187878,0.256833,0.123242,2.336553,0.309104,-0.326759,2.279185,0.634679,0.159510,2.509068,0.333704,-0.322334,2.452555,0.640697,-0.049297,2.653697,-0.784716,-0.353167,2.625499,-0.449694,0.463298,0.474574,0.005281,0.464154,0.471423,-0.000279,0.467125,0.467732,-0.006934,0.471330,0.462752,-0.013190,0.478546,0.458376,-0.018898,0.486490,0.458456,-0.021637,0.495098,0.455773,-0.022461,0.505286,0.457759,-0.020479,0.512663,0.460899,-0.016939,0.518603,0.463194,-0.012536,0.521605,0.465884,-0.008098,0.518122,0.469361,-0.011551,0.513031,0.472919,-0.016039,0.506057,0.477565,-0.019159,0.498047,0.481121,-0.020868,0.489631,0.482720,-0.019762,0.481901,0.483258,-0.017426,0.475068,0.481803,-0.012347,0.469731,0.479040,-0.007177,0.466124,0.477013,-0.000328,0.440237,0.382936,0.025807,0.441581,0.381216,0.022393,0.443402,0.379197,0.019701,0.446604,0.376485,0.016929,0.451891,0.374390,0.014110,0.457357,0.374077,0.012628,0.462882,0.375003,0.012643,0.466804,0.377495,0.013413,0.506306,0.373450,0.003964,0.508218,0.374170,0.003444,0.511680,0.374590,0.001399,0.517181,0.375288,-0.000550,0.523037,0.374998,-0.001513,0.529092,0.373271,-0.000910,0.533206,0.371350,0.000526,0.536167,0.369573,0.001989,0.482632,0.364615,-0.008409,0.482069,0.375444,-0.013981,0.481476,0.385034,-0.020208,0.480869,0.393866,-0.027075,0.000000,0.000000,0.000000,0.000000,0.000000,0.000000,0.000000,0.000000,0.000000,0.000000,0.000000,0.000000,0.000000,0.000000,0.000000,0.000000,0.000000,0.000000,0.000000,0.000000,0.000000,0.000000,0.000000,0.000000,0.000000,0.000000,0.000000,0.000000,0.000000,0.000000,0.000000,0.000000,0.000000,0.000000,0.000000,0.000000,0.000000,0.000000,0.000000,0.000000,0.000000,0.000000,0.000000,0.000000,0.000000,0.000000,0.000000,0.000000,0.000000,0.000000,0.000000,0.000000,0.000000,0.000000,0.000000,0.000000,0.000000,0.000000,0.000000,0.000000,0.000000,0.000000,0.000000,0.000000,0.000000,0.000000,0.000000,0.000000,0.000000,0.000000,0.000000,0.000000,0.000000,0.000000,0.000000,0.000000,0.000000,0.000000,0.000000,0.000000,0.000000,0.000000,0.000000,0.000000,0.000000,0.000000,0.000000,0.000000,0.000000,0.000000,0.000000,0.000000,0.000000,0.000000,0.000000,0.000000,0.000000,0.000000,0.000000,0.000000,0.000000,0.000000,0.000000,0.000000,0.000000,0.000000,0.000000,0.000000,0.000000,0.000000,0.000000,0.000000,0.000000,0.000000,0.000000,0.000000,0.000000,0.000000,0.000000,0.000000,0.000000,0.000000,0.000000,0.000000,0.000000,0.000000
-0.057676,-2.077447,-1.406442,-0.008945,-2.191751,-1.369022,0.027956,-2.190922,-1.369130,0.067749,-2.189958,-1.369273,-0.086070,-2.188025,-1.289496,-0.111117,-2.184534,-1.288370,-0.130163,-2.179766,-1.289153,0.151279,-2.140916,-0.951482,-0.120027,-2.123973,-0.542272,0.013851,-1.963100,-1.244305,-0.083321,-1.964601,-1.128312,0.447317,-1.451253,-0.914657,-0.297599,-1.475744,-0.247981,0.440060,-0.716141,-1.184130,-0.440916,-0.839786,-0.087805,-0.100986,-0.172913,-1.475208,-0.533632,-0.209402,-0.716957,-0.230986,-0.010397,-1.675800,-0.604041,-0.023365,-0.886638,-0.298630,-0.095710,-1.624600,-0.539850,-0.036002,-1.036468,-0.256390,-0.160054,-1.465129,-0.499834,-0.107263,-0.813037,0.241237,0.031806,-0.271613,-0.241237,-0.031806,0.271613,0.137909,1.208292,-0.529336,-0.312371,1.147090,0.263041,0.120108,2.276951,0.269759,-0.314013,2.205403,0.574066,0.154896,2.445520,0.292463,-0.310146,2.372760,0.579602,-0.045445,2.581193,-0.755145,-0.337179,2.538972,-0.370493,0.462278,0.476115,0.005027,0.463042,0.473011,-0.000475,0.465814,0.469215,-0.007070,0.469788,0.464121,-0.013266,0.476695,0.459610,-0.019009,0.484407,0.459630,-0.021879,0.492881,0.456934,-0.022773,0.503009,0.459011,-0.020978,0.510386,0.462220,-0.017649,0.516341,0.464582,-0.013449,0.519392,0.467231,-0.009129,0.515926,0.470474,-0.012533,0.510829,0.473760,-0.016868,0.503862,0.478161,-0.019789,0.495921,0.481581,-0.021221,0.487640,0.483128,-0.019971,0.480119,0.483758,-0.017595,0.473497,0.482471,-0.012593,0.468358,0.480006,-0.007490,0.464944,0.478296,-0.000676,0.438953,0.384558,0.026730,0.440241,0.382782,0.023320,0.442007,0.380724,0.020624,0.445160,0.377965,0.017826,0.450412,0.375820,0.014955,0.455872,0.375484,0.013400,0.461371,0.376429,0.013336,0.465277,0.378945,0.014039,0.504645,0.374370,0.003969,0.506556,0.375081,0.003429,0.510013,0.375470,0.001344,0.515499,0.376131,-0.000668,0.521364,0.375798,-0.001707,0.527454,0.374011,-0.001170,0.531600,0.371992,0.000214,0.534593,0.370100,0.001637,0.480659,0.365941,-0.007931,0.480018,0.376729,-0.013530,0.479335,0.386309,-0.019790,0.478651,0.395169,-0.026682,0.000000,0.000000,0.000000,0.000000,0.000000,0.000000,0.000000,0.000000,0.000000,0.000000,0.000000,0.000000,0.000000,0.000000,0.000000,0.000000,0.000000,0.000000,0.000000,0.000000,0.000000,0.000000,0.000000,0.000000,0.000000,0.000000,0.000000,0.000000,0.000000,0.000000,0.000000,0.000000,0.000000,0.000000,0.000000,0.000000,0.000000,0.000000,0.000000,0.000000,0.000000,0.000000,0.000000,0.000000,0.000000,0.000000,0.000000,0.000000,0.000000,0.000000,0.000000,0.000000,0.000000,0.000000,0.000000,0.000000,0.000000,0.000000,0.000000,0.000000,0.000000,0.000000,0.000000,0.000000,0.000000,0.000000,0.000000,0.000000,0.000000,0.000000,0.000000,0.000000,0.000000,0.000000,0.000000,0.000000,0.000000,0.000000,0.000000,0.000000,0.000000,0.000000,0.000000,0.000000,0.000000,0.000000,0.000000,0.000000,0.000000,0.000000,0.000000,0.000000,0.000000,0.000000,0.000000,0.000000,0.000000,0.000000,0.000000,0.000000,0.000000,0.000000,0.000000,0.000000,0.000000,0.000000,0.000000,0.000000,0.000000,0.000000,0.000000,0.000000,0.000000,0.000000,0.000000,0.000000,0.000000,0.000000,0.000000,0.000000,0.000000,0.000000,0.000000,0.000000,0.000000,0.000000
-0.059002,-2.150616,-1.448488,-0.007993,-2.264656,-1.404613,0.030216,-2.263582,-1.404731,0.070745,-2.262529,-1.404892,-0.088147,-2.261422,-1.326484,-0.113886,-2.257828,-1.325310,-0.133711,-2.253377,-1.326106,0.156114,-2.210169,-0.953268,-0.123245,-2.195313,-0.557295,0.015330,-2.029494,-1.278482,-0.085726,-2.032395,-1.164183,0.456491,-1.498818,-0.894179,-0.301539,-1.521537,-0.242355,0.449849,-0.736355,-1.195093,-0.458927,-0.876449,-0.088755,-0.081355,-0.151132,-1.505581,-0.544366,-0.225717,-0.747520,-0.208937,0.016333,-1.711990,-0.612416,-0.043714,-0.924943,-0.292471,-0.072517,-1.666415,-0.550600,-0.054561,-1.079546,-0.252184,-0.139352,-1.498495,-0.509972,-0.123037,-0.846882,0.248521,0.031792,-0.272284,-0.248521,-0.031792,0.272284,0.139317,1.247101,-0.540856,-0.321541,1.185528,0.250065,0.110338,2.352039,0.261060,-0.334737,2.279174,0.580069,0.143139,2.525185,0.285277,-0.331669,2.451360,0.585869,-0.056223,2.668397,-0.780338,-0.361983,2.624279,-0.437835,0.462965,0.476200,0.005002,0.463716,0.473028,-0.000254,0.466543,0.468979,-0.006746,0.470617,0.463570,-0.012877,0.477722,0.458557,-0.018606,0.485524,0.458456,-0.021414,0.494042,0.455521,-0.022274,0.504285,0.457678,-0.020445,0.511575,0.461014,-0.017072,0.517396,0.463506,-0.012885,0.520329,0.466199,-0.008709,0.516870,0.469295,-0.012084,0.511841,0.472397,-0.016441,0.504914,0.476587,-0.019359,0.496972,0.479994,-0.020686,0.488662,0.481558,-0.019472,0.481062,0.482461,-0.017143,0.474332,0.481487,-0.012353,0.469097,0.479448,-0.007348,0.465653,0.478099,-0.000583,0.441225,0.386923,0.025791,0.442730,0.385916,0.022389,0.444776,0.384560,0.019762,0.448081,0.382638,0.017108,0.453027,0.380895,0.014297,0.457969,0.380093,0.012750,0.463056,0.379513,0.012788,0.466489,0.380326,0.013573,0.505770,0.373751,0.003795,0.507511,0.374239,0.003317,0.510646,0.374685,0.001265,0.515811,0.375419,-0.000668,0.521448,0.375155,-0.001626,0.527515,0.373497,-0.001147,0.531685,0.371703,0.000104,0.534788,0.370078,0.001464,0.481826,0.365474,-0.007391,0.481252,0.376187,-0.012758,0.480627,0.385508,-0.018873,0.480000,0.394124,-0.025604,0.000000,0.000000,0.000000,0.000000,0.000000,0.000000,0.000000,0.000000,0.000000,0.000000,0.000000,0.000000,0.000000,0.000000,0.000000,0.000000,0.000000,0.000000,0.000000,0.000000,0.000000,0.000000,0.000000,0.000000,0.000000,0.000000,0.000000,0.000000,0.000000,0.000000,0.000000,0.000000,0.000000,0.000000,0.000000,0.000000,0.000000,0.000000,0.000000,0.000000,0.000000,0.000000,0.000000,0.000000,0.000000,0.000000,0.000000,0.000000,0.000000,0.000000,0.000000,0.000000,0.000000,0.000000,0.000000,0.000000,0.000000,0.000000,0.000000,0.000000,0.000000,0.000000,0.000000,0.000000,0.000000,0.000000,0.000000,0.000000,0.000000,0.000000,0.000000,0.000000,0.000000,0.000000,0.000000,0.000000,0.000000,0.000000,0.000000,0.000000,0.000000,0.000000,0.000000,0.000000,0.000000,0.000000,0.000000,0.000000,0.000000,0.000000,0.000000,0.000000,0.000000,0.000000,0.000000,0.000000,0.000000,0.000000,0.000000,0.000000,0.000000,0.000000,0.000000,0.000000,0.000000,0.000000,0.000000,0.000000,0.000000,0.000000,0.000000,0.000000,0.000000,0.000000,0.000000,0.000000,0.000000,0.000000,0.000000,0.000000,0.000000,0.000000,0.000000,0.000000,0.000000,0.000000
-0.068925,-1.666950,-1.310801,-0.029788,-1.753668,-1.251695,-0.000507,-1.752863,-1.252403,0.030405,-1.752181,-1.252013,-0.091426,-1.750912,-1.175352,-0.111034,-1.748008,-1.174400,-0.126447,-1.744646,-1.175002,0.095882,-1.710815,-0.791186,-0.118006,-1.697965,-0.383299,-0.010210,-1.571703,-1.137053,-0.088584,-1.573274,-1.033627,0.329808,-1.167218,-0.644750,-0.231368,-1.159691,0.181389,0.428960,-0.444820,-1.661920,-0.355692,-0.645591,-0.041641,0.084894,-0.714354,-2.794291,-0.331247,-0.309663,-1.398899,-0.012677,-0.816902,-3.072129,-0.358884,-0.162533,-1.598379,0.007297,-0.911920,-2.920797,-0.319727,-0.280094,-1.694071,0.026098,-0.897464,-2.757487,-0.296472,-0.334020,-1.484777,0.206759,0.010791,-0.298757,-0.206759,-0.010791,0.298757,0.157741,0.948876,-0.352957,-0.223930,0.916863,0.171835,0.158280,1.779169,0.482273,-0.219186,1.774465,0.694685,0.181892,1.903221,0.507741,-0.224572,1.910958,0.719035,0.056400,2.036673,-0.508965,-0.184666,2.027872,-0.223739,0.461550,0.477465,0.003711,0.462232,0.474194,-0.001581,0.464891,0.470050,-0.008035,0.468731,0.464610,-0.014113,0.475623,0.459647,-0.019819,0.483332,0.459421,-0.022745,0.491815,0.456588,-0.023647,0.502027,0.458696,-0.021964,0.509316,0.462040,-0.018757,0.515178,0.464594,-0.014736,0.518160,0.467355,-0.010585,0.514771,0.470498,-0.014082,0.509766,0.473632,-0.018441,0.502837,0.477944,-0.021311,0.494950,0.481414,-0.022686,0.486676,0.483043,-0.021401,0.479192,0.483952,-0.019024,0.472584,0.482950,-0.014056,0.467467,0.480841,-0.008949,0.464134,0.479423,-0.002100,0.438665,0.386765,0.027915,0.439976,0.385207,0.024533,0.441786,0.383334,0.021891,0.444921,0.380773,0.019170,0.450014,0.378641,0.016323,0.455284,0.378062,0.014759,0.460615,0.378486,0.014677,0.464351,0.380426,0.015331,0.503593,0.374402,0.005066,0.505468,0.375026,0.004524,0.508839,0.375320,0.002385,0.514181,0.375825,0.000347,0.519929,0.375358,-0.000728,0.525966,0.373537,-0.000233,0.530106,0.371559,0.001107,0.533142,0.369708,0.002513,0.479391,0.366773,-0.006390,0.478785,0.377582,-0.012249,0.478132,0.387107,-0.018730,0.477472,0.395938,-0.025855,0.000000,0.000000,0.000000,0.000000,0.000000,0.000000,0.000000,0.000000,0.000000,0.000000,0.000000,0.000000,0.000000,0.000000,0.000000,0.000000,0.000000,0.000000,0.000000,0.000000,0.000000,0.000000,0.000000,0.000000,0.000000,0.000000,0.000000,0.000000,0.000000,0.000000,0.000000,0.000000,0.000000,0.000000,0.000000,0.000000,0.000000,0.000000,0.000000,0.000000,0.000000,0.000000,0.000000,0.000000,0.000000,0.000000,0.000000,0.000000,0.000000,0.000000,0.000000,0.000000,0.000000,0.000000,0.000000,0.000000,0.000000,0.000000,0.000000,0.000000,0.000000,0.000000,0.000000,0.571184,0.960403,-0.000000,0.531190,0.935265,-0.004473,0.499955,0.895951,-0.013432,0.480691,0.868160,-0.024789,0.477463,0.852953,-0.036901,0.535926,0.811064,-0.012139,0.525105,0.746464,-0.028940,0.515157,0.702750,-0.041171,0.508218,0.667931,-0.050460,0.557692,0.819740,-0.020674,0.516172,0.801580,-0.043418,0.497136,0.842301,-0.046531,0.499014,0.868926,-0.044346,0.571465,0.842945,-0.030417,0.527289,0.833776,-0.051729,0.510862,0.868730,-0.043644,0.514369,0.891632,-0.033096,0.578218,0.874588,-0.040802,0.539759,0.863168,-0.054955,0.523717,0.887520,-0.047450,0.524841,0.907969,-0.037977
-0.094217,-1.969651,-1.415769,-0.047251,-2.091972,-1.340145,-0.013182,-2.093225,-1.340800,0.024065,-2.092368,-1.340022,-0.121985,-2.085500,-1.260565,-0.146418,-2.082410,-1.258868,-0.165917,-2.077891,-1.259567,0.107054,-2.037794,-0.759032,-0.156270,-2.024245,-0.358596,-0.022003,-1.854922,-1.200155,-0.117878,-1.853720,-1.091200,0.400573,-1.421574,-0.549189,-0.305819,-1.387341,0.157797,0.519685,-0.465266,-1.599097,-0.455885,-0.723958,-0.192266,0.179198,-1.011002,-2.832341,-0.446892,-0.137236,-1.709615,0.097556,-1.187294,-3.122597,-0.479366,0.076461,-1.941613,0.108097,-1.298723,-2.905446,-0.421556,-0.008583,-2.050045,0.111967,-1.268004,-2.795592,-0.394495,-0.084671,-1.808826,0.269559,0.013254,-0.297401,-0.269559,-0.013254,0.297401,0.204706,1.204840,-0.365886,-0.288364,1.161774,0.161411,0.200226,2.235533,0.551711,-0.267897,2.214491,0.690687,0.228185,2.384775,0.576102,-0.274230,2.368571,0.716968,0.080840,2.561322,-0.582549,-0.201595,2.553676,-0.451843,0.463164,0.478603,0.004254,0.463895,0.475412,-0.001144,0.466505,0.471408,-0.007526,0.470256,0.466105,-0.013506,0.476897,0.461287,-0.019082,0.484387,0.461070,-0.021886,0.492585,0.458285,-0.022699,0.502413,0.460301,-0.020895,0.509513,0.463546,-0.017656,0.515260,0.465945,-0.013577,0.518220,0.468595,-0.009313,0.514942,0.471677,-0.012703,0.510108,0.474837,-0.016880,0.503386,0.479208,-0.019568,0.495704,0.482740,-0.020756,0.487664,0.484362,-0.019507,0.480300,0.485200,-0.017320,0.473817,0.484111,-0.012721,0.468839,0.481903,-0.007913,0.465634,0.480480,-0.001388,0.438958,0.387472,0.026352,0.440217,0.385772,0.022965,0.441945,0.383805,0.020310,0.445025,0.381113,0.017557,0.450159,0.378937,0.014739,0.455537,0.378450,0.013210,0.460959,0.379160,0.013176,0.464801,0.381446,0.013888,0.503688,0.375819,0.004148,0.505585,0.376503,0.003635,0.509022,0.376859,0.001559,0.514436,0.377421,-0.000395,0.520227,0.376973,-0.001387,0.526226,0.375085,-0.000843,0.530310,0.373006,0.000540,0.533267,0.371082,0.001964,0.479871,0.368084,-0.007634,0.479339,0.378905,-0.013199,0.478760,0.388440,-0.019431,0.478170,0.397271,-0.026274,0.000000,0.000000,0.000000,0.000000,0.000000,0.000000,0.000000,0.000000,0.000000,0.000000,0.000000,0.000000,0.000000,0.000000,0.000000,0.000000,0.000000,0.000000,0.000000,0.000000,0.000000,0.000000,0.000000,0.000000,0.000000,0.000000,0.000000,0.000000,0.000000,0.000000,0.000000,0.000000,0.000000,0.000000,0.000000,0.000000,0.000000,0.000000,0.000000,0.000000,0.000000,0.000000,0.000000,0.000000,0.000000,0.000000,0.000000,0.000000,0.000000,0.000000,0.000000,0.000000,0.000000,0.000000,0.000000,0.000000,0.000000,0.000000,0.000000,0.000000,0.000000,0.000000,0.000000,0.554300,0.842583,0.000000,0.522860,0.813287,-0.014031,0.502302,0.765513,-0.030969,0.500434,0.727062,-0.049246,0.523112,0.729608,-0.067828,0.553514,0.678188,-0.018908,0.550535,0.615473,-0.042189,0.546227,0.567937,-0.057392,0.546481,0.529014,-0.069823,0.582461,0.688379,-0.025819,0.534874,0.668166,-0.050659,0.523286,0.721161,-0.046882,0.537957,0.733873,-0.039714,0.601692,0.714466,-0.036211,0.553422,0.698733,-0.059029,0.540450,0.740956,-0.041266,0.554623,0.752617,-0.024825,0.611478,0.751140,-0.049168,0.569229,0.737584,-0.065712,0.555167,0.765722,-0.055860,0.565616,0.778596,-0.045082
-0.113461,-2.080646,-1.578123,-0.063044,-2.211086,-1.498999,-0.026522,-2.212556,-1.499512,0.012459,-2.211184,-1.498544,-0.141635,-2.202899,-1.416794,-0.167343,-2.198797,-1.415355,-0.188550,-2.193118,-1.416106,0.098096,-2.149184,-0.884827,-0.178658,-2.135356,-0.481978,-0.035840,-1.956639,-1.349615,-0.138112,-1.954617,-1.238145,0.426249,-1.505083,-0.614827,-0.344057,-1.448006,0.020282,0.552673,-0.410340,-1.690303,-0.510233,-0.754026,-0.326504,0.178018,-1.084772,-2.921983,-0.487352,-0.144224,-1.886205,0.098713,-1.276373,-3.217716,-0.515184,0.075053,-2.125708,0.108062,-1.391658,-2.998567,-0.448201,-0.011734,-2.227658,0.110800,-1.358474,-2.868318,-0.424014,-0.091308,-1.982769,0.286839,0.013099,-0.285333,-0.286839,-0.013099,0.285333,0.215492,1.262740,-0.291535,-0.309945,1.222065,0.159851,0.222758,2.349385,0.766415,-0.283488,2.336412,0.838207,0.252850,2.512979,0.808315,-0.287750,2.507359,0.878597,0.096697,2.695424,-0.380985,-0.202080,2.691825,-0.337007,0.464137,0.478814,0.004508,0.464846,0.475589,-0.000960,0.467414,0.471621,-0.007412,0.471129,0.466335,-0.013473,0.477752,0.461559,-0.019144,0.485232,0.461436,-0.022027,0.493453,0.458678,-0.022884,0.503330,0.460769,-0.021112,0.510498,0.464080,-0.017887,0.516312,0.466525,-0.013807,0.519346,0.469229,-0.009530,0.516074,0.472331,-0.012901,0.511205,0.475556,-0.017059,0.504446,0.479987,-0.019741,0.496709,0.483540,-0.020925,0.488562,0.485168,-0.019636,0.481132,0.485909,-0.017367,0.474650,0.484688,-0.012647,0.469719,0.482331,-0.007773,0.466562,0.480779,-0.001181,0.440162,0.386958,0.026754,0.441399,0.385258,0.023350,0.443115,0.383279,0.020677,0.446205,0.380581,0.017891,0.451369,0.378435,0.015040,0.456769,0.378001,0.013465,0.462175,0.378794,0.013410,0.466000,0.381136,0.014099,0.505080,0.375776,0.004002,0.506982,0.376471,0.003483,0.510419,0.376846,0.001380,0.515826,0.377455,-0.000610,0.521620,0.377056,-0.001635,0.527642,0.375239,-0.001126,0.531770,0.373192,0.000231,0.534758,0.371266,0.001643,0.481106,0.368059,-0.007695,0.480478,0.378866,-0.013276,0.479811,0.388369,-0.019532,0.479133,0.397188,-0.026405,0.000000,0.000000,0.000000,0.000000,0.000000,0.000000,0.000000,0.000000,0.000000,0.000000,0.000000,0.000000,0.000000,0.000000,0.000000,0.000000,0.000000,0.000000,0.000000,0.000000,0.000000,0.000000,0.000000,0.000000,0.000000,0.000000,0.000000,0.000000,0.000000,0.000000,0.000000,0.000000,0.000000,0.000000,0.000000,0.000000,0.000000,0.000000,0.000000,0.000000,0.000000,0.000000,0.000000,0.000000,0.000000,0.000000,0.000000,0.000000,0.000000,0.000000,0.000000,0.000000,0.000000,0.000000,0.000000,0.000000,0.000000,0.000000,0.000000,0.000000,0.000000,0.000000,0.000000,0.554871,0.834610,0.000000,0.524093,0.806011,-0.012869,0.503744,0.756124,-0.028188,0.504457,0.719508,-0.044621,0.526856,0.725344,-0.061538,0.557697,0.672519,-0.020030,0.555944,0.607889,-0.043522,0.552230,0.559126,-0.060022,0.551600,0.519392,-0.073881,0.587044,0.683719,-0.027158,0.539409,0.661457,-0.052234,0.526282,0.715510,-0.048846,0.540408,0.730156,-0.042277,0.605783,0.710941,-0.037512,0.557660,0.694202,-0.060412,0.543686,0.736539,-0.042177,0.558332,0.749310,-0.025518,0.614776,0.748381,-0.050306,0.572781,0.732883,-0.067965,0.557658,0.760709,-0.058064,0.568120,0.773776,-0.047153
-0.126945,-2.238115,-1.609361,-0.071862,-2.380264,-1.529885,-0.032080,-2.382025,-1.530200,0.010100,-2.380620,-1.529308,-0.156555,-2.371257,-1.447812,-0.183963,-2.367257,-1.446192,-0.206986,-2.361701,-1.446968,0.101703,-2.314298,-0.885108,-0.196139,-2.300763,-0.490046,-0.043456,-2.104330,-1.369410,-0.153002,-2.101755,-1.257336,0.454774,-1.618781,-0.570284,-0.380260,-1.559340,-0.023310,0.603056,-0.447283,-1.594667,-0.562339,-0.810067,-0.382608,0.193479,-1.162217,-2.891542,-0.531187,-0.227617,-1.952035,0.108053,-1.360793,-3.199725,-0.551421,-0.015613,-2.198809,0.117844,-1.489490,-2.979536,-0.484220,-0.109827,-2.286112,0.120426,-1.454270,-2.837176,-0.461376,-0.185494,-2.039746,0.305809,0.012340,-0.264654,-0.305809,-0.012340,0.264654,0.236999,1.350577,-0.177038,-0.333765,1.315520,0.273171,0.250188,2.518531,0.967602,-0.302250,2.503398,0.999763,0.284731,2.692594,1.016445,-0.307073,2.681412,1.048342,0.116382,2.893941,-0.204125,-0.215734,2.890427,-0.229506,0.464573,0.478063,0.004687,0.465330,0.474879,-0.000763,0.468013,0.471012,-0.007209,0.471857,0.465834,-0.013246,0.478676,0.461176,-0.018866,0.486309,0.461092,-0.021678,0.494617,0.458349,-0.022512,0.504527,0.460397,-0.020703,0.511639,0.463621,-0.017408,0.517373,0.466010,-0.013250,0.520310,0.468688,-0.008932,0.516985,0.471887,-0.012318,0.512112,0.475197,-0.016524,0.505397,0.479699,-0.019311,0.497676,0.483265,-0.020611,0.489537,0.484908,-0.019392,0.482085,0.485609,-0.017157,0.475497,0.484347,-0.012411,0.470446,0.481877,-0.007517,0.467134,0.480162,-0.000928,0.440607,0.386932,0.026213,0.441860,0.385202,0.022822,0.443589,0.383175,0.020141,0.446698,0.380420,0.017363,0.451883,0.378218,0.014528,0.457298,0.377759,0.012996,0.462757,0.378559,0.012953,0.466634,0.380958,0.013677,0.505732,0.375540,0.003891,0.507639,0.376236,0.003378,0.511072,0.376586,0.001311,0.516517,0.377174,-0.000660,0.522326,0.376759,-0.001657,0.528340,0.374879,-0.001119,0.532439,0.372786,0.000273,0.535400,0.370831,0.001699,0.481909,0.367650,-0.007961,0.481402,0.378509,-0.013477,0.480842,0.388108,-0.019679,0.480278,0.397005,-0.026489,0.000000,0.000000,0.000000,0.000000,0.000000,0.000000,0.000000,0.000000,0.000000,0.000000,0.000000,0.000000,0.000000,0.000000,0.000000,0.000000,0.000000,0.000000,0.000000,0.000000,0.000000,0.000000,0.000000,0.000000,0.000000,0.000000,0.000000,0.000000,0.000000,0.000000,0.000000,0.000000,0.000000,0.000000,0.000000,0.000000,0.000000,0.000000,0.000000,0.000000,0.000000,0.000000,0.000000,0.000000,0.000000,0.000000,0.000000,0.000000,0.000000,0.000000,0.000000,0.000000,0.000000,0.000000,0.000000,0.000000,0.000000,0.000000,0.000000,0.000000,0.000000,0.000000,0.000000,0.556050,0.842824,0.000000,0.524095,0.809984,-0.013819,0.503969,0.759989,-0.030867,0.504461,0.722516,-0.049325,0.526609,0.728695,-0.068394,0.557714,0.675440,-0.020731,0.556152,0.610607,-0.043492,0.552150,0.561879,-0.058162,0.552292,0.523375,-0.070457,0.586547,0.687897,-0.028255,0.540597,0.664170,-0.052571,0.527079,0.718587,-0.048510,0.541301,0.733014,-0.041393,0.605192,0.716129,-0.039024,0.558861,0.697174,-0.061507,0.544573,0.740302,-0.043240,0.558355,0.753769,-0.026752,0.614048,0.754743,-0.052264,0.572536,0.737561,-0.068608,0.558683,0.765079,-0.057962,0.569731,0.777940,-0.046842
-0.080672,-2.141746,-1.310609,-0.030315,-2.262266,-1.297009,0.005301,-2.264177,-1.296976,0.045447,-2.263805,-1.297189,-0.107798,-2.254393,-1.200362,-0.129230,-2.250498,-1.199169,-0.147582,-2.245462,-1.199918,0.138812,-2.205750,-1.019598,-0.131358,-2.187221,-0.494995,-0.009339,-2.026017,-1.179731,-0.104363,-2.025834,-1.039064,0.445911,-1.500078,-0.900105,-0.298389,-1.506897,-0.232297,0.445807,-0.736194,-1.151399,-0.465066,-0.860096,-0.055344,0.016187,-0.106952,-1.399082,-0.568091,-0.186206,-0.634252,-0.087238,0.070742,-1.585842,-0.643315,-0.008952,-0.791994,-0.172592,-0.002062,-1.552874,-0.583071,-0.009034,-0.944231,-0.143797,-0.075076,-1.397085,-0.540504,-0.079379,-0.732291,0.255984,0.025474,-0.281783,-0.255984,-0.025474,0.281783,0.153244,1.243459,-0.487985,-0.302766,1.183297,0.295393,0.143292,2.351759,0.383570,-0.304551,2.279431,0.641287,0.177937,2.523969,0.414436,-0.305689,2.451984,0.640824,-0.017934,2.662962,-0.642461,-0.316580,2.619020,-0.298284,0.458519,0.481713,0.004728,0.459263,0.478683,-0.000687,0.462021,0.474901,-0.007230,0.465942,0.469810,-0.013381,0.472794,0.465186,-0.019128,0.480502,0.465018,-0.022018,0.488920,0.462155,-0.022950,0.499052,0.463965,-0.021204,0.506448,0.466935,-0.017941,0.512442,0.469091,-0.013814,0.515537,0.471597,-0.009579,0.512089,0.474841,-0.013043,0.506999,0.478123,-0.017475,0.500037,0.482545,-0.020422,0.492170,0.486044,-0.021861,0.483972,0.487702,-0.020615,0.476523,0.488559,-0.018222,0.469898,0.487519,-0.013159,0.464695,0.485301,-0.007990,0.461227,0.483766,-0.001073,0.434386,0.389743,0.027249,0.435602,0.387918,0.023867,0.437290,0.385770,0.021192,0.440361,0.382888,0.018416,0.445567,0.380594,0.015552,0.451050,0.380157,0.013996,0.456562,0.381111,0.013875,0.460533,0.383685,0.014543,0.499564,0.378045,0.004267,0.501490,0.378730,0.003742,0.504961,0.379015,0.001621,0.510452,0.379468,-0.000422,0.516293,0.378914,-0.001501,0.522314,0.376918,-0.001002,0.526415,0.374728,0.000367,0.529373,0.372680,0.001772,0.475525,0.370414,-0.007397,0.475053,0.381564,-0.013097,0.474516,0.391374,-0.019438,0.473964,0.400450,-0.026403,0.000000,0.000000,0.000000,0.000000,0.000000,0.000000,0.000000,0.000000,0.000000,0.000000,0.000000,0.000000,0.000000,0.000000,0.000000,0.000000,0.000000,0.000000,0.000000,0.000000,0.000000,0.000000,0.000000,0.000000,0.000000,0.000000,0.000000,0.000000,0.000000,0.000000,0.000000,0.000000,0.000000,0.000000,0.000000,0.000000,0.000000,0.000000,0.000000,0.000000,0.000000,0.000000,0.000000,0.000000,0.000000,0.000000,0.000000,0.000000,0.000000,0.000000,0.000000,0.000000,0.000000,0.000000,0.000000,0.000000,0.000000,0.000000,0.000000,0.000000,0.000000,0.000000,0.000000,0.000000,0.000000,0.000000,0.000000,0.000000,0.000000,0.000000,0.000000,0.000000,0.000000,0.000000,0.000000,0.000000,0.000000,0.000000,0.000000,0.000000,0.000000,0.000000,0.000000,0.000000,0.000000,0.000000,0.000000,0.000000,0.000000,0.000000,0.000000,0.000000,0.000000,0.000000,0.000000,0.000000,0.000000,0.000000,0.000000,0.000000,0.000000,0.000000,0.000000,0.000000,0.000000,0.000000,0.000000,0.000000,0.000000,0.000000,0.000000,0.000000,0.000000,0.000000,0.000000,0.000000,0.000000,0.000000,0.000000,0.000000,0.000000,0.000000,0.000000,0.000000,0.000000,0.000000
-0.074370,-2.002200,-1.345225,-0.029033,-2.116991,-1.302931,0.003189,-2.119580,-1.303117,0.040226,-2.120360,-1.303422,-0.100715,-2.107091,-1.222637,-0.119814,-2.102047,-1.221275,-0.136833,-2.095875,-1.221868,0.130039,-2.072070,-0.878603,-0.122035,-2.046942,-0.467515,-0.007882,-1.895557,-1.177524,-0.095056,-1.893059,-1.061446,0.425076,-1.409524,-0.865557,-0.275320,-1.421639,-0.151908,0.396207,-0.688193,-1.127142,-0.434414,-0.840210,-0.008054,-0.054736,-0.110454,-1.400714,-0.538347,-0.199474,-0.668538,-0.162909,0.058399,-1.595357,-0.609524,-0.036343,-0.839144,-0.241597,-0.016333,-1.564453,-0.553378,-0.045227,-0.987906,-0.209213,-0.084841,-1.400118,-0.513451,-0.109563,-0.766607,0.232497,0.027341,-0.276340,-0.232497,-0.027341,0.276340,0.132969,1.169634,-0.548077,-0.288674,1.114970,0.268327,0.111809,2.211663,0.182852,-0.301899,2.149490,0.529038,0.145153,2.376803,0.202207,-0.298572,2.314778,0.529945,-0.052568,2.505976,-0.813972,-0.337418,2.469531,-0.449088,0.458827,0.486423,0.006613,0.459526,0.483439,0.000951,0.462170,0.479807,-0.005751,0.465988,0.474798,-0.012044,0.472701,0.470269,-0.017910,0.480355,0.470114,-0.020791,0.488660,0.467144,-0.021749,0.498700,0.468753,-0.019889,0.506112,0.471561,-0.016500,0.512099,0.473532,-0.012240,0.515210,0.475925,-0.007776,0.511837,0.479197,-0.011043,0.506858,0.482635,-0.015195,0.500055,0.487311,-0.017970,0.492264,0.491052,-0.019169,0.484108,0.492832,-0.017830,0.476642,0.493644,-0.015511,0.470030,0.492468,-0.010673,0.464899,0.490045,-0.005694,0.461505,0.488442,0.001004,0.433342,0.395023,0.025557,0.434636,0.393484,0.022052,0.436410,0.391639,0.019316,0.439545,0.389088,0.016452,0.444706,0.386950,0.013491,0.450071,0.386340,0.011894,0.455461,0.386706,0.011877,0.459274,0.388665,0.012662,0.498579,0.382577,0.002448,0.500470,0.383165,0.001929,0.503877,0.383503,-0.000133,0.509333,0.384057,-0.002116,0.515148,0.383589,-0.003140,0.521199,0.381608,-0.002648,0.525327,0.379444,-0.001334,0.528316,0.377490,0.000057,0.474339,0.375327,-0.009563,0.473934,0.386261,-0.014807,0.473469,0.396014,-0.020759,0.472996,0.405047,-0.027326,0.000000,0.000000,0.000000,0.000000,0.000000,0.000000,0.000000,0.000000,0.000000,0.000000,0.000000,0.000000,0.000000,0.000000,0.000000,0.000000,0.000000,0.000000,0.000000,0.000000,0.000000,0.000000,0.000000,0.000000,0.000000,0.000000,0.000000,0.000000,0.000000,0.000000,0.000000,0.000000,0.000000,0.000000,0.000000,0.000000,0.000000,0.000000,0.000000,0.000000,0.000000,0.000000,0.000000,0.000000,0.000000,0.000000,0.000000,0.000000,0.000000,0.000000,0.000000,0.000000,0.000000,0.000000,0.000000,0.000000,0.000000,0.000000,0.000000,0.000000,0.000000,0.000000,0.000000,0.000000,0.000000,0.000000,0.000000,0.000000,0.000000,0.000000,0.000000,0.000000,0.000000,0.000000,0.000000,0.000000,0.000000,0.000000,0.000000,0.000000,0.000000,0.000000,0.000000,0.000000,0.000000,0.000000,0.000000,0.000000,0.000000,0.000000,0.000000,0.000000,0.000000,0.000000,0.000000,0.000000,0.000000,0.000000,0.000000,0.000000,0.000000,0.000000,0.000000,0.000000,0.000000,0.000000,0.000000,0.000000,0.000000,0.000000,0.000000,0.000000,0.000000,0.000000,0.000000,0.000000,0.000000,0.000000,0.000000,0.000000,0.000000,0.000000,0.000000,0.000000,0.000000,0.000000
-0.057571,-1.627842,-0.865557,-0.018161,-1.719153,-0.852361,0.007686,-1.721143,-0.852667,0.037452,-1.721819,-0.853280,-0.076160,-1.712264,-0.764588,-0.090592,-1.708885,-0.763468,-0.105846,-1.704599,-0.763904,0.112648,-1.682394,-0.588832,-0.092456,-1.664517,-0.152612,-0.002968,-1.539984,-0.763340,-0.073966,-1.540068,-0.639029,0.338179,-1.153493,-0.702684,-0.204229,-1.172816,0.137209,0.289966,-0.551070,-0.946257,-0.330217,-0.691594,0.076617,0.080363,0.025202,-1.061444,-0.424045,-0.179737,-0.682733,0.037016,0.195377,-1.214342,-0.493076,-0.050238,-0.818164,-0.037813,0.162413,-1.198053,-0.452173,-0.053953,-0.944699,-0.027363,0.095254,-1.061095,-0.414236,-0.103887,-0.771437,0.182221,0.022433,-0.335917,-0.182221,-0.022433,0.335917,0.111530,0.962065,-0.382214,-0.220908,0.913961,0.469129,0.097211,1.810863,0.369050,-0.233368,1.749098,0.857935,0.130530,1.948187,0.396694,-0.232158,1.881348,0.878612,-0.044344,2.039497,-0.392667,-0.272487,2.007853,0.117627,0.452911,0.480618,0.006740,0.453525,0.477524,0.000981,0.456139,0.473955,-0.005897,0.459976,0.469082,-0.012374,0.466897,0.464835,-0.018450,0.474738,0.464982,-0.021491,0.483416,0.462267,-0.022537,0.493820,0.464340,-0.020792,0.501332,0.467480,-0.017406,0.507362,0.469799,-0.013133,0.510522,0.472482,-0.008639,0.507080,0.475842,-0.011879,0.501987,0.479382,-0.016017,0.494941,0.484078,-0.018804,0.486884,0.487697,-0.020016,0.478390,0.489306,-0.018597,0.470729,0.489742,-0.016083,0.464081,0.488128,-0.010961,0.458941,0.485178,-0.005786,0.455558,0.483050,0.001047,0.429542,0.388008,0.026978,0.430898,0.386635,0.023415,0.432750,0.384882,0.020621,0.435973,0.382477,0.017710,0.441231,0.380514,0.014654,0.446677,0.380030,0.012975,0.452100,0.380516,0.012891,0.455875,0.382461,0.013623,0.495872,0.377328,0.002551,0.497707,0.377889,0.002015,0.501091,0.378248,-0.000121,0.506494,0.378900,-0.002189,0.512336,0.378551,-0.003311,0.518525,0.376805,-0.002892,0.522818,0.374825,-0.001618,0.525972,0.372956,-0.000246,0.471208,0.369936,-0.009270,0.470500,0.380997,-0.014703,0.469732,0.390839,-0.020852,0.468969,0.399965,-0.027598,0.000000,0.000000,0.000000,0.000000,0.000000,0.000000,0.000000,0.000000,0.000000,0.000000,0.000000,0.000000,0.000000,0.000000,0.000000,0.000000,0.000000,0.000000,0.000000,0.000000,0.000000,0.000000,0.000000,0.000000,0.000000,0.000000,0.000000,0.000000,0.000000,0.000000,0.000000,0.000000,0.000000,0.000000,0.000000,0.000000,0.000000,0.000000,0.000000,0.000000,0.000000,0.000000,0.000000,0.000000,0.000000,0.000000,0.000000,0.000000,0.000000,0.000000,0.000000,0.000000,0.000000,0.000000,0.000000,0.000000,0.000000,0.000000,0.000000,0.000000,0.000000,0.000000,0.000000,0.000000,0.000000,0.000000,0.000000,0.000000,0.000000,0.000000,0.000000,0.000000,0.000000,0.000000,0.000000,0.000000,0.000000,0.000000,0.000000,0.000000,0.000000,0.000000,0.000000,0.000000,0.000000,0.000000,0.000000,0.000000,0.000000,0.000000,0.000000,0.000000,0.000000,0.000000,0.000000,0.000000,0.000000,0.000000,0.000000,0.000000,0.000000,0.000000,0.000000,0.000000,0.000000,0.000000,0.000000,0.000000,0.000000,0.000000,0.000000,0.000000,0.000000,0.000000,0.000000,0.000000,0.000000,0.000000,0.000000,0.000000,0.000000,0.000000,0.000000,0.000000,0.000000,0.000000
